CreditScore,Age,Tenure,Balance,NumOfProducts,HasCrCard,IsActiveMember,EstimatedSalary,Exited,Geography_Germany,Geography_Spain,Gender_Male,churn_probability,estimated_ltv
619,42,2,0.0,1,1,1,101348.88,1,False,False,False,0.5882358380647311,0.0
608,41,1,83807.86,1,0,1,112542.58,0,False,True,False,0.4631389015795599,7542.707399999999
502,42,8,159660.8,3,1,0,113931.57,1,False,False,False,0.9211264422224511,14369.471999999998
699,39,1,0.0,2,0,0,93826.63,0,False,False,False,0.18765082095437616,0.0
850,43,2,125510.82,1,1,1,79084.1,0,False,True,False,0.3978688748308115,11295.9738
645,44,8,113755.78,2,1,0,149756.71,1,False,True,True,0.5072898362117916,10238.020199999999
822,50,7,0.0,2,1,1,10062.8,0,False,False,True,0.20870090736241026,0.0
376,29,4,115046.74,4,1,0,119346.88,1,True,False,False,0.8818191423394469,10354.2066
501,44,4,142051.07,2,0,1,74940.5,0,False,False,True,0.4230035024332983,12784.596300000001
684,27,2,134603.88,1,1,1,71725.73,0,False,False,True,0.19307292416739852,12114.3492
528,31,6,102016.72,2,0,0,80181.12,0,False,False,True,0.17248952061102746,9181.5048
497,24,3,0.0,2,1,0,76390.01,0,False,True,True,0.0712740513711751,0.0
476,34,10,0.0,2,1,0,26260.98,0,False,False,False,0.1479337833277652,0.0
549,25,5,0.0,2,0,0,190857.79,0,False,False,False,0.12547130350995664,0.0
635,35,7,0.0,2,1,1,65951.65,0,False,True,False,0.12282852862722886,0.0
616,45,3,143129.41,2,0,1,64327.26,0,True,False,True,0.5462720676819286,12881.6469
653,58,1,132602.88,1,1,0,5097.67,1,True,False,True,0.9278492712912477,11934.2592
549,24,9,0.0,2,1,1,14406.41,0,False,True,False,0.12559267593720627,0.0
587,45,6,0.0,1,0,0,158684.81,0,False,True,True,0.6804699296875281,0.0
726,24,6,0.0,2,1,1,54724.03,0,False,False,False,0.09940257586050516,0.0
732,41,8,0.0,2,1,1,170886.17,0,False,False,True,0.119296729757607,0.0
636,32,8,0.0,2,1,0,138555.46,0,False,True,False,0.1197612945110971,0.0
510,38,4,0.0,1,1,0,118913.53,1,False,True,False,0.5399778786402496,0.0
669,46,3,0.0,2,0,1,8487.75,0,False,False,True,0.2254392531169499,0.0
846,38,5,0.0,1,1,1,187616.16,0,False,False,False,0.29601458114457346,0.0
577,25,3,0.0,2,0,1,124508.29,0,False,False,True,0.06680955572836819,0.0
756,36,2,136815.64,1,1,1,170041.95,0,True,False,True,0.4240863706869355,12313.407600000002
571,44,9,0.0,2,0,0,38433.35,0,False,False,True,0.2991598882490937,0.0
574,43,3,141349.43,1,1,1,100187.43,0,True,False,False,0.696488914679872,12721.4487
411,29,0,59697.17,2,1,1,53483.21,0,False,False,True,0.12173410269540026,5372.7453
591,39,3,0.0,3,1,0,140469.38,1,False,True,False,0.6867764496194211,0.0
533,36,7,85311.7,1,0,1,156731.91,0,False,False,True,0.2338732952323615,7678.052999999999
553,41,9,110112.54,2,0,0,81898.81,0,True,False,True,0.4204905852198999,9910.1286
520,42,6,0.0,2,1,1,34410.55,0,False,True,False,0.21196504880358844,0.0
722,29,9,0.0,2,1,1,142033.07,0,False,True,False,0.09226573631730796,0.0
475,45,0,134264.04,1,1,0,27822.99,1,False,False,False,0.7852396713099381,12083.7636
490,31,3,145260.23,1,0,1,114066.77,0,False,True,True,0.1920102777307678,13073.420700000002
804,33,7,76548.6,1,0,1,98453.45,0,False,True,True,0.17474569946939006,6889.374
850,36,7,0.0,1,1,1,40812.9,0,False,False,True,0.28999975283884916,0.0
582,41,6,70349.48,2,0,1,178074.04,0,True,False,True,0.20009179026473997,6331.4532
472,40,4,0.0,1,1,0,70154.22,0,False,True,True,0.5013535614794786,0.0
465,51,8,122522.32,1,0,0,181297.65,1,False,False,False,0.7729242068038154,11027.0088
556,61,2,117419.35,1,1,1,94153.83,0,False,False,False,0.5702751911864076,10567.7415
834,49,2,131394.56,1,0,0,194365.76,1,False,False,False,0.7233879065069334,11825.5104
660,61,5,155931.11,1,1,1,158338.39,0,False,True,False,0.5459831975396313,14033.799899999998
776,32,4,109421.13,2,1,1,126517.46,0,True,False,False,0.2802622270597922,9847.901699999999
829,27,9,112045.67,1,1,1,119708.21,1,True,False,False,0.5505294185708065,10084.110299999998
637,39,9,137843.8,1,1,1,117622.8,1,True,False,False,0.6491487092057061,12405.942
550,38,2,103391.38,1,0,1,90878.13,0,True,False,True,0.4616460428782386,9305.2242
776,37,2,103769.22,2,1,0,194099.12,0,True,False,False,0.31066936839329906,9339.2298
698,44,10,116363.37,2,1,0,198059.16,0,True,False,True,0.5115472511043307,10472.7033
585,36,5,146050.97,2,0,0,86424.57,0,True,False,True,0.23354262496603664,13144.5873
788,33,5,0.0,2,0,0,116978.19,0,False,False,False,0.11306251775430186,0.0
655,41,8,125561.97,1,0,0,164040.94,1,True,False,True,0.7284179263368761,11300.577299999999
601,42,1,98495.72,1,1,0,40014.76,1,True,False,True,0.6723657772398802,8864.6148
619,43,1,125211.92,1,1,1,113410.49,0,False,False,True,0.47890929157071854,11269.0728
656,45,5,127864.4,1,1,0,87107.57,0,False,False,True,0.6903253297907296,11507.795999999998
725,19,0,75888.2,1,0,0,45613.75,0,True,False,True,0.23291957675562372,6829.937999999999
511,66,4,0.0,1,1,0,1643.11,1,False,True,False,0.8004772862335797,0.0
614,51,4,40685.92,1,1,1,46775.28,0,False,False,True,0.5601430518345686,3661.7327999999998
742,35,5,136857.0,1,0,0,84509.57,0,True,False,True,0.5228996192091718,12317.130000000001
687,27,9,152328.88,2,0,0,126494.82,0,True,False,False,0.23007828354759777,13709.5992
555,33,1,56084.69,2,0,0,178798.13,0,False,True,True,0.1673749120816465,5047.6221000000005
684,56,8,78707.16,1,1,1,99398.36,0,False,True,True,0.41992287316760196,7083.644400000001
603,26,4,109166.37,1,1,1,92840.67,0,True,False,True,0.32621520559004025,9824.9733
751,36,6,169831.46,2,1,1,27758.36,0,True,False,False,0.1700891968253136,15284.8314
581,34,1,101633.04,1,1,0,110431.51,0,True,False,False,0.5676277857018529,9146.973599999998
735,43,10,123180.01,2,1,1,196673.28,0,True,False,True,0.38167441617190273,11086.2009
661,35,5,150725.53,2,0,1,113656.85,0,True,False,False,0.19763997747560644,13565.2977
675,21,8,98373.26,1,1,0,18203.0,0,False,False,False,0.31086551003601043,8853.5934
738,58,2,133745.44,4,1,0,28373.86,1,True,False,True,0.9463592261487104,12037.0896
813,29,6,0.0,1,1,0,33953.87,0,False,False,True,0.42262249355651343,0.0
657,37,0,163607.18,1,0,1,44203.55,0,False,True,False,0.2498845873349318,14724.6462
604,25,5,157780.84,2,1,1,58426.81,0,True,False,False,0.15447164075933853,14200.275599999999
519,36,9,0.0,2,0,1,145562.4,0,False,False,True,0.08287305648024024,0.0
735,21,1,178718.19,2,1,0,22388.0,0,False,False,False,0.21351631138152638,16084.6371
664,55,8,0.0,2,1,1,139161.64,0,False,False,True,0.22641951769504562,0.0
678,32,9,0.0,1,1,1,148210.64,0,False,False,False,0.28751942323796076,0.0
757,33,5,77253.22,1,0,1,194239.63,0,False,True,True,0.24013526618176098,6952.7898
416,41,10,122189.66,2,1,0,98301.61,0,True,False,False,0.49895622945137225,10997.0694
665,34,1,96645.54,2,0,0,171413.66,0,False,False,False,0.23777037337544446,8698.098599999998
777,32,2,0.0,1,1,0,136458.19,1,False,False,False,0.5218830425595968,0.0
543,36,3,0.0,2,0,0,26019.59,0,False,False,False,0.15190067537138705,0.0
506,34,4,90307.62,1,1,1,159235.29,0,False,False,False,0.2825029433137345,8127.685799999999
493,46,4,0.0,2,1,0,1907.66,0,False,False,False,0.37994982414933604,0.0
652,75,10,0.0,2,1,1,114675.75,0,False,True,False,0.17134238647738326,0.0
750,22,3,121681.82,1,1,0,128643.35,1,False,True,True,0.32363769276312554,10951.3638
729,30,9,0.0,2,1,0,151869.35,0,False,False,True,0.08211553726459207,0.0
646,46,4,0.0,3,1,0,93251.42,1,False,False,False,0.8875981410631844,0.0
635,28,3,81623.67,2,1,1,156791.36,0,True,False,False,0.11440144187443653,7346.130299999999
647,44,5,0.0,3,1,1,174205.22,1,False,True,False,0.8901724190977887,0.0
808,45,7,118626.55,2,1,0,147132.46,0,False,False,True,0.46713915849262627,10676.3895
524,36,10,0.0,2,1,0,109614.57,0,False,False,False,0.18546098071538758,0.0
769,29,8,0.0,2,1,1,172290.61,0,False,False,True,0.055230474938457313,0.0
730,42,4,0.0,2,0,1,85982.47,0,False,True,True,0.15038260978965803,0.0
515,35,10,176273.95,1,0,1,121277.78,0,False,True,True,0.2038979145793909,15864.6555
773,41,9,102827.44,1,0,1,64595.25,0,False,True,True,0.23890410637134316,9254.4696
814,29,8,97086.4,2,1,1,197276.13,0,True,False,True,0.1549359007869831,8737.775999999998
710,22,8,0.0,2,0,0,99645.04,0,False,True,True,0.07471125006621772,0.0
413,34,9,0.0,2,0,0,6534.18,0,False,False,True,0.09458238944506897,0.0
665,40,6,0.0,1,1,1,161848.03,0,False,False,False,0.4894676233536266,0.0
623,44,6,0.0,2,0,0,167162.43,0,False,False,False,0.3666499782190807,0.0
738,31,9,82674.15,1,1,0,41970.72,0,False,False,True,0.26563813422025473,7440.673499999999
528,36,7,0.0,2,1,0,60536.56,0,False,True,True,0.07829062333041847,0.0
670,65,1,0.0,1,1,1,177655.68,1,False,True,False,0.3534741710359803,0.0
622,46,4,107073.27,2,1,1,30984.59,1,False,True,False,0.49187557784977215,9636.5943
582,32,1,88938.62,1,1,1,10054.53,0,True,False,True,0.22579377632595082,8004.475799999999
785,36,2,99806.85,1,0,1,36976.52,0,True,False,False,0.4898141309070803,8982.6165
605,33,5,150092.8,1,0,0,71862.79,0,False,True,True,0.30129358732295514,13508.351999999999
479,35,9,92833.89,1,1,0,99449.86,1,True,False,True,0.5464315830090272,8355.050099999999
685,30,3,90536.81,1,0,1,63082.88,0,True,False,True,0.22464900373345265,8148.3129
538,39,7,108055.1,2,1,0,27231.26,0,True,False,True,0.4046778185065037,9724.959
562,42,2,100238.35,1,0,0,86797.41,0,False,False,True,0.5823690555111167,9021.451500000001
675,36,9,106190.55,1,0,1,22994.32,0,False,True,True,0.18915327065466134,9557.1495
721,28,9,154475.54,2,0,1,101300.94,1,True,False,True,0.24552334055694214,13902.7986
628,30,9,132351.29,2,1,1,74169.13,0,True,False,False,0.1995343014099993,11911.6161
668,37,6,167864.4,1,1,0,115638.29,0,True,False,False,0.47556740261547775,15107.795999999998
506,41,1,0.0,2,1,0,31766.3,0,False,False,False,0.22761648521647626,0.0
524,31,8,107818.63,1,1,0,199725.39,1,True,False,False,0.6067316788506318,9703.6767
699,34,4,185173.81,2,1,0,120834.48,0,True,False,True,0.22524152526760555,16665.6429
828,34,8,129433.34,2,0,0,38131.77,0,False,False,True,0.15879237518747943,11649.0006
674,39,6,120193.42,1,0,0,100130.95,0,False,True,True,0.34349693622525257,10817.4078
656,39,6,0.0,2,1,0,141069.88,0,False,False,False,0.1869860623578631,0.0
684,48,10,126384.42,1,1,1,198129.36,0,True,False,False,0.6388893953215365,11374.5978
625,28,3,0.0,1,0,0,183646.41,0,False,False,False,0.3851272102907311,0.0
432,42,9,152603.45,1,1,0,110265.24,1,False,False,True,0.6920382633336787,13734.3105
549,52,1,0.0,1,0,1,8636.05,1,False,False,False,0.762619659078679,0.0
625,56,0,148507.24,1,1,0,46824.08,1,True,False,True,0.9052883431387794,13365.651599999997
828,41,7,0.0,2,1,0,171378.77,0,False,False,False,0.2614416849106603,0.0
770,24,9,101827.07,1,1,0,167256.35,0,False,False,True,0.2840283471605748,9164.436300000001
758,34,3,0.0,2,1,1,124226.16,0,False,False,False,0.0982593076727255,0.0
795,33,9,130862.43,1,1,1,114935.21,0,True,False,False,0.545089345277231,11777.618699999999
687,38,9,122570.87,1,1,1,35608.88,0,False,False,True,0.22027346968513414,11031.3783
686,25,1,0.0,2,0,1,16459.37,0,False,False,True,0.06833438138824763,0.0
789,39,7,124828.46,2,1,1,124411.08,0,True,False,True,0.29589041708855257,11234.561399999999
589,50,5,144895.05,2,1,1,34941.23,0,True,False,False,0.5726529952021484,13040.554499999998
461,34,5,63663.93,1,0,1,167784.28,0,True,False,False,0.2554713127566346,5729.753699999999
637,40,2,133463.1,1,0,1,93165.34,0,False,False,True,0.3377005565055765,12011.679
584,48,2,213146.2,1,1,0,75161.25,1,False,True,False,0.7352721754135311,19183.158000000003
579,35,1,129490.36,2,0,1,8590.83,1,False,True,False,0.33558061786148713,11654.132399999999
756,44,10,137452.09,1,1,0,189543.9,0,True,False,True,0.803120770646965,12370.6881
663,34,7,0.0,2,1,1,180427.24,0,False,False,True,0.06844982502718203,0.0
682,43,5,125851.93,1,1,1,193318.33,0,False,False,False,0.44035772583481214,11326.6737
793,52,2,0.0,1,1,0,159123.82,1,False,True,True,0.8691103893643528,0.0
691,31,5,40915.55,1,1,0,126213.84,1,False,False,False,0.4480689514697388,3682.3995
485,21,5,113157.22,1,1,1,54141.5,0,False,True,False,0.2486862569062383,10184.1498
635,29,8,138296.94,2,1,0,141075.51,0,False,True,False,0.2884587071615013,12446.7246
650,37,5,106967.18,1,0,0,24495.03,0,False,False,True,0.3440395251128926,9627.046199999999
735,44,9,120681.63,1,1,0,74836.34,0,False,False,True,0.6400475577991466,10861.3467
416,32,0,0.0,2,0,1,878.87,0,False,False,True,0.09872725874544522,0.0
754,32,7,0.0,2,1,0,89520.75,0,False,True,False,0.10745229764229303,0.0
535,48,9,0.0,1,1,0,149892.79,1,False,False,False,0.8678144673960375,0.0
716,42,8,0.0,2,1,0,180800.42,0,False,True,True,0.2092906458161549,0.0
539,37,2,127609.59,1,1,0,98646.22,0,False,False,True,0.33835886717265207,11484.863099999999
614,43,6,0.0,2,1,1,109041.53,0,False,False,False,0.2838885380327666,0.0
706,57,7,0.0,1,1,0,17941.16,1,False,True,True,0.8861742529563194,0.0
758,33,7,0.0,2,0,0,82996.47,0,False,False,False,0.11304606389769964,0.0
586,28,2,0.0,2,1,1,92067.35,0,False,True,False,0.12622265122204826,0.0
646,73,6,97259.25,1,0,1,104719.66,0,False,False,False,0.29693740766306265,8753.332499999999
631,33,4,123246.7,1,0,0,112687.57,0,True,False,False,0.6019811958875146,11092.203
717,22,6,101060.25,1,0,1,84699.56,0,False,True,False,0.2197769312778185,9095.4225
684,30,2,0.0,2,1,0,83473.82,0,False,False,True,0.08413345506504516,0.0
800,49,7,108007.36,1,0,0,47125.11,0,False,False,False,0.7521876163966987,9720.662400000001
721,36,2,0.0,2,1,1,106977.8,0,False,True,False,0.12065917871288001,0.0
683,29,0,133702.89,1,1,0,55582.54,1,False,True,True,0.36803455895018694,12033.260100000001
660,31,9,125189.75,2,1,1,139874.43,0,True,False,True,0.18054732596238673,11267.0775
704,24,7,113034.22,1,1,0,162503.48,1,True,False,False,0.5431721100284146,10173.0798
615,41,9,109013.23,1,1,0,196499.96,0,False,True,False,0.5001041716879957,9811.1907
667,39,2,0.0,2,1,0,40721.24,1,False,True,False,0.2115823941628491,0.0
682,24,9,57929.81,2,0,0,53134.3,0,True,False,True,0.12188144330116468,5213.6829
484,29,4,130114.39,1,1,0,164017.89,0,False,False,False,0.33140517110093226,11710.2951
628,27,5,95826.49,2,1,0,155996.96,0,True,False,True,0.23310855854584717,8624.3841
480,44,10,129608.57,1,1,0,5472.7,1,True,False,True,0.8803077100474175,11664.7713
578,30,4,169462.09,1,1,0,112187.11,0,False,False,True,0.3250673363692072,15251.588099999999
512,40,5,0.0,2,1,1,146457.83,0,False,False,True,0.11612664384972968,0.0
484,35,7,133868.21,1,1,1,27286.1,0,False,True,False,0.26902247396707996,12048.138899999998
510,30,0,0.0,2,1,1,130553.47,0,False,False,False,0.11577353981611055,0.0
606,36,5,190479.48,2,0,0,179351.89,0,True,False,True,0.2527679446872975,17143.1532
597,40,8,101993.12,1,0,1,94774.12,0,False,True,False,0.3630105661885033,9179.380799999999
754,55,3,161608.81,1,1,0,8080.85,1,True,False,False,0.8783653029575451,14544.7929
850,45,2,122311.21,1,1,1,19482.5,0,False,True,False,0.44355543227764804,11008.0089
510,65,2,0.0,2,1,1,48071.61,0,False,False,True,0.2068946304091625,0.0
778,45,1,162150.42,2,1,0,174531.27,0,True,False,False,0.5504812482622019,14593.5378
636,42,2,0.0,2,1,1,55470.78,0,False,False,True,0.140151866962003,0.0
804,50,4,0.0,1,1,1,8546.87,1,False,False,False,0.7055984729460322,0.0
514,32,8,0.0,2,1,0,95857.18,0,False,False,True,0.07933610509538527,0.0
730,39,1,99010.67,1,1,0,194945.8,0,False,False,False,0.4443260840217454,8910.960299999999
525,37,0,0.0,1,0,1,131521.72,0,False,True,False,0.40649366929309644,0.0
616,30,5,0.0,2,0,1,196108.51,0,False,True,True,0.07473787329127143,0.0
687,34,7,111388.18,2,1,0,148564.76,0,True,False,False,0.36266780101003265,10024.9362
715,41,8,56214.85,2,0,0,92982.61,1,False,False,False,0.4008323937279442,5059.336499999999
512,36,3,84327.77,2,1,0,17675.36,0,False,False,False,0.26720059967471294,7589.4992999999995
479,40,1,0.0,2,0,0,114996.43,0,False,False,True,0.1298013693701579,0.0
601,32,8,93012.89,1,1,0,86957.42,0,False,False,True,0.26497936235939035,8371.160100000001
580,29,9,61710.44,2,1,0,128077.8,0,False,True,True,0.15589310026942788,5553.9396
807,35,3,174790.15,1,1,1,600.36,0,False,False,True,0.21586689386550145,15731.1135
616,32,6,0.0,2,1,1,43001.46,0,False,True,False,0.11436174107296199,0.0
721,37,3,107720.64,1,1,1,158591.12,0,True,False,True,0.480594381743698,9694.8576
501,57,10,0.0,2,1,1,47847.19,0,False,False,True,0.2690139975532866,0.0
521,35,6,96423.84,1,1,0,10488.44,0,False,False,True,0.30790469592478764,8678.1456
850,30,2,141040.01,1,1,1,5978.2,0,False,True,True,0.16138804987633684,12693.600900000001
759,42,4,105420.18,1,0,1,121409.06,0,False,False,True,0.3938320564525321,9487.816199999997
516,50,5,0.0,1,0,1,146145.93,1,False,True,True,0.6309015047179298,0.0
711,38,2,129022.06,2,1,1,14374.86,1,False,False,False,0.27312012935923435,11611.9854
512,33,3,176666.62,1,1,0,94670.77,0,False,True,True,0.3516687426720591,15899.9958
550,37,3,0.0,1,1,1,179670.31,0,False,False,True,0.4229097052422924,0.0
608,41,3,89763.84,1,0,0,199304.74,1,False,True,False,0.608684659488381,8078.7456
618,34,5,134954.53,1,1,1,151954.39,0,False,False,True,0.20487765082957807,12145.9077
643,45,5,0.0,1,1,0,142513.5,1,False,False,True,0.7601611231872725,0.0
671,45,2,106376.85,1,0,1,158264.62,0,False,False,True,0.4798583436257814,9573.9165
689,33,2,161814.64,2,1,0,169381.9,0,True,False,True,0.21795532142401,14563.317599999998
603,31,8,0.0,2,1,1,169915.02,0,False,False,True,0.07041627003901747,0.0
620,41,9,0.0,2,0,0,88852.47,0,False,False,False,0.2630205143198987,0.0
676,34,1,63095.01,1,1,1,40645.81,0,False,False,False,0.27827929127526213,5678.5509
572,26,4,118287.01,2,0,0,60427.3,0,True,False,True,0.3003420273284237,10645.830899999999
668,47,7,106854.21,1,0,1,157959.02,1,True,False,True,0.752841623245844,9616.8789
695,46,7,49512.55,1,1,0,133007.34,0,False,False,True,0.7196296862458855,4456.1295
730,33,9,0.0,2,0,0,176576.62,0,False,True,False,0.11384328607740789,0.0
807,43,1,105799.32,2,1,0,34888.04,1,False,False,True,0.33727889715188347,9521.9388
592,54,8,0.0,1,1,1,28737.71,1,False,False,True,0.5805135903754025,0.0
726,31,9,114722.05,2,1,1,98178.57,0,False,False,False,0.16961249377453183,10324.9845
514,30,7,0.0,1,0,1,125010.24,0,False,True,True,0.30134160830368617,0.0
567,42,2,0.0,2,1,1,167984.61,0,False,False,True,0.17169378059064525,0.0
850,33,10,0.0,1,1,0,4861.72,1,False,False,True,0.42372774713439454,0.0
671,45,6,99564.22,1,1,1,108872.45,1,True,False,True,0.7545886857394702,8960.7798
670,37,4,170557.91,2,1,0,198252.88,0,False,False,True,0.2441071905242691,15350.211899999998
694,30,9,0.0,2,1,1,26960.31,0,False,False,False,0.10880706318004493,0.0
547,39,6,74596.15,3,1,1,85746.52,1,True,False,False,0.88882503891138,6713.6534999999985
751,50,2,96888.39,1,1,0,77206.25,1,True,False,True,0.9241278139987024,8719.9551
594,29,3,130830.22,1,1,0,61048.53,0,True,False,False,0.5808944812726626,11774.719799999999
673,72,1,0.0,2,0,1,111981.19,0,False,False,True,0.09423707936917843,0.0
610,40,0,0.0,2,1,0,62232.6,0,False,False,True,0.10816428222641823,0.0
512,37,1,0.0,2,0,1,156105.03,0,False,False,False,0.12982367555595015,0.0
767,20,3,119714.25,2,0,1,150135.38,0,True,False,True,0.20975518855009123,10774.2825
585,67,5,113978.97,2,0,1,93146.11,0,False,False,False,0.3431243990267505,10258.1073
763,42,6,100160.75,1,1,0,33462.94,1,True,False,True,0.6718570408124304,9014.467499999999
712,29,2,0.0,1,1,1,144375.0,0,False,False,False,0.29186389812877805,0.0
539,43,3,116220.5,3,1,0,55803.96,1,True,False,False,0.9304587564362221,10459.845
668,46,2,0.0,3,1,0,89048.46,1,False,False,False,0.8703252552943596,0.0
703,28,2,81173.83,2,0,1,162812.16,0,False,False,True,0.11370132578849818,7305.6447
662,38,4,0.0,2,1,0,136259.65,0,False,True,True,0.08309184949327401,0.0
725,39,5,116803.8,1,1,0,124052.97,0,True,False,False,0.6995754546351327,10512.342
703,37,8,105961.68,2,0,1,74158.8,0,False,False,True,0.17327119444030045,9536.5512
659,67,6,117411.6,1,1,1,45071.09,1,True,False,True,0.5850505528288389,10567.044
523,34,7,0.0,2,1,0,62030.06,0,False,True,True,0.07180076547415402,0.0
635,40,10,123497.58,1,1,0,131953.23,1,False,False,False,0.6067581533809555,11114.7822
772,26,7,152400.51,2,1,0,79414.0,0,True,False,True,0.22603581502691075,13716.045900000001
545,26,1,0.0,2,1,1,199638.56,0,False,False,False,0.09046155094316298,0.0
634,24,8,103097.85,1,1,1,157577.29,0,True,False,True,0.2930900996429632,9278.8065
739,54,8,126418.14,1,1,0,134420.75,1,True,False,True,0.9211676457571677,11377.632599999999
771,36,5,77846.9,1,0,0,99805.99,0,True,False,False,0.36315912605468603,7006.221
587,34,1,0.0,2,1,1,97932.68,0,False,True,False,0.135513361597599,0.0
681,79,0,0.0,2,0,1,170968.99,0,False,False,False,0.16967029570842374,0.0
544,37,2,79731.91,1,1,1,57558.95,0,True,False,True,0.354517224653788,7175.8719
696,28,8,0.0,1,0,0,176713.47,0,False,True,True,0.3432099522789828,0.0
766,41,0,0.0,2,0,1,34283.23,0,False,True,True,0.15132947524219523,0.0
727,34,10,0.0,2,1,1,198637.34,0,False,False,True,0.06610787716358513,0.0
671,34,6,37266.67,2,0,0,156917.12,0,True,False,False,0.1552752666115615,3354.0002999999997
693,30,6,127992.25,1,1,1,50457.2,0,False,False,False,0.24564071494283765,11519.3025
850,38,3,54901.01,1,1,1,140075.55,0,True,False,True,0.2541126502226745,4941.090899999999
732,42,9,108748.08,2,1,1,65323.11,0,True,False,True,0.4434031259283562,9787.3272
726,48,6,99906.19,1,1,0,64323.24,0,False,True,False,0.7465177762847718,8991.5571
557,32,6,184686.41,2,1,0,14956.44,0,False,False,False,0.277945837970205,16621.7769
682,26,0,110654.02,1,0,1,111879.21,0,False,False,False,0.20584466603905083,9958.8618
738,31,9,79019.8,1,1,1,18606.23,0,False,True,True,0.17892962359217926,7111.782
531,36,9,99240.51,1,1,0,123137.01,0,False,True,False,0.37940924656358477,8931.6459
498,34,2,0.0,2,1,1,148528.24,0,False,False,True,0.06937267942215818,0.0
651,36,7,0.0,2,1,0,13898.31,0,False,False,True,0.08410708971633155,0.0
549,39,7,0.0,1,0,0,81259.25,1,False,True,False,0.5819943153728404,0.0
791,35,7,52436.2,1,1,0,161051.75,0,True,False,False,0.34487587558886673,4719.258
650,41,9,0.0,2,0,1,191599.67,0,False,True,True,0.13192111212243485,0.0
733,34,3,100337.96,3,1,0,48559.19,1,True,False,True,0.776755453896515,9030.4164
811,34,1,149297.19,2,1,1,186339.74,0,True,False,False,0.17944604006404113,13436.747099999999
707,30,8,0.0,2,1,0,33159.37,0,False,False,True,0.06486900521815309,0.0
712,28,4,145605.44,1,0,1,93883.53,0,True,False,True,0.3455375509737373,13104.4896
706,37,7,0.0,2,1,1,110899.3,0,False,True,False,0.12080648529594203,0.0
756,62,3,0.0,1,1,1,11199.04,1,False,False,True,0.6157896950168655,0.0
777,53,10,0.0,2,1,0,189992.97,0,False,False,False,0.42928117468514215,0.0
646,35,6,84026.86,1,0,1,164255.69,0,False,False,True,0.19844710014918443,7562.4174
714,46,1,0.0,1,1,0,152167.79,1,False,False,True,0.7623793368143049,0.0
782,39,8,0.0,2,1,1,33949.67,0,False,False,True,0.08238883767828067,0.0
775,29,10,0.0,2,1,1,68143.93,0,False,True,True,0.05066617076301869,0.0
479,35,4,138718.92,1,1,1,47251.79,1,True,False,True,0.4840331405857502,12484.702800000001
807,42,7,118274.71,1,1,1,25885.72,0,False,False,True,0.35095431231156565,10644.7239
799,22,8,174185.98,2,0,1,192633.85,0,False,False,False,0.20582984589024622,15676.738200000002
675,40,7,113208.86,2,1,0,34577.36,0,False,False,True,0.2455772894393765,10188.7974
602,29,5,103907.28,1,1,0,161229.84,0,False,True,True,0.29748132240312847,9351.6552
475,32,8,119023.28,1,1,0,100816.29,0,False,False,False,0.3361129611200752,10712.0952
744,26,5,166297.89,1,1,1,181694.44,0,False,True,False,0.3462349347223965,14966.8101
588,34,10,0.0,2,1,0,79078.91,0,False,True,True,0.0944203684401646,0.0
703,42,9,63227.0,1,0,1,137316.32,0,True,False,True,0.36972330279670396,5690.43
747,41,5,94521.17,2,1,0,194926.86,0,False,True,False,0.36030703862080043,8506.9053
583,27,7,0.0,2,1,0,51285.49,0,False,False,True,0.0701006213887648,0.0
750,34,9,112822.26,1,0,0,150401.53,1,False,True,False,0.34809147405020324,10154.0034
681,38,3,0.0,2,1,1,112491.96,0,False,False,True,0.08761247096916978,0.0
773,25,2,135903.33,1,1,0,73656.38,0,False,False,True,0.28831528444925764,12231.299699999998
714,31,4,125169.26,1,1,1,106636.89,0,False,False,False,0.23186458193673004,11265.2334
687,44,7,0.0,3,1,0,155853.52,1,False,True,False,0.82706703996275,0.0
511,58,0,149117.31,1,1,1,162599.51,0,False,False,True,0.48216344289194984,13420.5579
627,33,5,0.0,2,1,1,103737.82,0,False,False,True,0.07474642324677111,0.0
694,31,10,0.0,2,1,0,160990.27,0,False,False,False,0.15975559841177334,0.0
616,36,6,132311.71,1,0,0,15462.84,0,False,True,False,0.37772308715230385,11908.053899999999
687,35,8,0.0,2,1,0,10334.05,0,False,False,True,0.07652265295425871,0.0
712,33,6,0.0,2,1,1,190686.16,0,False,False,False,0.11255033647817081,0.0
553,33,4,118082.89,1,0,0,94440.45,0,False,False,True,0.28356506644266044,10627.4601
667,31,1,119266.69,1,1,1,28257.63,0,False,False,True,0.17575516267085792,10734.0021
731,43,2,0.0,1,1,1,170034.95,1,False,False,True,0.49924038996923786,0.0
629,35,7,156847.29,2,1,0,31824.29,0,True,False,True,0.24262932164720963,14116.2561
614,50,4,137104.47,1,1,0,127166.49,1,False,False,True,0.7831585868614781,12339.402300000002
438,31,8,78398.69,1,1,0,44937.01,0,True,False,True,0.3415443084899191,7055.882100000001
652,80,4,0.0,2,1,1,188603.07,0,False,False,False,0.12112513022659917,0.0
729,30,6,63669.42,1,1,0,145111.37,0,True,False,True,0.2757076849887642,5730.2478
642,38,3,0.0,2,0,0,171463.83,0,False,False,True,0.1158663768597716,0.0
806,59,0,135296.33,1,1,0,182822.5,0,True,False,False,0.7970000215728246,12176.669699999999
744,36,2,153804.44,1,1,1,87213.33,0,False,True,True,0.17343507849930453,13842.3996
474,37,3,0.0,2,0,0,57175.32,0,False,True,True,0.10952808983092664,0.0
559,49,2,147069.78,1,1,0,120540.83,1,False,False,True,0.7727905766261862,13236.2802
706,42,9,0.0,2,1,1,28714.34,0,False,True,True,0.1365083435570755,0.0
628,22,3,0.0,1,1,0,85426.28,0,False,True,False,0.419132921338242,0.0
429,24,4,95741.75,1,1,0,46170.75,0,False,False,True,0.30486635152062364,8616.7575
525,57,2,145965.33,1,1,1,64448.36,0,False,True,False,0.5308883721074795,13136.8797
680,30,8,141441.75,1,1,1,16278.97,0,False,False,False,0.2461587269784564,12729.7575
749,40,1,139290.41,1,1,0,182855.42,1,False,False,True,0.48151702842794436,12536.136900000001
763,31,4,0.0,2,0,0,50404.72,0,False,False,False,0.115140500788256,0.0
734,30,3,0.0,2,1,0,107640.25,0,False,False,True,0.08594961962234024,0.0
716,35,4,144428.87,1,1,0,134132.65,0,False,False,True,0.33174593204153113,12998.598299999998
594,35,2,0.0,2,1,0,103480.69,0,False,False,True,0.09792854787325506,0.0
644,46,9,95441.27,1,1,0,108761.05,1,False,False,False,0.7742218044770369,8589.7143
671,35,1,144848.74,1,1,1,179012.3,0,True,False,True,0.405925423433422,13036.3866
664,26,7,116244.14,2,1,1,95145.14,0,True,False,True,0.17781275882431888,10461.972600000001
656,50,7,0.0,2,0,1,72143.44,0,False,False,True,0.23342587601151263,0.0
667,40,1,146502.07,1,1,0,19162.89,0,False,True,False,0.5210995317215699,13185.186300000001
663,44,2,117028.6,2,0,1,144680.18,0,True,False,True,0.5534472676229296,10532.574
584,30,8,112013.81,1,1,0,177772.03,1,True,False,False,0.5967146280169993,10081.2429
626,37,6,108269.37,1,1,0,5597.94,0,False,True,False,0.3791090911189907,9744.2433
485,29,7,182123.79,1,1,0,116828.51,1,False,False,True,0.40456068954953045,16391.1411
659,32,3,150923.74,2,0,1,174652.51,0,True,False,False,0.18651741684720233,13583.1366
649,33,2,0.0,2,1,0,2010.98,0,False,False,True,0.07737011652014271,0.0
805,39,5,165272.13,1,1,0,14109.85,1,False,True,False,0.4947031636258178,14874.491699999999
716,39,10,115301.31,1,1,0,43527.4,1,True,False,False,0.720966128193201,10377.1179
642,40,6,129502.49,2,0,1,86099.23,1,True,False,False,0.3525366821058331,11655.2241
659,31,4,118342.26,1,0,0,161574.19,0,False,False,True,0.28698716976095895,10650.803399999999
545,47,5,0.0,2,1,1,38970.14,0,False,True,False,0.2343036145017178,0.0
543,22,8,0.0,2,0,0,127587.22,0,False,False,True,0.08012393947134137,0.0
718,25,7,0.0,2,1,0,30380.12,0,False,False,False,0.11880768742602249,0.0
840,43,7,0.0,2,1,0,90908.95,0,False,False,False,0.31337180663293845,0.0
630,34,9,106937.05,2,1,0,138275.01,0,True,False,False,0.343522147220935,9624.3345
643,59,3,170331.37,1,1,1,32171.79,0,True,False,True,0.47325306887932606,15329.8233
654,32,1,114510.85,1,1,1,126143.23,0,True,False,False,0.48608561159507935,10305.9765
582,39,5,0.0,2,1,1,129892.93,0,False,False,True,0.08488597267611904,0.0
659,32,3,107594.11,2,1,1,102416.84,0,False,True,True,0.14145428271786487,9683.4699
762,39,2,81273.13,1,1,1,18719.67,0,False,True,True,0.21600492840255409,7314.581700000001
568,32,7,169399.6,1,1,0,61936.22,0,False,True,False,0.3713520467871104,15245.964
670,25,6,0.0,2,1,1,78358.94,0,False,True,True,0.06501174525741167,0.0
613,45,1,187841.99,2,1,1,147224.27,0,False,False,False,0.4731313930807646,16905.7791
539,30,0,0.0,2,1,0,160979.66,0,False,False,True,0.08289089737526145,0.0
850,57,8,126776.3,2,1,1,132298.49,0,False,True,False,0.43876099192967855,11409.866999999998
522,34,9,126436.29,1,1,0,174248.52,1,False,True,True,0.3180745212085941,11379.266099999999
737,41,1,101960.74,1,1,1,123547.28,0,False,False,True,0.31287728997364556,9176.4666
520,58,3,0.0,2,0,1,32790.02,0,False,False,True,0.34408243960941803,0.0
706,28,3,0.0,2,0,1,181543.67,0,False,True,True,0.06133088694609922,0.0
643,45,2,150842.93,1,0,1,2319.96,1,True,False,False,0.7853268015387792,13575.863699999998
648,50,9,102535.57,1,1,1,189543.19,0,False,False,False,0.6077088211658199,9228.2013
443,29,9,99027.61,2,1,0,10940.4,0,True,False,False,0.2513690305342415,8912.4849
640,68,9,0.0,2,1,1,199493.38,0,False,False,True,0.15329538935287354,0.0
628,33,3,0.0,1,1,1,188193.25,0,False,True,False,0.3709566316872378,0.0
540,42,9,87271.41,2,1,0,172572.64,0,True,False,False,0.3932870237794537,7854.4269
460,35,8,102742.91,2,1,1,189339.6,0,True,False,False,0.25324142412953243,9246.8619
636,34,2,40105.51,2,0,1,53512.16,0,True,False,True,0.0670002681912295,3609.4959000000003
593,29,2,152265.43,1,1,0,34004.44,0,False,False,False,0.33044219048062573,13703.8887
801,42,4,141947.67,1,1,1,10598.29,0,False,True,True,0.3551130092679117,12775.2903
640,75,1,106307.91,2,0,1,113428.77,0,True,False,False,0.4150940441730693,9567.711899999998
611,31,0,107884.81,2,1,1,183487.98,0,True,False,True,0.16846206698008867,9709.6329
802,31,1,125013.72,1,1,1,187658.09,0,True,False,True,0.41530441360471465,11251.2348
717,35,7,58469.37,2,1,1,172459.39,0,True,False,True,0.11009385718271528,5262.2433
769,39,8,0.0,1,0,1,21016.0,0,False,False,False,0.3371773955057251,0.0
745,45,10,117231.63,3,1,1,122381.02,1,True,False,True,0.9103724642001078,10550.8467
572,35,4,152390.26,1,1,0,128123.66,0,False,True,True,0.3392044667051028,13715.1234
629,30,2,34013.63,1,1,0,19570.63,0,False,True,False,0.47528473345115524,3061.2266999999997
687,39,2,0.0,3,0,0,188150.6,1,False,True,False,0.7529504756093004,0.0
483,50,9,0.0,2,1,1,111020.24,0,False,False,False,0.4357821065039919,0.0
690,36,7,101583.11,2,1,0,123775.15,0,False,False,True,0.21626779616170339,9142.4799
492,30,10,77168.87,2,0,1,146700.22,0,True,False,False,0.10290167037840024,6945.198299999998
709,28,8,124695.72,2,1,0,145251.35,0,True,False,True,0.3005214538943813,11222.6148
705,44,3,105934.96,1,1,0,82463.69,0,True,False,True,0.8632573638112389,9534.1464
560,66,9,0.0,1,1,1,15928.49,0,False,False,False,0.3517634481177547,0.0
611,46,6,0.0,2,1,0,45886.33,0,False,True,True,0.28062332502215476,0.0
730,62,2,0.0,2,1,1,186489.95,0,False,True,True,0.1832404955764436,0.0
709,45,2,0.0,2,0,1,162922.65,0,False,True,False,0.29614663711910705,0.0
544,21,10,161525.96,2,1,0,9262.77,0,False,False,False,0.24069897956267763,14537.336399999997
712,29,7,147199.07,1,1,1,84932.4,0,True,False,False,0.40276949644928534,13247.9163
752,38,3,183102.29,1,1,1,71557.12,0,True,False,True,0.3514884473343777,16479.2061
648,46,9,127209.0,2,1,0,77405.95,1,False,True,True,0.5809941538424561,11448.81
556,38,8,0.0,2,0,0,417.41,1,False,True,True,0.33430323841246873,0.0
594,24,0,97378.54,1,1,1,71405.17,0,False,True,False,0.21955647350233629,8764.068599999999
645,37,2,136925.09,2,0,1,153400.24,0,True,False,False,0.2871919672395389,12323.2581
557,33,3,54503.55,1,1,1,371.05,0,False,False,True,0.2627221344257249,4905.3195000000005
547,32,8,155726.85,1,1,0,67789.99,0,True,False,True,0.4280030472392703,14015.416500000001
701,39,9,0.0,2,0,1,145894.9,0,False,False,False,0.15624636495505226,0.0
616,66,1,135842.41,1,1,0,183840.51,1,False,False,False,0.7917286065391174,12225.8169
605,52,1,63349.75,1,1,0,108887.44,0,False,False,True,0.816252073637938,5701.477499999999
593,38,4,129499.42,1,1,1,154071.27,0,True,False,False,0.5740200563230582,11654.9478
751,52,8,0.0,2,0,1,179291.85,0,False,True,True,0.21874788485100052,0.0
443,36,6,70438.01,2,0,1,56937.43,0,False,True,True,0.13698421191875768,6339.420899999999
685,23,8,0.0,2,1,1,112239.03,0,False,False,True,0.06651552091097235,0.0
718,36,9,0.0,1,1,0,45909.87,0,False,False,True,0.3972778733492335,0.0
538,49,9,141434.04,1,0,0,173779.25,1,False,True,False,0.8005174553523724,12729.063600000001
611,37,4,0.0,2,1,0,125696.26,0,False,True,False,0.14079735129241921,0.0
668,37,10,152958.29,2,1,1,159585.61,0,True,False,True,0.2043245007736833,13766.2461
537,41,3,138306.34,1,1,0,106761.47,0,True,False,False,0.6827221395845264,12447.5706
709,23,10,0.0,2,0,0,129590.18,0,False,True,True,0.08668729029610141,0.0
850,38,1,0.0,2,1,1,80006.65,0,False,False,True,0.07243789363653547,0.0
745,31,3,124328.84,1,1,1,140451.52,0,False,True,False,0.26763259054971267,11189.595599999999
693,41,9,181461.48,3,1,1,187929.43,1,True,False,False,0.892016699030058,16331.5332
795,35,8,0.0,2,1,0,167155.36,0,False,True,True,0.07535387505902282,0.0
626,26,8,0.0,2,0,0,191420.71,0,False,True,True,0.0686017938799818,0.0
487,61,5,110368.03,1,0,0,11384.45,1,True,False,False,0.9075316657557364,9933.1227
556,39,9,89588.35,1,1,1,94898.1,0,False,False,False,0.35328905451088555,8062.951500000001
643,46,6,0.0,2,0,0,106781.59,0,False,False,False,0.39031156557139873,0.0
605,28,6,0.0,2,0,0,159508.52,0,False,False,False,0.1397580628274908,0.0
756,60,3,115924.89,1,1,0,93524.19,1,True,False,False,0.9334852089162132,10433.240099999999
586,38,2,0.0,2,1,0,87168.46,0,False,False,False,0.21107391876426412,0.0
535,40,7,111756.5,1,1,0,8128.32,1,True,False,True,0.7312925916046591,10058.085
678,35,4,0.0,1,1,0,125518.32,0,False,False,False,0.4929977531553436,0.0
596,39,9,0.0,1,1,0,48963.59,0,False,False,True,0.4259092999927361,0.0
648,26,9,162923.85,1,1,0,98368.24,0,False,False,True,0.3069125803212111,14663.1465
492,39,10,124576.65,2,1,0,148584.61,0,True,False,True,0.3864600233582199,11211.8985
702,45,0,80793.58,1,1,1,27474.81,0,False,False,True,0.4622310805371835,7271.422200000001
486,40,9,71340.09,1,1,0,76192.21,0,True,False,False,0.49940950174929905,6420.6080999999995
568,40,1,99282.63,1,0,0,134600.94,1,True,False,True,0.7013968707608949,8935.4367
619,57,3,137946.39,1,1,1,72467.99,1,True,False,True,0.7798154186674288,12415.1751
724,41,2,127892.57,2,0,1,199645.45,0,True,False,True,0.29078759695549256,11510.331300000002
548,33,0,101084.36,1,1,0,42749.85,0,True,False,False,0.5565374613718284,9097.5924
545,37,8,114754.08,1,1,0,136050.44,1,True,False,False,0.6678435581581964,10327.867199999999
683,33,8,0.0,1,0,0,73564.44,0,False,False,True,0.3580423545259054,0.0
762,51,3,99286.98,1,0,1,85578.63,0,False,False,False,0.6075492609360545,8935.8282
627,30,4,79871.02,2,1,0,129826.89,0,True,False,False,0.1974619753749195,7188.391799999999
516,35,10,104088.59,2,0,0,119666.0,0,False,False,True,0.19627901032586792,9367.9731
800,38,2,168190.33,2,1,0,68052.08,0,False,False,False,0.28000911879897256,15137.1297
464,42,3,85679.25,1,1,1,164104.74,0,True,False,False,0.5251454699281777,7711.1325
626,35,3,0.0,1,0,0,80190.36,0,False,False,False,0.4711868898934206,0.0
790,31,9,0.0,2,1,0,84126.75,0,False,False,False,0.10890734259667612,0.0
534,34,7,121551.58,2,1,1,70179.0,0,False,False,False,0.17766239433436568,10939.6422
745,46,2,122220.19,1,1,1,118024.1,0,False,False,True,0.4972198977827783,10999.8171
553,47,3,116528.15,1,0,0,145704.19,1,False,True,True,0.7634976697023633,10487.5335
748,26,1,77780.29,1,0,1,183049.41,0,False,False,False,0.24755384969279784,7000.226099999998
722,37,2,0.0,1,0,0,120906.83,0,False,False,True,0.4015509711296925,0.0
501,40,4,125832.2,1,1,1,100433.83,0,False,False,True,0.33678569234636385,11324.898
675,38,6,68065.8,1,0,0,138777.0,1,False,False,False,0.5130954297343,6125.922
778,47,6,127299.34,2,1,0,124694.99,0,False,True,False,0.6349543312121518,11456.9406
494,38,7,174937.64,1,1,0,40084.32,0,True,False,False,0.41113245427166467,15744.387600000002
850,40,9,0.0,2,0,1,119232.33,0,False,False,True,0.10505656930343711,0.0
592,31,7,110071.1,1,0,0,43921.36,0,False,True,True,0.28382361854063526,9906.399000000001
590,44,3,139432.37,1,1,0,62222.81,0,False,True,False,0.6471811370077971,12548.9133
758,39,6,127357.76,1,0,1,56577.0,0,False,False,False,0.3128755449776009,11462.1984
506,36,5,0.0,2,1,0,164253.35,0,False,False,True,0.11054953569151428,0.0
733,33,3,0.0,1,1,1,7666.73,0,False,False,True,0.2916668670622791,0.0
711,38,3,0.0,2,1,0,68487.51,0,False,False,True,0.09575514457790386,0.0
514,43,1,95556.31,1,0,1,199273.98,1,True,False,True,0.7324886589452579,8600.0679
637,37,8,0.0,1,1,1,186062.36,0,False,True,True,0.31467921529788784,0.0
468,29,1,111681.98,2,1,1,195711.16,0,True,False,True,0.14703309605931544,10051.3782
539,39,3,0.0,2,1,0,36692.17,0,False,False,True,0.1058098151521248,0.0
509,25,3,108738.71,2,1,0,106920.57,0,False,True,False,0.2865079033548553,9786.483900000001
662,32,4,133950.37,1,1,1,48725.68,1,False,False,False,0.2568195924948221,12055.5333
818,26,4,0.0,2,1,1,167036.94,0,False,True,True,0.05138132175519296,0.0
608,33,9,89968.69,1,1,0,68777.26,0,False,False,True,0.28780224160443424,8097.1821
850,32,9,0.0,2,1,1,18924.92,0,False,True,False,0.10807900097209729,0.0
816,38,5,130878.75,3,1,0,71905.77,1,True,False,False,0.9032410660982311,11779.0875
536,35,8,0.0,2,1,0,64833.28,0,False,False,True,0.09196849067049402,0.0
753,35,3,0.0,2,1,1,184843.77,0,False,False,True,0.06754875128549089,0.0
631,27,10,134169.62,1,1,1,176730.02,0,False,True,True,0.21901160968323866,12075.2658
703,37,1,149762.08,1,1,0,20629.4,1,False,False,True,0.3928280863457125,13478.587199999998
774,26,2,93844.69,1,1,0,28415.36,0,False,False,True,0.28270175795545877,8446.022099999998
785,28,8,0.0,2,1,0,77231.27,0,False,False,True,0.06119192530493103,0.0
571,33,1,0.0,2,1,0,102750.7,0,False,False,False,0.13702859619601127,0.0
621,46,6,141078.37,1,0,0,34580.8,1,True,False,True,0.8508305761753518,12697.0533
605,31,1,117992.59,1,1,1,183598.77,0,True,False,False,0.4992423596337941,10619.3331
611,40,8,100812.33,2,1,0,147358.27,0,False,False,False,0.38597145372009956,9073.1097
569,38,7,0.0,1,1,1,108469.2,0,False,False,True,0.34399095498651716,0.0
658,29,4,80262.6,1,1,1,20612.82,0,False,False,True,0.19345297775275053,7223.634
788,34,6,156478.62,1,0,1,181196.76,0,False,True,True,0.1932557300921614,14083.075799999999
525,23,5,0.0,2,1,0,160249.1,0,False,False,False,0.14981383742019058,0.0
798,37,8,0.0,3,0,0,110783.28,0,False,False,True,0.475950846990153,0.0
486,37,9,115217.99,2,1,0,144995.33,0,True,False,True,0.41160758220141025,10369.6191
615,61,9,0.0,2,1,0,150227.85,1,False,True,True,0.6448383690136004,0.0
730,35,0,155470.55,1,1,1,53718.28,0,False,False,False,0.24251024344645952,13992.349499999997
641,37,7,0.0,2,1,0,75248.3,0,False,False,True,0.0953638410638062,0.0
542,39,3,135096.77,1,1,1,14353.43,1,False,False,True,0.3528947176566495,12158.709299999999
692,30,2,0.0,2,0,1,130486.57,0,False,False,True,0.06947483830424957,0.0
714,55,9,180075.22,1,1,1,100127.71,0,True,False,False,0.4889699127431701,16206.769799999998
591,29,1,97541.24,1,1,1,196356.17,0,False,True,True,0.2575415866637876,8778.7116
710,41,2,156067.05,1,1,1,9983.88,0,False,False,False,0.3656557782949462,14046.034499999998
639,38,4,81550.94,2,0,1,118974.77,0,False,False,False,0.1944042521212122,7339.5846
531,47,6,0.0,1,0,0,194998.34,1,False,False,False,0.8194465942928111,0.0
673,38,2,170061.92,2,0,0,134901.34,1,False,False,False,0.3473435354914197,15305.572800000002
765,36,8,92310.54,2,1,1,72924.56,0,True,False,True,0.15537514756693732,8307.9486
622,32,6,169089.38,2,1,0,101057.95,0,False,False,False,0.27676645839610087,15218.0442
806,40,5,80613.93,1,1,1,142838.64,0,False,False,True,0.30229685447739646,7255.253699999999
757,26,8,121581.56,2,1,1,127059.04,0,True,False,True,0.18182111919948907,10942.3404
570,58,8,0.0,1,0,1,116503.92,1,False,False,False,0.6308601914359242,0.0
555,32,4,0.0,2,1,1,54405.79,0,False,True,True,0.06717680945003245,0.0
692,54,5,0.0,2,1,1,88721.84,0,False,False,True,0.21689383795505648,0.0
774,60,5,85891.55,1,1,0,74135.48,1,False,False,True,0.8191021330992246,7730.239500000001
638,44,9,77637.35,2,1,1,111346.22,0,False,True,True,0.3234695799959391,6987.3615
543,41,4,0.0,1,0,0,194902.16,0,False,True,False,0.5723931692627324,0.0
584,31,5,0.0,2,1,0,31474.27,0,False,False,True,0.07824284200170957,0.0
691,30,7,116927.89,1,1,0,21198.39,0,True,False,True,0.5030599794890535,10523.5101
684,40,6,137326.65,1,1,0,186976.6,0,True,False,False,0.6783133475398253,12359.3985
733,22,5,0.0,2,1,1,117202.19,0,False,False,True,0.05778978971965278,0.0
599,37,2,0.0,2,1,1,143739.29,0,False,True,False,0.1313107099000394,0.0
524,31,10,67238.98,2,1,1,161811.23,0,True,False,False,0.13081016555669933,6051.508199999999
632,38,6,86569.76,2,1,0,98090.91,0,True,False,False,0.3853514824162458,7791.278399999999
735,34,5,0.0,2,0,0,71095.41,0,False,True,True,0.07188926087874771,0.0
734,34,6,133598.4,1,1,1,13107.24,0,False,False,True,0.19310612498262653,12023.856
605,51,3,136188.78,1,1,1,67110.59,1,False,False,False,0.6126598561869231,12256.9902
793,38,9,0.0,2,1,0,88225.02,0,False,True,True,0.0874764091541428,0.0
468,56,10,0.0,3,0,1,62256.87,1,False,False,False,0.8010623716469041,0.0
779,37,7,120092.52,2,1,0,135925.72,0,True,False,True,0.37288225944897574,10808.326799999999
698,48,4,101238.24,2,0,1,177815.87,1,False,False,True,0.4731044830230821,9111.4416
707,58,6,89685.92,1,0,1,126471.13,0,False,False,True,0.4771077864665612,8071.7328
850,35,1,211774.31,1,1,0,188574.12,1,False,False,False,0.5365750429366194,19059.6879
850,56,7,131317.48,1,1,1,119175.45,0,False,False,True,0.4170902199379218,11818.5732
527,37,5,93722.73,2,1,1,139093.73,0,False,True,True,0.1532586288099026,8435.045699999999
696,32,8,101160.99,1,1,1,115916.55,0,True,False,True,0.34976443477689,9104.4891
661,48,3,120320.54,1,0,0,96463.25,0,False,False,True,0.7306553356258968,10828.848599999998
776,31,2,0.0,2,1,1,112349.51,0,False,False,False,0.10557752588205288,0.0
701,43,2,0.0,2,1,1,165303.79,0,False,False,True,0.18477306154831008,0.0
610,26,8,0.0,2,1,0,166031.08,0,False,False,True,0.08306599540080833,0.0
572,48,3,152827.99,1,1,0,38411.79,1,True,False,False,0.9151091020987426,13754.519099999998
673,30,1,64097.75,1,1,1,77783.35,0,False,False,True,0.2283898153453488,5768.7975
519,57,2,119035.35,2,1,1,29871.79,0,False,True,False,0.4545206283318862,10713.1815
702,26,4,135219.57,1,0,1,59747.63,0,False,True,False,0.24704960413906624,12169.7613
729,32,6,93694.42,1,1,1,79919.13,0,False,False,True,0.17864393610587675,8432.4978
543,35,10,59408.63,1,1,0,76773.53,0,False,True,True,0.3792404134166923,5346.776699999999
550,40,7,114354.95,1,1,0,54018.93,0,False,False,False,0.5688169440873481,10291.9455
608,59,1,0.0,1,1,0,70649.64,1,False,False,True,0.8737134074953261,0.0
639,35,10,128173.9,2,1,0,59093.39,0,True,False,True,0.31151634888486396,11535.650999999998
686,34,9,0.0,2,1,0,127569.8,0,False,True,True,0.08021715767621435,0.0
564,62,5,114931.35,3,0,1,18260.98,1,True,False,False,0.9291391034475268,10343.8215
745,28,1,111071.36,1,1,0,73275.96,1,True,False,False,0.6229579903275284,9996.4224
833,37,8,151226.18,2,1,1,136129.49,0,False,False,True,0.12617907051288413,13610.356199999998
622,26,9,0.0,2,1,1,153237.59,0,False,False,True,0.06761312104053718,0.0
597,42,4,64740.12,1,1,1,106841.12,0,False,False,False,0.520970195273078,5826.6108
721,51,0,169312.13,1,1,0,109078.35,1,False,True,True,0.8361202419919593,15238.0917
504,49,7,0.0,3,0,1,87822.14,1,False,False,False,0.8773688417359999,0.0
842,44,2,112652.08,2,1,0,126644.98,0,False,True,False,0.4428018317663158,10138.6872
587,38,0,0.0,2,1,0,47414.15,0,False,False,True,0.07565916663066767,0.0
479,30,7,143964.36,2,1,0,41879.99,0,True,False,False,0.2326539118168974,12956.792399999998
508,49,7,122451.46,2,1,1,75808.1,0,False,False,True,0.43978290677553766,11020.6314
749,24,1,0.0,3,1,1,47911.03,0,False,False,True,0.23781446671670747,0.0
721,36,3,65253.07,2,1,0,28737.78,0,True,False,False,0.20807802634435738,5872.7762999999995
674,47,6,106901.94,1,1,1,2079.2,1,True,False,True,0.7802554001817431,9621.1746
685,25,10,128509.63,1,1,0,121562.33,0,False,True,False,0.3532600827845915,11565.8667
417,34,7,0.0,2,1,0,55003.79,0,False,False,True,0.09229842834963392,0.0
574,33,3,129834.67,1,1,0,193131.42,0,True,False,True,0.48676933985500576,11685.120299999999
590,51,3,154962.99,3,0,1,191932.27,1,False,True,False,0.8643698531597174,13946.6691
587,40,5,138241.9,2,1,0,159418.1,0,True,False,True,0.37935562220962477,12441.770999999999
598,41,3,91536.93,1,1,0,191468.78,1,True,False,True,0.6352479075023478,8238.323699999999
741,53,3,0.0,2,1,1,38913.68,0,False,True,True,0.21445836393038578,0.0
850,70,5,0.0,1,1,1,705.18,0,False,True,False,0.221832459559913,0.0
584,29,7,105204.01,1,0,1,138490.03,0,True,False,False,0.47250932213158825,9468.3609
650,61,1,152968.73,1,0,1,82970.69,0,False,True,True,0.37207752953221673,13767.185699999998
607,36,8,158261.68,1,1,1,76744.72,0,False,True,True,0.21120712797181848,14243.551199999998
509,46,1,0.0,1,1,0,71244.59,1,False,False,False,0.8364013858285181,0.0
689,38,6,121021.05,1,1,1,12182.15,0,False,True,False,0.2932010202647344,10891.8945
543,36,4,0.0,2,1,1,141210.5,0,False,False,True,0.0731830015951348,0.0
438,54,2,0.0,1,0,0,191763.07,1,False,True,False,0.8953521855835999,0.0
687,63,1,137715.66,1,1,1,37938.74,0,False,True,False,0.42921659782012744,12394.4094
737,31,5,121192.22,2,1,1,74890.58,0,True,False,True,0.19813228020949936,10907.2998
761,31,7,0.0,3,1,1,166698.18,0,False,False,True,0.37423895166267385,0.0
601,44,1,100486.18,2,1,1,62678.53,0,False,False,True,0.397195948370511,9043.756199999998
651,45,1,0.0,1,1,0,67740.08,1,False,False,True,0.7656283832812478,0.0
745,35,9,92566.53,2,1,0,161519.77,0,False,False,True,0.17516049524047117,8330.9877
648,49,10,0.0,2,1,1,159835.78,1,False,True,False,0.40471075723930766,0.0
848,40,3,110929.96,1,1,1,30876.84,0,False,True,True,0.27063954320186107,9983.6964
546,27,8,0.0,2,1,1,14858.1,0,False,False,False,0.11244753564065275,0.0
439,32,3,138901.61,1,1,0,75685.97,0,False,True,False,0.35594257218224196,12501.1449
755,30,4,123217.66,2,0,1,144183.1,0,False,False,True,0.10536237799561528,11089.589399999999
593,41,6,0.0,1,1,0,65170.66,0,False,False,False,0.630723921055509,0.0
701,39,2,0.0,2,1,1,82526.92,0,False,False,True,0.080702612778644,0.0
701,36,8,0.0,2,1,0,169161.46,0,False,True,True,0.09557155817158704,0.0
607,33,2,108431.87,2,0,1,109291.39,1,False,True,False,0.2777514636782599,9758.8683
586,57,3,0.0,2,0,1,6057.81,0,False,True,False,0.2814230604610464,0.0
547,30,9,72392.41,1,1,0,77077.14,0,True,False,False,0.3234758370975234,6515.3169
647,51,1,119741.77,2,0,0,54954.51,1,True,False,False,0.7960736234272859,10776.7593
760,51,2,100946.71,1,0,0,179614.8,1,False,False,False,0.8012841191224223,9085.2039
621,53,9,170491.84,1,1,0,35588.07,1,False,True,True,0.7826626004611238,15344.265599999999
725,44,5,0.0,1,1,1,117356.14,0,False,False,True,0.498599176427272,0.0
526,36,1,0.0,1,1,0,160696.72,0,False,False,True,0.35302269744288717,0.0
519,47,6,157296.02,2,0,0,147278.43,1,False,True,False,0.762636297349567,14156.641799999998
713,38,7,144606.22,1,1,1,56594.36,1,True,False,False,0.5434043179514161,13014.559799999999
700,38,8,134811.3,1,1,0,1299.75,0,False,False,True,0.3404204909005097,12133.016999999998
666,34,9,115897.12,1,1,1,25095.03,0,False,False,False,0.27009506101677405,10430.7408
630,32,4,82034.0,1,0,0,146326.45,0,False,True,True,0.29830863806779245,7383.0599999999995
779,26,4,174318.13,2,0,1,38296.21,0,False,True,False,0.22301355595583133,15688.631699999998
611,41,2,114206.84,1,1,0,164061.6,0,True,False,False,0.7056326407341416,10278.6156
685,43,9,0.0,2,1,0,107811.28,0,False,True,True,0.26474106587373786,0.0
646,39,9,111574.41,1,1,1,30838.51,0,True,False,True,0.5709022688192792,10041.6969
683,57,5,162448.69,1,0,0,9221.78,1,True,False,False,0.914781915470494,14620.382099999999
484,34,4,148249.54,1,0,1,33738.27,0,True,False,False,0.4311227156096023,13342.458600000002
601,43,8,0.0,3,0,1,110916.15,1,False,False,False,0.8719256601890425,0.0
762,26,7,123709.46,2,1,1,169654.57,0,False,True,False,0.20110279528230676,11133.8514
687,72,9,0.0,1,0,1,69829.4,0,False,False,False,0.315933192513227,0.0
566,30,5,0.0,1,1,0,54926.51,1,False,False,True,0.41715262519020235,0.0
702,37,10,150525.8,1,1,1,94728.49,0,False,False,True,0.1947264738986576,13547.321999999998
601,29,9,0.0,1,1,1,80393.27,0,False,False,True,0.27816144757901795,0.0
699,53,4,0.0,2,0,1,111307.98,0,False,False,True,0.26625133463573114,0.0
584,28,10,0.0,2,1,0,19834.32,0,False,False,True,0.06943272947130978,0.0
699,35,5,0.0,2,1,1,78397.24,0,False,False,True,0.07373488447038185,0.0
698,51,2,111018.98,1,1,0,86410.28,0,True,False,False,0.928965691642234,9991.7082
495,30,10,129755.99,1,0,0,172749.65,0,False,False,True,0.24954184340381752,11678.0391
650,27,6,0.0,2,1,0,1002.39,0,False,False,False,0.12445138816277952,0.0
605,64,2,129555.7,1,1,1,13601.79,0,False,False,False,0.46982485117291667,11660.012999999999
667,38,1,87202.38,1,1,1,77866.91,0,False,True,True,0.21593838503001972,7848.2142
688,26,8,146133.39,1,1,1,175296.76,0,True,False,True,0.30265713058091737,13152.005100000002
727,31,0,0.0,1,1,0,121751.04,1,False,True,False,0.5058363828015578,0.0
754,39,6,170184.99,2,1,0,89593.26,0,False,True,True,0.26973380036614186,15316.649099999999
612,62,8,140745.33,1,1,0,193437.89,1,True,False,False,0.921509396636685,12667.079699999998
546,42,7,139070.51,1,1,1,86945.0,0,False,True,True,0.34541204505505974,12516.3459
673,37,8,0.0,2,1,1,183318.79,0,False,True,False,0.12724834336684213,0.0
593,35,9,114193.24,1,1,0,71154.1,0,False,False,True,0.3182598260609612,10277.391599999999
656,40,10,167878.5,1,0,1,151887.16,0,False,True,False,0.4104455329658469,15109.064999999999
535,53,5,141616.55,2,1,1,75888.65,0,True,False,False,0.6047698093486569,12745.489499999998
678,36,3,145747.67,2,0,1,89566.74,0,True,False,True,0.17301776579957495,13117.2903
477,48,2,129120.64,1,0,1,26475.79,0,False,True,False,0.5641538638861927,11620.8576
850,35,7,110349.82,1,0,0,126355.8,0,False,True,True,0.2713181093077364,9931.4838
427,29,1,141325.56,1,1,1,93839.3,0,False,False,True,0.18393907581877472,12719.300399999998
752,49,2,78653.84,1,1,0,7698.6,0,False,False,True,0.7606459920974588,7078.845599999999
649,47,1,0.0,2,1,1,145593.85,0,False,False,True,0.2159634198743268,0.0
799,28,3,142253.65,1,1,0,45042.56,0,False,True,False,0.3553730234070034,12802.8285
589,61,1,0.0,1,1,0,61108.56,1,False,False,False,0.894432437332853,0.0
583,54,6,115988.86,1,1,0,57553.98,1,True,False,False,0.9352736694953083,10438.9974
839,33,10,75592.43,1,1,0,62674.42,0,False,True,False,0.32345095162098886,6803.318699999998
540,44,3,164113.04,2,1,1,12120.79,0,True,False,True,0.36765649732452593,14770.1736
850,31,6,67996.23,2,0,0,50129.87,1,False,False,True,0.19681463437958377,6119.660699999999
696,51,5,0.0,2,1,0,55022.43,0,False,True,False,0.5274637407392383,0.0
660,33,1,0.0,2,0,0,117834.91,0,False,True,False,0.13490626889907936,0.0
682,48,1,138778.15,1,0,1,168840.23,0,False,False,True,0.4491831569858586,12490.033499999998
744,43,10,147832.15,1,0,1,24234.11,0,False,False,False,0.5365676048892306,13304.8935
785,36,4,135438.4,1,0,0,190627.01,0,False,False,False,0.3588101003621747,12189.455999999998
752,48,5,116060.08,1,1,0,156618.38,1,False,True,True,0.7695103083722346,10445.4072
706,29,5,112564.62,1,1,0,42334.38,0,False,False,False,0.35131736118619905,10130.8158
583,27,1,125406.58,1,1,1,110784.42,0,False,False,False,0.22427410279800822,11286.5922
660,39,5,135134.99,1,1,0,173683.0,1,True,False,False,0.6798614174663313,12162.149099999999
819,39,9,133102.92,1,1,0,27046.46,1,False,False,False,0.49770274180431534,11979.2628
673,34,8,42157.08,1,1,0,20598.59,1,False,False,False,0.45697009748936446,3794.1372
752,30,3,0.0,2,1,1,104991.28,0,False,False,False,0.1029274375472804,0.0
578,38,7,82259.29,1,1,0,8996.97,0,False,False,True,0.36115289875606804,7403.3360999999995
438,36,4,0.0,2,1,0,64420.5,0,False,False,False,0.1427187249280243,0.0
652,38,6,0.0,2,1,1,145700.22,0,False,False,True,0.08078123362216476,0.0
629,49,4,0.0,2,1,1,196335.48,0,False,False,False,0.2729132034450116,0.0
720,52,7,0.0,1,1,1,14781.12,0,False,False,True,0.5768584394492927,0.0
668,42,3,150461.07,1,1,0,108139.23,0,False,False,True,0.6234946904474846,13541.496299999999
459,48,4,133994.52,1,1,1,19287.06,1,True,False,True,0.8005265252775069,12059.5068
729,31,8,164870.81,2,1,1,9567.39,0,False,True,True,0.142637845373631,14838.372899999998
498,25,8,121702.73,1,1,1,132210.49,0,True,False,True,0.32631253809266236,10953.2457
549,25,6,193858.2,1,0,1,21600.11,0,False,True,True,0.2242063946735854,17447.238
601,54,1,131039.97,2,1,1,199661.5,0,True,False,False,0.47576791170956445,11793.5973
544,64,9,113829.45,1,1,1,124341.49,0,False,False,True,0.4119973843460123,10244.6505
751,30,6,0.0,2,1,0,15766.1,0,False,False,False,0.1291876367422059,0.0
632,41,3,81877.38,1,1,1,33642.21,0,True,False,False,0.5518894763705601,7368.9642
694,57,8,116326.07,1,1,1,117704.65,0,False,True,True,0.43837288202625685,10469.3463
678,31,2,0.0,2,1,1,58803.28,0,False,False,True,0.0667383185174341,0.0
695,46,4,0.0,2,1,1,137537.22,0,False,False,True,0.2126056082642223,0.0
661,41,1,0.0,2,0,1,131300.68,0,False,False,False,0.2619623641542454,0.0
661,33,9,0.0,2,1,1,84174.81,0,False,False,True,0.06539191905333838,0.0
559,31,3,127070.73,1,0,1,160941.78,0,False,False,False,0.2608760729169759,11436.365699999998
503,29,3,0.0,2,1,1,143954.99,0,False,False,True,0.0669780179975099,0.0
695,46,3,122549.64,1,1,1,56297.85,0,False,True,True,0.45870950018506507,11029.4676
640,42,5,176099.13,1,1,1,8404.73,0,False,False,False,0.49407649797863956,15848.921699999999
624,48,3,122388.38,2,0,0,30020.09,0,True,False,False,0.7031783724114428,11014.9542
667,42,9,0.0,2,0,1,58137.42,0,False,False,True,0.15309751396860488,0.0
642,26,0,0.0,1,0,0,47472.68,0,False,False,True,0.24652618321222688,0.0
640,32,6,118879.35,2,1,1,19131.71,0,False,True,False,0.20071846357094603,10699.141500000002
529,35,5,0.0,2,1,1,187288.5,0,False,True,True,0.08252114583268262,0.0
563,39,5,0.0,2,1,1,17603.81,0,False,False,False,0.18116341068718356,0.0
593,38,4,88736.44,2,1,0,67020.03,0,False,True,False,0.3377351376105212,7986.2796
739,45,7,102703.62,1,0,1,147802.94,1,True,False,True,0.7602619746431164,9243.325799999999
788,70,1,0.0,2,1,1,41610.62,0,False,True,False,0.1171423701469716,0.0
684,38,3,0.0,2,1,0,44255.65,0,False,True,False,0.1725405431148621,0.0
482,55,5,97318.25,1,0,1,78416.14,0,False,False,True,0.5622769626469616,8758.642499999998
591,58,5,128468.69,1,0,1,137254.55,0,False,True,True,0.4660089516933018,11562.1821
651,41,4,133432.59,1,0,1,151303.48,0,True,False,False,0.6255221498530239,12008.9331
749,40,8,141782.57,2,0,0,86333.63,0,True,False,False,0.3159268291401473,12760.4313
583,24,9,135125.28,1,0,0,89801.9,0,False,False,True,0.2674433658207294,12161.2752
661,42,2,178820.91,1,0,0,29358.57,1,False,True,True,0.6922676758623878,16093.8819
715,31,2,112212.14,2,1,1,181600.72,0,False,False,False,0.1685942795678236,10099.0926
769,45,5,126674.81,1,1,0,124118.71,1,True,False,False,0.8829794830511685,11400.732899999999
625,51,7,136294.97,1,1,0,38867.46,1,False,False,False,0.815232863488206,12266.5473
641,36,5,66392.64,1,1,0,31106.67,0,False,False,False,0.44483848654567526,5975.3376
716,27,1,122552.34,2,1,0,67611.36,0,True,False,True,0.2961913672249372,11029.710599999999
767,43,1,76408.85,2,1,0,77837.63,0,False,False,True,0.32754234833038254,6876.7965
745,36,8,145071.24,1,0,0,6078.46,0,True,False,True,0.43754940606921594,13056.411599999998
589,34,6,0.0,2,1,1,177896.92,0,False,False,True,0.07782641222696236,0.0
796,45,2,109730.22,1,1,1,123882.73,0,False,False,False,0.5196014161887779,9875.719799999999
664,57,6,0.0,2,1,1,15304.08,0,False,False,True,0.20771372523993034,0.0
445,62,1,64119.38,1,1,1,76569.64,1,False,True,True,0.583520047359663,5770.744199999999
543,57,1,106138.33,2,1,1,120657.32,1,True,False,False,0.6969349310698325,9552.4497
746,36,2,0.0,2,1,1,16436.56,0,False,True,True,0.06317064001640327,0.0
742,33,0,181656.51,1,1,1,107667.91,0,True,False,True,0.27640748125681064,16349.085900000002
750,32,5,0.0,2,1,0,95611.47,0,False,False,False,0.12490782526918291,0.0
669,30,7,95128.86,1,0,0,19799.26,0,False,False,True,0.26297480598148887,8561.5974
594,49,2,126615.94,2,0,1,123214.74,0,False,True,False,0.5359366215575643,11395.4346
574,36,1,0.0,2,0,1,71709.12,0,False,True,True,0.10932269357348058,0.0
659,36,2,76190.48,2,1,1,149066.14,0,True,False,True,0.1289372876993939,6857.1431999999995
750,40,5,168286.81,3,1,0,20451.99,1,True,False,True,0.9043461723581516,15145.8129
626,35,4,88109.81,1,1,1,32825.5,0,True,False,True,0.2924773712327564,7929.8829000000005
620,42,4,0.0,2,1,0,6232.31,0,False,False,True,0.16132591122213516,0.0
580,35,8,0.0,2,0,1,10357.03,0,False,False,False,0.15479699465038407,0.0
686,34,3,123971.51,2,1,0,147794.63,0,False,False,False,0.2753817892524294,11157.435899999999
540,48,0,148116.48,1,0,0,116973.48,0,False,False,True,0.7202717873885435,13330.483200000002
634,35,6,116269.01,1,1,0,129964.94,0,True,False,True,0.5753732121302991,10464.2109
632,38,1,120599.21,1,1,0,92816.86,0,False,True,True,0.3791684299963795,10853.9289
501,41,3,144260.5,1,1,0,172114.67,0,False,False,False,0.5917300086199674,12983.445
650,25,3,86605.5,3,1,0,16649.31,1,False,True,False,0.7979011705209218,7794.495
786,34,9,0.0,2,1,0,144517.19,0,False,False,True,0.07897305277141496,0.0
554,37,4,58629.97,1,0,0,182038.6,0,True,False,False,0.3798548778867724,5276.6973
701,42,5,0.0,2,0,0,24210.56,0,False,True,False,0.2819645609581621,0.0
474,45,10,0.0,2,0,0,172175.9,0,False,False,True,0.373965609623877,0.0
621,43,5,0.0,1,1,1,47578.45,0,False,False,False,0.585085608826704,0.0
672,56,2,209767.31,2,1,1,150694.42,1,False,True,False,0.6280524796551556,18879.0579
459,42,6,129634.25,2,1,1,177683.02,1,False,True,False,0.43208071815143995,11667.082499999999
669,23,1,0.0,2,0,0,66088.83,0,False,False,True,0.06456100478017522,0.0
776,38,2,169824.46,1,1,0,169291.7,0,False,False,False,0.500473488393085,15284.2014
694,36,3,97530.25,1,1,1,117140.41,0,False,False,True,0.2077085900324122,8777.7225
787,42,10,145988.65,2,1,1,79510.37,0,False,False,False,0.38800363227021323,13138.9785
580,37,9,0.0,2,0,1,77108.66,0,False,False,True,0.11143731775652511,0.0
711,25,7,0.0,3,1,1,9679.28,0,False,False,False,0.21323284401595913,0.0
673,40,5,137494.28,1,1,0,81753.92,0,False,False,False,0.5437476777000725,12374.4852
499,57,1,0.0,1,0,0,131372.38,1,False,False,False,0.8903869570427727,0.0
591,24,6,147360.0,1,1,1,25310.82,0,False,False,True,0.20402106670336898,13262.400000000001
769,25,10,0.0,2,0,0,187925.75,0,False,False,False,0.13517304328371826,0.0
657,31,3,125167.02,1,0,0,98820.39,0,False,True,True,0.2922198616711978,11265.0318
738,43,9,121152.05,2,1,0,64166.7,1,True,False,True,0.5865338867882186,10903.6845
545,60,7,128981.07,1,0,1,176924.21,1,True,False,False,0.8111025041863915,11608.2963
497,47,6,0.0,1,1,1,90055.08,0,False,False,True,0.6031744031809843,0.0
816,67,6,151858.98,1,1,1,72814.31,0,False,True,True,0.26015048779068317,13667.3082
525,36,2,114628.4,1,0,1,168290.06,0,False,False,True,0.2666330893617291,10316.556
725,46,6,0.0,2,1,0,161767.38,0,False,False,True,0.2438338557989298,0.0
692,28,8,95059.02,2,1,0,44420.18,0,False,False,False,0.18753627192777944,8555.3118
618,24,7,128736.39,1,0,1,37147.61,0,False,False,False,0.23958446837293335,11586.275099999999
546,24,8,156325.38,1,1,1,125381.02,0,False,False,True,0.178318569898917,14069.284200000002
635,29,7,105405.97,1,1,1,149853.89,0,False,False,True,0.18778573234186918,9486.5373
611,49,2,88915.37,3,0,0,161435.02,1,False,False,False,0.9222896971356791,8002.3832999999995
650,60,8,0.0,2,1,1,102925.76,0,False,False,True,0.22251202832163774,0.0
606,40,5,0.0,2,1,1,70899.27,0,False,False,True,0.11487131405050009,0.0
844,18,2,160980.03,1,0,0,145936.28,0,False,False,True,0.25225926042777647,14488.202699999998
450,46,5,177619.71,1,1,0,54227.06,0,False,True,False,0.6327208708682698,15985.773899999997
727,38,2,62276.99,1,1,1,59280.79,0,False,True,True,0.3062916167127159,5604.929099999999
460,46,4,127559.97,2,1,1,126952.5,0,True,False,True,0.5893477734166434,11480.397299999999
649,41,0,0.0,2,0,1,130567.02,0,False,False,True,0.15765772253242666,0.0
758,47,9,95523.16,1,1,0,73294.48,0,True,False,False,0.8850557537459551,8597.0844
490,35,7,107749.03,1,1,1,3937.37,0,False,False,False,0.25869447434591764,9697.412699999999
815,37,2,110777.26,2,1,0,2383.59,0,True,False,True,0.34830811463725664,9969.953399999999
838,39,5,166733.92,2,1,0,14279.44,0,False,True,False,0.2973180394091178,15006.052800000001
803,31,9,157120.86,2,1,0,141300.53,0,False,False,True,0.1821772791855019,14140.8774
664,36,2,127160.78,2,1,0,78140.75,0,True,False,False,0.3914504027485266,11444.4702
736,28,2,0.0,2,1,1,117431.1,0,False,True,False,0.10550488902976692,0.0
633,37,9,156091.97,1,1,0,72008.61,0,False,False,False,0.4032790947005443,14048.277300000002
664,58,5,98668.18,1,1,1,60887.58,0,False,False,True,0.4485420086721267,8880.136199999999
600,43,5,134022.06,1,1,0,194764.83,0,False,False,False,0.6156522664945983,12061.9854
693,35,5,124151.09,1,1,0,88705.14,1,False,False,False,0.39932855385660304,11173.5981
663,36,6,77253.5,1,0,0,35817.97,1,True,False,False,0.34492124620678516,6952.8150000000005
742,21,1,114292.48,1,1,0,31520.4,0,True,False,False,0.5772147681224193,10286.323199999999
710,43,2,140080.32,3,1,1,157908.19,1,True,False,True,0.8638524092414694,12607.2288
710,27,2,135277.96,1,1,0,142200.15,0,False,True,False,0.371811649511074,12175.016399999999
700,82,2,0.0,2,0,1,182055.36,0,False,False,False,0.12867107869430097,0.0
720,60,9,115920.62,2,0,0,157552.08,1,True,False,True,0.765684836013781,10432.8558
684,41,2,119782.72,2,0,0,120284.67,0,False,True,True,0.24957840952656438,10780.444800000001
531,63,1,114715.71,1,0,1,24506.95,1,False,False,False,0.597048140068645,10324.4139
742,36,2,129748.54,2,0,0,47271.61,1,True,False,False,0.3019204146949556,11677.368599999998
717,31,4,129722.57,1,0,0,41176.6,0,False,False,True,0.2807495768929815,11675.031299999999
589,32,2,0.0,2,0,1,9468.64,0,False,False,True,0.06787840267845184,0.0
767,36,3,139180.2,1,0,0,123880.19,0,False,False,True,0.298864461978854,12526.218
636,49,6,113599.74,2,1,0,158887.09,1,True,False,True,0.7692503817150985,10223.9766
648,33,7,134944.0,1,1,1,117036.38,0,False,False,True,0.20381134112509408,12144.96
622,58,7,116922.25,1,1,0,120415.61,1,True,False,False,0.9304194440653775,10523.0025
692,28,9,118945.09,1,0,0,16064.25,1,False,True,True,0.31941490920614357,10705.0581
754,28,8,0.0,2,1,1,52615.62,0,False,False,True,0.05725577886304011,0.0
679,35,8,119182.73,1,0,0,121210.09,0,False,True,False,0.362249912345065,10726.4457
639,27,8,0.0,2,1,0,192247.35,0,False,False,True,0.06994424993514364,0.0
774,28,1,71264.02,2,0,1,68759.57,0,False,False,False,0.14246956571596495,6413.7618
517,41,2,0.0,2,0,1,75937.47,0,False,False,True,0.13504888231421586,0.0
571,35,8,0.0,2,0,0,84569.13,0,False,False,False,0.1413955752289923,0.0
747,58,7,116313.57,1,1,1,190696.35,1,True,False,True,0.7692978170299414,10468.2213
792,36,5,92140.15,1,0,1,67468.67,0,False,True,True,0.18657940280867397,8292.6135
688,26,1,0.0,2,1,1,104435.94,0,False,False,True,0.08152761190323769,0.0
714,42,2,177640.09,1,0,1,47166.55,0,True,False,True,0.43341506463577434,15987.6081
562,35,0,0.0,2,1,0,119899.52,0,False,True,False,0.15592389711112895,0.0
704,48,8,167997.6,1,1,1,173498.45,0,False,True,True,0.424909947516545,15119.784
698,36,2,82275.35,2,1,1,93249.26,0,False,False,True,0.14432638845196957,7404.781499999999
611,49,3,0.0,2,1,1,142917.54,0,False,False,True,0.23897897712419694,0.0
850,48,6,111962.99,1,1,0,111755.8,0,True,False,False,0.859171397299518,10076.669100000001
743,34,1,131736.88,1,1,1,108543.21,0,True,False,False,0.5197446870534086,11856.3192
654,29,1,0.0,1,1,0,180345.44,0,False,False,True,0.3395743866629467,0.0
761,36,8,108239.11,2,0,0,99444.02,0,True,False,True,0.32348281560631215,9741.5199
702,46,9,98444.19,1,0,1,109563.28,0,False,False,False,0.558709289408716,8859.9771
488,32,3,114540.38,1,1,0,92568.07,0,True,False,True,0.5255179495321378,10308.6342
683,35,6,187530.66,2,1,1,37976.36,0,False,False,False,0.2540931232415566,16877.7594
601,42,9,133636.16,1,0,1,103315.74,0,True,False,False,0.6297503738668655,12027.2544
605,52,7,0.0,2,1,1,173952.5,0,False,False,True,0.2459868961628525,0.0
671,44,0,84745.03,2,0,1,34673.98,0,True,False,False,0.4084178977272625,7627.0527
614,31,7,120599.38,2,1,1,46163.44,0,True,False,False,0.23643585084599156,10853.9442
511,29,9,0.0,2,0,1,140676.98,0,False,True,False,0.11310686818627864,0.0
850,39,4,127771.35,2,0,1,151738.54,0,False,False,True,0.14904223612797823,11499.4215
790,46,9,0.0,1,0,0,14679.81,1,False,True,False,0.816403284116537,0.0
793,33,0,0.0,1,0,0,175544.02,0,False,False,False,0.3907154370812234,0.0
628,69,5,0.0,2,1,1,181964.6,0,False,False,True,0.10647770057657761,0.0
598,53,10,167772.96,1,1,1,136886.86,0,True,False,True,0.48602746592569557,15099.5664
657,37,6,95845.6,1,1,0,122218.23,0,False,False,False,0.3956119967232151,8626.104
618,35,10,0.0,2,1,0,180439.75,0,False,False,False,0.18579894889123127,0.0
681,65,7,134714.7,2,0,1,190419.81,0,False,True,True,0.2369878047220121,12124.323
516,33,3,0.0,2,1,1,58685.59,0,False,True,False,0.11583432074647304,0.0
421,28,8,122384.22,3,1,1,89017.38,1,True,False,True,0.7834475671498883,11014.5798
700,26,2,0.0,2,0,0,50051.42,0,False,False,False,0.13848060356725697,0.0
745,25,5,157993.15,2,1,0,146041.45,0,False,False,True,0.2016167587854612,14219.3835
696,29,8,0.0,2,1,0,191166.09,0,False,False,True,0.07798742641973494,0.0
580,42,2,123331.36,1,0,0,103516.08,1,True,False,False,0.7266728206169896,11099.8224
497,27,9,75263.16,1,1,1,164825.04,0,False,True,True,0.20548170369812144,6773.6844
720,43,6,137824.03,2,1,0,172557.77,0,False,False,False,0.4753209104193188,12404.1627
659,36,4,132578.92,2,1,0,84320.94,0,True,False,True,0.2983851153530418,11932.1028
841,36,5,156021.31,1,0,0,122662.98,0,False,False,False,0.3402606892995177,14041.9179
642,34,8,0.0,1,1,0,72085.1,0,False,True,True,0.3803512868085307,0.0
732,69,9,137453.43,1,0,1,110932.24,1,False,True,False,0.4540201165306413,12370.8087
600,36,4,0.0,2,1,0,143635.36,0,False,True,True,0.09151991559148094,0.0
464,33,8,164284.72,2,1,1,3710.34,0,True,False,True,0.13344725205667823,14785.624799999998
680,47,5,0.0,2,1,1,179843.33,0,False,False,False,0.2938492570079678,0.0
758,56,1,0.0,2,1,1,10643.38,0,False,True,True,0.25834285048831557,0.0
630,31,2,112373.49,2,1,1,131167.98,0,True,False,False,0.23966485000907808,10113.6141
577,39,10,0.0,2,1,0,10553.31,0,False,False,False,0.2297895200409884,0.0
684,34,6,0.0,2,1,1,130928.22,0,False,False,False,0.10707852594591209,0.0
708,41,5,0.0,1,0,1,157003.99,0,False,True,False,0.5064537102095056,0.0
732,29,1,154333.82,1,1,1,138527.56,0,True,False,False,0.3389025994177788,13890.043800000001
634,37,3,111432.77,2,1,1,167032.49,0,True,False,True,0.27621110781863295,10028.9493
633,30,6,0.0,2,0,0,41642.29,0,False,False,False,0.12332153505328394,0.0
559,34,2,137390.11,2,1,0,9677.0,0,False,False,True,0.20837527911490233,12365.109899999998
694,37,3,0.0,2,1,1,147012.22,0,False,True,False,0.12111517886583392,0.0
686,56,5,111642.08,1,1,1,80553.87,0,True,False,False,0.7812235335230201,10047.7872
553,48,3,0.0,1,0,1,30730.95,1,False,True,False,0.6748615162377279,0.0
507,36,4,83543.37,1,0,0,140134.43,0,False,False,True,0.31728657646648634,7518.903299999999
732,50,6,145338.76,1,0,0,91936.1,1,True,False,True,0.9105389141787233,13080.4884
818,31,1,186796.37,1,0,0,178252.63,0,False,False,False,0.3725458378560112,16811.6733
660,35,8,58641.43,1,0,1,198674.08,0,True,False,True,0.32545812566859345,5277.7287
773,41,5,0.0,1,1,0,28266.9,1,False,True,False,0.6548807494689421,0.0
640,44,3,137148.68,1,1,0,92381.01,0,False,False,True,0.6688999528434316,12343.3812
505,49,7,80001.23,1,0,0,135180.11,0,False,False,True,0.7630976159223359,7200.110699999999
714,21,6,86402.52,2,0,0,27330.59,0,True,False,True,0.17077832434561516,7776.2268
468,42,5,0.0,2,1,0,125305.34,0,False,False,False,0.3481594219643051,0.0
611,51,1,122874.74,1,1,1,149648.45,0,False,True,True,0.4913141058037301,11058.7266
705,25,0,97544.29,1,0,1,59887.15,0,False,False,True,0.15381386756361187,8778.986099999998
646,46,1,170826.55,2,1,0,45041.32,0,True,False,True,0.5066730666963717,15374.389499999997
667,48,1,97133.92,2,0,0,113316.77,1,True,False,False,0.7657536435485361,8742.0528
511,41,8,153895.65,1,1,1,39087.42,0,True,False,False,0.5644783540072206,13850.608499999998
653,43,6,0.0,2,1,1,7330.59,0,False,False,False,0.23817516493587765,0.0
675,57,8,0.0,2,0,1,95463.29,0,False,False,False,0.3115574043262645,0.0
523,32,4,0.0,2,1,0,167848.02,0,False,True,True,0.08995422404393123,0.0
567,49,5,134956.02,1,1,0,93953.84,1,True,False,False,0.9161801048923928,12146.041799999999
741,39,7,143637.58,2,0,1,174227.66,0,False,True,True,0.15229087199078825,12927.382199999998
456,32,9,147506.25,1,1,1,135399.21,0,False,True,True,0.19503792019632762,13275.5625
598,64,1,0.0,2,1,0,195635.3,1,False,False,True,0.6170686362105631,0.0
667,43,8,190227.46,1,1,0,97508.04,1,False,False,True,0.7401511194958137,17120.4714
548,32,2,172448.77,1,1,0,188083.77,1,False,False,False,0.47184450425533414,15520.389299999999
725,41,7,113980.21,1,1,1,116704.25,0,False,False,True,0.3190016509205599,10258.2189
717,53,6,0.0,2,0,1,97614.87,0,False,False,True,0.22164294208650287,0.0
594,38,4,0.0,2,0,0,186884.04,0,False,False,True,0.12415250503497935,0.0
678,25,10,76968.12,2,0,1,131501.72,0,True,False,False,0.09714368059671759,6927.1308
545,38,1,88293.13,2,1,1,24302.95,0,False,False,True,0.17724984654264048,7946.3817
636,48,1,170833.46,1,1,0,110510.28,1,False,False,False,0.774079236457618,15375.0114
603,44,6,108122.39,2,1,0,108488.33,1,True,False,True,0.6760166677017894,9731.0151
435,36,4,0.0,1,1,1,197015.2,0,False,False,True,0.3577655271585858,0.0
535,40,8,0.0,1,1,1,27689.77,0,False,False,False,0.4412014091976119,0.0
629,45,7,129818.39,3,1,0,9217.55,1,True,False,False,0.9046107683598423,11683.6551
722,35,2,163943.89,2,1,1,15068.18,0,False,False,False,0.21731475482229767,14754.950100000002
561,28,7,0.0,2,1,0,7797.01,0,False,False,True,0.07019867567803768,0.0
645,38,5,101430.3,2,0,1,4400.32,0,False,False,False,0.22530095655375704,9128.727
501,39,9,117301.66,1,0,0,182025.95,0,False,False,False,0.48657711087596894,10557.149399999998
502,32,1,173340.83,1,0,1,122763.95,0,True,False,False,0.3343630518726728,15600.674699999998
652,42,4,0.0,2,1,1,38152.01,0,False,True,False,0.2201468127339405,0.0
574,33,3,134348.57,1,1,0,63163.99,0,False,False,False,0.36219660517738317,12091.3713
518,45,9,105525.65,2,1,1,73418.29,0,False,False,False,0.4486329076858393,9497.3085
749,60,6,0.0,1,1,0,17978.68,1,False,False,False,0.8829819009940338,0.0
679,43,4,0.0,3,1,0,115136.51,1,False,False,False,0.7920343253119414,0.0
565,36,6,106192.1,1,1,0,149575.59,0,False,False,True,0.32070391165376066,9557.289
643,45,4,45144.43,1,1,0,60917.24,1,False,False,False,0.7918870122047249,4062.9986999999996
515,65,7,92113.61,1,1,1,142548.33,0,False,False,True,0.37504128308059187,8290.224900000001
521,25,7,0.0,2,1,1,157878.67,0,False,False,True,0.06240085643503385,0.0
739,38,0,128366.44,1,1,0,12796.43,0,False,True,True,0.35668915438860016,11552.979599999999
585,42,2,0.0,2,1,1,18657.77,0,False,False,True,0.17244443194814768,0.0
733,74,3,106545.53,1,1,1,134589.58,0,True,False,True,0.3740160825240998,9589.097699999998
542,43,8,145618.37,1,0,1,10350.74,0,False,False,False,0.5171344950453726,13105.653299999998
788,37,8,141541.25,1,0,0,66013.27,0,False,True,True,0.29899226835464404,12738.712500000001
435,32,2,57017.06,2,1,1,5907.11,0,True,False,True,0.09099691882992461,5131.535399999999
577,42,9,0.0,1,1,0,74077.91,0,False,False,True,0.5972808956550248,0.0
703,51,3,0.0,3,1,1,77294.56,1,False,False,False,0.8274754858945819,0.0
728,35,8,125884.95,2,1,0,54359.02,1,True,False,False,0.42893294374409097,11329.645499999999
728,32,5,61825.5,1,1,1,156124.93,0,True,False,True,0.1645255523027944,5564.295
718,35,8,0.0,2,1,0,94820.85,0,False,False,True,0.07911562108013483,0.0
621,40,6,0.0,1,1,0,155155.25,0,False,False,False,0.6253388746076827,0.0
523,40,2,102967.41,1,1,0,128702.1,1,False,False,False,0.5874830397302355,9267.0669
657,25,2,171770.55,1,1,0,22745.5,0,True,False,True,0.3582991650036124,15459.349499999997
727,40,1,93051.64,2,1,0,71865.31,1,True,False,True,0.4307145702259872,8374.6476
643,36,7,161064.64,2,0,1,84294.82,0,False,False,True,0.16885926873695983,14495.817599999998
645,48,7,90612.34,1,1,1,149139.13,0,False,False,False,0.6046832865504895,8155.1106
568,28,5,145105.64,2,1,0,185489.11,0,False,False,True,0.22846029703394208,13059.5076
599,58,4,0.0,1,0,0,176407.15,1,False,False,True,0.8772029262789697,0.0
672,45,9,0.0,1,1,1,92027.69,1,False,False,False,0.6321039349133696,0.0
685,33,6,174912.72,1,1,1,43932.54,0,False,False,True,0.20440994147553784,15742.144799999998
516,46,1,104947.72,1,1,0,115789.25,1,False,False,False,0.8039086045129865,9445.2948
685,31,10,135213.71,1,1,1,125777.28,0,False,True,True,0.17921197736429864,12169.2339
806,25,7,0.0,2,1,0,18461.9,0,False,True,True,0.06798773258198579,0.0
604,36,6,116229.85,2,1,1,79633.38,0,False,False,True,0.14603836631062664,10460.6865
648,53,6,111201.41,1,1,1,121542.29,0,False,True,False,0.5260054605764127,10008.1269
545,32,4,0.0,1,1,0,94739.2,0,False,True,False,0.47927276252294315,0.0
756,27,1,131899.0,1,1,0,93302.29,0,True,False,True,0.4654874325361704,11870.91
569,35,10,124525.52,1,1,1,193793.78,0,False,False,True,0.2454596376785569,11207.2968
596,47,6,0.0,1,1,0,74835.65,0,False,False,True,0.7969489517732579,0.0
475,39,6,0.0,1,1,1,56999.9,1,False,False,True,0.4091438197405592,0.0
646,45,3,47134.75,1,1,1,57236.44,0,False,False,False,0.6094522046923455,4242.1275000000005
784,35,3,0.0,2,0,0,81483.64,0,False,True,True,0.08988068830290713,0.0
552,45,9,0.0,2,1,0,26752.56,0,False,True,True,0.26646108385631734,0.0
729,44,5,0.0,2,0,1,9200.54,0,False,False,True,0.1983898433235641,0.0
609,61,1,0.0,1,1,0,22447.85,1,False,True,True,0.8803803893685909,0.0
555,51,5,0.0,3,1,0,189122.89,1,False,False,True,0.8904492931714292,0.0
572,19,1,138657.08,1,1,1,16161.82,0,True,False,False,0.4317909143570766,12479.137199999997
785,34,9,70302.48,1,1,1,68600.36,0,False,False,False,0.25483446428712825,6327.2232
714,36,1,101609.01,2,1,1,447.73,0,True,False,False,0.2515477719340554,9144.810899999999
738,35,3,0.0,1,1,1,15650.73,0,False,True,True,0.29427965947473145,0.0
639,38,5,130170.82,1,1,1,149599.62,0,True,False,True,0.5069494190156939,11715.373800000001
520,61,8,133802.29,2,1,1,90304.01,0,True,False,True,0.5348977730760462,12042.206100000001
764,24,7,106234.02,1,0,0,115676.38,0,False,False,False,0.3290890195303057,9561.0618
661,39,6,132628.98,1,0,0,38812.67,0,False,True,True,0.34859833301620763,11936.6082
564,41,9,103522.75,2,1,1,34338.21,0,True,False,True,0.37299535412188817,9317.0475
708,42,8,192390.52,2,1,0,823.36,0,True,False,False,0.2649143984472461,17315.1468
512,36,1,0.0,1,0,1,135482.26,1,False,True,True,0.41706504811825845,0.0
592,37,9,0.0,3,1,1,10656.89,0,False,True,True,0.2520964570247284,0.0
619,38,3,0.0,2,0,1,116467.35,0,False,False,False,0.1468709396354676,0.0
775,52,8,109922.61,1,1,1,96823.32,1,False,False,True,0.49309872061169313,9893.0349
850,44,5,128605.32,1,0,1,171096.2,0,True,False,False,0.6768622209805946,11574.4788
577,37,4,0.0,1,1,1,79881.39,0,False,False,False,0.3279389213089379,0.0
724,37,10,68598.56,1,1,0,157862.82,0,False,False,False,0.45020588373590237,6173.8704
710,35,1,106518.52,1,1,1,127951.81,0,False,True,True,0.17834531365009454,9586.6668
696,31,8,0.0,2,0,0,191074.11,0,False,False,False,0.13801394744844758,0.0
376,46,6,0.0,1,1,0,157333.69,1,False,False,False,0.859173219560312,0.0
675,29,8,121326.42,1,1,0,133457.52,0,True,False,False,0.5928312059605907,10919.377799999998
745,36,8,67226.37,1,1,0,130789.6,0,False,False,True,0.38098801685888367,6050.373299999999
697,25,5,82931.85,2,1,1,128373.88,0,False,True,False,0.13721995305367377,7463.8665
599,39,4,0.0,1,1,0,194273.2,1,False,True,False,0.5973699490510055,0.0
715,38,5,118590.41,1,1,1,5684.17,1,False,False,False,0.3206627011350635,10673.136900000001
659,67,4,145981.87,1,1,1,131043.2,0,False,False,True,0.29686899669809835,13138.368299999998
684,48,3,73309.38,1,0,0,21228.34,1,False,False,False,0.7948947635045813,6597.8442
635,48,8,130796.33,2,1,1,43250.3,0,False,False,False,0.5031751702888045,11771.6697
789,33,8,151607.56,1,1,0,4389.4,0,True,False,True,0.4291184946207365,13644.680399999997
571,66,9,111577.01,1,0,1,189271.9,0,True,False,False,0.6757167106516995,10041.9309
694,39,0,107042.74,1,1,1,102284.2,0,False,True,True,0.22017742603353996,9633.8466
665,42,2,156371.61,2,0,1,156774.94,1,False,True,False,0.5298101061465164,14073.444899999999
706,44,4,129605.99,1,0,0,69865.49,0,False,False,False,0.6529359802855146,11664.5391
807,43,0,0.0,2,0,1,85523.24,0,False,True,False,0.26513187182674136,0.0
771,67,8,0.0,2,1,1,51219.8,0,False,True,False,0.13127382341866434,0.0
531,27,8,132576.25,1,0,0,7222.92,0,False,True,True,0.28286266211953387,11931.8625
629,37,6,129101.3,1,1,1,23971.33,0,False,False,False,0.28846182826980515,11619.116999999998
850,31,1,108822.4,1,1,1,132173.31,0,True,False,False,0.39356843248365864,9794.016
685,35,4,137948.51,1,1,0,113639.64,0,False,True,True,0.326993007808289,12415.3659
642,32,7,100433.8,1,1,1,39768.59,0,False,True,True,0.19451923042431493,9039.042000000001
529,63,4,96134.11,3,1,0,108732.96,1,False,True,True,0.9611415252704743,8652.069899999999
683,43,4,115888.04,1,1,1,117349.19,1,True,False,False,0.7434391945492469,10429.923599999998
663,42,5,124626.07,1,1,1,78004.5,0,False,False,False,0.4555522251653496,11216.3463
563,34,6,139810.34,1,1,1,152417.79,0,False,False,False,0.28105762783900534,12582.9306
637,34,9,0.0,2,0,0,26057.08,0,False,True,False,0.127579615612103,0.0
544,37,3,84496.71,1,0,0,79972.09,0,False,False,True,0.32865195238475486,7604.7039
649,70,9,116854.71,2,0,1,107125.79,0,True,False,True,0.4640983697926942,10516.923900000002
638,48,10,138333.03,1,1,1,47679.14,0,False,False,False,0.5516644554317005,12449.972699999998
723,25,3,0.0,2,1,1,134509.47,0,False,False,True,0.06390213318285587,0.0
635,43,5,78992.75,2,0,0,153265.31,0,True,False,True,0.3366122205996167,7109.3475
750,38,7,97257.41,2,0,1,179883.04,0,False,True,False,0.20822926479075765,8753.1669
730,34,5,122453.37,2,1,0,138882.98,0,False,False,True,0.18667624482177217,11020.8033
750,36,8,112940.07,1,0,1,9855.81,0,False,True,False,0.24041650515530477,10164.6063
586,43,8,132558.26,1,1,0,67046.83,1,False,False,False,0.6499516022301915,11930.2434
520,38,4,0.0,2,1,0,56388.63,0,False,False,False,0.1808213722294638,0.0
652,48,8,133297.24,1,1,0,77764.37,0,False,False,False,0.7596643432217373,11996.751599999998
550,46,7,0.0,2,1,0,130590.35,0,False,False,False,0.4372600605393218,0.0
594,27,0,197041.8,1,0,0,151912.49,0,False,False,True,0.28332606263721355,17733.761999999995
749,44,0,71497.79,2,0,0,151083.8,0,True,False,False,0.4024036409397299,6434.801099999999
668,32,7,0.0,2,1,1,777.37,0,False,False,True,0.06378158837954577,0.0
614,35,6,128100.28,1,0,0,69454.24,1,True,False,False,0.6332022080979498,11529.0252
773,25,1,124532.78,2,0,1,11723.57,0,False,False,True,0.1360781196681467,11207.9502
551,31,9,82293.82,2,1,1,91565.25,0,True,False,True,0.07708677620051968,7406.443800000001
566,36,1,142120.91,1,1,0,79616.37,0,False,False,True,0.3304213608116098,12790.8819
569,34,0,151839.26,1,1,0,102299.81,1,False,True,True,0.3847489085500529,13665.5334
659,31,7,149620.88,2,1,1,104533.51,0,False,True,True,0.13307051819740232,13465.8792
722,49,3,168197.66,1,1,0,140765.57,1,False,False,False,0.7877798238165874,15137.7894
655,37,5,93147.0,2,1,0,66214.13,0,False,False,True,0.2035098560690818,8383.23
615,35,2,97440.02,2,1,1,139816.1,0,False,False,False,0.17565615698427917,8769.6018
752,42,3,65046.08,2,0,1,140139.28,0,True,False,False,0.2854489191622578,5854.147199999999
661,28,7,95357.49,1,0,0,102297.15,0,False,True,False,0.33163911567171234,8582.1741
838,43,9,123105.88,2,1,0,145765.83,0,False,True,True,0.39194982736138706,11079.529199999999
610,29,9,0.0,3,0,1,83912.24,0,False,True,True,0.38679033684688185,0.0
811,44,3,0.0,2,0,1,78439.73,0,False,True,True,0.19184521294134232,0.0
587,62,7,121286.27,1,0,1,6776.92,0,False,True,True,0.38548218782705435,10915.764299999999
811,28,4,167738.82,2,1,1,9903.42,0,True,False,False,0.18462901062847037,15096.4938
759,38,1,104091.29,1,0,0,91561.91,0,False,False,False,0.4206865864011375,9368.2161
648,42,8,121980.56,2,1,0,4027.02,0,True,False,False,0.42283208409613826,10978.2504
788,43,10,0.0,2,1,1,116111.51,0,False,False,False,0.3291682146927174,0.0
725,39,1,50880.98,2,1,1,184023.54,0,True,False,True,0.16684238282790287,4579.2882
646,42,3,175159.9,2,0,0,67124.48,1,False,False,False,0.5046349167474721,15764.391
601,26,7,105514.69,2,1,0,50070.59,0,True,False,False,0.2989494734447472,9496.322100000001
521,52,5,116497.31,3,0,0,53793.1,1,True,False,True,0.9528013478438428,10484.7579
561,33,6,0.0,2,1,0,45261.47,0,False,True,False,0.12100947539898943,0.0
564,42,7,99824.45,1,1,1,36721.4,0,False,False,True,0.3691815341679866,8984.200499999999
444,45,6,0.0,1,1,0,130009.85,1,False,False,True,0.7762275171607402,0.0
650,71,0,0.0,1,1,1,175380.77,0,False,True,True,0.2919545089556831,0.0
724,40,10,0.0,1,1,0,127847.25,1,False,False,True,0.5354125153433752,0.0
719,35,3,122964.88,1,1,1,138231.7,0,False,True,True,0.18897424132684446,11066.839199999999
548,29,4,0.0,2,0,1,48673.18,0,False,False,False,0.09285691199500383,0.0
635,24,4,0.0,2,1,1,70668.77,0,False,True,True,0.07017014230789492,0.0
496,43,3,0.0,2,0,1,199505.53,0,False,True,False,0.2992963752268348,0.0
676,37,5,89634.69,1,1,1,169583.18,1,False,False,False,0.34780856891067097,8067.1221000000005
541,40,7,95710.11,2,1,0,49063.42,0,True,False,True,0.38574399058525477,8613.9099
778,41,7,139706.31,1,1,0,63337.19,0,True,False,True,0.6416409720607475,12573.5679
850,45,5,103909.86,1,1,0,60083.11,1,True,False,False,0.8179887838629806,9351.8874
633,31,1,0.0,1,1,0,48606.71,0,False,False,True,0.31887755281757746,0.0
625,49,6,173434.9,1,1,0,165580.93,1,False,False,True,0.6994874954500658,15609.141
485,32,6,102238.01,2,1,1,194010.12,0,False,True,True,0.13418734324784146,9201.4209
547,48,1,179380.74,2,0,1,69263.1,0,False,False,False,0.5183019021594831,16144.266599999999
642,32,3,0.0,2,1,1,88698.83,0,False,False,True,0.07351428296250342,0.0
718,25,4,108691.95,1,1,0,63030.97,0,False,False,False,0.3417243577281851,9782.2755
582,32,4,0.0,2,1,0,59668.81,0,False,False,False,0.12462630902879682,0.0
628,33,6,0.0,2,0,0,184230.23,0,False,False,True,0.10089133997237579,0.0
737,35,0,133377.8,1,0,1,64050.19,0,True,False,True,0.4064958473971012,12004.001999999999
828,34,9,0.0,2,1,1,81853.98,0,False,True,True,0.050002843964870876,0.0
609,53,10,0.0,1,1,1,154642.91,0,False,True,True,0.497820540869683,0.0
730,39,1,116537.6,1,0,0,145679.6,0,False,False,True,0.3857441210347348,10488.384
631,22,3,0.0,2,0,0,30781.77,0,False,False,False,0.12468317917630384,0.0
830,40,4,0.0,2,0,1,81622.52,0,False,True,True,0.08701186464709028,0.0
645,29,1,130131.08,2,0,1,196474.35,0,False,False,True,0.15343569550404687,11711.797199999999
663,46,3,0.0,2,0,1,176276.1,0,False,False,True,0.2103011881780622,0.0
678,30,0,0.0,1,1,0,35113.08,0,False,True,True,0.3283768829022733,0.0
521,30,2,107316.09,1,1,0,64299.82,0,False,False,True,0.28835210678116635,9658.448099999998
625,24,1,0.0,2,1,1,180969.55,0,False,False,False,0.1013230555186759,0.0
523,30,1,83181.29,1,1,1,138176.78,0,False,False,True,0.1643531190242021,7486.316099999999
714,72,3,0.0,1,1,1,86733.61,0,False,False,False,0.2944452086613713,0.0
580,67,3,153946.14,1,1,1,7418.92,0,False,True,True,0.26546020256622443,13855.152600000001
722,30,5,0.0,2,1,0,166376.54,0,False,False,True,0.08546135959077676,0.0
630,39,7,135483.17,1,1,0,140881.2,1,False,True,False,0.5022782058387398,12193.4853
579,35,1,0.0,2,1,0,4460.2,0,False,False,True,0.0748712354166685,0.0
670,38,4,119624.54,2,1,1,110472.12,0,False,False,False,0.22370527919673716,10766.2086
588,34,6,121132.26,2,1,0,86460.28,0,False,True,True,0.18484745377639647,10901.9034
807,42,1,0.0,1,1,0,16500.66,1,False,True,False,0.705925103572808,0.0
726,48,4,0.0,1,1,0,114020.06,1,False,False,False,0.8689423604093247,0.0
812,25,5,54817.55,1,1,0,131660.31,0,True,False,True,0.2893331187621112,4933.5795
631,40,3,107949.45,1,1,0,52449.62,1,True,False,True,0.7155336493641922,9715.450499999999
682,30,4,0.0,1,0,1,161465.31,0,False,False,True,0.2533717504491923,0.0
625,49,2,80816.45,1,1,1,20018.79,0,False,True,False,0.5808308173455822,7273.4805
607,38,3,98205.77,1,1,0,176318.27,0,True,False,True,0.5219569263006963,8838.5193
600,50,6,94684.27,1,1,1,50488.91,0,False,True,False,0.5249838086528262,8521.5843
602,22,7,141604.76,1,1,0,30379.6,0,False,True,False,0.34328847837255994,12744.4284
545,74,3,0.0,2,1,1,161326.73,0,False,True,False,0.15149623016691138,0.0
675,33,3,0.0,2,1,0,45348.08,0,False,True,True,0.06848110948393257,0.0
581,47,1,122949.14,1,0,0,180251.68,1,False,False,False,0.7596838946602682,11065.422599999998
640,33,8,81677.22,2,0,0,34925.56,0,True,False,True,0.1384529181743896,7350.9498
850,38,7,80293.98,1,0,0,126555.74,0,False,False,True,0.34261464400130803,7226.458199999999
490,48,8,155413.06,1,1,0,187921.3,0,False,True,False,0.6657893074331017,13987.175399999998
710,38,4,0.0,2,1,1,136390.88,0,False,True,False,0.12038131576500144,0.0
613,38,9,67111.65,1,1,0,78566.64,1,True,False,True,0.5358171227858182,6040.048499999999
812,34,5,103818.43,1,1,1,166038.27,0,False,False,True,0.17580121647507693,9343.6587
723,20,4,0.0,2,1,1,140385.33,0,False,False,False,0.10524421486850899,0.0
512,36,4,152169.12,2,0,0,38629.3,1,False,False,True,0.20786892599954687,13695.2208
731,52,10,0.0,1,1,1,24998.75,1,False,False,False,0.6758714741585993,0.0
650,26,4,214346.96,2,1,0,128815.33,0,True,False,True,0.21256658944593732,19291.2264
594,57,6,0.0,1,1,0,19376.56,1,False,False,True,0.8802791238129946,0.0
844,40,7,113348.14,1,1,0,31904.31,1,False,False,True,0.4784688595677266,10201.3326
686,47,5,170935.94,1,1,0,173179.79,1,True,False,False,0.7887000062551454,15384.2346
695,52,8,103023.26,1,1,1,22485.64,0,True,False,True,0.7644506182677739,9272.0934
624,23,6,0.0,2,0,1,196668.51,0,False,True,False,0.09780133895740577,0.0
503,37,6,0.0,2,0,0,136506.86,0,False,True,True,0.09873900020595455,0.0
535,31,7,111855.04,2,1,1,36278.89,0,False,False,False,0.16136695992022115,10066.953599999999
743,32,6,140348.56,2,1,1,163254.39,0,True,False,False,0.2555844289994315,12631.3704
702,39,8,0.0,2,1,0,99654.13,0,False,True,True,0.09415804247606413,0.0
658,29,3,145512.84,1,1,0,20207.02,0,False,False,True,0.3367102866060558,13096.155599999998
677,41,8,146720.98,2,1,1,4195.84,0,True,False,False,0.2864080693880282,13204.8882
664,32,10,107209.73,1,1,1,112340.2,0,False,False,True,0.18158783294018174,9648.875699999999
766,38,7,130933.74,1,0,1,2035.94,0,True,False,False,0.5600639656069724,11784.0366
461,35,8,0.0,1,1,0,132295.95,0,False,True,False,0.4674206658106488,0.0
688,36,0,89772.3,1,1,0,177383.68,1,False,True,True,0.3941466210203802,8079.507
678,32,5,0.0,2,1,0,90284.47,0,False,False,False,0.13393923501258598,0.0
796,24,8,0.0,2,1,0,61349.37,0,False,False,True,0.06066176108631056,0.0
803,42,5,0.0,1,1,0,196466.83,1,False,False,True,0.6713421244067824,0.0
712,36,2,100749.5,3,0,0,70758.37,1,False,False,True,0.798462183538498,9067.454999999998
498,31,10,0.0,2,1,0,13892.57,0,False,False,False,0.14317621632452499,0.0
850,22,2,0.0,2,1,1,9684.52,0,False,True,True,0.0585563121665367,0.0
628,51,3,123981.31,2,1,1,40546.15,0,False,False,False,0.5265816428707925,11158.3179
539,34,4,91622.42,1,1,1,136603.42,0,True,False,False,0.3684670766985593,8246.0178
732,36,7,126195.81,1,1,1,133172.48,0,False,False,True,0.19820205033822788,11357.6229
715,41,4,94267.9,1,0,1,152821.12,1,False,False,True,0.404184796885698,8484.110999999999
651,40,4,0.0,2,1,1,147715.83,0,False,False,True,0.12119663044118345,0.0
813,34,0,0.0,2,1,0,43169.15,0,False,False,True,0.08055303671848463,0.0
692,29,4,0.0,1,1,0,76755.99,1,False,False,True,0.4051066628365292,0.0
756,39,3,100717.85,3,1,1,73406.04,1,True,False,False,0.8769524738815855,9064.6065
543,36,6,0.0,2,1,0,176728.28,0,False,False,True,0.10781041436440458,0.0
790,26,4,141581.71,2,0,0,98309.27,0,False,False,False,0.22568683856966446,12742.353899999998
494,38,7,0.0,2,1,1,6203.66,0,False,True,True,0.09126677465210511,0.0
850,39,2,148586.64,1,1,1,176791.27,0,False,False,False,0.29625750709618764,13372.797600000002
703,29,9,0.0,2,1,0,50679.48,0,False,True,True,0.06712064969235049,0.0
432,38,7,0.0,2,1,0,150580.88,0,False,True,True,0.11058145223140184,0.0
512,32,2,123403.85,2,1,0,80120.19,0,True,False,False,0.31771875032351365,11106.3465
589,28,7,0.0,2,1,0,151645.96,0,False,False,True,0.08476277572759726,0.0
514,46,3,106511.85,1,1,0,55072.32,0,False,False,False,0.7592211834578942,9586.0665
678,38,2,0.0,2,0,0,115068.99,0,False,False,False,0.18338705185211368,0.0
420,34,1,135549.9,1,0,0,149471.13,1,True,False,False,0.6256616746455037,12199.491
679,38,7,110555.37,2,1,0,46522.68,0,True,False,True,0.3993245097744292,9949.9833
595,31,4,0.0,2,1,0,189995.86,0,False,False,True,0.09574797951516376,0.0
713,52,0,185891.54,1,1,1,46369.57,1,False,False,False,0.6059457649945723,16730.238599999997
833,59,1,130854.59,1,1,1,30722.52,1,True,False,True,0.7765977243961669,11776.9131
690,42,3,92578.14,2,0,0,70810.6,0,False,False,False,0.38138683406715457,8332.0326
731,21,8,132312.06,1,1,0,106663.46,1,True,False,False,0.5754405568456192,11908.0854
608,62,8,144976.5,1,0,0,175836.03,1,False,False,False,0.8519721452130361,13047.885
479,48,5,87070.23,1,0,1,85646.41,0,False,True,True,0.47777005894960456,7836.320699999999
519,42,8,0.0,2,1,1,101485.72,0,False,False,True,0.17057355602836918,0.0
731,47,1,115414.19,3,0,0,191734.67,1,False,False,False,0.8966811844669631,10387.2771
617,61,7,91070.43,1,1,1,101839.77,0,False,True,True,0.4192524469643095,8196.338699999998
756,29,2,117412.19,2,1,0,4888.91,0,False,True,True,0.1706321649605484,10567.097099999999
848,31,4,90018.45,2,1,0,193132.98,0,True,False,True,0.1658297237552214,8101.6605
809,24,4,0.0,2,1,0,193518.76,0,False,False,False,0.12077006952330774,0.0
698,56,1,112414.81,2,0,0,93982.02,1,True,False,True,0.7558470371938287,10117.3329
779,33,1,158456.76,1,1,1,197000.92,1,True,False,True,0.2976309935338567,14261.108400000001
606,35,7,0.0,1,1,0,106837.06,1,False,True,True,0.4494848734791518,0.0
612,58,1,149641.53,1,1,1,115161.28,0,True,False,False,0.7885843375352846,13467.7377
663,33,8,122528.18,1,1,0,196260.3,0,False,True,False,0.3368420531358228,11027.536199999999
549,45,3,143734.01,2,1,1,96404.38,0,True,False,False,0.590579747381482,12936.0609
675,32,2,155663.31,1,1,0,97658.66,0,False,False,False,0.350577023826039,14009.6979
669,35,7,0.0,1,1,1,49108.23,1,False,False,False,0.29911176290959096,0.0
571,34,1,101736.66,1,0,1,195651.66,0,True,False,False,0.48820959155483434,9156.2994
500,37,9,125822.21,1,1,0,111698.0,0,False,True,True,0.30052049199626124,11323.998899999999
628,37,0,0.0,2,1,1,171707.93,0,False,False,True,0.10849039408918083,0.0
559,34,4,0.0,2,1,1,66721.98,0,False,False,True,0.07021531799279888,0.0
769,27,2,0.0,1,1,1,57876.05,0,False,False,False,0.26684099966114355,0.0
733,31,6,157791.07,2,0,0,177994.81,0,True,False,True,0.2189895599737584,14201.1963
750,22,5,0.0,2,0,1,105125.65,0,False,False,True,0.05669422871206759,0.0
583,42,4,0.0,2,1,0,17439.66,0,False,False,False,0.2883266975379615,0.0
468,42,9,181627.14,2,1,0,172668.39,0,True,False,True,0.2850507563573806,16346.442599999998
727,57,1,109679.72,1,0,1,753.37,0,False,True,False,0.508223960989894,9871.1748
618,37,5,96652.86,1,1,0,98686.4,1,False,False,False,0.41603123832345335,8698.757399999999
617,40,5,190008.32,2,1,1,107047.92,0,False,False,True,0.25075212470818087,17100.7488
793,41,9,0.0,2,1,0,152153.74,0,False,True,True,0.1138492639330522,0.0
630,43,9,0.0,2,1,1,34338.04,0,False,False,True,0.194804121889245,0.0
765,43,4,148962.76,1,0,1,173878.87,1,True,False,True,0.7017309415268771,13406.648400000002
546,28,8,0.0,1,1,0,159254.29,0,False,False,True,0.32853376267664325,0.0
614,30,3,131344.52,2,1,0,54776.64,0,True,False,False,0.2932980987049939,11821.0068
593,29,5,101713.84,3,1,0,134594.99,0,True,False,False,0.6376780260579148,9154.2456
613,34,3,0.0,1,1,1,41724.72,0,False,True,True,0.36193379633921685,0.0
655,38,4,0.0,2,0,0,110527.71,0,False,False,True,0.09346378381824721,0.0
700,27,6,137963.07,1,0,0,8996.79,0,False,False,False,0.3309019610957952,12416.6763
826,29,4,129938.07,1,0,1,190200.53,0,False,True,False,0.28984722626706083,11694.4263
652,45,2,151421.44,1,0,1,115333.43,0,True,False,True,0.7005591708600528,13627.9296
755,45,7,135643.0,1,0,0,143619.52,1,True,False,False,0.8887275952617363,12207.869999999999
538,39,2,122773.5,2,1,1,58467.08,0,False,True,True,0.1914495671247775,11049.615
729,34,3,152303.8,1,1,0,12128.69,0,False,False,True,0.3400220066713878,13707.341999999999
615,49,3,0.0,2,1,1,49872.33,0,False,False,True,0.23004469892312485,0.0
700,54,1,79415.67,1,0,1,139735.54,0,False,True,True,0.44401349176549565,7147.4103
434,58,9,125801.03,2,1,0,60891.8,1,True,False,False,0.8351807638112766,11322.0927
729,37,10,0.0,2,1,0,100862.54,0,False,True,True,0.10063561421540342,0.0
513,35,8,0.0,1,1,0,76640.29,1,False,False,True,0.39773990124282416,0.0
755,41,6,104817.41,1,1,0,126013.58,1,False,False,True,0.5292378196067393,9433.5669
615,30,9,0.0,1,1,0,87347.82,0,False,False,False,0.38988182016444667,0.0
747,32,5,67495.04,2,0,1,77370.37,0,True,False,False,0.10477765172662995,6074.553599999999
850,36,0,164850.54,1,1,1,62722.44,0,False,False,False,0.26019415024396897,14836.5486
712,49,5,154776.42,2,0,0,196257.68,0,True,False,False,0.5869798084372055,13929.877799999998
622,28,1,143124.63,2,1,0,81723.8,0,True,False,False,0.2817090028919025,12881.2167
548,35,10,0.0,1,1,1,31299.71,0,False,False,False,0.32186093400768867,0.0
607,27,2,0.0,2,1,0,63495.86,0,False,False,False,0.1414256009871063,0.0
653,38,8,102133.38,1,1,1,166520.96,0,False,False,False,0.334973695261472,9192.0042
699,26,6,79932.41,1,0,0,150242.44,0,False,True,True,0.28596254564029233,7193.9169
693,40,0,120711.73,1,0,0,27345.18,1,True,False,True,0.7364985420014534,10864.055699999999
647,43,3,122717.53,2,1,1,87000.39,0,True,False,False,0.553866531237294,11044.577699999998
478,36,3,92363.3,2,1,0,44912.7,0,False,True,False,0.3245777626693323,8312.697
705,40,5,203715.15,1,1,0,179978.68,1,False,True,False,0.6918176084835301,18334.3635
719,39,5,0.0,2,1,0,145759.7,0,False,True,True,0.08666522495205287,0.0
726,34,9,0.0,2,0,0,14121.61,0,False,False,True,0.07412653740772282,0.0
626,21,1,0.0,2,1,0,66232.23,0,False,False,True,0.06599212226398725,0.0
552,49,4,0.0,1,1,1,190296.76,1,False,False,True,0.6776848253305657,0.0
807,31,1,93460.47,2,0,0,172782.69,0,True,False,False,0.2498252514042883,8411.4423
621,34,6,0.0,2,1,1,99128.13,0,False,False,True,0.07417678992384576,0.0
651,24,7,40224.7,1,1,1,178341.33,0,True,False,False,0.2292539788524021,3620.222999999999
673,43,5,168069.73,1,1,1,146992.24,1,False,False,False,0.5411398937153163,15126.275700000002
652,36,1,0.0,2,1,1,151314.98,0,False,False,True,0.0705939293079674,0.0
584,47,7,130538.77,1,1,0,92915.84,0,True,False,True,0.8900725783877189,11748.4893
756,37,3,132623.6,1,1,1,58974.0,0,False,False,True,0.22540100802647822,11936.124
670,35,3,103465.02,2,1,1,174627.06,0,False,False,False,0.18813631299713285,9311.8518
765,50,9,126547.8,1,1,1,79579.94,1,False,False,False,0.5812019628509298,11389.302
528,30,2,128262.72,2,1,0,50771.16,0,False,False,True,0.18608151439545104,11543.644799999998
701,40,5,169742.64,1,1,1,153537.55,1,False,False,True,0.38573903930154224,15276.837599999999
797,29,1,0.0,2,1,1,132975.39,0,False,False,False,0.10037368997913006,0.0
639,27,3,150795.81,1,0,1,85208.93,0,True,False,True,0.3169745570058792,13571.622899999998
785,61,4,129855.72,2,1,0,170214.82,1,False,True,False,0.7594240989886927,11687.014799999999
363,28,6,146098.43,3,1,0,100615.14,1,False,True,False,0.8619040321807659,13148.858699999997
764,24,7,0.0,2,1,0,186105.99,0,False,False,False,0.1406095076124345,0.0
676,43,2,0.0,1,1,1,55119.53,0,False,False,False,0.5916132136254154,0.0
718,28,4,65643.3,1,1,0,28760.99,0,True,False,True,0.2702773798372537,5907.897
590,34,6,0.0,2,1,0,171021.44,0,False,True,False,0.12837450647596146,0.0
584,38,9,104584.16,1,1,0,176678.72,0,False,False,True,0.3802196734233347,9412.574400000001
645,41,7,0.0,1,0,1,28667.56,0,False,False,True,0.4011222026596507,0.0
772,30,6,99785.28,2,0,0,197238.03,0,True,False,True,0.22901788989548172,8980.6752
399,46,2,127655.22,1,1,0,139994.68,1,True,False,True,0.8824520236367593,11488.969799999999
529,22,5,0.0,1,1,0,151169.83,0,False,False,True,0.3451032377592829,0.0
463,35,2,101257.16,1,1,1,118113.64,0,False,False,True,0.21783581646050046,9113.144400000001
630,40,7,0.0,2,1,1,34453.17,0,False,False,False,0.22720940446696322,0.0
780,76,10,121313.88,1,0,1,64872.33,0,False,False,True,0.25835819112659997,10918.2492
584,32,5,0.0,2,1,0,10956.82,0,False,True,True,0.07826879262744563,0.0
752,30,4,81523.38,1,1,1,36885.85,0,True,False,True,0.16113071450601865,7337.1042
697,47,6,128252.66,1,1,1,168053.4,0,False,False,False,0.5564434910064479,11542.7394
850,32,7,0.0,2,0,0,155227.0,0,False,False,False,0.11371715281910585,0.0
711,51,7,0.0,3,1,0,38409.79,1,False,False,True,0.8451841002804062,0.0
452,32,5,0.0,2,0,1,75279.39,0,False,False,False,0.11942704446887598,0.0
610,42,6,0.0,2,1,0,158302.59,1,False,True,True,0.17232948713971985,0.0
694,22,4,0.0,2,1,1,11525.72,0,False,False,False,0.11778224627336664,0.0
579,33,6,0.0,1,1,0,94993.04,1,False,True,True,0.4697685506580133,0.0
745,54,8,0.0,1,1,0,173912.29,1,False,True,False,0.8934036952741445,0.0
572,33,5,0.0,1,0,1,41139.05,0,False,False,True,0.2959633252857036,0.0
505,29,3,145541.56,2,1,1,58019.95,0,True,False,True,0.1552801049677897,13098.740399999999
706,23,5,0.0,1,0,0,164128.41,1,False,False,False,0.3814483887944049,0.0
693,44,5,124601.58,2,1,1,46998.13,1,True,False,True,0.5626296267639049,11214.1422
725,33,7,115182.84,2,1,1,177279.41,0,True,False,False,0.2799916897491384,10366.4556
791,37,2,163789.49,2,1,0,75832.53,0,False,False,True,0.23070657126774574,14741.0541
536,46,1,65733.41,1,1,0,61094.53,0,False,False,True,0.7362674249955167,5916.0069
699,47,1,0.0,2,0,1,30117.44,0,False,True,True,0.20607187591543005,0.0
500,47,8,128486.11,1,1,0,179227.12,0,False,True,False,0.7011573739962131,11563.749899999999
707,53,6,109663.47,1,1,1,52110.45,0,False,True,False,0.4922768232459152,9869.7123
531,42,6,88324.31,2,1,0,75248.75,0,True,False,False,0.38615755692266973,7949.1879
557,28,7,146445.24,2,1,0,184317.74,0,False,False,False,0.28182471564387107,13180.0716
659,38,3,0.0,2,1,0,158553.1,0,False,False,False,0.17284227802760452,0.0
575,31,6,0.0,2,1,1,95686.42,0,False,True,False,0.10206735123168553,0.0
775,36,2,109949.05,2,0,1,71682.54,0,True,False,True,0.23051359203551933,9895.4145
772,30,4,78653.05,1,1,0,1790.48,0,False,True,True,0.2945792144081716,7078.7744999999995
587,46,9,107850.82,1,1,0,139431.0,1,True,False,True,0.8908410440159726,9706.5738
667,39,4,83765.35,2,1,0,118358.54,0,True,False,False,0.33867840457266907,7538.8815
771,66,7,143773.07,1,1,1,130827.88,0,False,False,False,0.3678165129448516,12939.5763
523,63,6,116227.27,1,1,1,119404.63,0,True,False,True,0.7532074875981384,10460.4543
662,33,0,103471.52,1,1,1,162703.0,0,True,False,True,0.34807840611164914,9312.4368
717,42,5,0.0,2,1,0,172665.21,0,False,False,True,0.17142293296262034,0.0
746,24,3,137492.35,2,0,1,170142.09,0,False,False,True,0.11220901414139081,12374.3115
569,28,7,0.0,2,1,0,73977.23,0,False,False,True,0.07518295004687657,0.0
579,36,9,129829.59,1,1,1,60906.12,0,False,False,True,0.23400688456536353,11684.6631
519,21,1,146329.57,2,1,1,194867.27,0,False,False,False,0.17679944880891912,13169.6613
696,30,4,114027.7,1,1,1,193716.56,0,True,False,True,0.3683564798645822,10262.492999999999
693,25,6,146580.69,1,0,1,14633.35,0,True,False,True,0.3339005468038501,13192.2621
587,38,0,132122.42,2,0,0,31730.32,0,True,False,False,0.39032034235629065,11891.017800000001
626,44,10,81553.93,1,1,0,20063.63,1,False,False,False,0.7165269863000568,7339.8537
666,66,7,0.0,2,1,1,99792.82,0,False,False,False,0.14555745444569404,0.0
512,24,6,0.0,2,1,0,37654.31,0,False,False,True,0.07406088978588335,0.0
689,28,3,0.0,2,1,1,192449.02,0,False,True,False,0.11571174838313247,0.0
803,26,4,0.0,2,1,1,181208.47,0,False,False,False,0.1031574364292065,0.0
548,32,5,175214.71,1,1,1,155165.61,0,True,False,True,0.2771867824299934,15769.3239
588,40,10,125534.51,1,1,0,121504.18,1,True,False,False,0.7253833002149732,11298.105899999999
693,68,4,97705.99,1,1,1,61569.07,0,False,False,True,0.280780217079623,8793.5391
499,55,4,126817.65,2,1,0,123269.71,0,True,False,False,0.8222154985806164,11413.588499999998
628,46,1,46870.43,4,1,0,31272.14,1,False,False,False,0.9218069366163739,4218.338699999999
624,46,3,0.0,2,1,1,62825.03,0,False,True,True,0.19512632886194844,0.0
733,42,9,120094.93,1,1,0,184056.45,0,False,False,True,0.5511821016749244,10808.543699999998
628,38,3,0.0,2,1,1,48924.73,0,False,False,False,0.160889695828977,0.0
633,33,3,0.0,2,1,0,191111.02,0,False,False,False,0.13976646999126227,0.0
559,36,1,104356.94,2,0,1,54184.06,0,True,False,False,0.2239403489113823,9392.1246
704,27,5,147004.34,1,1,0,64381.33,1,True,False,True,0.4286071579566548,13230.390599999999
744,38,6,73023.17,2,1,0,78770.86,0,True,False,True,0.21112464192853014,6572.0853
665,40,1,173432.55,1,0,1,116766.79,0,False,True,False,0.3764315603938961,15608.929499999998
638,42,7,165679.92,1,0,0,32916.29,0,False,False,False,0.5761287094151664,14911.1928
837,31,9,104678.62,1,0,1,50972.6,0,False,True,True,0.16113906567697484,9421.075799999999
534,55,8,116973.26,3,1,0,122066.5,1,False,False,False,0.9717325684383065,10527.5934
548,36,3,0.0,1,1,0,65996.9,0,False,False,False,0.48784988661827833,0.0
837,38,2,126732.85,1,1,1,79577.38,0,True,False,True,0.4578411044703885,11405.9565
658,44,6,148481.09,1,1,0,130529.13,0,False,False,False,0.6858147076406753,13363.298099999998
554,38,4,137654.05,2,1,1,172629.67,0,False,False,False,0.22981873702837383,12388.864499999998
724,30,7,115315.04,1,1,0,15216.53,0,True,False,True,0.47750142438130616,10378.353599999999
723,42,2,99095.73,1,1,1,17512.53,0,False,False,True,0.3729654908488909,8918.615699999998
585,39,7,165610.41,2,0,0,131852.01,0,True,False,False,0.29731329795561356,14904.936899999999
474,33,5,0.0,2,1,0,181945.52,1,False,False,True,0.17226444523628992,0.0
562,32,6,161628.66,1,1,0,91482.5,0,False,True,True,0.34172180683738285,14546.5794
719,32,9,146605.27,1,1,1,77119.45,0,False,False,True,0.17309216853096301,13194.474299999998
635,37,5,113488.68,1,1,0,95611.74,1,True,False,True,0.632523172757759,10213.981199999998
743,42,7,77002.2,2,1,1,80428.42,0,False,False,True,0.20181940688894087,6930.197999999999
681,67,7,0.0,2,0,1,163714.92,0,False,True,True,0.09129975265613519,0.0
521,39,6,0.0,2,0,1,27375.15,0,False,False,False,0.2113117700628144,0.0
741,25,4,0.0,2,1,1,73873.65,0,False,True,True,0.05307196379277745,0.0
790,46,8,182364.53,1,0,0,139266.48,1,False,True,True,0.7936769676751534,16412.807699999998
622,35,8,0.0,2,1,1,131772.51,0,False,False,True,0.07413855640594394,0.0
669,45,7,149364.58,1,0,1,173454.07,0,False,False,True,0.450936326627467,13442.8122
583,59,7,127450.14,1,0,1,67552.71,0,False,False,True,0.4542057838980719,11470.5126
520,63,5,162278.32,1,1,1,34765.33,0,False,True,False,0.4637458678521769,14605.0488
579,37,5,152212.88,2,0,0,120219.14,0,False,True,True,0.2390599204009448,13699.159200000002
698,39,9,161993.89,1,0,0,90212.38,0,False,True,False,0.42163588859809714,14579.450100000002
548,39,7,131468.44,1,1,0,164975.82,0,False,True,True,0.3766802931874835,11832.159599999999
672,40,10,102980.44,1,1,0,1285.81,1,True,False,True,0.7113967824650196,9268.2396
653,31,9,143321.97,1,1,0,83679.46,0,True,False,True,0.5313627745988493,12898.977299999999
734,37,2,130404.92,1,0,0,34548.74,0,False,True,False,0.34703548377387716,11736.442799999999
794,41,7,0.0,2,1,1,74275.08,0,False,False,False,0.20771004982919655,0.0
641,30,2,87505.47,2,0,1,7278.57,0,False,False,True,0.13145676493584724,7875.4923
824,30,0,133634.02,1,1,1,162053.92,0,False,False,True,0.1624363730907502,12027.061799999998
534,33,3,151233.62,1,0,0,199336.63,0,False,True,False,0.35245337357345485,13611.0258
653,55,2,70263.83,1,0,1,62347.71,0,False,True,True,0.4800718079912677,6323.744699999999
498,34,5,0.0,2,1,1,91711.66,0,False,False,True,0.07639457131333076,0.0
683,30,10,57657.49,1,0,0,79240.9,0,False,False,True,0.28616825800592904,5189.1741
618,42,8,153572.31,2,1,1,76679.6,0,True,False,True,0.29446307425900964,13821.507899999999
538,37,1,134752.08,1,1,0,162511.55,0,False,False,True,0.3254394664715878,12127.687199999998
643,34,3,83132.09,1,1,1,21360.88,0,False,True,True,0.21838402118757877,7481.888099999998
428,31,2,0.0,2,1,0,54487.43,0,False,False,False,0.14698192026870224,0.0
593,32,9,134096.53,2,1,0,53931.05,1,True,False,False,0.2940209560821214,12068.6877
718,31,0,118100.59,2,1,0,103165.15,0,False,False,False,0.2467751625782622,10629.0531
811,52,10,76915.4,1,0,0,146359.81,1,True,False,True,0.7560463373472167,6922.385999999999
823,46,3,81576.75,1,1,1,28370.95,1,False,True,False,0.6103698513034557,7341.907499999999
645,49,2,0.0,2,0,0,10023.15,0,False,True,True,0.27395270623762635,0.0
710,33,10,118327.17,2,1,1,192928.82,0,False,False,True,0.11405207738703708,10649.4453
591,30,8,124857.69,2,0,0,50485.7,0,False,True,True,0.17547557966825467,11237.1921
748,27,2,90971.85,1,1,1,131662.47,0,True,False,False,0.2896613565435498,8187.4664999999995
850,37,7,153147.75,1,1,1,152235.3,0,False,False,False,0.25764571791235935,13783.2975
542,38,8,65942.26,1,1,1,68093.23,1,False,False,True,0.3817190033815489,5934.8034
809,38,3,0.0,2,1,1,80061.31,0,False,False,True,0.07942683388628338,0.0
675,54,2,0.0,1,1,0,149583.67,1,False,False,True,0.892781519505318,0.0
607,27,5,100912.19,1,0,0,7631.27,0,False,True,False,0.35244204397673157,9082.097099999999
850,31,4,0.0,2,1,1,33082.81,0,False,False,False,0.08915768351395263,0.0
789,37,3,0.0,1,1,0,121883.87,1,False,False,True,0.47453143533743325,0.0
598,43,5,0.0,3,1,1,100722.72,1,False,False,False,0.8514702684493591,0.0
756,41,2,124439.49,2,0,1,47093.11,0,True,False,True,0.3276640510354131,11199.5541
687,47,7,0.0,2,1,1,177624.01,0,False,False,False,0.28544765688562423,0.0
724,40,6,0.0,2,0,0,106149.48,0,False,False,True,0.12416989875495185,0.0
700,44,2,58781.76,1,1,0,16874.92,0,False,False,False,0.6946391608877407,5290.3584
635,50,7,159453.64,2,0,0,54560.79,1,False,True,True,0.6929802566750451,14350.8276
687,26,2,142721.52,1,1,1,153605.75,0,True,False,True,0.27243253688444047,12844.9368
613,46,8,167795.6,1,0,1,44390.38,0,False,False,False,0.5558742499638726,15101.604000000001
781,38,3,128345.69,2,1,0,63218.85,0,False,False,False,0.30956143355062926,11551.1121
703,20,3,165260.98,1,1,1,41626.78,0,False,True,True,0.1784589667772288,14873.488200000002
593,62,3,118233.81,1,0,1,24765.53,1,True,False,False,0.8121127309052728,10641.0429
743,40,6,0.0,1,1,0,28280.8,1,False,False,False,0.641340117985126,0.0
640,46,8,0.0,2,1,0,89043.19,0,False,True,False,0.42310933172669524,0.0
849,37,7,143452.74,2,1,1,17294.12,0,True,False,True,0.22956499660856017,12910.746599999999
778,38,3,145018.49,2,1,1,126702.41,0,False,False,True,0.14241299251143505,13051.664099999998
539,38,8,82407.51,1,1,0,13123.41,0,True,False,False,0.4680879475498078,7416.675899999998
489,28,1,79460.98,2,1,1,167973.63,0,True,False,True,0.06762557394869255,7151.488199999999
568,43,9,0.0,1,1,0,125870.79,1,False,True,False,0.7585868239901798,0.0
618,38,5,126473.99,1,1,0,91972.49,0,False,True,True,0.37754076172190637,11382.6591
710,30,10,133537.1,2,1,0,155593.74,0,True,False,False,0.2874758701321581,12018.339
625,52,5,164978.01,1,1,1,67788.49,0,False,False,True,0.5094580927662442,14848.0209
682,46,7,128029.72,1,1,1,62615.35,0,False,True,True,0.4220075128758144,11522.6748
727,43,2,97403.18,1,1,1,107415.02,1,False,True,True,0.4311080363843793,8766.286199999999
794,41,7,176845.41,3,1,0,166526.26,1,False,False,False,0.9209148494502353,15916.086899999998
652,71,4,0.0,1,1,1,120107.1,0,False,True,True,0.34648960108202087,0.0
670,42,3,81589.04,1,1,0,188227.8,0,False,True,True,0.5624842678187645,7343.013599999999
460,40,6,119507.58,2,1,0,91560.63,1,True,False,False,0.4484175542683543,10755.6822
568,26,6,0.0,2,0,0,166495.2,0,False,True,False,0.10968028981723864,0.0
643,30,5,94443.77,1,1,1,165614.4,0,False,False,True,0.19564370433392497,8499.9393
521,37,2,0.0,2,1,1,86372.24,0,False,False,True,0.0850030692218001,0.0
615,32,7,92199.84,1,1,1,2755.53,0,False,False,True,0.18056572035909,8297.9856
575,43,3,0.0,1,1,0,83594.51,0,False,True,True,0.6899850821728561,0.0
717,41,3,135756.96,1,1,1,103706.41,0,False,False,False,0.37339892703517386,12218.126399999997
648,54,9,120633.42,1,0,0,5924.38,1,False,False,False,0.8410969658146903,10857.0078
535,48,5,134542.73,1,1,1,58203.67,1,True,False,True,0.7896409846672734,12108.8457
626,29,7,0.0,2,1,0,49361.84,0,False,True,True,0.06571209611244351,0.0
611,52,7,0.0,1,0,1,73585.18,1,False,True,True,0.5975010898644882,0.0
734,39,6,0.0,1,1,1,95135.27,0,False,True,True,0.31037964693830256,0.0
709,49,4,154344.49,2,1,1,38794.57,0,False,False,True,0.3925633404139295,13891.004099999998
591,43,3,0.0,2,0,1,198926.36,0,False,False,True,0.2083567111041275,0.0
664,43,9,189026.53,2,1,1,56099.86,0,False,False,True,0.3552939980964367,17012.3877
431,37,0,120764.08,1,1,1,117023.08,0,False,False,True,0.235512751632714,10868.7672
647,22,3,97975.82,2,0,1,62083.0,0,True,False,False,0.19908894860667004,8817.8238
578,32,4,0.0,2,1,1,141822.8,0,False,False,True,0.0688660563968272,0.0
555,41,10,113270.2,2,1,1,185387.14,0,True,False,True,0.3600378450537384,10194.318
775,30,4,0.0,2,0,1,57461.13,0,False,True,True,0.0523310098373332,0.0
850,39,3,124548.99,2,1,1,120380.12,0,True,False,True,0.2692997727852193,11209.4091
625,43,8,201696.07,1,1,0,133020.9,1,False,False,True,0.7539272292999593,18152.6463
645,37,7,0.0,2,1,0,13589.93,0,False,True,False,0.14891587775234844,0.0
608,44,7,114203.47,1,1,1,77830.36,1,True,False,True,0.7583274753593752,10278.3123
689,31,4,0.0,2,1,1,136610.02,0,False,True,False,0.12093578754329208,0.0
652,50,8,125437.64,1,1,1,17160.94,1,True,False,True,0.7972396244179335,11289.3876
769,26,7,0.0,2,1,0,176843.53,0,False,False,False,0.12758635177769215,0.0
611,43,8,64897.75,1,1,0,114996.33,0,False,False,False,0.7113260861283887,5840.7975
489,38,8,0.0,2,0,1,196990.79,0,False,False,True,0.09886627646785887,0.0
528,46,9,135555.66,1,1,0,133146.03,1,True,False,False,0.9085685758889042,12200.0094
632,44,3,107764.75,1,1,0,185667.72,0,False,False,True,0.6613517069084393,9698.8275
429,27,6,117307.44,2,1,1,24020.49,0,False,False,False,0.17557860094270808,10557.6696
457,41,8,73700.12,3,1,1,185750.02,1,False,False,True,0.8468739783935366,6633.0108
768,44,6,60603.4,1,1,1,178045.97,0,False,True,False,0.531019834792014,5454.3060000000005
715,35,4,40169.88,2,1,1,199857.47,0,False,True,False,0.11003958738886971,3615.2891999999997
668,32,10,92041.87,1,1,1,43595.9,0,True,False,False,0.3301777124657248,8283.7683
625,26,3,130483.95,1,1,0,122810.53,0,True,False,True,0.48554476950333003,11743.555499999999
846,41,5,0.0,3,1,0,3440.47,1,False,False,False,0.5438621186325451,0.0
661,42,3,0.0,2,1,0,35989.41,0,False,True,False,0.27142667011634847,0.0
571,23,10,151097.28,1,0,1,17163.75,0,False,False,False,0.2213814937149544,13598.7552
582,46,8,67563.31,1,1,0,44506.09,1,False,True,False,0.7716175698919479,6080.697899999999
716,35,8,112808.18,1,0,1,17848.3,0,False,False,False,0.25395911645597097,10152.7362
758,42,7,0.0,2,0,1,76209.56,0,False,False,False,0.2507265524388312,0.0
725,66,4,86459.8,1,1,1,141476.56,0,False,False,True,0.3063065133553943,7781.382
630,40,0,118633.08,1,0,1,60032.46,1,False,False,False,0.4522460830745512,10676.977200000001
627,55,2,159441.27,1,1,0,100686.11,1,False,False,False,0.8508087124929034,14349.7143
653,27,9,0.0,2,1,0,96429.29,0,False,False,False,0.12329603162536756,0.0
775,38,4,125212.65,2,1,1,15795.88,1,True,False,False,0.417025396066337,11269.1385
794,45,8,88656.37,2,1,0,116547.31,0,False,True,True,0.4722008191460673,7979.073299999998
831,32,2,146033.62,1,1,0,191260.74,0,False,False,False,0.3392886720483472,13143.0258
561,29,9,120268.13,1,1,1,173870.39,0,False,False,True,0.21058411536904761,10824.1317
705,46,7,0.0,2,1,0,117273.35,0,False,True,True,0.30393814228192517,0.0
636,33,0,0.0,1,1,0,92277.47,1,False,True,False,0.4661575205982038,0.0
487,46,4,135070.58,2,1,1,44244.49,1,True,False,False,0.663182425541325,12156.3522
693,38,3,0.0,2,0,0,78133.48,1,False,False,False,0.19906003875942016,0.0
517,29,5,0.0,2,1,0,103402.88,0,False,True,False,0.11417093426863839,0.0
684,27,9,122550.05,2,0,1,137835.82,0,False,False,False,0.19671487666909981,11029.5045
620,43,2,0.0,2,1,0,20670.1,0,False,True,False,0.2712165526770578,0.0
757,29,8,130306.49,1,1,0,77469.38,0,False,False,True,0.28776378237181954,11727.5841
739,27,6,0.0,1,1,1,57572.38,0,False,False,False,0.22907772969241288,0.0
662,41,4,90350.77,1,1,0,75884.65,1,False,True,False,0.6019332902290101,8131.569299999999
359,44,6,128747.69,1,1,0,146955.71,1,False,False,False,0.797463003668655,11587.292099999999
572,23,2,126873.52,1,0,1,67040.12,0,False,True,True,0.19501998319447295,11418.6168
721,69,2,108424.19,1,1,1,178418.35,0,False,False,True,0.2771636902478909,9758.1771
707,32,9,0.0,2,0,0,30807.02,0,False,False,True,0.0710534199846722,0.0
444,40,5,84350.07,1,1,0,143835.76,0,False,False,False,0.6031747538332976,7591.506300000001
523,73,7,0.0,2,0,0,130883.9,1,False,False,False,0.662534002235215,0.0
685,30,4,84958.6,2,0,1,194343.72,0,True,False,False,0.12083163291298728,7646.274000000001
673,29,4,99097.36,1,1,1,9796.69,0,True,False,False,0.4045815172965832,8918.7624
503,30,10,136622.55,2,0,0,47310.24,0,True,False,True,0.22729521807604802,12296.029499999999
485,30,5,156771.68,1,1,1,141148.21,0,True,False,False,0.32193763322931046,14109.4512
799,28,7,167658.33,2,1,1,111138.25,0,True,False,True,0.17260656108178027,15089.2497
585,33,8,0.0,2,1,0,114182.07,0,False,True,False,0.12655175699249321,0.0
607,24,2,109483.54,2,0,1,127560.77,0,True,False,False,0.22787366028777598,9853.5186
521,40,9,134504.78,1,1,0,18082.06,0,True,False,False,0.6951549432306016,12105.430199999999
535,44,2,114427.86,1,1,1,136330.26,0,False,False,False,0.5837791640769353,10298.507399999999
724,45,5,83888.54,1,0,1,34121.81,0,False,True,True,0.43608936051632585,7549.9686
520,32,5,110029.77,1,1,0,56246.69,0,True,False,True,0.575751905855914,9902.6793
696,41,9,127523.75,1,0,1,191417.42,0,False,True,True,0.29484475843379304,11477.137499999999
657,30,1,139762.13,2,1,1,23317.88,0,True,False,True,0.17691525546035297,12578.5917
603,42,8,91611.12,1,0,0,144675.3,1,False,True,False,0.6674487487832421,8245.0008
726,42,2,109471.79,1,0,1,175161.05,0,False,False,False,0.48764892883841715,9852.4611
591,39,4,150500.64,1,1,0,14928.8,0,False,False,False,0.4648422695747183,13545.057600000002
792,59,9,101609.77,1,0,0,161479.19,1,True,False,False,0.9367575662800468,9144.8793
550,57,5,0.0,1,1,1,133501.94,0,False,False,True,0.5981092554845074,0.0
601,26,8,78892.23,1,1,1,23703.52,0,False,False,False,0.22850128376460888,7100.300699999999
820,29,3,82344.84,1,0,1,115985.38,0,False,False,False,0.21959563855108058,7411.035599999999
667,48,2,0.0,1,1,0,43229.2,0,False,False,True,0.8343281324224685,0.0
573,44,4,0.0,1,1,1,94862.93,0,False,True,False,0.5795252276874695,0.0
755,62,1,127706.33,2,0,1,142377.69,0,False,False,True,0.3711887678665694,11493.5697
552,41,9,124349.34,1,1,0,135635.25,0,False,False,False,0.6014311386350087,11191.4406
598,44,8,0.0,2,1,0,148487.9,0,False,True,True,0.26758285267592646,0.0
576,28,1,119336.29,2,0,1,58976.85,0,True,False,True,0.19910607999791274,10740.266099999999
670,31,9,0.0,1,0,1,76254.83,0,False,False,False,0.2549918203214647,0.0
504,56,9,104217.3,1,0,0,55857.48,1,True,False,True,0.9245246826119985,9379.556999999999
778,65,7,0.0,1,1,1,77867.23,0,False,False,False,0.3475339639647095,0.0
558,39,10,144757.02,1,1,0,22878.16,1,True,False,True,0.6931078770685499,13028.1318
627,44,6,0.0,1,1,1,114469.55,0,False,True,True,0.5418122688205824,0.0
683,43,8,0.0,1,1,0,96754.8,0,False,False,True,0.6781824776058673,0.0
556,43,6,0.0,3,0,0,125154.57,1,False,False,False,0.8128715806581058,0.0
583,38,10,0.0,2,0,1,113597.64,0,False,False,False,0.190208628969835,0.0
705,24,7,100169.51,1,1,0,121408.55,0,False,False,False,0.33665589772410676,9015.2559
637,33,2,145731.83,1,0,1,109219.43,0,False,False,True,0.18588817010219516,13115.864699999998
697,56,5,110802.03,1,1,1,50230.31,1,False,True,True,0.4632854711301857,9972.1827
555,46,4,120392.99,1,1,0,177719.88,1,True,False,False,0.9159617690014256,10835.3691
594,26,6,135067.52,2,0,0,131211.86,0,True,False,False,0.2882519040040419,12156.076799999999
632,31,3,136556.44,1,1,0,82152.83,1,False,True,True,0.3556227371753099,12290.0796
551,38,10,0.0,2,1,1,216.27,0,False,False,False,0.3079207997949055,0.0
687,35,3,99587.43,1,1,1,1713.1,1,False,False,False,0.31160633197062476,8962.868699999999
672,53,7,0.0,1,1,1,136910.18,0,False,False,False,0.6443591469056961,0.0
521,34,7,70731.07,1,1,1,20243.97,1,False,True,False,0.41239360680060705,6365.7963
686,35,2,109342.82,2,0,1,86043.27,0,True,False,True,0.2081062173179647,9840.8538
639,28,8,0.0,2,1,0,126561.07,0,False,True,True,0.06846027235711123,0.0
850,66,4,0.0,2,0,1,64350.8,0,False,False,True,0.07880740673287466,0.0
465,25,2,78247.31,2,1,1,10472.31,0,False,False,True,0.11425318224289407,7042.2579000000005
817,55,10,117561.49,1,1,0,95941.55,1,False,False,False,0.8356904940091715,10580.5341
578,23,10,88980.32,1,1,1,125222.36,0,False,False,True,0.17551576981027706,8008.2288
611,34,4,0.0,2,1,0,170950.58,0,False,True,True,0.08519027802822907,0.0
616,41,1,103560.57,1,1,0,236.45,1,True,False,False,0.6462367529366492,9320.4513
517,37,5,113308.84,1,0,1,31517.16,0,False,False,True,0.27357204081717407,10197.7956
637,40,6,0.0,2,1,1,181610.6,0,False,True,False,0.21114088642509407,0.0
806,32,3,63763.49,1,1,0,156593.09,0,False,False,False,0.3797354283022008,5738.714099999999
633,29,7,169988.35,1,1,0,4272.0,0,False,False,False,0.34472491168426517,15298.9515
624,35,0,180303.24,2,1,0,163587.9,0,True,False,False,0.2643285741318692,16227.291599999997
691,52,3,0.0,1,1,0,175843.68,1,False,False,True,0.8826828198311674,0.0
819,49,1,120656.86,4,0,0,166164.3,1,True,False,False,0.9552720165328431,10859.1174
568,31,1,61592.14,2,1,1,61796.64,0,True,False,False,0.07564637397179405,5543.2926
806,48,4,164701.68,1,1,1,21439.49,0,False,False,True,0.4540731220131394,14823.151199999997
726,26,1,80780.16,1,1,1,19225.85,0,False,True,False,0.2348225064897,7270.214399999999
552,36,8,0.0,2,0,0,132547.02,0,False,False,True,0.09477907563415287,0.0
755,30,6,154221.37,2,0,1,62688.55,0,True,False,False,0.19018699352713975,13879.923299999999
634,26,8,0.0,1,1,0,21760.96,0,False,False,True,0.318417940566888,0.0
756,26,5,101641.14,2,0,1,154460.68,0,False,False,False,0.17381906256228669,9147.7026
776,37,2,0.0,1,0,1,8065.0,0,False,False,True,0.3212620779484835,0.0
649,45,5,92786.66,1,1,0,173365.9,1,False,False,False,0.7876097891595272,8350.7994
595,32,8,131081.66,2,1,1,69428.79,0,True,False,True,0.17529859884944596,11797.3494
646,30,5,98014.74,1,1,1,12757.14,0,False,False,True,0.17557374876780746,8821.3266
592,38,8,0.0,2,1,0,180426.2,0,False,True,True,0.09875626923793894,0.0
574,26,8,97460.1,1,1,1,43093.67,0,False,False,True,0.17141956700330216,8771.409
850,36,1,104077.19,2,0,1,68594.0,0,False,False,True,0.12811610467436424,9366.947100000001
850,29,1,0.0,2,1,1,197996.65,0,False,True,False,0.10763245093714746,0.0
475,46,10,0.0,2,0,0,122953.0,1,False,False,False,0.552051130166506,0.0
642,39,4,0.0,1,1,1,76821.24,0,False,False,False,0.37818717415502257,0.0
710,51,4,93656.95,1,0,1,141400.51,1,False,True,False,0.649981257084508,8429.125499999998
596,30,6,121345.88,4,1,0,41921.75,1,False,True,True,0.7591092843737742,10921.1292
609,39,8,141675.23,1,0,1,175664.25,0,False,False,False,0.4007992059625714,12750.770700000001
797,31,8,0.0,2,1,0,117916.63,0,False,True,False,0.09929412862406849,0.0
504,43,7,102365.49,1,1,0,194690.77,1,True,False,False,0.8468266542360994,9212.8941
735,50,9,0.0,1,0,0,166677.35,1,False,True,True,0.8661692786023472,0.0
680,30,3,0.0,1,1,0,160131.58,0,False,True,False,0.44176032816074945,0.0
449,52,6,0.0,2,0,1,123622.0,0,False,False,True,0.32772469877348526,0.0
685,57,7,101868.51,1,0,1,113483.96,0,True,False,True,0.7558049409632668,9168.165899999998
569,38,8,0.0,2,0,0,79618.79,0,False,True,True,0.1026611203582415,0.0
631,35,9,112392.45,2,1,0,24472.23,0,False,False,True,0.1970429188513708,10115.3205
595,25,7,106570.34,2,0,1,177025.79,0,True,False,False,0.2425045048618391,9591.3306
461,28,8,0.0,1,1,1,103349.74,0,False,False,False,0.24034209017163694,0.0
630,50,1,81947.76,1,0,1,63606.22,1,False,False,True,0.5159947407881339,7375.298399999999
661,31,7,144162.3,2,1,1,14490.79,0,False,False,False,0.18293214799706545,12974.607
796,39,5,86350.87,2,0,0,105080.53,0,True,False,True,0.22489479822465466,7771.578299999999
710,47,5,158623.14,1,0,0,83499.89,1,False,False,True,0.7292277037829082,14276.0826
741,32,8,0.0,2,1,0,143598.7,0,False,False,True,0.07028113432703374,0.0
606,48,4,132403.56,1,0,0,36091.91,1,True,False,True,0.9150575855492891,11916.320399999999
747,27,10,0.0,2,0,0,13007.89,0,False,False,True,0.07408367145254649,0.0
549,43,3,134985.66,1,1,0,6101.41,0,True,False,False,0.8187292898266538,12148.7094
576,36,6,0.0,2,1,1,48314.0,0,False,False,True,0.07502673013592333,0.0
528,37,6,103772.45,1,1,0,197111.99,0,False,False,True,0.3297956673966908,9339.520499999999
535,33,2,133040.32,1,1,1,110299.78,0,False,False,True,0.2085495185005094,11973.6288
575,37,0,0.0,2,0,0,30114.32,0,False,True,False,0.15984132471071338,0.0
656,39,10,0.0,2,1,1,98894.64,0,False,False,True,0.09462530840183078,0.0
440,42,2,0.0,2,1,0,49826.68,0,False,False,True,0.29322601734777276,0.0
539,38,8,71460.67,2,1,1,10074.05,0,False,True,True,0.19093875170698776,6431.4603
850,39,6,133214.13,1,0,1,20769.88,0,False,True,True,0.1849231978924294,11989.2717
646,37,7,96558.66,1,0,0,163427.18,0,False,False,False,0.40384366639253266,8690.2794
744,54,6,93806.31,2,0,1,140068.77,0,False,False,True,0.44352715581672586,8442.5679
710,36,8,0.0,2,0,0,83206.19,0,False,True,False,0.14438665748299287,0.0
544,64,3,124043.8,1,1,1,111402.97,1,False,False,False,0.5080528450353424,11163.942
723,52,5,131694.97,1,0,1,92873.5,1,True,False,True,0.8129443716824776,11852.5473
507,29,6,0.0,2,0,1,94780.9,0,False,True,False,0.09988988876837347,0.0
787,35,1,106266.8,1,1,1,16607.15,0,False,False,False,0.25032849782137384,9564.011999999999
598,41,8,0.0,2,1,1,161954.43,0,False,True,True,0.11487049312275016,0.0
796,51,6,0.0,2,0,1,194733.28,0,False,False,True,0.2117949297809937,0.0
569,41,4,139840.36,1,1,1,163524.7,0,False,True,False,0.450307262650554,12585.632399999999
711,34,8,0.0,2,0,0,48260.19,0,False,False,True,0.06873924318420578,0.0
661,35,8,124098.54,1,1,0,86678.48,0,True,False,True,0.5858753965811843,11168.868599999998
415,32,5,145807.59,1,1,1,3064.65,0,False,False,True,0.24448686165939307,13122.683099999998
578,23,8,0.0,2,1,0,112124.98,0,False,True,True,0.07106329833927263,0.0
611,26,2,107508.93,2,1,1,120801.65,0,False,False,False,0.16081728912052665,9675.8037
600,28,6,0.0,2,0,1,52193.23,0,False,False,False,0.11325808135662636,0.0
661,32,1,145980.23,1,0,1,56636.28,0,True,False,False,0.42742474638553846,13138.2207
850,37,3,212778.2,1,0,1,69372.88,0,False,False,False,0.3148141974973288,19150.038
573,47,4,152522.47,1,0,1,164038.07,1,True,False,False,0.8107235058340657,13727.0223
764,33,9,168964.77,1,0,1,118982.51,0,False,True,False,0.2607284288838904,15206.829299999998
838,34,8,0.0,2,1,0,27472.07,0,False,False,False,0.1152104521669408,0.0
821,28,8,0.0,1,1,1,36754.13,0,False,False,False,0.1990065780497743,0.0
607,36,4,98266.3,1,1,1,46416.36,0,False,True,False,0.2684012813854364,8843.967
558,38,8,113000.92,1,1,1,152872.39,0,False,False,True,0.2661930803100577,10170.0828
530,23,1,137060.88,2,1,1,165227.23,0,True,False,True,0.1307198523133444,12335.4792
654,37,5,112146.12,1,1,0,75927.35,0,True,False,True,0.6268082986522185,10093.1508
530,33,4,129307.32,1,1,1,172930.28,0,False,False,False,0.30504502311088855,11637.6588
656,69,6,163975.09,1,1,1,36108.5,0,False,True,True,0.2766296853353171,14757.7581
520,43,7,0.0,2,1,1,36202.74,0,False,True,True,0.18687367949147615,0.0
602,42,6,158414.85,1,1,1,131886.46,0,True,False,False,0.5705469643918996,14257.3365
701,48,1,92072.68,1,1,1,133992.36,0,True,False,False,0.7318554834527152,8286.5412
653,30,2,88243.29,2,1,1,96658.26,0,False,True,False,0.17565447379802226,7941.8961
668,25,8,0.0,2,1,1,135112.09,0,False,True,True,0.06307009891000537,0.0
652,48,4,59486.31,1,1,0,163944.18,1,False,False,True,0.8113346415402848,5353.7679
639,54,2,0.0,2,1,1,53843.71,0,False,True,False,0.24425440441957796,0.0
730,52,7,0.0,2,0,1,122398.84,0,False,True,False,0.3284688779979244,0.0
780,34,1,0.0,1,1,1,64804.04,0,False,False,True,0.27880742878683507,0.0
592,38,8,119278.01,2,0,1,19370.73,0,False,False,False,0.25965137328613674,10735.0209
628,34,4,158741.43,2,1,1,126192.54,0,False,False,True,0.15921718536684515,14286.728699999998
658,40,7,140596.95,1,0,1,135459.02,1,False,False,False,0.4581330228163021,12653.7255
850,29,10,0.0,2,1,1,94815.04,0,False,True,False,0.08878496635552763,0.0
515,37,2,90432.92,1,1,1,188366.04,1,True,False,True,0.565927189160845,8138.962799999999
571,35,1,104783.81,2,0,1,178512.52,0,False,False,False,0.1950843090653169,9430.5429
760,42,0,77992.97,2,1,1,97906.38,0,True,False,True,0.22436804127650192,7019.3673
720,43,10,110822.9,1,0,0,72861.94,0,True,False,False,0.8453357660940561,9974.061
632,42,4,119624.6,2,1,1,195978.86,0,True,False,True,0.3511993584905369,10766.214
694,31,6,109052.59,2,1,1,19448.93,1,True,False,True,0.2666955685125684,9814.7331
559,40,5,139129.44,1,0,1,32635.54,0,False,True,False,0.36508901214690204,12521.6496
773,42,8,152324.66,2,1,0,171733.22,0,True,False,False,0.33966858447106874,13709.219400000002
581,38,1,0.0,2,1,0,46176.22,0,False,False,True,0.08122190998059203,0.0
524,37,9,127480.58,2,1,0,179634.69,0,True,False,False,0.4692519991872545,11473.252199999999
713,53,6,115029.4,1,0,0,191521.32,1,False,False,True,0.8276818258409366,10352.645999999999
676,40,8,114005.78,1,1,1,67998.45,0,False,False,True,0.3043425177675938,10260.520199999999
651,42,1,116646.76,1,1,0,44731.8,1,True,False,False,0.7520348591193214,10498.2084
717,49,1,110864.38,2,1,1,124532.9,1,False,True,False,0.5017771464156291,9977.7942
594,23,5,156267.59,1,1,0,160968.44,0,False,False,True,0.28415893671512155,14064.0831
716,44,3,109528.28,1,1,0,27341.63,1,False,False,False,0.6864492957029406,9857.5452
668,35,6,102482.76,1,1,1,53994.64,0,False,False,False,0.2563719113508791,9223.4484
678,23,10,115563.71,1,1,1,91633.53,0,True,False,True,0.31065574497634624,10400.733900000001
545,23,2,0.0,2,1,0,189613.12,0,False,False,True,0.08472119046146404,0.0
613,40,9,95624.36,2,1,1,60706.33,0,False,False,False,0.2916777484360571,8606.1924
687,21,8,0.0,2,1,1,154767.34,0,False,True,False,0.11691687049527666,0.0
715,28,7,160376.61,1,0,0,196853.11,0,False,False,True,0.2596908154227346,14433.8949
618,41,8,37702.79,1,1,1,195775.48,0,True,False,True,0.40788871870640053,3393.2510999999995
721,35,6,118273.83,1,0,1,3086.89,0,False,False,False,0.24556811132150355,10644.6447
445,34,7,131082.17,2,1,1,70618.0,0,True,False,False,0.21479098219052703,11797.3953
690,38,1,94456.0,2,0,1,55034.02,0,False,False,True,0.1721504920777035,8501.039999999999
709,43,8,0.0,2,0,0,168035.62,1,False,False,False,0.3819127664974223,0.0
671,42,3,0.0,2,1,1,128449.33,0,False,True,False,0.2507841816246624,0.0
538,33,6,93791.38,1,1,1,199249.29,0,False,False,True,0.3050563586200676,8441.2242
735,33,4,0.0,2,1,0,149474.69,0,False,False,False,0.13351457611571513,0.0
592,37,7,0.0,2,1,1,126726.33,0,False,False,False,0.12557858039093373,0.0
747,61,7,155973.13,1,0,1,147554.26,0,False,False,True,0.3855734475260338,14037.5817
675,36,7,89409.95,1,1,1,149399.7,0,True,False,True,0.30191904864942015,8046.8955
632,39,5,97854.37,2,1,0,93536.38,0,False,True,False,0.3092970630014904,8806.8933
621,39,6,0.0,2,1,1,58883.91,0,False,False,True,0.08479319061387214,0.0
521,29,3,60280.62,1,1,0,154271.41,0,False,True,True,0.3332391695308383,5425.2558
591,36,7,135216.8,1,1,1,122022.89,0,False,True,True,0.23408571793137448,12169.511999999999
706,28,6,124923.35,2,1,1,50299.14,0,True,False,False,0.2510982619340183,11243.1015
677,38,4,0.0,2,1,0,187800.63,0,False,False,True,0.10914953032186825,0.0
769,27,7,188614.07,1,1,0,171344.09,0,True,False,True,0.40537516987555317,16975.2663
771,32,5,62321.62,1,1,1,40920.59,0,False,False,True,0.2202378382071313,5608.9457999999995
601,48,8,120782.7,1,1,0,63940.68,1,True,False,False,0.9257162312662607,10870.443
670,42,1,115961.58,2,0,1,29483.87,0,False,False,False,0.42572623661929304,10436.5422
517,28,2,115062.61,1,1,0,179056.23,0,False,False,True,0.27079730693294685,10355.6349
834,49,8,160602.25,2,1,0,129273.94,0,False,False,False,0.5664247520325901,14454.2025
571,42,4,108825.34,3,1,0,55558.51,1,False,False,False,0.8997525604377874,9794.280599999998
576,36,8,166287.85,1,1,1,23305.85,0,True,False,False,0.37345087007531697,14965.906500000001
718,31,1,152663.77,1,0,1,17128.64,0,False,False,False,0.21378725418291009,13739.7393
636,31,9,80844.69,2,1,1,74641.9,0,True,False,False,0.08386227090946825,7276.0221
566,40,2,97001.36,2,1,0,154486.01,0,True,False,False,0.43176423427891214,8730.1224
711,64,4,0.0,2,1,1,3185.67,0,False,False,True,0.16026764044988237,0.0
574,39,2,122524.61,2,1,0,88463.63,0,False,False,False,0.31240548396596973,11027.214899999999
619,35,8,132292.63,1,1,0,65682.93,0,False,False,False,0.3850649481708738,11906.3367
588,24,0,0.0,2,1,1,140586.08,0,False,False,False,0.140862680535546,0.0
760,49,9,91502.99,1,1,0,117232.9,1,True,False,False,0.9207306010148035,8235.2691
665,52,3,0.0,1,1,0,116137.01,1,False,False,True,0.8887562633569591,0.0
739,29,3,59385.98,2,1,1,105533.96,0,True,False,True,0.09764411886724368,5344.7382
641,77,9,0.0,3,1,1,81514.06,0,False,False,True,0.3813154510419727,0.0
685,21,6,97956.5,1,1,1,164966.27,0,True,False,False,0.3506893758747316,8816.085
594,49,4,0.0,2,1,1,23631.55,0,False,False,False,0.2886627262769889,0.0
557,40,4,0.0,2,0,1,105433.53,0,False,True,False,0.20145618781721017,0.0
697,27,8,141223.68,2,1,0,90591.15,0,False,False,True,0.1848659570963532,12710.1312
656,18,10,151762.74,1,0,1,127014.32,0,False,False,True,0.16622948813291052,13658.646599999996
712,43,1,141749.74,2,0,1,90905.26,0,True,False,True,0.5186422317299754,12757.476599999998
689,38,5,75075.14,1,1,1,8651.92,1,False,True,True,0.3054237292739231,6756.7626
697,25,4,165686.11,2,1,0,15467.98,0,False,False,False,0.24680087972871964,14911.749899999999
589,38,2,0.0,1,1,0,79915.28,0,False,False,True,0.4449442492939648,0.0
525,25,10,0.0,2,1,0,69361.95,0,False,True,False,0.1301780103477002,0.0
680,44,3,0.0,2,1,0,86935.08,0,False,False,True,0.23152577004857583,0.0
617,28,0,0.0,2,1,1,7597.83,1,False,False,False,0.24766338126164938,0.0
680,32,5,92961.61,1,1,0,116957.6,0,False,False,True,0.2963290951702018,8366.5449
662,30,9,0.0,2,0,1,157884.83,0,False,True,False,0.11896934909254078,0.0
736,46,5,130812.91,1,1,1,77981.54,1,True,False,True,0.7927802519796259,11773.1619
657,57,8,107174.58,1,1,1,126369.55,1,True,False,True,0.7459286482330385,9645.7122
350,54,1,152677.48,1,1,1,191973.49,1,False,True,True,0.6601823506125646,13740.9732
617,30,3,132005.77,1,1,0,142940.39,0,False,False,True,0.2825156900477544,11880.519299999998
562,35,7,0.0,1,0,0,48869.67,0,False,False,True,0.38674774958653146,0.0
705,23,5,0.0,2,1,1,73131.73,0,False,True,False,0.102767055363958,0.0
516,33,7,127305.5,1,1,1,120037.36,0,False,False,False,0.24952439654888997,11457.494999999999
573,37,6,0.0,2,1,0,193995.37,0,False,False,False,0.18433533921798864,0.0
538,31,0,0.0,2,0,0,179453.66,0,False,True,False,0.12877820126285042,0.0
699,39,9,0.0,1,1,0,80963.92,0,False,False,True,0.41531563656713794,0.0
504,32,8,170291.22,2,0,1,15658.99,0,True,False,True,0.14259771284257103,15326.2098
583,47,5,102562.23,1,1,0,92708.1,0,False,True,True,0.6994826045087181,9230.600699999999
712,53,2,111061.01,2,0,0,26542.17,0,False,True,True,0.6061721015910803,9995.490899999999
626,62,3,0.0,1,1,1,65010.74,0,False,True,True,0.5682239729326833,0.0
631,34,4,124379.14,1,1,0,106892.91,0,False,False,False,0.3599189140939976,11194.122599999999
663,37,7,0.0,1,1,1,185210.63,0,False,False,False,0.33891714827061475,0.0
506,41,3,57745.76,1,1,0,4035.46,0,True,False,False,0.39405510300013935,5197.1184
570,50,5,129293.74,1,1,0,177805.44,1,True,False,False,0.9355962530300913,11636.436599999999
703,45,7,0.0,2,1,1,68831.72,0,False,False,False,0.2544356578402262,0.0
698,40,8,150777.1,1,1,0,114732.62,0,True,False,False,0.6197809308983138,13569.939
731,41,4,0.0,2,1,0,22299.27,0,False,True,True,0.09842756931528746,0.0
625,34,6,0.0,2,0,0,197283.2,0,False,False,True,0.0923378730804454,0.0
634,31,9,108632.48,1,1,1,179485.96,1,False,True,True,0.28983890416620556,9776.9232
616,59,5,153861.1,1,1,1,17699.48,0,False,False,True,0.44903177433562774,13847.499
500,56,1,100374.58,1,1,0,118490.8,1,False,False,True,0.8357690731497408,9033.7122
446,32,8,0.0,2,0,0,133292.94,0,False,False,True,0.10092209305745058,0.0
669,47,9,61196.54,1,1,0,58170.24,0,False,False,False,0.805420217120364,5507.6885999999995
581,31,6,116891.72,1,1,0,107137.3,0,True,False,True,0.5423493349588314,10520.2548
704,54,6,133656.91,3,1,0,145071.33,1,True,False,False,0.9624423896494854,12029.1219
748,44,2,92911.52,1,0,1,85495.24,0,False,False,True,0.44195813357564007,8362.0368
680,31,9,119825.75,2,1,1,101139.3,0,False,True,False,0.18171118915496132,10784.317500000001
655,37,7,111852.84,2,1,0,10511.13,0,False,False,False,0.2808952561256194,10066.7556
690,32,0,106683.52,2,1,1,137916.49,0,True,False,True,0.19985305069230538,9601.5168
695,40,7,139022.24,1,0,1,193383.13,0,True,False,True,0.5372889609066843,12512.0016
700,40,4,148571.07,1,1,0,189826.96,1,True,False,False,0.6544612377245245,13371.3963
773,52,4,0.0,1,0,1,144113.42,0,False,False,True,0.5575690282302537,0.0
749,42,1,129776.72,2,0,1,143538.51,0,False,False,True,0.2717313815872203,11679.9048
611,46,5,0.0,1,1,0,77677.14,1,False,False,False,0.8062606686635747,0.0
606,46,8,0.0,2,1,1,183717.94,0,False,True,False,0.29106602529694214,0.0
554,24,10,0.0,1,0,0,92180.62,0,False,False,True,0.34331344205421915,0.0
567,37,7,0.0,2,1,1,28690.9,0,False,False,False,0.13553337442082583,0.0
559,24,3,114739.92,1,1,0,85891.02,1,False,True,True,0.3435098788291405,10326.5928
594,41,2,122545.65,2,1,1,42050.24,0,True,False,True,0.3781156477029952,11029.108499999998
513,37,6,0.0,2,1,0,110142.34,0,False,False,False,0.1668472320280053,0.0
652,26,1,131908.35,1,1,1,179269.79,0,True,False,False,0.44672229292887705,11871.7515
680,42,7,105722.69,1,1,1,90558.24,1,True,False,False,0.655953143445329,9515.042099999999
784,33,10,0.0,2,1,0,162022.47,0,False,True,True,0.08314523463923035,0.0
812,44,8,0.0,3,1,0,66926.83,1,False,True,False,0.8011985502325477,0.0
784,40,8,0.0,2,1,0,108891.3,0,False,True,False,0.20345530615223517,0.0
570,18,4,82767.42,1,1,0,71811.9,0,False,False,False,0.33621243832232517,7449.067799999999
712,42,1,87842.98,1,0,0,92223.59,0,False,False,False,0.6122284734439858,7905.868199999999
705,39,6,133261.13,1,1,1,78065.9,0,False,True,True,0.21998526538371632,11993.5017
681,32,3,0.0,2,1,1,59679.9,0,False,True,False,0.12618422798847742,0.0
620,41,0,97925.11,1,1,0,85000.32,0,False,False,True,0.4300932361432677,8813.2599
711,52,5,0.0,1,1,1,159808.95,0,False,False,True,0.5595149146433763,0.0
613,24,7,140453.91,1,1,0,129001.3,0,False,False,False,0.36303706547135045,12640.8519
613,20,0,117356.19,1,0,0,113557.7,1,True,False,False,0.6128436517753757,10562.0571
682,36,5,0.0,2,1,1,147758.51,0,False,True,True,0.07039243218837876,0.0
850,37,4,137204.77,1,1,1,28865.59,0,False,True,True,0.17184092692596178,12348.429299999998
601,41,1,0.0,2,0,1,160607.06,0,False,False,False,0.24413904730126595,0.0
595,35,8,0.0,1,1,0,100015.79,1,False,True,True,0.4225383777573959,0.0
675,36,3,54098.18,2,0,1,54478.52,0,False,True,True,0.09952765848695594,4868.8362
591,31,8,0.0,1,1,1,141677.33,0,False,True,True,0.3382317069605134,0.0
602,23,7,113758.48,2,0,0,84077.6,0,False,False,True,0.18052464092107676,10238.2632
554,34,8,0.0,1,0,1,106981.03,0,False,True,False,0.30772728353650697,0.0
541,37,9,118636.92,1,1,1,73551.44,0,False,False,True,0.24831805444677563,10677.3228
506,34,7,0.0,2,0,0,115842.1,0,False,False,True,0.07747713092999196,0.0
814,44,8,95488.82,2,0,0,107013.59,0,True,False,True,0.43278858931807224,8593.9938
683,30,8,110829.52,2,0,0,24938.84,0,False,False,True,0.1621701274989543,9974.6568
485,51,7,144244.59,2,1,0,51113.14,0,True,False,True,0.6308533597506057,12982.0131
696,31,8,122021.92,2,1,0,33828.64,0,True,False,False,0.3300017246176892,10981.9728
608,30,8,0.0,2,1,0,128875.86,0,False,False,False,0.14522356405059336,0.0
792,50,9,0.0,4,1,1,194700.81,1,False,False,True,0.777784607545236,0.0
686,22,5,0.0,2,1,0,158974.45,0,False,True,True,0.07770399399318315,0.0
790,42,1,85839.62,1,1,0,198182.73,0,True,False,True,0.4465955708813257,7725.5658
654,29,4,96974.97,1,0,1,141404.07,0,False,False,False,0.24489875280933746,8727.747299999999
452,35,4,148172.44,1,1,1,4175.68,0,False,False,True,0.223896133564773,13335.5196
719,38,0,0.0,1,1,0,126876.47,0,False,True,True,0.440003182345593,0.0
707,40,5,0.0,2,1,0,41052.82,0,False,False,False,0.23186060731223734,0.0
699,49,2,0.0,1,0,0,105760.01,0,False,False,False,0.8558461050325127,0.0
850,30,2,0.0,2,0,1,27937.12,0,False,True,True,0.06338907516671333,0.0
828,28,8,134766.85,1,1,0,79355.87,0,False,True,True,0.2929593243605283,12129.016500000002
850,30,5,123210.56,2,1,1,102180.27,0,True,False,True,0.21608984311714785,11088.950399999998
712,47,1,139887.01,1,1,1,95719.73,0,False,True,True,0.4477352095420756,12589.8309
634,44,9,149961.11,1,1,0,57121.51,0,False,False,True,0.6671807230535901,13496.499899999999
730,45,6,152880.97,1,0,0,162478.11,0,True,False,True,0.7905021826998785,13759.2873
685,43,9,108589.47,2,0,1,194808.51,0,True,False,True,0.389769094757223,9773.0523
809,33,9,0.0,1,1,1,124045.65,0,False,True,True,0.2518390056597485,0.0
707,35,3,56674.48,1,1,0,17987.4,1,False,True,False,0.5041821603321158,5100.7032
648,32,8,0.0,1,1,0,133653.38,0,False,True,True,0.3753714627230281,0.0
760,57,1,0.0,2,1,1,25101.17,0,False,True,False,0.2762767532389549,0.0
805,33,3,105663.56,2,0,1,33330.89,0,True,False,False,0.2573795451578194,9509.720399999998
585,39,7,0.0,2,1,0,2401.26,0,False,False,False,0.19873143722541944,0.0
595,30,5,100683.54,1,1,1,178361.04,0,False,True,False,0.31852689589349037,9061.5186
630,42,6,0.0,2,1,0,162697.93,0,False,False,True,0.1787593509304977,0.0
627,29,5,139541.58,2,1,0,80607.33,0,True,False,True,0.27587115291924263,12558.742199999997
631,37,2,121801.72,2,0,1,23146.62,0,True,False,False,0.29250424275067993,10962.1548
776,38,5,112281.7,1,0,1,89893.6,0,True,False,True,0.4513226786660173,10105.353
676,36,4,0.0,2,1,1,3173.31,0,False,True,False,0.15848621136582167,0.0
758,40,5,93499.82,2,0,0,123218.81,0,False,True,False,0.33844055842237775,8414.9838
637,33,0,132255.99,2,0,1,74588.41,0,False,False,True,0.16242777148485066,11903.039099999998
850,20,7,0.0,2,1,0,31288.77,0,False,False,True,0.08788810260950979,0.0
601,44,4,0.0,2,1,0,58561.31,0,False,True,False,0.35950747395482385,0.0
735,49,5,121973.28,1,1,0,148804.36,0,False,False,True,0.7525864101993708,10977.5952
614,32,7,99462.8,2,1,1,51117.06,0,True,False,True,0.15710471316830954,8951.652
672,21,3,165878.76,2,1,1,164537.17,0,True,False,False,0.1496883257914658,14929.0884
642,30,8,117494.27,1,0,0,61977.82,0,False,False,True,0.27192736741236934,10574.4843
633,29,0,138577.34,1,1,0,193362.99,0,True,False,False,0.5123028731004627,12471.9606
769,39,9,0.0,1,1,1,47722.79,0,False,True,True,0.3035684781396786,0.0
796,41,8,107525.07,1,1,0,18510.41,0,False,True,True,0.42234108016563554,9677.256300000001
715,23,7,139224.92,2,1,0,65057.71,0,False,False,True,0.2087512810126115,12530.242800000002
695,42,7,121453.63,1,0,0,46374.64,0,False,False,False,0.5809205627559451,10930.826700000001
747,25,4,0.0,2,0,1,42039.67,0,False,False,False,0.09442469782779017,0.0
584,54,1,77354.37,1,0,0,138192.98,1,True,False,False,0.8985198574268937,6961.893299999999
476,40,6,0.0,1,1,1,22735.45,0,False,False,True,0.4182968202246511,0.0
850,39,7,79259.99,1,0,1,186910.74,0,False,False,False,0.3700489160251199,7133.3991000000005
529,30,2,116295.29,1,1,0,75285.47,0,False,False,True,0.2832694113152661,10466.576099999998
584,59,1,0.0,1,0,1,130260.11,1,False,True,False,0.7145994454054017,0.0
586,34,9,74309.81,1,1,0,15034.93,0,True,False,True,0.31197554757367746,6687.8829000000005
674,34,2,152797.9,1,1,0,175709.4,1,True,False,True,0.40457265693517896,13751.811
552,42,9,133701.07,2,1,0,101069.71,1,False,False,True,0.42402812535562234,12033.0963
601,33,7,114430.18,2,1,1,153012.13,0,True,False,False,0.2637205888215775,10298.716199999999
541,29,7,127504.57,1,0,0,86173.92,0,False,False,True,0.2765379855126785,11475.4113
744,41,2,84113.41,1,1,0,197548.63,0,True,False,False,0.47275377945627556,7570.206900000001
595,23,10,101126.66,2,0,0,37042.8,0,False,True,False,0.20889244989309738,9101.399399999998
724,33,5,103564.83,2,1,0,121085.72,0,True,False,True,0.2975037398015566,9320.8347
533,52,7,0.0,1,0,1,194113.99,1,False,True,False,0.6794378672839368,0.0
618,37,2,168178.21,2,0,1,101273.23,0,False,False,True,0.1911868325057457,15136.038899999998
523,39,1,143903.11,1,1,1,118711.75,1,True,False,False,0.6876126048164494,12951.279899999998
642,30,5,129753.69,1,1,0,582.53,0,True,False,False,0.5129605371924234,11677.8321
584,35,9,0.0,2,1,0,192381.21,0,False,False,True,0.10924153709152601,0.0
521,38,5,110641.18,1,0,1,136507.69,1,False,False,True,0.30478592872016264,9957.706199999999
662,36,4,166909.2,2,1,0,138871.12,1,False,False,False,0.35026383838730557,15021.828
758,34,1,154139.45,1,1,1,60728.89,0,False,False,False,0.22474146370550385,13872.550500000001
717,38,7,97459.06,1,0,0,189175.71,0,False,False,True,0.3762734625999635,8771.3154
611,40,1,0.0,2,1,1,102547.56,0,False,False,True,0.12857680734038435,0.0
766,43,6,112088.04,2,1,1,36706.56,0,True,False,True,0.5585365250494917,10087.923599999998
636,34,3,0.0,2,1,1,44756.25,0,False,False,False,0.1144485472593019,0.0
814,48,7,0.0,2,1,1,132870.15,0,False,False,False,0.2934993798243938,0.0
760,28,1,141038.57,2,0,0,16287.38,0,False,True,True,0.1707608998606951,12693.471300000001
607,39,2,84468.67,2,1,1,121945.42,0,True,False,True,0.19665091438348653,7602.180299999999
725,36,4,118520.26,1,0,0,131173.9,1,False,True,False,0.40329907953710786,10666.8234
600,37,1,142663.46,1,0,1,88669.89,0,False,False,True,0.22721068077133633,12839.7114
656,27,4,118627.16,2,1,1,160835.3,0,True,False,True,0.17398287433531145,10676.4444
640,34,1,137523.02,1,0,0,24761.36,0,False,True,True,0.3141591924121872,12377.0718
439,28,7,110976.23,2,1,0,138526.96,0,False,False,True,0.19833198828309567,9987.8607
549,38,8,107283.4,1,0,0,157442.75,0,False,False,False,0.4362906002164705,9655.505999999998
622,38,5,0.0,2,0,0,105295.77,0,False,False,True,0.09118528306208931,0.0
715,34,4,124314.45,1,0,0,97782.92,0,False,False,True,0.28184359533831455,11188.3005
657,41,5,95858.37,1,1,1,68255.88,0,False,False,False,0.3984800679312521,8627.2533
703,36,2,0.0,2,1,0,108790.95,0,False,False,True,0.10131577594855397,0.0
802,33,8,0.0,2,1,0,143706.18,0,False,False,True,0.06995128147646752,0.0
793,36,0,0.0,1,0,0,148993.47,0,False,True,False,0.39896781215500726,0.0
554,35,6,117707.18,2,0,0,95277.15,1,False,False,False,0.304736938297279,10593.6462
533,38,1,135289.33,2,0,1,152956.33,0,False,True,True,0.16178176027879004,12176.0397
658,36,8,174060.46,1,1,1,94925.62,0,False,False,True,0.20522257810964592,15665.4414
713,40,3,114446.84,2,1,1,87308.18,0,True,False,True,0.39503532656940493,10300.2156
711,37,2,0.0,2,1,0,83978.86,1,False,True,True,0.12073363464366749,0.0
669,25,1,157848.53,1,0,0,37543.93,1,False,False,True,0.2873644198962837,14206.367699999999
439,43,8,0.0,1,0,1,104889.3,0,False,False,False,0.5364771453097987,0.0
763,37,6,0.0,2,1,1,149705.25,0,False,True,False,0.10446985868798513,0.0
697,74,3,108071.36,2,1,1,16445.79,0,True,False,False,0.3951714856683914,9726.4224
702,35,8,14262.8,2,1,0,54689.16,0,False,True,False,0.2085773195754724,1283.6519999999998
686,41,7,102749.72,1,0,1,194913.86,0,False,True,True,0.3156085057020578,9247.4748
629,36,1,161757.87,2,1,1,146371.72,0,False,True,True,0.16488541653284997,14558.2083
823,38,1,0.0,2,1,0,156603.7,0,False,False,True,0.07885966809650723,0.0
683,35,5,95698.79,1,0,1,182566.76,0,True,False,False,0.4899957384844628,8612.891099999999
555,37,9,124969.13,1,1,0,60194.05,0,False,False,True,0.342297901876322,11247.2217
647,44,4,93960.35,1,1,0,36579.53,1,True,False,True,0.8157964392618418,8456.4315
714,51,4,88308.87,3,0,0,5862.53,1,False,False,False,0.9078799945135841,7947.7982999999995
850,39,10,0.0,2,1,1,143030.09,0,False,True,False,0.16113929841480687,0.0
713,59,3,0.0,2,1,1,62700.08,0,False,False,False,0.28913167385604,0.0
452,30,7,112935.87,1,1,1,99017.34,0,False,False,True,0.1792373579855385,10164.228299999999
683,24,8,98567.1,1,1,0,187987.01,0,False,True,False,0.34347181263433163,8871.039
577,26,1,180530.51,1,0,0,123454.62,0,False,False,False,0.3765330291781013,16247.745899999998
552,33,5,140931.57,1,0,1,10921.5,0,False,False,True,0.20347275207255983,12683.8413
769,31,7,148913.72,2,1,0,53817.23,0,True,False,False,0.2584508915893906,13402.234799999998
691,38,7,0.0,2,0,0,81617.4,0,False,False,True,0.09128747710766698,0.0
818,49,2,0.0,1,0,1,192298.84,1,False,False,False,0.7145787466993183,0.0
739,41,5,0.0,2,0,0,143882.25,0,False,False,True,0.13225736325328374,0.0
639,50,6,115335.32,2,1,1,53130.41,0,False,False,False,0.4999361945800469,10380.1788
651,65,0,0.0,2,1,1,190454.04,0,False,False,False,0.1811520316925398,0.0
779,26,0,0.0,2,0,1,111906.0,0,False,False,False,0.13675044674372036,0.0
850,33,7,134678.13,1,1,0,113177.95,0,True,False,False,0.5539502131305217,12121.0317
829,38,9,0.0,2,1,0,30529.88,0,False,False,True,0.07564302224095677,0.0
579,31,2,90547.48,2,1,1,18800.13,0,True,False,True,0.11952961657780872,8149.2732
510,32,9,103324.78,1,1,1,46127.7,0,False,False,True,0.1755696956108393,9299.2302
531,29,3,114590.58,1,0,0,75585.48,0,False,False,True,0.28505696555262483,10313.1522
628,36,3,91286.51,1,1,0,63085.94,0,True,False,False,0.4932792482093102,8215.785899999999
633,32,5,163340.12,2,1,1,74415.2,0,False,True,True,0.17459131791682128,14700.610799999999
714,45,8,150900.29,2,0,1,139889.15,0,False,True,True,0.40921992718460837,13581.026100000001
604,23,9,124577.33,1,1,1,7267.25,0,False,True,True,0.20022715649355366,11211.9597
630,35,1,0.0,2,0,0,186826.22,0,False,True,True,0.11764046635222374,0.0
850,31,4,91292.7,1,1,1,162149.07,0,False,True,False,0.24310420731255458,8216.343
788,57,8,93716.72,1,1,1,180150.49,1,True,False,False,0.787752441913075,8434.5048
798,37,4,111723.08,1,1,1,83478.12,0,False,False,False,0.250657688585804,10055.0772
770,45,4,110765.68,1,1,0,26163.74,1,True,False,True,0.8737744619923707,9968.911199999999
569,25,9,173459.45,2,1,1,44381.06,0,True,False,True,0.15087143930182234,15611.3505
425,22,7,169649.73,2,0,1,136365.0,1,False,True,False,0.39970736744877966,15268.475699999999
547,31,9,0.0,2,0,0,99294.22,0,False,True,False,0.11276418211700429,0.0
725,45,8,116917.07,1,0,0,173464.43,1,True,False,True,0.8601081444519836,10522.5363
506,37,5,0.0,2,1,1,127543.81,0,False,False,True,0.07476266406265011,0.0
632,36,7,0.0,2,1,1,52526.65,0,False,False,False,0.13168631721491403,0.0
620,22,0,0.0,1,1,0,32589.45,0,False,False,True,0.27663928208860095,0.0
663,32,8,130627.66,1,1,0,47161.25,1,True,False,True,0.5551158635588853,11756.4894
700,46,5,56580.95,2,0,1,45424.13,0,False,True,False,0.393206468780398,5092.285499999999
696,38,6,142316.14,1,1,1,8018.49,0,True,False,True,0.45498366213721986,12808.4526
767,31,6,0.0,2,1,1,195668.0,0,False,True,True,0.05427986453017157,0.0
561,56,7,152759.0,2,1,0,133167.11,1,False,False,True,0.7470518070991312,13748.309999999998
350,39,0,109733.2,2,0,0,123602.11,1,True,False,True,0.625981235608825,9875.988
706,54,9,117444.51,1,1,1,186238.85,0,False,False,True,0.46814963633061674,10570.0059
464,34,5,76001.57,1,1,1,158668.87,0,False,True,False,0.30050039753996066,6840.141300000001
501,34,3,107747.57,1,1,0,9249.36,0,False,False,False,0.3475229655410647,9697.281299999999
745,35,8,0.0,2,1,1,116581.1,0,False,True,False,0.08910263449543397,0.0
587,36,1,134997.49,2,1,0,44688.08,0,False,False,False,0.2510218361920667,12149.774099999999
667,48,2,0.0,2,1,1,148608.39,0,False,False,False,0.29144170783724416,0.0
737,36,9,0.0,1,0,1,188670.9,1,False,False,True,0.40927588102728407,0.0
485,30,7,0.0,1,1,0,107067.37,0,False,True,False,0.42611776307639326,0.0
590,37,0,64345.21,1,0,1,61759.33,1,False,True,False,0.4085151132485961,5791.0689
518,35,8,141665.63,1,0,1,192776.64,0,True,False,False,0.45092584701337957,12749.9067
581,29,8,0.0,2,1,0,46735.19,0,False,True,False,0.10605409162549183,0.0
785,33,5,136624.6,2,1,1,169117.74,0,True,False,False,0.2709092504035511,12296.214
799,52,4,161209.66,1,1,1,89081.41,0,False,False,False,0.5534481593625993,14508.8694
698,38,10,95010.92,1,1,1,105227.86,0,False,True,True,0.19082476217076524,8550.982799999998
730,41,4,167545.32,1,1,0,128246.81,0,False,False,False,0.5655716527037262,15079.0788
740,36,4,109044.6,1,0,0,94554.74,1,True,False,False,0.6074357483092034,9814.014000000001
785,47,9,122031.55,1,1,1,33823.5,1,False,False,False,0.5884388441550765,10982.8395
527,29,2,27755.97,1,1,0,97468.44,1,False,True,False,0.4905592136659893,2498.0373
544,29,1,118560.55,1,1,1,164137.36,0,False,False,False,0.24160256905889493,10670.449499999999
705,61,4,0.0,2,1,1,191313.7,0,False,False,True,0.21491350093926873,0.0
684,34,9,0.0,2,1,1,65257.57,0,False,False,True,0.06002190556598669,0.0
639,28,8,97840.72,1,1,1,178222.77,0,False,True,False,0.30555408108725773,8805.664799999999
565,38,2,158651.29,2,1,1,179445.28,0,True,False,False,0.20527371744260933,14278.6161
481,44,9,175303.06,1,1,0,65500.53,1,False,False,True,0.7011502532004138,15777.2754
731,25,8,96950.21,1,1,0,97877.92,0,False,True,True,0.27108022843522817,8725.5189
607,45,7,123859.6,1,0,1,113051.57,0,False,False,True,0.5029699099302465,11147.364
760,32,7,0.0,2,1,1,105969.05,0,False,False,False,0.0908716603673755,0.0
559,70,9,0.0,1,1,1,122996.76,0,False,False,False,0.35935893942642777,0.0
715,33,3,85227.84,1,1,1,68087.15,0,False,False,False,0.2263455377670792,7670.5056
656,36,8,97786.08,2,0,1,21478.36,0,False,False,True,0.1536396670348181,8800.7472
652,33,7,128135.99,1,1,0,158437.73,0,True,False,True,0.5118518181919485,11532.2391
624,33,6,0.0,2,0,0,76551.7,0,False,True,True,0.07497175777185534,0.0
634,36,2,85996.19,1,1,0,15887.68,0,False,True,True,0.3420376300973002,7739.657099999999
850,50,10,0.0,2,1,1,33741.84,0,False,True,False,0.2543797370221165,0.0
659,39,1,104502.11,1,1,0,20652.69,0,True,False,False,0.7020122289934234,9405.1899
529,35,5,95772.97,1,1,1,112781.5,0,False,True,True,0.22553050860388094,8619.5673
572,31,5,98108.79,1,0,1,119996.95,0,False,True,True,0.19628008547260808,8829.791099999999
640,39,9,131607.28,4,0,1,6981.43,1,True,False,True,0.8885720025810895,11844.6552
770,55,9,63127.41,2,1,0,185211.28,1,False,True,True,0.7377648705891844,5681.4669
648,35,7,0.0,2,1,1,78436.36,0,False,True,True,0.07941397471709065,0.0
579,31,9,0.0,1,0,1,139048.0,0,False,False,True,0.2720515497220362,0.0
589,36,9,140355.56,2,1,0,136329.96,0,True,False,False,0.3660261939838136,12632.0004
530,36,2,0.0,2,1,1,14721.8,0,False,True,False,0.14853157394421823,0.0
831,30,2,0.0,2,0,1,3430.38,0,False,False,True,0.05784658925869666,0.0
790,24,7,107418.27,1,0,1,160450.21,0,True,False,True,0.3548327966689279,9667.6443
656,35,6,0.0,2,1,0,1485.27,0,False,False,True,0.09701257467436537,0.0
563,32,6,0.0,2,1,1,19720.08,0,False,True,True,0.07257768540511918,0.0
667,39,7,167557.12,1,1,1,41183.02,0,False,True,True,0.21110901621074693,15080.140800000001
613,34,8,117300.02,1,1,0,139410.08,0,False,True,True,0.2869785297366043,10557.0018
429,60,7,0.0,2,1,1,163691.48,0,False,False,True,0.2851477974239735,0.0
665,23,9,143672.9,1,1,1,115147.33,0,False,False,False,0.26918214612968155,12930.561
731,33,4,0.0,2,1,1,74945.11,0,False,False,True,0.06656092986155461,0.0
584,37,1,0.0,2,1,1,180363.56,0,False,False,False,0.1402951603624866,0.0
634,31,8,76798.92,1,0,0,196021.73,0,True,False,False,0.24910242940941763,6911.9028
488,34,3,0.0,2,1,1,125979.36,0,False,False,True,0.06469827335735868,0.0
535,49,7,115309.75,1,1,0,111421.77,0,False,True,False,0.772774847090987,10377.8775
776,29,7,178171.04,2,1,1,115818.51,0,False,False,False,0.2189706067300828,16035.3936
850,38,3,0.0,2,0,1,179360.76,0,False,True,False,0.10094050507969006,0.0
673,37,0,0.0,2,0,0,82351.06,0,False,True,False,0.14028780119228743,0.0
850,45,5,127258.79,1,1,1,192744.23,1,True,False,False,0.6470417585375737,11453.291099999999
627,30,6,0.0,1,1,1,113408.47,0,False,True,False,0.2960345905052664,0.0
570,33,8,0.0,1,1,1,124641.42,0,False,False,False,0.2636939588385781,0.0
796,67,5,0.0,2,0,1,54871.02,0,False,True,True,0.06490139865117561,0.0
773,33,10,0.0,1,1,1,98820.09,0,False,True,False,0.25276163645260996,0.0
752,36,2,0.0,2,1,1,45570.84,0,False,True,True,0.054611322703932916,0.0
625,69,1,107569.96,1,1,1,182336.45,0,False,True,False,0.30913993218867836,9681.296400000001
535,20,9,134874.4,1,1,1,118825.56,0,True,False,True,0.3221722122449404,12138.695999999998
786,29,4,0.0,2,1,0,103372.79,0,False,False,False,0.11798539664001943,0.0
620,67,3,0.0,2,1,1,43486.73,0,False,False,False,0.14446789332847965,0.0
605,48,6,0.0,2,1,1,40062.99,0,False,True,False,0.2517378315995017,0.0
670,32,3,0.0,2,1,0,46175.7,0,False,True,False,0.1366451874223894,0.0
617,42,0,70105.87,1,1,1,120830.73,0,False,True,True,0.416023259255295,6309.528299999999
595,41,9,0.0,2,1,0,5967.09,0,False,False,True,0.11396783764204262,0.0
687,29,4,78939.15,1,1,0,122134.56,1,True,False,False,0.45868611623337713,7104.523499999999
757,30,6,105128.85,2,1,1,62972.13,0,True,False,True,0.2026365836706346,9461.5965
746,31,2,113836.27,1,1,1,174815.54,0,False,True,True,0.2152002330926482,10245.264299999999
503,25,7,0.0,1,0,1,192841.13,0,False,True,True,0.2781038322304315,0.0
543,48,1,100900.5,1,0,0,33310.72,1,True,False,True,0.9083279932609972,9081.045
428,40,3,129248.11,2,1,0,72876.43,1,True,False,False,0.4988790424760359,11632.3299
768,28,3,109118.05,2,0,1,50911.41,0,False,False,False,0.17813189057015233,9820.6245
618,56,7,0.0,1,1,1,142400.27,1,False,False,True,0.5666005505118111,0.0
591,31,7,0.0,2,0,1,48778.46,0,False,False,False,0.11125244244869621,0.0
658,35,5,126397.66,1,0,0,156361.58,1,False,False,False,0.3885801313469773,11375.7894
625,36,9,108546.16,3,1,0,133807.77,1,False,False,True,0.8968632410177925,9769.1544
717,36,2,148061.89,1,1,0,179128.69,1,False,False,True,0.34596811223889595,13325.5701
667,44,8,122277.87,1,1,1,91810.71,0,False,False,True,0.4348093999889353,11005.008299999998
804,24,3,0.0,2,1,0,173195.33,0,False,False,True,0.0781205983062459,0.0
693,31,1,0.0,2,0,1,182270.88,0,False,False,True,0.07680366753893679,0.0
729,36,8,152899.24,2,1,0,177130.33,0,True,False,True,0.2546924566305238,13760.931599999998
484,54,3,134388.11,1,0,0,49954.79,1,True,False,True,0.9112309141898102,12094.929899999997
632,40,3,109740.62,1,1,0,141896.74,0,False,True,False,0.5772062675032327,9876.655799999999
536,23,6,92366.72,2,1,0,120661.71,0,True,False,True,0.22660287035389515,8313.0048
573,26,4,129109.02,1,0,0,149814.68,1,False,False,False,0.3454479515720299,11619.8118
655,56,5,0.0,2,1,1,41782.7,0,False,True,False,0.25073315982045563,0.0
666,74,7,105102.5,1,1,1,46172.47,0,True,False,True,0.3792654790687845,9459.224999999999
726,30,5,111375.32,2,1,0,2704.09,0,True,False,True,0.2956460301886775,10023.7788
523,39,3,0.0,2,1,0,6726.53,0,False,False,True,0.08941036827938494,0.0
728,33,9,150412.14,2,1,0,170764.08,0,True,False,False,0.2784310834974576,13537.0926
701,30,3,156660.72,2,1,0,45742.42,0,False,False,True,0.19420986306377713,14099.464800000002
518,38,3,90957.81,1,0,1,162304.59,0,False,False,True,0.2983057228132575,8186.202899999998
739,37,7,104960.46,1,0,1,80883.82,0,False,False,True,0.19159056754479678,9446.4414
531,31,7,117052.82,1,1,0,118508.09,1,True,False,False,0.6295604859756918,10534.7538
452,44,3,88915.85,1,1,0,69697.74,0,False,True,True,0.624523218962851,8002.4265
684,45,6,148071.39,1,1,0,183575.01,0,False,False,True,0.7080527240368883,13326.4251
728,39,6,152182.83,1,0,0,161203.6,0,True,False,True,0.4986368063690713,13696.454699999998
783,39,9,0.0,2,1,0,143752.77,0,False,True,True,0.09058609049730565,0.0
734,22,5,130056.23,1,0,0,121894.31,1,False,False,True,0.32272439537271697,11705.060699999998
648,34,3,95039.73,2,1,1,147055.87,0,True,False,True,0.14572195074523164,8553.5757
688,52,1,0.0,2,1,1,172033.57,0,False,False,True,0.22933178881113073,0.0
680,35,9,0.0,2,0,0,143774.06,0,False,True,True,0.09024595947982156,0.0
516,43,2,112773.73,2,1,1,139366.58,0,False,False,False,0.4812170542392479,10149.635699999999
680,37,10,123806.28,1,1,0,81776.84,1,False,False,False,0.40955363518182913,11142.565200000001
604,53,8,144453.75,1,1,0,190998.96,1,False,False,True,0.817209470328991,13000.837500000001
624,27,9,94667.29,2,0,1,4470.52,0,True,False,True,0.0992605596136636,8520.056099999998
623,21,10,0.0,2,0,1,135851.3,0,False,False,True,0.07450276096814776,0.0
624,51,5,174397.21,2,1,1,172372.63,0,False,True,True,0.3987819038097914,15695.748899999999
565,58,3,108888.24,3,0,1,135875.51,1,True,False,False,0.9194706120268659,9799.9416
565,55,4,118803.35,2,1,1,128124.7,1,False,False,True,0.4688229155684607,10692.3015
710,54,6,171137.62,1,1,1,167023.95,1,False,False,True,0.5230375982298413,15402.3858
645,42,6,0.0,1,0,0,149807.01,0,False,False,True,0.6213775166394236,0.0
707,33,8,136678.52,1,1,0,54290.62,0,False,False,True,0.3095094256095758,12301.0668
655,36,1,135515.76,1,1,0,86013.96,0,False,True,False,0.37703713524871674,12196.4184
705,24,5,177799.83,2,0,0,79886.06,0,False,True,False,0.3440931128308188,16001.984699999999
358,52,8,143542.36,3,1,0,141959.11,1,False,True,False,0.979585712970393,12918.812399999999
578,34,8,147487.23,2,1,0,66680.77,0,True,False,True,0.24792982719999165,13273.850699999999
800,40,5,97764.41,1,1,0,98640.15,1,False,False,False,0.5518309060871364,8798.7969
612,33,9,0.0,1,0,0,142797.5,1,False,False,False,0.4960358543694333,0.0
681,48,8,139480.18,1,1,1,163581.67,0,True,False,False,0.7502250078145788,12553.216199999999
559,25,5,0.0,2,1,1,163221.22,0,False,True,True,0.06914123377648428,0.0
488,39,9,140553.46,1,0,0,12440.44,0,False,True,False,0.38871227820207077,12649.811399999999
717,36,5,0.0,2,1,1,145551.6,0,False,False,False,0.12742168410611865,0.0
666,41,10,141162.08,1,1,0,50908.48,0,False,False,False,0.5635545240629071,12704.587199999998
582,26,4,65848.36,2,1,0,30149.21,0,False,True,True,0.13396976390320664,5926.3524
733,30,0,83319.28,1,0,0,57769.2,0,False,True,False,0.3432394586759531,7498.735199999999
693,41,4,0.0,2,0,0,156381.47,0,False,False,True,0.13489456422844304,0.0
694,33,4,129731.64,2,1,0,178123.86,0,False,False,False,0.2754360787833185,11675.847600000001
622,35,5,0.0,2,1,0,51112.8,0,False,False,False,0.14335517863536068,0.0
598,38,6,0.0,2,0,0,173783.38,0,False,True,False,0.15729124668253283,0.0
717,35,1,0.0,3,0,0,174770.14,1,False,True,True,0.7913702137204435,0.0
494,37,5,107106.33,2,1,0,172063.09,0,True,False,True,0.3818183900175133,9639.5697
644,33,8,0.0,2,1,1,155294.17,0,False,False,True,0.06533927130618462,0.0
554,30,9,0.0,2,1,1,40320.3,0,False,False,False,0.08629161011707363,0.0
476,69,1,105303.73,1,0,1,134260.34,0,False,True,False,0.41576612430009086,9477.3357
667,28,6,165798.1,1,1,0,147090.9,0,False,False,True,0.3107552639887492,14921.829000000002
748,40,4,0.0,2,1,0,132368.47,0,False,True,False,0.20928168620670842,0.0
531,45,1,126495.57,2,1,1,164741.5,0,False,True,False,0.5123471347712972,11384.6013
719,47,9,116393.59,1,1,0,63051.32,1,False,True,False,0.7558008318451925,10475.4231
845,41,2,81733.74,2,0,0,199761.29,0,True,False,False,0.14359853294774866,7356.0366
738,54,4,0.0,1,0,1,55725.04,1,False,False,True,0.6145090832270419,0.0
563,46,8,106171.68,1,1,0,163145.5,1,False,True,False,0.7707695880373193,9555.4512
695,28,0,96020.86,1,1,1,57992.49,0,False,True,True,0.17989533780142783,8641.8774
841,41,1,0.0,2,0,1,193093.77,0,False,True,True,0.1258658966636606,0.0
626,36,2,181671.16,2,1,1,57531.14,0,True,False,True,0.15720484299850632,16350.4044
613,29,6,185709.28,2,1,1,77242.19,0,False,False,False,0.22930062411509297,16713.8352
824,60,8,134250.17,3,0,0,153046.16,1,True,False,True,0.9271326158012994,12082.515300000001
705,49,7,0.0,1,1,0,63405.2,1,False,False,False,0.8688713635032805,0.0
584,44,5,95671.75,2,1,1,106564.88,0,False,False,False,0.44606716456249756,8610.457499999999
534,62,2,0.0,2,0,0,42763.12,1,False,False,True,0.6364021439787373,0.0
672,34,1,142151.75,2,1,1,168753.34,0,False,False,False,0.17827432331533197,12793.6575
603,43,5,127823.93,1,1,1,19483.35,0,False,False,True,0.46444982840125076,11504.153699999999
633,43,3,144164.29,1,1,1,158646.46,0,True,False,True,0.6872008397047098,12974.786100000001
842,58,1,63492.94,1,1,1,83172.19,0,False,False,True,0.42853367197856257,5714.3646
661,27,3,0.0,2,1,1,76889.79,0,False,False,False,0.10915120979770104,0.0
601,74,2,0.0,2,0,1,51554.58,0,False,False,True,0.11126022811462394,0.0
632,41,0,106134.46,1,0,1,105570.39,0,False,False,True,0.35451137674299105,9552.1014
684,29,8,127269.75,1,0,1,79495.01,0,True,False,True,0.38782962125155374,11454.2775
785,32,3,124493.03,2,0,1,52583.79,1,True,False,False,0.2953882641241172,11204.3727
687,39,7,0.0,2,1,0,26848.25,0,False,False,True,0.08212299593691526,0.0
705,43,10,146547.78,1,0,1,10072.55,1,True,False,False,0.8066694922339985,13189.3002
639,43,6,99610.92,2,1,0,187296.78,0,False,False,True,0.4053935360779661,8964.982799999998
729,46,5,117837.43,1,1,0,104016.61,1,True,False,True,0.8950884728305398,10605.368699999999
556,48,8,168522.37,1,1,1,151310.16,0,False,True,False,0.556571419332285,15167.013299999999
570,32,9,117337.54,2,0,1,62810.91,0,False,False,True,0.13266416680404844,10560.3786
841,74,9,108131.53,1,0,1,60830.38,0,False,False,True,0.2430593312648578,9731.8377
705,35,4,136496.12,2,1,0,116672.02,0,True,False,True,0.287365629958974,12284.6508
553,32,3,116324.53,1,1,0,77304.49,0,False,False,True,0.2997575275890257,10469.207699999999
779,40,2,75470.23,1,1,1,52894.01,0,True,False,False,0.4161411245817858,6792.320699999999
696,28,4,172646.82,1,1,1,116471.43,0,False,False,True,0.19955661589630366,15538.2138
728,37,4,0.0,1,0,0,4539.38,0,False,True,False,0.46740256255537377,0.0
691,27,3,160358.68,2,1,0,142367.72,0,True,False,True,0.21943589162747898,14432.281199999998
706,30,3,98415.37,1,1,1,110520.48,0,False,False,True,0.1746434598660176,8857.383299999998
627,30,6,57809.32,1,1,0,188258.49,0,True,False,False,0.3167092687352186,5202.8387999999995
716,18,3,128743.8,1,0,0,197322.13,0,True,False,False,0.4821798344556227,11586.942
501,24,4,130806.42,2,1,0,80241.14,0,True,False,True,0.2525857207020905,11772.5778
601,41,1,123971.16,1,0,1,172814.99,0,False,False,True,0.3662777424374222,11157.4044
545,39,6,0.0,1,0,0,38410.74,1,False,True,False,0.581553790860277,0.0
634,45,9,0.0,2,0,0,17622.82,0,False,False,True,0.24366977925293004,0.0
451,23,9,0.0,2,0,1,48021.71,0,False,True,False,0.10609107992689863,0.0
655,59,7,0.0,1,1,0,88958.49,1,False,False,False,0.8783043939258648,0.0
458,39,9,0.0,2,1,0,116343.09,0,False,False,False,0.2251063101230153,0.0
520,33,4,156297.58,2,1,1,166102.61,0,False,False,True,0.16370510335797417,14066.782199999998
624,28,2,0.0,2,0,1,104353.26,0,False,True,False,0.13500691126533484,0.0
765,51,3,123372.3,1,1,1,115429.32,0,False,False,True,0.5261839721455388,11103.507
667,37,5,92171.35,3,1,0,178106.34,1,True,False,False,0.8714152628270329,8295.4215
665,41,8,0.0,2,1,0,132152.32,0,False,True,True,0.11686345607648117,0.0
709,34,4,148375.19,2,1,1,21521.38,0,True,False,True,0.17677745491638877,13353.7671
583,44,8,0.0,2,1,1,27431.62,0,False,False,False,0.253756680077778,0.0
782,34,6,147422.44,1,0,1,42143.61,0,False,True,True,0.1589256139058772,13268.0196
668,24,7,173962.32,1,0,0,106457.11,1,False,True,False,0.49010110773127863,15656.6088
621,47,0,0.0,1,1,1,133831.37,1,False,False,True,0.6212054780116728,0.0
579,64,6,145215.43,1,1,1,164083.72,0,True,False,False,0.7017006877469625,13069.3887
547,38,5,167539.97,1,0,1,159207.34,0,False,False,False,0.3477573822748451,15078.5973
840,39,1,94968.97,1,1,0,84487.62,0,False,False,False,0.41172062584600516,8547.207299999998
667,27,3,106116.5,2,1,0,3674.71,0,True,False,False,0.28332054616207347,9550.485
723,34,5,0.0,2,0,1,12092.03,0,False,False,True,0.07133343170024616,0.0
487,45,2,0.0,2,1,0,77475.73,0,False,False,True,0.35137278687415374,0.0
668,31,9,0.0,2,0,0,41291.73,0,False,False,False,0.12436069839747349,0.0
520,34,8,120018.86,2,1,1,343.38,0,True,False,True,0.20014702533132891,10801.6974
549,37,2,112541.54,2,0,0,47432.43,0,False,False,True,0.21547035723228739,10128.738599999999
567,35,5,166118.45,2,1,0,127827.18,0,False,False,False,0.3287257863824209,14950.6605
720,45,1,102882.4,2,1,1,35633.15,1,False,False,False,0.504938968427745,9259.416
492,49,8,0.0,1,1,1,182865.09,1,False,False,False,0.730981466123211,0.0
712,37,1,106881.5,2,0,0,169386.81,0,False,False,False,0.3111341581743298,9619.335
689,26,4,120727.97,1,0,1,149073.88,0,True,False,True,0.32762080358386014,10865.5173
850,63,8,169832.57,1,0,0,184107.26,1,False,False,True,0.8217207724936609,15284.9313
747,41,5,0.0,2,1,1,22750.17,0,False,False,True,0.10128339122207322,0.0
469,38,9,113599.42,1,0,0,11950.29,0,True,False,True,0.5486893649399257,10223.9478
539,38,6,0.0,1,1,1,152880.07,1,False,True,True,0.38771536081567504,0.0
743,32,9,0.0,2,1,0,175252.78,0,False,False,True,0.09687946174143647,0.0
707,47,3,0.0,2,1,0,174303.29,0,False,False,True,0.24371750169918563,0.0
581,50,4,0.0,2,1,1,80701.72,0,False,True,False,0.28062772975986666,0.0
737,38,6,146282.79,2,1,0,198516.2,0,False,True,True,0.2198894788347648,13165.451099999998
445,38,6,119413.62,2,1,0,175756.36,0,True,False,False,0.44847721039941363,10747.2258
703,29,3,122084.63,1,0,1,82824.08,0,True,False,False,0.46944569698889543,10987.6167
588,35,1,103060.63,1,1,0,179866.01,1,True,False,False,0.5760666313283642,9275.4567
765,44,6,0.0,2,1,1,159899.97,0,False,False,True,0.174971509916403,0.0
626,33,8,0.0,2,1,0,138504.28,0,False,False,True,0.07627537054776361,0.0
545,37,9,110483.86,1,1,1,127394.67,0,True,False,True,0.5018430605309605,9943.5474
744,31,9,120718.28,1,1,1,58961.49,0,False,False,True,0.18936109798306697,10864.645199999999
658,31,2,36566.96,1,1,0,103644.98,1,False,True,False,0.5044919281453967,3291.0263999999997
629,28,8,108601.0,1,1,1,119647.7,0,True,False,True,0.3652815471221207,9774.09
719,42,4,0.0,1,1,0,28465.86,1,False,False,False,0.6979476093269028,0.0
686,36,5,0.0,2,1,1,152979.14,0,False,True,False,0.11092446121201323,0.0
743,36,4,0.0,2,1,1,190911.02,0,False,False,True,0.07897282780346032,0.0
626,48,2,0.0,2,1,1,95794.98,0,False,True,False,0.2713307809061818,0.0
661,44,1,141136.62,1,1,0,189742.78,1,True,False,True,0.8569904225177521,12702.295799999998
710,45,9,108231.37,1,1,1,188574.08,0,True,False,True,0.7105605532451135,9740.823299999998
654,40,6,0.0,1,0,0,183872.88,1,False,False,True,0.5815104578903612,0.0
569,34,6,144855.34,1,0,0,196555.32,0,False,True,False,0.35430601824038505,13036.980599999999
640,63,2,68432.45,2,1,1,112503.24,1,False,False,True,0.2727314011220503,6158.9205
562,45,6,136855.24,1,1,0,46864.0,0,False,False,True,0.7069276000167869,12316.971599999999
721,55,3,44020.89,1,1,0,65864.4,1,False,False,False,0.879165866952489,3961.8801000000003
456,32,9,133060.63,1,1,1,125167.92,0,True,False,True,0.3890324318205925,11975.4567
811,39,7,0.0,2,1,1,177519.39,0,False,True,True,0.06700106945572352,0.0
534,24,1,0.0,1,1,1,169653.32,0,False,False,True,0.298639581170017,0.0
423,36,5,97665.61,1,1,0,118372.55,1,False,False,False,0.4490564760215336,8789.9049
594,28,5,185013.02,1,1,0,16481.12,0,True,False,True,0.37028143004099184,16651.1718
725,32,0,0.0,2,1,1,138525.19,0,False,True,False,0.15557398369883005,0.0
716,52,7,65971.61,2,1,0,14608.0,1,False,False,False,0.7459509299854946,5937.4448999999995
595,41,9,150463.11,2,0,1,81548.38,0,True,False,False,0.24234018250048492,13541.6799
679,33,1,0.0,2,0,0,69608.48,0,False,False,False,0.1352817050318713,0.0
667,39,9,0.0,2,1,0,68873.8,0,False,True,True,0.08593445552815876,0.0
661,37,5,136425.18,1,1,0,81102.81,0,False,False,False,0.3992716770274589,12278.266199999998
655,38,3,250898.09,3,0,1,81054.0,1,False,True,True,0.7675059809271496,22580.8281
555,55,4,146798.81,1,1,1,74149.77,0,False,False,True,0.5265243196598438,13211.892899999999
531,70,1,0.0,2,0,0,99503.19,0,False,True,True,0.4499750989176387,0.0
611,40,7,128486.91,2,1,0,10109.47,0,True,False,False,0.4241765134904694,11563.8219
600,38,9,0.0,2,1,1,58855.85,0,False,False,False,0.15304326143960167,0.0
531,37,1,143407.29,2,0,1,84402.46,0,False,True,True,0.17363408824899523,12906.6561
601,43,2,0.0,1,1,0,49713.87,1,False,False,False,0.7107904549792675,0.0
548,57,6,76165.65,1,1,1,133537.53,0,False,False,True,0.5350292386209533,6854.9085
759,40,4,0.0,2,1,0,124615.59,0,False,False,True,0.12447248656341892,0.0
678,49,8,0.0,2,0,1,98090.69,0,False,True,False,0.29425039549177007,0.0
755,33,6,90560.3,2,1,1,42607.69,0,True,False,False,0.16149203627116587,8150.427000000001
594,61,3,62391.22,1,1,1,192434.11,0,False,False,True,0.5225518485474413,5615.2098
768,42,5,0.0,3,0,0,60686.4,0,False,False,True,0.46900186529886134,0.0
492,31,7,0.0,2,1,1,49463.44,0,False,False,False,0.09517390444165442,0.0
637,55,1,123378.2,1,1,0,81431.99,1,True,False,False,0.9471484999382921,11104.037999999999
646,42,3,99836.47,1,0,1,22909.56,0,False,True,False,0.46903233485145185,8985.282299999999
593,74,5,161434.36,2,1,1,65532.17,0,True,False,True,0.2784082068719086,14529.092399999998
596,41,5,0.0,2,0,1,141053.85,0,False,True,True,0.1306094151460465,0.0
722,48,10,138311.76,1,1,1,3472.63,1,True,False,False,0.8052701523231107,12448.058400000002
642,25,7,0.0,2,1,0,102083.78,0,False,False,True,0.07640277250585938,0.0
472,28,4,0.0,2,1,0,1801.77,0,False,True,False,0.14310817803638046,0.0
738,35,6,101744.84,1,0,0,85185.44,0,True,False,True,0.5107073606200937,9157.0356
732,33,8,0.0,1,1,0,119882.7,0,False,True,True,0.3869217679334366,0.0
404,54,4,125456.07,1,1,0,83715.66,1,True,False,False,0.9023289828384397,11291.0463
701,44,7,0.0,2,1,0,23425.78,0,False,False,True,0.23633140003012584,0.0
683,31,2,0.0,2,0,1,77326.78,0,False,False,True,0.07661242559070242,0.0
460,27,7,0.0,2,1,0,156150.08,1,False,False,False,0.22365588277683904,0.0
690,29,5,0.0,2,1,0,108577.97,0,False,False,True,0.08751446565208103,0.0
618,54,4,118449.21,1,1,1,133573.29,1,True,False,False,0.8158076945616412,10660.4289
671,30,2,0.0,1,0,1,102057.86,0,False,False,True,0.2655406935285793,0.0
765,32,9,178095.55,1,0,0,47247.56,0,False,True,False,0.3935321446322718,16028.599499999997
651,25,2,109175.14,2,1,0,114566.47,0,True,False,False,0.34201517189539543,9825.7626
704,32,7,127785.17,4,0,0,184464.7,1,False,False,True,0.8617187676369703,11500.665299999999
544,45,6,0.0,2,0,1,151401.33,0,False,False,False,0.34451419093127184,0.0
790,40,9,0.0,2,1,1,70607.1,0,False,False,False,0.21461625168556508,0.0
710,34,9,134260.36,2,1,0,147074.67,0,True,False,True,0.2639376093762023,12083.432399999998
743,37,8,69143.91,2,0,1,105780.18,0,False,False,True,0.1377497816006347,6222.9519
702,34,4,100054.77,1,1,0,109496.45,0,False,False,True,0.30579802554739327,9004.9293
704,45,6,0.0,1,1,1,137739.45,0,False,False,False,0.6249219962205284,0.0
614,38,2,116248.88,1,1,0,105140.92,0,False,False,True,0.3897107384004411,10462.3992
609,43,6,86053.52,2,1,1,113276.46,1,False,True,False,0.5005622053284469,7744.8168
688,32,6,123157.95,1,1,0,172531.23,0,False,False,False,0.3645135996179728,11084.2155
713,44,1,63438.91,1,1,0,64375.4,0,False,False,True,0.6784251103196942,5709.5019
736,57,9,95295.39,1,1,0,28434.44,1,True,False,True,0.8915729750197599,8576.5851
727,18,4,133550.67,1,1,1,46941.41,0,False,False,True,0.18206791937753564,12019.560300000001
850,38,1,106871.81,2,1,0,29333.01,0,False,False,False,0.26688775917952096,9618.462899999999
718,45,3,105266.32,2,1,1,193724.51,0,False,True,True,0.3446516482636913,9473.968799999999
643,51,2,105229.53,1,1,0,34967.75,1,False,False,False,0.8274596154824861,9470.6577
653,41,8,102768.42,1,1,0,55663.85,0,False,False,True,0.46286802566194074,9249.1578
674,18,7,0.0,2,1,1,55753.12,1,False,False,True,0.05817217468220421,0.0
690,35,6,112689.95,1,1,0,176962.31,0,False,False,True,0.3265710679372583,10142.0955
819,38,9,122334.26,2,1,1,181507.44,0,False,False,True,0.12906834063986022,11010.0834
634,34,1,0.0,2,1,0,61995.57,0,False,True,True,0.07538032164290046,0.0
633,33,4,137847.41,2,1,0,98349.13,0,False,True,True,0.21262287640890898,12406.2669
850,49,5,122486.47,1,0,1,59748.19,0,False,False,True,0.4428794473467084,11023.782299999999
665,33,2,101286.11,1,1,1,159840.51,0,False,False,True,0.18452582379265167,9115.749899999999
630,26,7,0.0,2,1,1,6656.64,0,False,True,True,0.07161694068819047,0.0
836,57,4,101247.06,1,1,0,37141.62,1,False,True,True,0.8053681119322365,9112.2354
668,38,10,86977.96,1,0,1,37094.75,0,False,False,True,0.22501139874230433,7828.0164
753,57,7,0.0,1,1,0,159475.08,1,False,False,True,0.8876249602840959,0.0
745,55,9,110123.59,1,0,1,51548.14,1,False,False,False,0.5772245285051922,9911.1231
693,36,8,178111.82,1,0,0,58719.63,1,False,False,True,0.43024957559512905,16030.0638
606,65,10,126306.64,3,0,0,7861.68,1,True,False,True,0.9571091109869972,11367.597600000001
660,35,6,100768.77,1,1,0,19199.61,0,False,False,False,0.38813777295682217,9069.1893
608,42,5,0.0,2,1,0,178504.29,0,False,False,True,0.19346352820600882,0.0
744,44,3,0.0,2,1,1,189016.14,0,False,False,False,0.2840186351837619,0.0
731,40,7,118991.79,1,1,1,156048.64,0,False,False,False,0.4334145039797179,10709.2611
683,72,3,140997.26,1,0,1,52876.41,0,False,False,True,0.28119140253153546,12689.753400000001
727,28,5,0.0,2,0,1,19653.08,0,False,False,True,0.06237763459225959,0.0
561,32,6,166824.59,1,1,0,139451.98,0,True,False,True,0.39104695931416933,15014.213099999999
700,34,2,76322.69,1,1,0,128136.29,0,False,False,False,0.367705105591288,6869.0421
605,35,6,0.0,2,1,1,45206.57,0,False,False,True,0.07219133744761398,0.0
767,77,8,149083.7,1,1,1,190146.83,0,False,True,True,0.2654512049735169,13417.533000000001
511,33,7,0.0,2,0,1,158313.87,0,False,False,True,0.06367214259102834,0.0
667,40,9,0.0,1,1,1,96670.2,0,False,False,True,0.3573819094484945,0.0
787,33,1,126588.81,2,0,1,62163.53,0,False,False,True,0.12099904660601579,11392.9929
705,56,2,143249.67,1,1,0,88428.41,1,True,False,False,0.9217814830876327,12892.4703
773,43,8,81844.91,2,1,1,35908.46,0,True,False,True,0.27758443705423735,7366.0419
554,40,4,0.0,1,0,1,168780.04,0,False,False,True,0.4289180441962545,0.0
526,58,9,190298.89,2,1,1,191263.76,0,True,False,True,0.26179466621412656,17126.9001
661,35,2,117212.18,1,1,1,83052.03,0,True,False,True,0.4322090346345114,10549.0962
698,46,0,0.0,2,1,1,125962.02,0,False,False,False,0.30053226922538734,0.0
646,26,4,139848.17,1,1,0,164696.27,0,False,False,True,0.28757225815196635,12586.335299999999
757,34,9,101861.36,2,0,0,187011.96,0,True,False,False,0.326774878133751,9167.5224
699,35,2,167455.66,2,1,1,55324.49,0,False,True,True,0.1598300019852292,15071.009399999999
667,24,4,0.0,2,0,1,34335.55,0,False,False,False,0.10623403140683144,0.0
774,43,1,116360.07,1,1,0,17004.14,0,False,True,False,0.600172261787041,10472.406299999999
745,40,3,88466.82,1,0,0,116331.42,0,False,True,True,0.4486674466603542,7962.013800000001
649,42,7,0.0,2,0,1,22974.01,0,False,False,False,0.28396834473709587,0.0
634,46,5,123642.36,1,1,1,49725.16,1,True,False,False,0.792780978253208,11127.812399999999
665,38,9,0.0,1,0,1,87412.74,0,False,True,True,0.2926329453601838,0.0
713,38,9,72286.84,2,1,1,26136.89,0,False,False,True,0.1562234867149004,6505.8156
652,40,1,0.0,2,1,0,126554.96,0,False,False,False,0.21247842615051338,0.0
739,40,1,109681.61,1,1,1,193321.3,0,False,True,True,0.26118856943549346,9871.3449
556,37,9,145018.64,2,1,0,90928.02,1,True,False,True,0.4327798203993779,13051.677600000003
699,34,8,0.0,1,1,1,76510.46,0,False,True,True,0.2825198490810053,0.0
708,32,8,187487.63,1,1,1,120115.5,0,False,True,False,0.33017604789689026,16873.8867
480,35,2,165692.91,1,1,1,197984.58,0,False,False,True,0.30921900222095755,14912.3619
700,59,5,137648.41,1,1,0,142977.05,1,True,False,False,0.9296922651814463,12388.356899999999
525,47,6,118560.0,1,1,0,82522.61,1,False,True,False,0.7558334341792431,10670.4
845,33,8,164385.53,1,1,0,150664.97,0,False,False,True,0.30535554458430403,14794.697699999999
613,37,9,108286.5,1,1,1,114153.44,0,False,False,True,0.22980573803447232,9745.785
850,34,2,0.0,2,1,1,171706.66,0,False,False,False,0.09975232923583097,0.0
798,58,9,0.0,2,0,0,119071.56,1,False,True,False,0.642043661436274,0.0
773,47,2,118079.47,4,1,1,143007.49,1,True,False,True,0.9265516565400143,10627.1523
614,35,2,127283.78,1,1,1,31302.35,0,False,True,True,0.209297512321395,11455.5402
473,48,8,0.0,2,1,0,71139.8,0,False,True,True,0.34840799627475705,0.0
762,29,6,141389.06,1,1,0,54122.89,0,False,False,True,0.3155981819182466,12725.0154
701,37,8,130091.5,1,1,1,120031.29,0,False,False,True,0.22782417972351424,11708.235
600,35,4,143744.77,2,1,0,104076.51,0,False,False,True,0.2311662561997442,12937.029299999998
850,28,9,97408.03,1,1,1,175853.64,0,False,True,True,0.1568922006618579,8766.722699999998
613,30,9,111927.45,1,1,1,175795.87,0,False,True,True,0.22265309788842105,10073.4705
509,31,3,0.0,2,1,0,15360.91,0,False,False,True,0.0758802577892357,0.0
509,38,2,0.0,1,0,0,168460.12,0,False,True,True,0.42037202061740736,0.0
609,34,1,0.0,1,1,1,181177.9,0,False,False,True,0.34900258464478695,0.0
456,33,1,188285.68,1,0,0,58363.94,0,False,False,False,0.41815918933074303,16945.711199999998
728,46,2,109705.52,1,1,0,20276.87,1,False,False,False,0.7407619957038739,9873.496799999999
663,33,9,0.0,2,0,0,91514.62,0,False,True,True,0.07582975738041725,0.0
673,34,1,127122.79,3,0,1,76703.1,0,True,False,False,0.3747267506972547,11441.051099999999
717,40,0,98241.04,1,1,0,110887.14,0,False,False,True,0.4346520749005186,8841.693599999999
741,37,8,170840.08,2,0,0,109843.16,0,True,False,False,0.27098140800046044,15375.607199999999
498,41,4,87541.06,2,1,1,12577.21,1,True,False,False,0.5129690657188969,7878.6954000000005
850,26,4,62610.96,2,0,1,179365.1,0,False,False,False,0.1351417696708742,5634.9864
493,36,9,0.0,2,1,1,65816.53,0,False,False,True,0.07143566306164863,0.0
686,47,5,113328.93,1,1,0,124170.9,0,False,False,False,0.7658015285533538,10199.6037
666,35,2,104832.49,1,1,0,175015.12,0,False,True,True,0.3296229084202866,9434.9241
733,31,9,102289.85,1,1,1,115441.66,0,False,True,False,0.23315544622504392,9206.086500000001
631,34,6,125227.82,2,0,1,128247.03,0,True,False,False,0.24987117490484145,11270.5038
714,49,5,140510.89,1,1,0,141914.94,0,True,False,False,0.9268432294717833,12645.9801
767,35,6,132253.22,1,1,0,115566.57,1,True,False,False,0.651851117924538,11902.789799999999
711,43,2,39043.29,2,1,1,175423.69,0,True,False,True,0.2040381567634185,3513.8961
722,34,8,0.0,2,1,1,133447.49,0,False,False,True,0.06767605091181392,0.0
631,55,9,99685.06,1,1,0,114474.98,0,False,True,True,0.7967437952930279,8971.6554
701,38,3,125385.49,2,0,1,52044.66,0,True,False,True,0.28487662733801544,11284.6941
790,46,2,131365.37,2,1,1,180290.68,0,False,True,True,0.3502204123469585,11822.883299999998
633,58,6,98308.51,1,1,1,132034.13,0,False,True,True,0.4452966983408255,8847.765899999999
644,37,8,0.0,2,1,0,20968.88,0,False,False,False,0.15324962516356877,0.0
757,44,5,140856.16,2,1,0,158735.1,0,False,True,True,0.41561801515544855,12677.0544
696,30,8,0.0,2,1,1,196134.44,0,False,False,False,0.1135558914465703,0.0
746,35,2,172274.01,1,1,0,22374.97,0,False,False,True,0.35961933464063023,15504.660899999999
649,36,8,0.0,2,1,0,161668.15,0,False,True,True,0.09006623503702704,0.0
565,38,0,122447.76,1,0,0,67339.34,0,False,True,True,0.3511322042448839,11020.2984
720,38,10,0.0,2,1,1,56229.72,1,False,False,False,0.26351535536764076,0.0
648,56,6,157559.59,2,1,0,140991.23,1,False,True,False,0.8279890914532273,14180.363099999999
632,41,3,126550.7,1,0,0,177644.52,1,True,False,True,0.7364230985734072,11389.562999999998
622,30,2,158584.82,3,1,0,142342.55,1,False,False,False,0.8717712137370843,14272.6338
835,28,2,163569.61,2,1,1,154559.28,0,False,False,True,0.11997943062215671,14721.264899999998
493,31,3,0.0,1,1,1,176570.28,1,False,False,False,0.40513820300673026,0.0
785,33,6,127211.45,1,0,0,191961.83,0,True,False,False,0.5763472405553629,11449.0305
681,42,3,118199.97,2,1,0,9452.88,1,True,False,True,0.4436260903248898,10637.997299999999
621,30,2,101014.08,2,1,1,165257.31,0,True,False,False,0.20176639393000478,9091.2672
756,38,6,119208.85,1,1,0,169763.89,1,False,True,True,0.38042198869379745,10728.7965
515,66,6,0.0,2,1,1,160663.11,0,False,False,False,0.25568904952843985,0.0
625,58,10,53772.73,1,1,1,192072.1,1,False,False,False,0.6835718158690747,4839.545700000001
717,39,6,0.0,2,1,0,93275.61,0,False,True,False,0.17379254311405312,0.0
595,41,2,138878.81,1,0,1,112269.67,0,True,False,False,0.5829281920516536,12499.0929
539,37,1,130922.81,2,0,0,2186.83,0,False,True,False,0.3042755633177508,11783.052899999999
762,35,9,0.0,2,1,1,43075.7,0,False,False,True,0.05622076139194095,0.0
706,20,8,0.0,2,1,1,12368.11,0,False,True,True,0.05992481661842142,0.0
677,25,8,130866.19,1,1,0,42410.21,0,False,True,False,0.3443237547428811,11777.9571
733,33,7,187257.94,1,0,1,190430.81,0,True,False,False,0.3906507810627481,16853.2146
684,41,7,0.0,1,1,1,138394.37,0,False,True,False,0.4764293870827241,0.0
679,36,6,147733.64,1,0,1,172501.38,0,False,False,True,0.23220852971489303,13296.027600000001
478,43,1,0.0,2,1,1,197916.43,0,False,True,True,0.223411848616307,0.0
696,33,2,163139.27,1,1,1,7035.36,0,False,False,True,0.19297790751816554,14682.534299999998
686,35,4,0.0,2,1,1,159676.55,0,False,True,False,0.12049070652396025,0.0
466,36,5,119540.15,1,0,1,80603.99,0,False,False,False,0.28148439198855085,10758.6135
686,41,4,129553.76,2,1,0,187599.8,0,False,False,False,0.36192804589240074,11659.8384
576,55,9,0.0,2,1,1,94450.97,0,False,False,True,0.26290083752057003,0.0
763,61,1,66101.89,1,1,1,143981.27,0,True,False,False,0.44154253185744663,5949.170099999999
572,43,2,140431.98,1,1,0,26450.57,1,False,False,True,0.7145421071162147,12638.8782
757,49,2,0.0,2,0,0,164482.92,0,False,False,False,0.39934602510696393,0.0
582,29,0,0.0,1,1,1,84012.81,0,False,False,False,0.31271409584426335,0.0
623,35,5,0.0,2,1,0,101192.08,0,False,False,False,0.1483606490708126,0.0
617,37,4,116471.43,2,1,0,175324.74,1,True,False,False,0.5019045414301193,10482.4287
425,39,4,0.0,2,1,0,197226.32,0,False,False,True,0.16086063154709446,0.0
659,56,9,123785.24,1,1,0,99504.03,1,False,False,False,0.8441869877922015,11140.671600000001
605,33,4,0.0,2,0,1,83700.66,0,False,False,False,0.11512825667598282,0.0
538,38,8,88758.95,2,0,0,28226.15,1,False,False,False,0.34998619908825573,7988.305499999999
665,25,5,153611.83,2,1,0,35321.65,0,True,False,True,0.20848188612887825,13825.064699999999
491,57,4,112044.72,1,1,1,41229.73,1,True,False,False,0.8213109015870264,10084.0248
726,27,7,123826.07,1,0,1,78970.58,0,False,True,False,0.22087406228042336,11144.3463
580,65,9,106804.26,3,1,0,107890.69,1,False,False,False,0.972984608213156,9612.383399999999
550,48,6,0.0,2,1,1,191870.28,0,False,False,False,0.34003676182668435,0.0
542,59,2,68892.77,2,1,0,7905.06,1,False,False,False,0.7105127486953982,6200.3493
732,43,6,0.0,2,1,0,65731.53,0,False,False,False,0.32175053590475655,0.0
473,33,5,125827.43,1,0,1,145698.73,0,False,False,False,0.2730281413650987,11324.4687
745,34,9,0.0,2,1,0,50046.25,0,False,True,True,0.06735423167435114,0.0
732,36,7,0.0,2,1,1,60830.24,0,False,False,True,0.06959080652926543,0.0
848,40,5,148495.64,1,0,0,158853.98,0,True,False,False,0.5290810561595493,13364.6076
572,37,1,133043.66,1,0,0,111243.09,0,False,False,True,0.33647164350309977,11973.9294
702,45,9,74989.58,1,1,1,171014.69,0,False,False,True,0.4196004437231381,6749.062199999999
664,39,7,60263.23,1,1,0,170835.32,0,True,False,True,0.37765224060685953,5423.6907
630,50,3,129370.91,4,1,1,47775.34,1,True,False,True,0.9274036146475463,11643.3819
618,44,5,157955.83,2,0,0,139297.71,0,True,False,True,0.5624846827122881,14216.024699999998
556,26,4,0.0,1,1,0,195167.38,0,False,False,True,0.3194948278663775,0.0
619,30,7,70729.17,1,1,1,160948.87,0,False,False,False,0.29562117941488664,6365.6253
644,48,8,0.0,2,0,1,44965.54,1,False,False,True,0.24984721948057817,0.0
658,50,2,0.0,2,1,0,52137.73,0,False,True,True,0.35156685539544724,0.0
598,27,8,90721.52,2,1,0,109296.18,0,False,True,True,0.19002747819701452,8164.9367999999995
677,27,2,0.0,2,1,1,20092.89,0,False,False,True,0.061753982368596604,0.0
689,45,0,57784.22,1,1,0,197804.0,1,False,True,False,0.7370746055264911,5200.5797999999995
591,33,9,131765.72,1,1,0,118782.06,0,False,False,True,0.2902773710100633,11858.914799999999
699,40,7,0.0,1,0,1,152876.13,1,False,False,True,0.4116299406651741,0.0
749,47,9,110022.74,1,0,1,135655.29,1,True,False,True,0.7831277250815841,9902.046600000001
709,40,9,131569.63,1,1,1,103970.58,0,False,False,False,0.40033954685436035,11841.2667
607,61,2,164523.5,2,1,1,35786.76,0,True,False,True,0.3761310974522555,14807.115
650,25,2,114330.95,1,1,1,25325.07,0,True,False,False,0.4055949680681084,10289.7855
651,45,10,135923.16,1,1,0,18732.84,0,False,True,False,0.6742850252708107,12233.0844
676,61,8,0.0,2,1,1,118522.73,0,False,False,False,0.25559506858778597,0.0
723,49,4,0.0,2,0,1,89972.25,0,False,False,False,0.33381663755659585,0.0
714,45,0,124693.48,1,0,1,187194.15,0,False,True,True,0.4208297776109417,11222.413199999999
759,35,7,147936.42,1,1,1,106785.7,0,False,True,False,0.233492418754904,13314.2778
582,29,0,0.0,1,1,0,142516.35,0,False,False,True,0.3180104374016637,0.0
697,34,2,126558.92,1,1,0,73334.43,0,False,False,False,0.35602602265656585,11390.3028
610,57,6,106938.11,2,0,1,186612.47,0,True,False,True,0.5696063341439096,9624.4299
488,33,4,140002.35,1,1,0,123613.81,0,True,False,False,0.49297849802243987,12600.2115
599,46,9,123444.72,1,1,1,31368.08,1,True,False,True,0.8007131954696212,11110.0248
781,32,6,147107.91,1,1,1,40066.95,0,False,False,True,0.17285963158199888,13239.711899999998
645,19,9,128514.84,1,0,0,175969.19,0,False,False,True,0.2791344166865913,11566.335599999999
545,55,5,0.0,1,0,0,10034.77,1,False,False,False,0.8508001818338101,0.0
597,40,9,106756.01,2,1,0,151167.94,0,True,False,False,0.4915541356772988,9608.040899999998
561,28,3,0.0,2,1,0,191387.76,0,False,True,False,0.12508338912479947,0.0
662,37,6,0.0,2,1,0,51229.17,0,False,False,False,0.15457320779509715,0.0
649,50,5,155393.32,1,1,1,87351.42,1,True,False,False,0.7764769857187735,13985.3988
630,36,2,110414.48,1,1,1,48984.95,0,False,False,False,0.27787310802245113,9937.303199999998
672,33,2,0.0,2,1,1,182738.0,0,False,True,True,0.08781897626172729,0.0
636,37,9,157098.52,1,1,1,153535.27,0,True,False,False,0.41088027847180725,14138.866799999998
593,38,5,85626.6,1,1,1,125079.65,0,True,False,False,0.38223547859022317,7706.394
545,45,6,93796.42,2,1,1,162321.26,0,True,False,True,0.5370605656215307,8441.6778
567,41,1,0.0,2,1,0,3414.72,0,False,True,False,0.21498866953562157,0.0
583,51,6,125268.03,2,1,0,165082.25,0,False,False,True,0.687423976418614,11274.1227
681,29,2,148143.84,1,1,1,52021.39,0,False,False,False,0.2401920795616002,13332.9456
762,29,10,115545.33,2,1,0,148256.43,0,False,True,True,0.1709028764192815,10399.0797
648,35,7,0.0,2,0,0,122899.01,0,False,True,True,0.07940989459140088,0.0
644,30,5,44928.88,1,1,1,10771.46,0,False,False,True,0.23887053853411871,4043.5991999999997
706,29,2,0.0,2,1,1,18255.51,0,False,True,True,0.06342195755055068,0.0
850,35,3,162442.35,1,1,0,183566.78,0,False,False,True,0.3063345225361702,14619.8115
484,39,5,0.0,2,1,1,175224.12,0,False,True,False,0.18688219444567455,0.0
508,28,0,96213.82,2,1,0,147913.56,0,True,False,True,0.21942776205115044,8659.2438
439,29,6,156569.43,1,1,0,180598.66,0,False,False,False,0.3345459894212723,14091.248699999998
484,36,8,0.0,2,1,0,186136.48,0,False,True,True,0.11807237866859452,0.0
803,37,1,0.0,2,0,0,7455.2,0,False,True,False,0.16309275715816265,0.0
724,48,6,110463.25,2,1,1,80552.11,1,True,False,False,0.6955345577549985,9941.692500000001
640,33,7,154575.76,1,1,0,25722.28,1,False,False,True,0.35357147059293403,13911.8184
701,35,9,0.0,2,0,0,170996.86,0,False,True,False,0.13872042795072972,0.0
537,37,3,0.0,2,1,1,20603.32,0,False,False,True,0.08057393622845975,0.0
651,26,5,147037.32,1,0,0,141763.26,0,True,False,True,0.3949586308163777,13233.3588
523,41,0,119276.31,1,0,0,122284.38,1,True,False,True,0.7636308972800316,10734.8679
717,25,7,108664.85,2,1,0,190011.85,0,False,False,False,0.26452814494460974,9779.836500000001
593,44,5,0.0,1,1,0,128046.98,0,False,True,True,0.6764912652003546,0.0
706,38,5,163034.82,2,1,1,135662.17,0,True,False,True,0.18276599175159852,14673.1338
714,49,4,93059.34,1,1,0,7571.51,1,True,False,False,0.9211776493062169,8375.3406
794,38,9,179581.31,1,1,0,23596.24,0,False,True,True,0.43373725211499325,16162.3179
518,46,4,113625.93,1,0,0,92727.42,1,True,False,True,0.8862297578401747,10226.3337
589,55,7,119961.48,1,1,0,65156.83,1,True,False,True,0.9184976950677499,10796.5332
824,45,3,129209.48,1,0,0,60151.77,0,False,False,True,0.6315699763526159,11628.853199999998
719,42,5,137227.04,3,1,0,149097.38,1,True,False,False,0.9076126881061489,12350.4336
617,58,3,119024.75,2,1,0,35199.24,1,True,False,False,0.7682135845132407,10712.227499999999
651,35,7,74623.5,3,1,0,129451.29,1,False,False,True,0.8658641818333983,6716.115
637,45,2,157929.45,1,1,1,145134.49,1,False,True,False,0.5990362564285033,14213.6505
554,26,7,92606.86,2,1,0,192709.69,0,False,False,False,0.2576850143459613,8334.6174
731,35,2,127862.93,2,1,0,139083.7,0,True,False,True,0.30976811924480474,11507.6637
569,42,1,0.0,1,1,1,83629.6,1,False,True,False,0.561334357494598,0.0
625,37,4,142711.81,1,1,0,35625.41,0,True,False,False,0.6273223616159624,12844.0629
592,38,4,0.0,2,1,0,35338.96,0,False,False,False,0.18993271322861296,0.0
669,43,1,163159.85,1,0,1,15602.8,0,False,False,True,0.43762947748355246,14684.3865
663,32,3,108586.86,1,1,1,182355.21,0,True,False,True,0.39986953625598093,9772.8174
518,41,5,110624.99,1,1,0,89327.67,0,True,False,False,0.7303896883821845,9956.249099999999
686,43,5,154846.24,2,1,1,151903.6,0,True,False,False,0.4994232659789199,13936.161599999998
709,45,4,122917.71,1,1,1,11.58,1,True,False,True,0.7891622328429452,11062.5939
571,33,9,0.0,2,0,1,77519.62,0,False,False,False,0.10131340157784577,0.0
707,31,2,82787.93,2,0,0,91423.69,0,False,False,False,0.2162898756139863,7450.913699999999
701,32,5,102500.34,1,0,0,106287.77,0,True,False,True,0.47840944374137434,9225.030599999998
672,34,9,0.0,2,1,0,161800.77,0,False,False,True,0.08611493563465025,0.0
620,39,9,159492.79,1,1,0,80582.34,1,True,False,True,0.583869377727877,14354.3511
557,48,10,0.0,2,1,1,185094.48,0,False,True,True,0.2639653160168864,0.0
648,54,7,118241.02,1,1,0,172586.89,1,False,True,False,0.8509460506374705,10641.6918
479,35,2,113090.4,1,1,0,195649.79,0,False,False,False,0.3563645700741008,10178.135999999999
730,22,9,65763.57,1,1,1,145792.01,0,False,False,False,0.2704378835373903,5918.7213
737,43,1,125537.38,1,1,0,138510.01,1,True,False,False,0.8756441721194341,11298.3642
616,31,3,94263.91,2,1,0,168895.06,0,False,False,True,0.17475309053496033,8483.7519
639,29,4,133434.57,2,1,0,97983.44,0,False,True,True,0.19871362558984257,12009.1113
815,39,6,0.0,1,1,1,85167.88,0,False,True,False,0.31900368194920287,0.0
786,31,9,0.0,2,1,1,18210.36,0,False,True,True,0.04761743470605567,0.0
549,50,9,94748.76,2,0,1,13608.18,0,False,False,True,0.4225945985621226,8527.3884
622,38,4,98640.74,1,1,1,110457.99,0,False,False,False,0.2943621327240607,8877.6666
624,26,9,74681.9,2,0,0,31231.35,0,False,False,True,0.13157229753282926,6721.370999999999
841,34,4,0.0,2,1,0,141582.66,0,False,False,True,0.07971746846992062,0.0
614,41,7,179915.85,1,0,0,14666.35,1,False,True,False,0.6213485498415554,16192.426499999998
676,30,1,128207.23,1,1,1,55400.17,0,False,False,True,0.17883713310534635,11538.6507
697,42,9,132739.26,2,0,0,174667.65,0,False,False,True,0.3461869486795187,11946.5334
732,40,10,0.0,2,1,0,154189.08,0,False,False,False,0.25916297939440835,0.0
623,27,4,120509.81,1,0,0,142170.44,0,False,False,True,0.2689632777433275,10845.8829
541,46,4,124547.13,2,1,0,94499.06,0,False,False,True,0.5595102625696673,11209.2417
773,39,4,0.0,2,0,1,182081.45,0,False,True,False,0.1512933793735606,0.0
762,34,4,88815.56,2,1,0,68562.26,1,True,False,True,0.30448641900708845,7993.400399999999
655,35,1,82231.51,2,1,0,88798.02,0,False,True,False,0.24445788903668222,7400.8359
602,32,7,184715.86,2,1,0,113781.99,0,True,False,True,0.21496082002382152,16624.427399999997
850,31,3,0.0,2,1,0,121866.87,0,False,False,True,0.09275247010394728,0.0
649,51,4,0.0,1,1,1,150390.57,0,False,True,True,0.562218671986045,0.0
850,28,4,147972.19,1,1,0,60708.72,1,True,False,True,0.5599678844284114,13317.497099999999
543,43,9,0.0,2,1,1,78858.07,0,False,False,True,0.21731286767638874,0.0
672,52,8,170008.84,1,0,0,56407.42,1,False,False,True,0.8320863475689201,15300.7956
600,27,3,0.0,2,0,1,125698.97,0,False,False,False,0.10447156147154728,0.0
671,34,10,0.0,1,1,0,23235.38,0,False,True,False,0.4329014811519446,0.0
706,42,8,95386.82,1,1,1,75732.25,0,False,True,False,0.42928084534576494,8584.8138
541,51,7,90373.28,2,1,0,179861.79,0,True,False,True,0.6341654458365044,8133.5952
711,34,4,133467.77,2,1,1,42976.64,0,True,False,True,0.20693528160370536,12012.099299999998
630,30,3,0.0,2,0,1,10486.69,0,False,True,True,0.07694966809944766,0.0
531,31,3,96288.26,1,1,0,56794.73,0,False,False,True,0.2961567989429428,8665.9434
641,26,4,91547.84,2,0,1,28157.34,0,False,False,False,0.15506324262771104,8239.3056
631,37,8,138292.64,2,0,0,152422.91,1,True,False,True,0.39369678368985966,12446.337599999999
685,35,9,0.0,1,1,0,167033.83,0,False,False,True,0.39991254152378863,0.0
702,32,8,71667.74,1,1,1,126082.18,0,False,True,True,0.19554887129849186,6450.096600000001
708,43,0,118994.84,1,1,0,181499.77,1,True,False,False,0.8562871007167877,10709.5356
653,55,7,0.0,2,1,1,41967.03,0,False,True,True,0.20191431875474958,0.0
654,37,2,145610.07,2,0,0,186300.59,0,True,False,True,0.32893874834188075,13104.906299999999
596,33,1,138162.81,1,1,0,85412.54,0,False,False,False,0.33421975701269807,12434.6529
549,31,9,135020.21,2,1,1,23343.18,0,True,False,False,0.1840138023780404,12151.818899999998
754,38,2,0.0,2,1,0,180698.32,0,False,False,True,0.1153829016463963,0.0
815,25,8,135161.67,1,1,1,136071.05,0,True,False,False,0.4518360510062175,12164.5503
556,52,9,0.0,1,1,0,175149.2,1,False,False,False,0.8895485279900872,0.0
706,32,6,94486.47,1,1,1,146949.74,0,False,False,True,0.19210961873543364,8503.782299999999
850,46,9,117640.39,1,1,0,88920.68,0,False,False,True,0.67431124071235,10587.6351
732,33,8,111379.55,1,1,1,45098.62,0,False,True,False,0.230306372162778,10024.1595
614,40,6,0.0,1,1,1,20339.79,1,False,False,True,0.4395043360190145,0.0
580,57,0,136820.99,1,0,1,108528.74,0,False,True,False,0.57276315043515,12313.889099999999
593,46,7,98752.51,1,1,0,145560.38,0,False,False,False,0.7416891340449577,8887.725899999998
653,25,2,158266.42,3,1,1,199357.24,0,True,False,False,0.2880695040301518,14243.9778
746,29,4,105599.67,1,1,1,43106.17,0,False,False,False,0.2285686560020868,9503.9703
662,29,10,0.0,2,1,0,137508.31,0,False,False,False,0.14705430805059705,0.0
573,31,2,0.0,2,1,1,91957.39,0,False,False,True,0.07048146480230205,0.0
684,39,4,139723.9,1,1,1,120612.11,0,False,True,False,0.2943108063477423,12575.150999999998
793,41,3,141806.46,1,1,0,102921.17,0,False,False,False,0.5381085207091861,12762.5814
798,49,5,132571.67,1,1,1,31686.33,1,True,False,False,0.7789608465653803,11931.4503
524,40,2,180516.9,1,1,0,180002.42,0,False,False,True,0.48930813900051867,16246.520999999999
816,31,8,0.0,2,1,1,28407.4,0,False,False,True,0.057856188995251336,0.0
742,41,4,92805.72,1,0,1,73743.95,1,True,False,False,0.5928958786037366,8352.5148
540,22,4,0.0,3,1,1,186233.26,1,False,False,True,0.7142898993990198,0.0
537,39,3,135309.36,1,1,0,31728.86,1,True,False,True,0.6625100708617504,12177.842399999998
759,74,6,128917.84,1,1,1,48244.64,0,False,True,False,0.24730257908299788,11602.605599999999
774,52,2,56580.93,1,1,0,113266.28,1,False,False,False,0.8740100246361209,5092.2837
608,42,8,131390.75,2,1,0,71178.09,0,True,False,True,0.4156705343263238,11825.1675
704,37,4,0.0,2,0,0,25684.93,0,False,True,True,0.08659923564590581,0.0
581,41,8,0.0,2,0,0,29737.14,0,False,False,True,0.1370308131192326,0.0
628,61,1,97361.66,1,1,1,149922.38,1,True,False,False,0.8010420314764076,8762.5494
566,42,6,0.0,1,1,0,180702.12,1,False,False,False,0.7255528001212039,0.0
701,59,7,0.0,2,0,1,27597.59,0,False,True,True,0.18703428227075813,0.0
735,29,10,0.0,2,1,1,95025.27,0,False,True,True,0.047027056728375635,0.0
680,34,1,0.0,2,1,0,167035.07,0,False,False,False,0.13294684749377067,0.0
560,57,0,0.0,2,0,1,116781.71,0,False,False,True,0.27941913630996795,0.0
663,29,4,102714.65,2,0,0,21170.81,0,True,False,False,0.31679353183127906,9244.318499999998
665,34,5,67816.72,1,1,1,29641.58,0,False,False,False,0.28060359133558793,6103.504800000001
758,51,8,81710.46,1,1,1,116520.07,0,False,False,True,0.4537286488896197,7353.9414
621,26,2,75237.54,1,0,1,44220.4,0,False,False,True,0.19878819145523263,6771.378599999999
764,28,10,124023.18,1,1,0,166188.28,0,True,False,True,0.5249482354978388,11162.086199999998
537,46,5,100727.5,1,0,1,140857.76,1,True,False,False,0.8257901981168213,9065.474999999999
589,46,10,107238.85,2,1,0,37024.28,0,False,False,False,0.5537631244452785,9651.496500000001
555,24,5,0.0,2,1,0,27513.47,0,False,False,True,0.07396436774533316,0.0
734,29,0,139994.66,1,1,0,17744.72,0,False,False,False,0.35023740140242077,12599.5194
783,59,9,126224.87,1,1,1,4423.63,0,False,True,False,0.45451562666529294,11360.238299999999
678,51,1,145751.03,1,0,0,109718.44,1,True,False,False,0.9424553277344704,13117.5927
661,47,5,0.0,1,0,1,107243.31,1,False,False,True,0.6147752823268161,0.0
607,25,4,121166.89,1,0,1,115288.24,0,False,True,False,0.2538188225649971,10905.0201
537,38,1,0.0,2,0,1,41233.97,0,False,True,False,0.18795063192084221,0.0
513,88,10,0.0,2,1,1,52952.24,0,False,True,True,0.1549363206640491,0.0
576,63,9,70655.48,1,0,0,78955.8,1,False,False,True,0.832012042888454,6358.993199999999
660,41,1,129901.21,1,1,0,26025.6,1,True,False,True,0.7538043319921193,11691.108900000001
637,40,8,125470.81,1,1,1,174536.17,0,False,False,True,0.34507320932189456,11292.3729
672,53,9,169406.33,4,1,1,147311.47,1,False,False,False,0.9244372575591039,15246.569699999998
629,32,2,0.0,2,0,1,77965.44,0,False,False,True,0.07994012723345258,0.0
583,40,4,107041.3,1,1,1,5635.63,0,True,False,True,0.6280009835403535,9633.717
763,32,10,95153.77,1,0,1,81310.1,0,False,True,False,0.19723565432188522,8563.8393
516,32,3,145166.09,2,0,0,111421.45,0,True,False,True,0.2474053108632026,13064.948099999998
617,27,4,0.0,2,0,0,190269.21,0,False,False,False,0.12645722616573218,0.0
700,38,9,65962.63,1,1,1,100950.48,0,False,False,True,0.25598495268346505,5936.636700000001
727,36,6,140418.81,1,1,1,113033.73,1,True,False,True,0.46054191739331585,12637.6929
689,31,3,139799.63,1,0,1,120663.57,0,False,True,False,0.24401377269877153,12581.9667
626,49,9,171787.84,2,1,0,187192.23,0,True,False,True,0.4797627376621,15460.905599999998
686,38,6,149238.97,1,1,1,97825.23,0,False,False,True,0.22693847570985004,13431.507300000001
351,57,4,163146.46,1,1,0,169621.69,1,True,False,False,0.8127721506297191,14683.1814
739,37,8,0.0,2,1,0,191557.1,1,False,False,False,0.21122986725653534,0.0
627,32,10,0.0,2,1,0,103287.62,0,False,False,True,0.08265217934817354,0.0
451,38,9,61482.47,1,1,1,167538.66,0,True,False,False,0.2789980189808551,5533.4223
512,41,8,145150.28,1,1,0,64869.32,1,False,False,False,0.5826012784616449,13063.5252
774,41,5,126670.37,1,1,0,102426.06,0,False,False,False,0.5382722227050947,11400.333299999998
652,40,8,84390.8,2,0,1,107876.2,0,False,False,False,0.3014766412674752,7595.1720000000005
638,37,2,89728.86,2,1,1,37294.88,0,True,False,True,0.21609596444683277,8075.597400000001
475,57,1,0.0,2,1,0,89248.99,0,False,False,False,0.5895084284654161,0.0
567,40,4,118628.8,1,0,0,91973.63,0,False,True,True,0.42526654997938174,10676.592
750,37,3,0.0,2,1,0,16870.2,0,False,False,True,0.08645200456078625,0.0
850,39,6,96863.13,1,1,1,121681.19,0,False,False,True,0.2126305775766278,8717.681700000001
753,38,6,142263.45,1,0,1,33730.43,0,False,False,False,0.2621119000259042,12803.710500000001
683,36,7,0.0,2,1,0,104786.59,0,False,True,False,0.14019052130869689,0.0
710,32,3,0.0,1,1,0,94790.34,0,False,False,False,0.4623246938432257,0.0
645,21,1,0.0,2,0,0,28726.07,0,False,True,False,0.14812971740700165,0.0
714,28,6,122724.37,1,1,1,67057.27,0,False,False,True,0.19437479178654596,11045.193299999999
696,35,4,174902.26,1,1,0,69079.85,0,True,False,False,0.4452122235036141,15741.203399999999
612,26,4,0.0,2,1,1,179780.74,0,False,True,False,0.11150424693093626,0.0
520,31,3,108914.17,1,1,1,183572.39,1,True,False,False,0.5585696254530805,9802.2753
782,23,10,98052.66,1,1,1,142587.32,0,False,True,True,0.15843279811528171,8824.7394
666,46,5,123873.19,1,1,1,177844.06,0,False,False,True,0.4845521441925221,11148.587099999999
466,56,2,111920.13,3,1,0,197634.11,1,True,False,False,0.930590556230596,10072.8117
567,45,4,0.0,2,0,1,121053.19,0,False,False,False,0.31737076684325083,0.0
613,20,3,0.0,2,1,1,149613.77,0,False,False,True,0.07232054418170271,0.0
718,37,8,0.0,2,1,1,142.81,0,False,False,True,0.1314415543662302,0.0
614,37,8,75150.34,4,0,1,131766.67,1,False,False,False,0.8555602495411544,6763.530599999999
711,38,10,0.0,2,0,0,53311.78,0,False,False,True,0.10274893548494864,0.0
691,38,5,114753.76,1,1,0,107665.02,0,True,False,False,0.6723321976127637,10327.8384
527,32,0,0.0,1,1,0,109523.88,0,False,False,True,0.350357411175072,0.0
476,32,6,111871.93,1,0,0,112132.86,0,False,False,False,0.3281490125488763,10068.473699999999
619,45,0,0.0,2,0,0,113645.4,0,False,True,False,0.3502618341871204,0.0
607,37,4,135927.06,1,0,0,180890.4,0,True,False,False,0.5895569972041826,12233.4354
695,44,8,0.0,2,1,1,70974.13,0,False,True,True,0.184466032606614,0.0
653,33,1,0.0,2,0,0,53379.52,0,False,False,True,0.0652404228547352,0.0
677,46,2,57037.74,1,1,1,158531.01,0,False,False,True,0.4948056481550336,5133.396599999999
655,50,10,0.0,4,1,0,179267.94,1,False,False,False,0.8581270767451238,0.0
625,52,2,79468.96,1,1,1,84606.03,0,False,False,False,0.6075822665910201,7152.2064
679,34,7,121063.85,1,1,0,56984.58,0,True,False,False,0.6461114504782414,10895.746500000001
734,51,1,118537.47,1,1,1,116912.45,0,False,False,True,0.48859597295233753,10668.372299999999
666,39,10,0.0,2,1,0,102999.33,0,False,False,True,0.10310719971986555,0.0
592,26,4,105082.07,2,1,0,132801.57,0,True,False,False,0.31473295895587394,9457.3863
564,40,4,0.0,1,1,0,85455.62,1,False,False,True,0.5394081605601508,0.0
814,36,6,0.0,2,1,1,98657.01,0,False,False,False,0.10891726270585503,0.0
592,36,2,104702.65,2,1,0,107948.72,0,True,False,True,0.31584691733302717,9423.2385
758,50,2,95813.76,3,1,1,67944.09,1,False,False,False,0.9057468980581922,8623.238399999998
612,62,0,167026.61,2,1,1,192892.05,0,False,True,False,0.38602565594392624,15032.3949
498,61,7,102453.26,1,1,0,187247.56,1,True,False,True,0.9266147771418454,9220.793399999999
638,25,4,148045.45,2,1,1,114722.42,0,True,False,True,0.1587725762110572,13324.090500000002
558,35,1,0.0,2,0,0,111687.57,0,False,False,True,0.07563243362903681,0.0
756,24,1,0.0,2,1,0,184182.25,0,False,False,False,0.13133561815951095,0.0
782,52,4,0.0,1,1,1,52759.82,1,False,True,True,0.6048498064342024,0.0
505,34,10,104498.79,1,0,1,126451.14,0,False,False,True,0.17154977076132727,9404.891099999999
671,29,6,0.0,2,0,0,12048.67,0,False,True,False,0.14566072913737593,0.0
801,42,6,0.0,2,1,1,95804.33,0,False,False,True,0.1351672417812278,0.0
604,26,8,149542.52,2,0,1,197911.52,0,False,False,True,0.1494849845541514,13458.826799999999
716,29,10,87946.39,1,1,1,182531.74,0,False,False,False,0.30084228476558783,7915.175099999999
624,45,3,68639.57,1,1,0,168002.31,1,False,False,False,0.8009686897942097,6177.5613
607,47,4,148826.32,1,1,1,79450.61,0,True,False,True,0.7314427189439867,13394.3688
827,60,2,0.0,2,0,1,60615.83,0,False,False,False,0.27892578136066093,0.0
606,61,5,108166.09,2,0,1,8643.21,0,False,False,True,0.39854843268548046,9734.948099999998
717,35,5,103214.71,1,1,0,172172.7,0,True,False,False,0.5972976877093076,9289.3239
651,40,1,134760.21,2,0,0,174434.06,1,True,False,True,0.4198109213659675,12128.418899999999
691,58,3,0.0,1,0,1,194930.3,1,False,False,True,0.6255020608552875,0.0
573,33,0,90124.64,1,1,0,137476.71,0,False,False,False,0.32816102175857886,8111.2176
723,38,6,0.0,2,1,1,94415.6,0,False,True,True,0.0735354906708827,0.0
584,46,6,87361.02,2,1,0,120376.87,1,True,False,False,0.712108086276386,7862.491800000001
550,45,8,111257.59,1,0,0,97623.42,1,True,False,False,0.89406591053777,10013.1831
611,61,3,131583.59,4,0,1,66238.23,1,False,False,False,0.9289220264277942,11842.523099999999
549,41,9,95020.8,3,1,1,131710.59,1,True,False,True,0.8681257772044961,8551.872
850,24,1,0.0,2,0,1,69052.87,0,False,True,False,0.10259549771823732,0.0
668,34,5,80242.37,2,0,0,56780.97,0,True,False,True,0.14387576191847587,7221.8133
686,43,0,0.0,1,1,1,170072.9,0,False,False,False,0.5960418320094223,0.0
660,50,1,0.0,3,1,1,191849.15,1,False,False,True,0.8356437102650192,0.0
682,59,0,122661.39,1,0,1,84803.76,0,False,True,False,0.5289716247309212,11039.525099999999
524,50,4,0.0,2,1,1,31840.59,1,False,False,True,0.3297774690111357,0.0
645,36,8,0.0,2,1,1,12096.61,1,False,False,False,0.1990785937674126,0.0
850,42,0,0.0,2,1,0,44165.84,0,False,False,True,0.18142585398636268,0.0
537,53,3,0.0,1,1,1,91406.62,0,False,False,False,0.6979299643161347,0.0
599,46,7,81742.84,2,1,0,83282.21,0,False,True,False,0.5969372378907936,7356.855599999999
727,71,8,0.0,1,1,1,198446.91,1,False,True,True,0.47673887046756214,0.0
756,30,2,145127.85,1,0,0,7554.68,0,False,True,True,0.31122277255524033,13061.5065
755,38,9,148912.44,1,1,0,80416.16,0,False,False,True,0.4016381638408379,13402.1196
634,41,4,0.0,2,1,1,164549.74,0,False,True,False,0.215947081900611,0.0
837,26,4,89900.24,2,1,0,175477.03,0,False,False,True,0.15124806102489047,8091.0216
727,30,8,119027.28,2,1,1,137903.54,0,True,False,False,0.26717099519003606,10712.455199999999
567,40,2,105222.86,2,1,0,93795.86,0,True,False,False,0.4343143758840436,9470.0574
650,30,6,0.0,1,0,0,67997.13,1,False,True,False,0.4341871396179957,0.0
655,34,1,116114.93,1,1,1,49492.15,0,False,True,True,0.1848334620600011,10450.3437
763,58,9,187911.55,1,0,1,35825.18,0,False,False,False,0.5348302828189917,16912.0395
843,27,5,0.0,2,1,1,67494.23,0,False,False,False,0.08723039623909214,0.0
667,38,6,144432.04,1,1,1,73963.17,1,False,False,False,0.3020270306056521,12998.8836
705,50,4,77065.9,2,0,1,145159.26,0,False,False,False,0.48297997536534365,6935.931
660,29,6,180520.29,1,1,1,123850.58,0,True,False,False,0.34035362808724834,16246.826099999998
553,42,1,0.0,2,0,0,23822.04,0,False,False,True,0.1983621194206143,0.0
612,47,6,130024.87,1,1,1,45750.21,1,True,False,False,0.7874726744268107,11702.238299999999
641,40,2,110086.69,1,1,0,159773.14,0,True,False,False,0.6908289660244303,9907.8021
513,31,5,174853.46,1,1,0,84238.63,0,False,True,False,0.4517920382674791,15736.811399999999
680,44,7,108724.98,1,0,1,72330.46,0,False,False,True,0.4392621248444192,9785.248199999998
711,58,9,91285.13,2,1,1,26767.85,0,False,False,True,0.32102172649853605,8215.6617
689,40,2,0.0,2,1,1,164768.82,0,False,True,True,0.10537611431859427,0.0
665,51,9,110610.41,2,0,1,1112.76,1,True,False,False,0.6516512127953952,9954.9369
551,54,5,102994.04,1,1,0,176680.16,1,True,False,True,0.9368652463536564,9269.4636
645,36,4,59893.85,2,1,0,43999.64,0,False,True,True,0.14804700282792294,5390.4465
616,29,8,149318.55,1,1,0,140746.13,0,True,False,True,0.4509983621894472,13438.6695
582,32,1,116409.55,1,0,1,152790.92,0,False,False,False,0.24143917597150388,10476.8595
365,30,0,127760.07,1,1,0,81537.85,1,True,False,True,0.6612914729876361,11498.406299999999
697,38,6,132591.36,1,1,1,7387.8,1,True,False,False,0.6517955920974045,11933.222399999999
704,31,0,0.0,2,1,0,183038.33,0,False,False,True,0.08838515176515292,0.0
656,46,5,113402.14,2,1,1,138849.06,0,False,False,False,0.5023025504374128,10206.192599999998
712,31,7,0.0,2,1,0,170333.38,0,False,False,False,0.14018582450009914,0.0
748,40,0,0.0,1,0,0,60416.76,0,False,False,True,0.42973643166333075,0.0
724,28,9,0.0,2,1,1,100240.2,0,False,False,True,0.06153600979046818,0.0
691,50,6,136953.47,1,1,1,2704.98,0,False,False,True,0.4983922126240554,12325.812299999998
563,33,8,0.0,2,0,1,68815.05,0,False,False,True,0.08114679551502692,0.0
741,32,5,0.0,1,1,1,64839.23,0,False,False,True,0.2846975874590759,0.0
778,44,8,123863.64,1,1,0,144494.94,0,False,False,True,0.6434282441032809,11147.7276
848,22,7,120811.89,1,1,1,185510.34,0,False,True,True,0.16976626608725975,10873.070099999999
634,38,2,148430.55,1,1,1,56055.72,0,True,False,True,0.44671098934008746,13358.749499999998
505,40,6,47869.69,2,1,1,155061.97,0,True,False,True,0.22262232248119512,4308.2721
692,53,7,150926.99,2,0,0,119817.19,0,True,False,True,0.6237439447603849,13583.4291
537,47,6,103163.35,1,1,0,16259.64,1,True,False,False,0.9025301191603319,9284.701500000001
633,29,10,130206.28,1,1,0,184654.87,0,False,False,True,0.2728934045944679,11718.565200000001
833,28,4,136674.51,2,0,0,5278.78,0,False,False,False,0.20732677599054714,12300.7059
592,40,2,200322.45,1,1,1,113244.73,0,False,True,False,0.4060149474994331,18029.0205
587,48,1,0.0,2,1,1,8908.0,0,False,True,True,0.26204409996530204,0.0
550,62,7,80927.56,1,0,1,64490.67,0,False,True,True,0.3961503164712819,7283.4803999999995
680,24,10,0.0,3,1,0,154971.63,1,False,False,False,0.6836412232960599,0.0
622,41,9,0.0,2,1,1,155786.39,0,False,True,False,0.2495171984830959,0.0
594,28,0,142574.71,2,1,0,129084.82,0,True,False,True,0.2965844707019588,12831.723899999999
643,34,7,160426.07,1,0,1,188533.11,0,True,False,False,0.3981499271366867,14438.346300000001
540,25,5,116160.23,1,1,0,13411.67,0,False,False,True,0.30933684587618737,10454.420699999999
635,34,5,98683.47,2,1,0,15733.19,0,False,True,False,0.25237502170997417,8881.5123
657,32,3,118829.03,2,1,1,73127.61,0,False,False,True,0.14115351922296854,10694.6127
814,31,1,118870.92,1,1,0,101704.19,0,False,False,True,0.2619820676289513,10698.3828
600,32,1,0.0,1,1,1,101986.16,0,False,False,True,0.321496607356368,0.0
682,46,2,0.0,1,1,1,114442.66,0,False,False,False,0.6787991038499824,0.0
682,38,4,107192.38,1,1,1,15669.17,0,False,False,True,0.26941046086527154,9647.3142
566,42,3,108010.78,1,1,1,157486.1,0,False,False,True,0.40482577816394316,9720.9702
550,34,3,0.0,2,0,0,131281.28,0,False,True,True,0.07203014321450783,0.0
630,26,7,129837.72,2,0,1,197001.15,0,False,False,True,0.14743356795301768,11685.394799999998
546,58,3,106458.31,4,1,0,128881.87,1,True,False,False,0.9710779492025077,9581.2479
486,63,9,97009.15,1,1,1,85101.0,0,False,False,True,0.41736598867305985,8730.823499999999
762,35,9,122929.42,2,0,0,149822.04,0,False,True,True,0.19473858290645737,11063.647799999999
692,45,6,152296.83,4,0,1,108040.86,1,True,False,True,0.8891250489883188,13706.714699999999
498,30,1,0.0,2,0,0,135795.53,0,False,False,False,0.13362080302125232,0.0
850,49,8,0.0,1,0,0,25867.67,1,False,True,True,0.8708344201142997,0.0
603,35,6,128993.76,2,1,0,130483.56,0,False,False,True,0.21503369804075856,11609.4384
551,36,5,0.0,1,1,0,183479.12,0,False,False,False,0.4860804457833467,0.0
627,27,0,185267.45,2,1,1,77027.34,0,True,False,True,0.14951788294478946,16674.0705
515,28,9,0.0,2,0,0,94141.75,0,False,False,False,0.11979224500583774,0.0
605,29,3,116805.82,1,0,0,4092.75,0,False,True,False,0.3591747524016101,10512.5238
567,29,5,129750.68,1,1,0,109257.59,0,True,False,True,0.5271120292370223,11677.561199999998
568,29,2,129177.01,2,0,1,104617.99,0,True,False,False,0.19802994384736244,11625.9309
571,25,6,82506.72,2,1,0,167705.07,0,True,False,True,0.16952605901165754,7425.604799999999
634,48,2,107247.69,1,1,1,103712.05,1,True,False,True,0.7889685467444149,9652.292099999999
768,42,3,0.0,1,0,0,161242.99,1,False,True,False,0.7156563138172638,0.0
554,36,3,157780.93,2,1,0,6089.13,0,True,False,False,0.29376650824344813,14200.2837
629,35,1,172170.36,1,1,1,159777.37,0,False,False,True,0.22513299222958338,15495.3324
638,48,2,0.0,2,1,1,7919.08,0,False,True,True,0.22188516014268359,0.0
576,41,1,0.0,1,1,1,188274.6,0,False,False,True,0.4192167552078624,0.0
661,42,9,75361.44,1,1,0,27608.12,1,False,True,False,0.6499022980848015,6782.5296
592,27,4,0.0,2,1,1,183569.25,0,False,False,False,0.10892673473329077,0.0
702,30,2,0.0,2,1,1,145537.32,0,False,True,True,0.0740972477114805,0.0
647,29,0,98263.46,2,1,0,164717.95,0,False,False,False,0.24293466508673112,8843.7114
593,43,9,0.0,2,1,1,76357.43,0,False,False,True,0.18981991998211556,0.0
712,40,3,109308.79,2,1,0,120158.72,1,True,False,False,0.49177247195072255,9837.791099999999
625,31,8,0.0,2,1,0,151843.54,0,False,True,False,0.12490352541530331,0.0
538,28,6,164365.44,1,0,1,5698.97,0,True,False,False,0.35591182655023523,14792.8896
637,22,5,98800.0,1,1,0,122865.55,0,False,True,False,0.36095629525832956,8892.0
632,27,4,193125.85,1,1,1,152665.85,0,False,False,True,0.2580388501679051,17381.3265
736,27,5,51522.75,1,0,1,192131.77,0,False,False,True,0.22420027900431677,4637.0475
755,23,5,84284.48,2,1,1,62851.6,0,False,False,True,0.11281152996745825,7585.6032
425,39,5,0.0,2,1,0,140941.47,0,False,True,False,0.2007135843030566,0.0
461,51,9,119889.84,1,0,0,56767.67,1,False,False,True,0.7934307659614587,10790.085599999999
745,21,4,137910.45,1,1,1,177235.23,0,False,False,True,0.1924855884669267,12411.9405
616,37,6,0.0,2,1,0,86242.18,0,False,False,False,0.16378754314376429,0.0
587,33,5,100116.82,1,1,0,34215.58,0,False,False,True,0.3040800669691272,9010.5138
850,40,4,166082.15,2,0,1,44406.17,0,True,False,True,0.206586890332801,14947.3935
601,38,0,0.0,2,1,0,165196.65,0,False,False,False,0.18576859722744693,0.0
730,26,3,0.0,1,1,0,34542.41,0,False,True,True,0.3726499054039114,0.0
532,44,3,148595.55,1,1,0,74838.64,1,False,False,True,0.7080847209813713,13373.599499999997
850,53,2,94078.97,2,1,0,36980.54,0,True,False,True,0.5101510103387111,8467.1073
779,34,5,0.0,2,0,1,111676.63,0,False,True,False,0.08649393993157067,0.0
562,29,9,0.0,1,1,1,25858.68,0,False,False,True,0.2561308180762836,0.0
670,40,2,164948.98,3,0,0,177028.0,1,True,False,True,0.8149128621817969,14845.4082
729,62,4,140549.4,1,1,0,30990.16,1,False,False,False,0.8440963572253751,12649.446
767,44,2,152509.25,1,1,1,136915.15,0,False,False,False,0.5343232069930925,13725.8325
742,28,2,191864.51,1,1,0,108457.99,1,False,False,False,0.522570402535954,17267.8059
669,44,8,96418.09,1,0,0,131609.48,1,False,False,False,0.7098746614550199,8677.6281
542,32,2,131945.94,1,0,1,159737.56,0,False,True,True,0.2061901294868228,11875.134600000001
586,29,3,0.0,2,1,1,142238.54,0,False,False,True,0.07121002801398409,0.0
612,30,9,142910.15,1,1,0,105890.55,1,True,False,True,0.5346270443603948,12861.913499999999
740,37,7,0.0,2,1,1,194270.91,0,False,False,False,0.146520959963679,0.0
584,35,3,146311.58,1,1,1,105443.47,0,False,False,True,0.21826487214367443,13168.0422
524,52,2,87894.26,1,1,0,173899.42,1,False,False,True,0.8402840287198464,7910.483399999999
614,19,5,97445.49,2,1,0,122823.34,0,False,False,False,0.22898027238444157,8770.0941
598,64,9,0.0,1,0,1,13181.37,1,False,False,False,0.513628637912128,0.0
799,35,7,0.0,2,0,1,140780.8,0,False,True,True,0.055723953156552354,0.0
724,34,2,154485.74,2,0,0,78560.64,0,False,False,True,0.1907375726248376,13903.7166
601,50,2,115625.07,1,1,0,185855.21,0,False,False,True,0.759753441629129,10406.256300000001
804,25,7,108396.67,1,1,0,128276.95,0,False,False,True,0.2841133687007928,9755.7003
745,38,5,65095.41,2,1,1,140197.42,0,True,False,True,0.14189596717839592,5858.5869
667,43,1,103018.45,1,1,0,32462.39,1,True,False,True,0.8803917134020723,9271.6605
518,38,10,84764.79,1,1,1,162253.9,0,False,False,False,0.3718556063987274,7628.831099999999
819,38,10,0.0,2,1,0,30498.7,0,False,False,False,0.21420259784408185,0.0
520,35,4,115680.81,1,1,1,90280.7,0,False,True,False,0.2650544906556689,10411.2729
625,39,5,0.0,2,1,0,32615.21,0,False,False,False,0.1876861553969043,0.0
673,36,5,73088.06,2,0,0,196142.26,0,True,False,True,0.14490646718797573,6577.9254
656,27,3,150905.03,2,1,0,16998.72,0,True,False,False,0.21142331680003462,13581.452699999998
850,23,9,143054.85,1,0,1,62980.96,0,False,True,False,0.23133855435970027,12874.9365
574,28,7,0.0,2,0,0,185660.3,0,False,True,False,0.1146961044029566,0.0
679,60,6,0.0,2,1,1,77331.77,0,False,False,True,0.18714794764783485,0.0
530,42,0,99948.45,1,0,1,97338.62,0,True,False,False,0.6612892603223943,8995.360499999999
508,44,3,115451.05,2,0,0,67234.33,0,False,False,True,0.47611147765942546,10390.5945
558,32,4,108235.91,1,1,1,143783.28,0,True,False,True,0.37693683006072,9741.231899999999
414,38,8,0.0,1,0,1,77661.12,1,False,False,True,0.5470941818061548,0.0
648,42,2,98795.61,2,1,0,89123.99,0,False,True,True,0.3288012540742896,8891.6049
721,37,1,0.0,2,1,0,70810.8,0,False,False,False,0.16307960633162857,0.0
751,31,8,0.0,2,0,0,17550.49,0,False,False,True,0.06708830621055858,0.0
662,34,2,0.0,2,0,1,21497.27,0,False,False,True,0.068541904109269,0.0
628,29,3,113146.98,2,0,1,124749.08,0,True,False,True,0.18169746909744094,10183.228199999998
597,39,8,162532.14,3,1,0,36051.46,1,True,False,False,0.9025509768302714,14627.892600000001
698,40,0,92053.44,1,1,1,143681.83,0,False,True,False,0.4831088120560256,8284.8096
723,48,7,0.0,2,1,1,150694.58,0,False,False,True,0.21294838497172489,0.0
586,28,5,0.0,3,1,0,170487.4,1,False,False,False,0.7421310590651982,0.0
633,29,8,104944.1,1,1,1,97684.46,0,True,False,False,0.46669551282596844,9444.969
564,31,4,0.0,2,1,0,53520.03,0,False,False,True,0.07820273850259507,0.0
649,31,2,0.0,2,1,0,15200.61,0,False,False,False,0.1503893816778602,0.0
622,30,4,107879.04,1,0,1,196894.62,0,False,False,False,0.2893394867687436,9709.113599999999
459,46,7,110356.42,1,1,0,4969.13,1,True,False,True,0.8953090200206666,9932.0778
718,27,2,0.0,2,0,0,26229.24,0,False,False,True,0.08026346652397005,0.0
655,34,4,109783.69,2,1,0,134034.32,0,False,True,False,0.29107240854665806,9880.5321
696,22,9,149777.0,1,1,1,198032.93,0,False,False,True,0.1818607478720044,13479.929999999998
637,38,3,104339.56,1,0,0,119882.86,0,False,False,False,0.42935748679550906,9390.5604
630,21,1,85818.18,1,1,1,133102.3,0,False,True,False,0.284514342616132,7723.636199999999
592,37,4,212692.97,1,0,0,176395.02,0,False,False,True,0.37849072850241916,19142.367299999998
634,37,1,89696.84,2,1,1,193179.88,0,True,False,True,0.1993985437481648,8072.7155999999995
608,28,9,0.0,2,1,1,125062.02,0,False,False,False,0.10412861156055495,0.0
565,32,9,68067.24,1,1,0,143287.58,0,True,False,False,0.33853366991611394,6126.0516
763,67,9,148564.66,1,0,1,87236.4,0,False,True,True,0.27251783330491763,13370.8194
665,55,8,136354.16,1,1,1,93769.89,0,False,False,False,0.5610200826924057,12271.8744
649,38,1,122214.0,1,0,1,88965.46,0,False,False,True,0.2224277430242169,10999.26
695,45,3,0.0,2,1,1,30793.61,0,False,False,True,0.19058988230761448,0.0
775,70,6,119684.88,2,1,1,74532.02,0,True,False,True,0.4051771743676181,10771.639200000001
788,39,3,135139.33,1,0,1,113086.08,0,False,False,False,0.2734358269944879,12162.5397
569,42,9,146100.75,1,1,0,32574.01,1,True,False,False,0.6825053234264946,13149.067500000001
726,56,8,123110.9,3,0,1,130113.78,1,False,True,False,0.9040223673171339,11079.981
564,44,3,111760.4,3,1,1,104722.47,1,True,False,False,0.9106378025099451,10058.436
544,32,9,110728.39,1,1,1,14559.62,0,False,False,False,0.26923100604429095,9965.5551
614,41,8,121558.46,1,1,1,598.8,0,False,False,False,0.35629619704529397,10940.2614
453,38,8,120623.21,1,1,0,129697.99,0,True,False,False,0.5690682593108664,10856.0889
471,58,4,114713.57,1,1,1,36315.03,0,False,False,False,0.5912592194802364,10324.2213
829,37,3,103457.76,1,0,0,1114.12,0,True,False,False,0.4970505623876079,9311.1984
754,57,2,101134.87,2,1,1,70954.41,0,True,False,True,0.6236114059635197,9102.138299999999
749,46,10,78136.36,2,1,1,73470.98,0,True,False,True,0.30758567014579274,7032.2724
667,23,1,0.0,2,1,0,91573.19,0,False,False,True,0.06961295339383335,0.0
670,30,3,133446.34,1,0,0,3154.95,0,False,True,True,0.3384785461061996,12010.1706
670,33,7,0.0,2,1,1,88187.81,0,False,False,False,0.10444298527717218,0.0
623,48,1,108076.33,1,1,0,118855.26,1,True,False,False,0.9412070349737129,9726.8697
571,32,5,131354.25,1,1,0,125256.53,0,False,False,True,0.28868805124789754,11821.8825
641,37,7,62974.64,2,0,1,39016.43,0,True,False,False,0.13825919427177102,5667.7176
551,30,2,143340.44,1,1,0,145796.49,0,True,False,False,0.47762088211145,12900.6396
741,36,8,116993.43,2,1,0,168816.22,0,True,False,True,0.34577727499877875,10529.4087
472,31,4,58662.92,2,0,1,73322.0,0,False,False,True,0.11293694122426816,5279.662799999999
650,41,3,128808.65,3,0,0,113677.53,1,False,True,True,0.8127097410324876,11592.778499999999
625,45,7,137555.44,1,0,0,124607.7,0,False,False,True,0.6761482657528124,12379.9896
650,34,4,142393.11,1,1,1,11276.48,0,True,False,True,0.3912581258328819,12815.379899999998
535,38,8,0.0,2,1,0,136620.64,0,False,False,False,0.20116672610200412,0.0
649,41,2,125785.23,1,1,1,70523.92,0,False,False,False,0.3957659552729505,11320.670699999999
689,22,4,136444.25,1,1,0,51980.25,1,False,False,True,0.34317124706590485,12279.9825
694,38,7,121527.4,1,1,0,113481.02,0,False,True,True,0.37315920321354057,10937.465999999999
655,52,9,144696.75,1,1,1,49025.79,0,True,False,True,0.7369608390260655,13022.7075
620,36,8,0.0,2,1,1,145937.99,0,False,False,True,0.07752433259780948,0.0
577,35,10,0.0,2,1,1,25161.61,0,False,False,False,0.19953627045718136,0.0
401,48,8,128140.17,1,1,0,175753.55,1,True,False,True,0.887060561085653,11532.6153
599,25,6,120383.41,1,1,1,24903.09,0,False,False,True,0.2149096231070492,10834.5069
481,57,9,0.0,3,1,1,169719.35,1,False,False,False,0.9020684538166259,0.0
704,42,8,129735.3,2,1,1,179565.57,0,False,False,True,0.24813626210954737,11676.177
698,31,8,185078.26,1,0,0,115337.74,1,False,True,False,0.5025949935280157,16657.043400000002
480,28,6,0.0,2,0,0,48131.92,0,False,False,False,0.1200609317384102,0.0
682,42,0,0.0,1,1,1,160828.98,0,False,False,True,0.4361972444417106,0.0
700,31,7,0.0,2,0,1,145151.96,0,False,True,True,0.062401275238520314,0.0
492,29,1,144591.96,1,1,1,196293.76,0,False,False,True,0.24367429710962604,13013.276399999999
444,45,4,0.0,2,1,0,161653.5,1,False,False,False,0.5355017862871732,0.0
624,36,6,0.0,2,0,0,84635.64,0,False,False,True,0.09141552635044503,0.0
709,37,7,0.0,1,1,0,159486.76,0,False,False,True,0.42575491534694576,0.0
557,68,2,100194.44,1,1,1,38596.34,0,True,False,True,0.5049316533217216,9017.4996
646,50,6,145295.31,2,1,1,27814.74,0,True,False,True,0.5187037523949238,13076.5779
719,28,3,106070.29,2,1,1,183893.31,0,True,False,True,0.1603477789881864,9546.326099999998
706,47,6,120621.89,1,1,1,140803.7,0,True,False,False,0.7789732188465446,10855.9701
660,38,7,0.0,2,0,1,146585.53,0,False,False,True,0.09519499314089827,0.0
667,36,9,0.0,2,1,1,40062.29,0,False,False,True,0.07646967438799168,0.0
705,30,1,0.0,1,1,1,181300.32,0,False,False,True,0.2850364644492837,0.0
598,27,10,171283.91,1,1,1,84136.12,0,True,False,False,0.2891316673467442,15415.551899999999
669,26,4,0.0,2,1,1,197594.34,0,False,False,True,0.0610230985001444,0.0
580,38,1,128218.47,1,1,0,125953.83,1,True,False,False,0.6956924929678496,11539.6623
676,32,5,0.0,2,1,1,75465.41,0,False,False,False,0.1056217593130585,0.0
714,28,7,77776.39,1,1,0,177737.07,0,True,False,True,0.28763715711359494,6999.875099999999
597,72,6,124978.19,2,1,1,7144.46,0,True,False,False,0.41349333424728485,11248.0371
559,29,1,0.0,2,0,0,155639.76,0,False,False,True,0.06703995765059888,0.0
564,28,1,0.0,1,1,1,162428.05,0,False,False,False,0.32787487972027163,0.0
850,51,3,109799.55,2,1,1,12457.76,1,False,True,True,0.47311543416302987,9881.9595
689,39,7,0.0,2,0,0,14917.09,0,False,False,True,0.08718960964504104,0.0
758,61,8,125397.21,1,1,0,182184.09,1,True,False,False,0.9335395129102118,11285.748899999999
604,71,10,0.0,2,1,1,129984.2,0,False,True,False,0.19525328295592848,0.0
733,38,9,111347.37,2,0,1,194872.97,0,True,False,True,0.27644895180774137,10021.263299999999
778,40,8,104291.41,2,1,1,117507.11,0,False,True,True,0.1827215388097251,9386.2269
732,61,9,94867.18,2,1,1,157527.6,1,True,False,False,0.6349823900058424,8538.046199999999
646,24,8,0.0,2,0,0,92612.88,0,False,False,True,0.07126323991758432,0.0
597,33,6,135703.59,2,0,0,74850.84,0,False,False,False,0.23344829530171257,12213.323099999998
821,37,5,106453.53,2,0,1,127413.0,0,True,False,False,0.2969227420291758,9580.8177
640,43,7,132412.38,1,0,0,69584.3,1,False,False,True,0.6226613332798583,11917.1142
511,40,9,124401.6,1,1,0,198814.24,1,True,False,False,0.6781724793075735,11196.144
805,46,6,118022.06,3,1,0,162643.15,1,False,False,True,0.9083207689696602,10621.9854
540,39,1,82531.11,1,1,0,114092.52,0,True,False,True,0.5209225417881433,7427.7999
705,44,0,184552.12,1,1,0,68860.3,1,False,True,True,0.7278341361209896,16609.690799999997
540,39,4,127278.31,1,1,1,16150.34,0,True,False,True,0.6240147145849588,11455.0479
532,66,3,0.0,1,1,1,115227.02,0,False,True,False,0.36623332182259266,0.0
535,45,2,0.0,2,0,1,170621.55,0,False,False,False,0.3586985164094951,0.0
627,23,5,184244.86,1,1,0,103099.22,0,True,False,True,0.3580553179084778,16582.037399999997
646,52,8,59669.43,1,0,0,172495.81,1,False,False,True,0.829008603712644,5370.2487
515,25,7,79543.59,1,0,1,38772.82,0,False,False,False,0.23904148142159823,7158.9231
697,39,6,151553.19,1,1,1,44946.29,0,False,False,False,0.3064508191682735,13639.7871
652,27,2,166527.88,2,0,1,146007.7,0,True,False,True,0.1559095177046522,14987.5092
579,28,6,150329.15,1,1,0,145558.42,0,True,False,True,0.40629799729721816,13529.6235
760,43,8,121911.59,1,1,0,193312.33,0,False,False,True,0.5947130217079126,10972.043099999999
769,51,9,156773.78,2,1,0,40257.79,0,False,False,True,0.6276279310990851,14109.640199999998
498,29,8,127864.26,1,1,1,46677.9,0,False,True,True,0.17878581226443313,11507.783399999998
774,53,4,113709.28,1,1,1,153887.93,1,False,False,True,0.48951192644673064,10233.8352
705,43,7,79974.55,1,1,1,103108.33,0,True,False,False,0.5150687439550126,7197.7095
648,44,2,0.0,2,1,1,58652.23,0,False,False,False,0.24638340681700524,0.0
688,51,5,0.0,1,1,0,91624.11,1,False,False,False,0.8834616232617593,0.0
592,38,0,0.0,1,1,0,65986.48,1,False,True,True,0.47295864515858477,0.0
705,33,3,144427.96,2,1,0,113845.19,0,False,False,True,0.2127722312086005,12998.516399999999
654,42,7,99263.09,1,1,1,67607.9,0,False,False,True,0.35903037369855484,8933.6781
624,32,2,79368.87,2,1,1,145471.94,0,False,False,False,0.14369640577927156,7143.198299999998
594,30,10,0.0,2,1,1,124071.71,0,False,False,False,0.12651735462092334,0.0
695,34,9,0.0,2,1,1,67502.12,0,False,True,False,0.10137313020514462,0.0
597,28,2,0.0,3,1,1,78707.97,0,False,False,True,0.521522758421204,0.0
758,52,7,125095.94,1,1,0,171189.83,1,False,False,False,0.8606651242559498,11258.634600000001
737,40,2,162485.8,2,1,0,149381.32,0,True,False,False,0.2974884961709079,14623.721999999998
694,37,1,95668.82,2,1,0,100335.55,0,True,False,True,0.30156376716383965,8610.193800000001
683,25,4,0.0,2,1,0,152698.24,0,False,False,True,0.07939587952292909,0.0
538,30,8,0.0,2,1,1,41192.95,0,False,True,False,0.09644203390501889,0.0
669,37,4,0.0,1,1,0,132540.33,0,False,False,True,0.41608254701876235,0.0
730,34,5,74197.38,2,1,0,96875.52,0,False,False,False,0.2051198771447413,6677.7642000000005
622,31,1,89688.94,1,1,1,152305.47,0,False,False,False,0.23089489250366807,8072.0046
714,33,10,103121.33,2,1,1,49672.01,0,False,True,False,0.16348368369863964,9280.9197
569,34,3,0.0,1,1,0,133997.53,0,False,True,False,0.4935655643288602,0.0
668,59,5,120170.07,1,0,1,50454.8,0,True,False,False,0.7820361404628564,10815.3063
628,32,9,149136.31,2,1,1,16402.11,0,False,False,True,0.1449942914335251,13422.267899999999
600,40,1,141136.79,1,1,1,67803.83,0,False,False,True,0.3374930766614693,12702.311099999999
693,43,4,152341.55,1,1,0,9241.78,0,False,False,False,0.5895897093420622,13710.739499999998
704,36,7,120026.98,2,0,1,100601.73,0,False,False,True,0.14165149317808623,10802.428199999998
527,33,9,132168.28,1,0,0,98734.15,0,False,True,True,0.28422946758089795,11895.145199999999
553,43,6,85200.82,2,1,1,160574.09,0,True,False,True,0.3117265340422769,7668.0738
575,53,1,84903.33,2,0,1,26015.8,0,False,True,True,0.39064883288702307,7641.2997000000005
626,32,0,0.0,2,0,0,187172.54,0,False,False,False,0.14473406423867696,0.0
582,20,4,0.0,1,1,1,55763.66,0,False,False,True,0.31129363109409647,0.0
683,40,8,0.0,1,1,0,75848.22,0,False,True,True,0.48855534854536137,0.0
850,30,9,121535.18,1,0,0,40313.47,0,False,False,True,0.2774553428421943,10938.1662
653,35,6,116662.96,2,1,1,23864.21,0,False,True,True,0.14102705759958353,10499.6664
679,60,8,0.0,2,1,1,51380.9,0,False,False,True,0.1928736641880151,0.0
549,49,6,124829.16,1,0,1,93551.36,0,True,False,False,0.8155633213064416,11234.6244
850,36,2,155180.56,2,0,0,169415.54,0,False,True,False,0.2808110478292253,13966.2504
558,32,1,108262.87,1,1,1,6935.31,0,True,False,False,0.485457830279346,9743.6583
528,40,4,0.0,2,1,0,25399.7,0,False,True,True,0.10949518775596365,0.0
801,38,5,0.0,2,1,0,66256.27,0,False,False,True,0.07956676223741016,0.0
513,48,2,0.0,1,1,1,114709.13,1,False,True,True,0.6399743884795314,0.0
666,38,6,99812.88,2,1,1,158357.97,0,True,False,True,0.26691911297088794,8983.1592
606,35,2,132164.26,1,0,1,164815.59,0,False,False,True,0.22063348326733093,11894.7834
599,45,10,103583.05,1,1,0,132127.69,1,True,False,True,0.8790765440962802,9322.4745
544,39,4,142406.43,2,1,0,146637.45,0,True,False,True,0.3934269961164301,12816.5787
529,38,7,99842.5,2,1,0,90256.06,1,False,True,True,0.25118820444907053,8985.825
850,41,5,0.0,2,1,1,34827.43,0,False,False,False,0.216610950845372,0.0
497,41,9,0.0,1,0,0,22074.48,0,False,False,True,0.4147998325192269,0.0
764,39,5,81042.42,1,0,1,109805.17,0,False,False,False,0.31710067523781005,7293.817799999999
603,48,5,0.0,1,1,0,100478.6,1,False,False,False,0.8266271381073329,0.0
609,40,6,0.0,2,1,1,97416.34,0,False,False,True,0.12450614586143509,0.0
487,53,4,199689.49,1,1,1,24207.86,1,False,False,True,0.6347512483900788,17972.0541
748,33,1,142645.43,1,0,0,69132.66,0,False,False,True,0.2796683690476762,12838.0887
710,75,5,0.0,2,1,1,9376.89,0,False,True,False,0.10040824100368598,0.0
432,45,3,110219.14,1,1,0,43046.7,1,True,False,False,0.8823949552284371,9919.722600000001
534,51,3,0.0,2,0,1,20856.31,0,False,True,True,0.28645433036586765,0.0
607,25,3,0.0,2,0,0,187048.72,0,False,False,True,0.08521831134121198,0.0
551,32,4,0.0,2,1,0,53420.53,0,False,True,True,0.07280858367362178,0.0
674,45,7,142072.02,1,1,0,37013.29,0,False,False,True,0.6861615839693134,12786.481799999998
525,25,6,0.0,2,1,0,89566.64,0,False,False,False,0.12615809702456002,0.0
645,33,8,149564.61,1,0,0,149913.84,0,True,False,True,0.4317265018296401,13460.8149
755,43,9,0.0,2,1,0,18066.69,0,False,False,False,0.3106817830849145,0.0
708,37,8,153366.13,1,1,1,26912.34,0,True,False,True,0.4207407619312333,13802.951700000001
715,21,6,76467.16,1,1,1,173511.72,0,False,False,True,0.19610271026656928,6882.0444
727,26,9,121508.28,1,1,1,146785.44,0,False,False,False,0.2845157766566583,10935.7452
559,27,1,0.0,1,0,1,1050.33,0,False,True,False,0.36855872824539687,0.0
545,36,8,73211.12,2,1,0,89587.34,1,False,True,True,0.23464867111926638,6589.0008
524,22,9,0.0,2,1,0,74405.34,0,False,False,True,0.07832227429428801,0.0
707,55,1,0.0,2,0,1,54409.48,0,False,False,False,0.33872199395892766,0.0
671,38,0,92674.94,2,1,0,3647.57,0,False,True,True,0.19962876050434641,8340.7446
439,52,3,96196.24,4,1,0,198874.52,1,False,True,True,0.9247557691441625,8657.6616
667,36,1,114391.62,1,1,1,53412.54,0,True,False,False,0.55304775900143,10295.2458
831,32,9,80262.66,1,1,0,194867.78,0,True,False,True,0.29545978384663407,7223.6394
545,33,7,173331.52,1,1,0,150452.88,0,False,True,False,0.4509050927966865,15599.836799999997
604,35,7,147285.52,1,1,1,57807.05,0,False,True,False,0.2525162595817914,13255.6968
657,67,5,119785.47,2,1,1,107534.32,0,False,True,True,0.2608406611527698,10780.6923
487,36,1,140137.15,1,1,0,194073.33,0,False,True,False,0.3572645078491935,12612.343499999999
750,52,6,107467.56,1,1,0,126233.18,1,True,False,False,0.9318449253705743,9672.080399999999
694,37,8,98218.04,2,1,0,182354.46,1,True,False,False,0.46812032826437266,8839.623599999999
711,35,2,133607.75,1,1,1,120586.32,0,True,False,False,0.5547201283498463,12024.6975
551,37,3,0.0,2,1,1,50578.4,0,False,False,True,0.08400604800763874,0.0
559,38,8,95139.41,1,1,1,86575.46,0,False,False,False,0.2907831559083453,8562.5469
620,29,3,0.0,2,0,1,153392.28,0,False,False,False,0.12359145797227787,0.0
660,42,5,0.0,2,1,0,115509.59,0,False,True,True,0.19375623531288244,0.0
449,37,6,0.0,2,1,0,82176.48,0,False,False,False,0.17772203999965747,0.0
703,26,1,97331.19,1,1,0,63717.49,0,True,False,False,0.4774962423229804,8759.8071
795,37,2,139265.63,2,1,1,198745.94,0,True,False,True,0.19937008592807803,12533.9067
594,31,9,0.0,1,0,1,5719.11,0,False,False,False,0.2860221980714834,0.0
586,34,5,168094.01,1,0,0,20058.61,0,False,True,True,0.3096859302434781,15128.460900000002
613,30,5,131563.88,2,1,0,170638.98,0,True,False,False,0.3237558455552803,11840.7492
601,44,3,0.0,2,1,0,30607.11,0,False,False,True,0.2663461264718788,0.0
657,50,9,0.0,2,0,0,37171.46,0,False,False,True,0.3755541658736068,0.0
531,31,3,0.0,1,1,1,42589.33,0,False,False,True,0.3017847425967847,0.0
621,47,7,107363.29,1,1,1,66799.28,0,True,False,True,0.7816904371105996,9662.6961
782,33,2,94493.03,1,0,1,101866.39,0,False,False,False,0.20935278964316828,8504.3727
528,29,9,170214.23,2,1,0,49284.0,0,True,False,False,0.2152474476464833,15319.280700000001
696,52,6,139781.06,1,1,0,27445.4,1,False,False,True,0.824198461426381,12580.295399999999
586,35,7,0.0,2,1,0,70760.69,0,False,False,False,0.1617132791500348,0.0
626,26,8,148610.41,3,0,1,104502.02,1,False,True,False,0.7004649548049773,13374.936899999999
498,73,2,170241.7,2,1,1,165407.96,0,False,False,True,0.2586059877981576,15321.753
691,33,1,128306.83,1,1,1,113580.79,0,False,False,False,0.22634723997087153,11547.614699999998
568,47,7,0.0,2,1,1,45978.39,0,False,False,False,0.25349041957591834,0.0
715,35,3,0.0,1,1,1,152012.36,0,False,False,False,0.310251772056101,0.0
680,32,7,175454.0,1,0,1,77349.92,0,True,False,True,0.2979305474820544,15790.86
802,41,6,0.0,2,1,0,47322.05,0,False,True,True,0.08973020018509972,0.0
539,22,0,100885.93,2,1,1,38772.65,0,False,False,False,0.19602077245143032,9079.733699999999
494,69,9,93320.8,1,1,1,24489.44,0,False,False,True,0.2593174099419227,8398.872
594,38,6,63176.44,2,1,1,14466.08,0,True,False,True,0.1772809270381716,5685.8796
596,33,2,139451.67,1,0,0,63142.12,0,False,False,True,0.2799320351519925,12550.650300000001
649,52,8,49113.75,1,1,0,41858.43,0,False,False,False,0.8518818396435185,4420.237499999999
699,32,1,123906.22,3,1,1,127443.82,1,True,False,True,0.8000706887706072,11151.559799999999
787,40,6,0.0,2,1,1,84151.98,0,False,False,False,0.19673603511892707,0.0
604,28,7,0.0,2,0,0,58595.64,0,False,False,True,0.07789680327613556,0.0
489,52,1,131441.51,1,1,0,37240.11,1,True,False,False,0.9398526923855018,11829.7359
651,56,2,0.0,1,1,0,114522.68,1,False,False,True,0.8943512558798693,0.0
698,57,6,136325.48,2,1,1,72549.27,1,False,False,True,0.40515854558597253,12269.2932
578,38,4,113150.44,2,1,0,176712.59,1,True,False,False,0.504135515756282,10183.5396
538,42,9,0.0,1,0,0,152855.96,0,False,True,False,0.6396229976451817,0.0
696,33,4,0.0,2,1,1,73371.65,0,False,False,False,0.10924741246870935,0.0
507,46,8,102785.16,1,1,1,70323.68,0,True,False,False,0.7564902355619176,9250.6644
685,34,6,83264.28,1,0,0,9663.28,0,False,True,True,0.31883880750513954,7493.785199999999
705,41,4,72252.64,2,1,1,142514.66,0,True,False,True,0.2312904715840228,6502.7376
499,29,6,148051.52,1,1,0,118623.94,0,True,False,False,0.454899494971767,13324.636799999998
717,76,9,138489.66,1,1,1,68400.14,0,False,False,False,0.31912865751244657,12464.0694
510,63,8,0.0,2,1,1,115291.86,0,False,False,True,0.23952058489923858,0.0
632,32,6,111589.33,1,1,1,170382.99,0,False,False,True,0.22888568728559064,10043.039700000001
668,39,0,122104.79,1,1,0,112946.67,1,True,False,False,0.7368403879164144,10989.431099999998
744,32,4,96106.83,1,1,1,79812.77,0,True,False,True,0.2685704445648409,8649.614699999998
663,42,7,115930.87,1,1,0,19862.78,0,True,False,True,0.7427503880690004,10433.778299999998
638,37,7,124513.66,2,1,0,158610.89,0,True,False,False,0.49229680079314425,11206.2294
688,54,9,0.0,1,1,0,191212.63,1,False,False,False,0.8849405559882251,0.0
588,46,8,0.0,1,1,0,61931.21,0,False,True,True,0.7142153454601702,0.0
631,33,7,0.0,1,1,1,58043.02,1,False,False,True,0.31010940434354484,0.0
687,35,8,100988.39,2,1,0,22247.27,0,False,True,True,0.18097043322686793,9088.9551
599,44,10,118577.24,1,1,1,31448.52,0,False,False,True,0.4087245329760044,10671.9516
718,28,6,0.0,2,1,0,146875.86,0,False,True,True,0.06923612429883548,0.0
730,27,5,0.0,2,1,1,116081.93,0,False,False,True,0.06084009467608123,0.0
533,39,2,0.0,1,0,1,73669.94,1,False,False,False,0.49769783544645074,0.0
711,28,5,0.0,2,1,1,93959.96,0,False,True,False,0.10011203959672699,0.0
555,26,9,0.0,2,0,1,158918.03,0,False,True,False,0.12285030126841984,0.0
850,42,9,113311.11,1,1,1,198193.75,0,False,False,False,0.39992500804461906,10197.999899999999
678,41,9,0.0,1,0,0,13160.03,0,False,False,False,0.5559793974325185,0.0
576,32,7,0.0,2,1,0,4660.91,0,False,False,True,0.07552711175288163,0.0
835,20,4,124365.42,1,0,0,180197.74,1,True,False,True,0.5760686056151738,11192.8878
592,42,1,147249.29,2,1,1,63023.02,0,False,False,True,0.3067262106606867,13252.436099999999
774,36,7,103688.19,1,0,1,118971.74,0,False,False,True,0.18215823213870352,9331.9371
620,29,1,138740.24,2,0,0,154700.61,0,False,False,False,0.25887945240759447,12486.621599999999
519,39,4,111900.14,1,1,1,97577.17,0,False,True,True,0.2864191277483764,10071.0126
734,37,0,152760.24,1,1,1,48990.5,0,False,True,False,0.24430383967807168,13748.421599999998
763,31,7,143966.3,2,1,1,140262.96,1,True,False,True,0.22934489594798754,12956.966999999999
733,51,10,141556.96,1,1,0,130189.53,0,False,False,True,0.7644935501985158,12740.126399999997
650,43,6,0.0,2,1,1,16301.91,0,False,False,False,0.2396463200153596,0.0
538,33,5,0.0,2,1,0,126962.41,0,False,False,False,0.14402824893099808,0.0
577,46,1,0.0,1,1,1,158750.53,0,False,False,False,0.6933331848607789,0.0
792,30,8,0.0,2,1,0,199644.2,0,False,False,True,0.07515542127321775,0.0
686,41,10,0.0,1,1,1,144272.71,1,False,False,False,0.5169899073750418,0.0
589,29,2,0.0,2,0,1,98320.27,0,False,False,True,0.07506096732085546,0.0
530,25,9,162560.32,1,1,0,64129.03,0,False,False,True,0.3157376196049879,14630.428799999998
778,29,7,123229.46,1,1,0,181221.09,0,True,False,False,0.5897894332759988,11090.6514
616,31,7,76665.71,2,1,1,163809.08,0,False,True,True,0.11158363400640542,6899.9139000000005
550,38,9,140278.99,3,1,1,171457.06,1,False,False,True,0.8399529312486094,12625.109099999998
655,51,3,0.0,2,0,1,15801.02,0,False,False,False,0.3184338443269474,0.0
721,46,1,115764.32,2,0,0,102950.79,0,False,False,True,0.47998752038376347,10418.7888
499,36,5,131142.53,2,1,0,174918.46,0,True,False,True,0.29893392958621406,11802.827699999998
511,45,5,68375.27,1,1,0,193160.25,1,False,False,True,0.7812674824715472,6153.7743
579,39,5,117833.3,3,0,0,5831.0,1,True,False,False,0.8157915508311028,10604.997
696,36,7,0.0,2,1,1,82298.59,0,False,True,False,0.10662580720241893,0.0
681,34,7,0.0,2,0,0,130686.59,0,False,False,True,0.0769826061557998,0.0
815,45,7,0.0,1,0,1,52885.23,1,False,False,True,0.5303815470846989,0.0
681,30,2,111093.01,1,1,0,68985.99,0,False,True,True,0.30787405390969247,9998.370899999998
641,42,9,132657.55,1,1,0,35367.19,0,False,True,True,0.5575221264265534,11939.179499999998
591,56,9,128882.49,1,1,1,196241.94,1,False,False,False,0.4970220317463525,11599.4241
565,59,9,69129.59,1,1,1,170705.53,0,True,False,True,0.4532010111145862,6221.6631
487,37,6,0.0,2,1,1,126477.41,0,False,False,True,0.07707204014295055,0.0
729,39,4,121404.64,1,1,1,159618.17,0,False,False,True,0.26085846578908994,10926.4176
505,45,9,131355.3,3,1,0,195395.33,1,False,True,False,0.8214280344903819,11821.976999999999
580,35,1,102097.33,1,0,1,168285.85,0,False,False,False,0.2731852816923773,9188.759699999999
642,40,1,154863.15,1,1,1,138052.51,0,False,False,True,0.33426948854235994,13937.6835
850,41,3,99945.93,2,1,0,71179.31,0,False,True,False,0.30268561048411197,8995.133699999998
616,39,2,121704.32,2,1,0,55556.3,0,True,False,True,0.4199579753390191,10953.3888
526,43,3,0.0,2,1,0,31705.19,0,False,True,False,0.2907534389250601,0.0
523,35,8,138782.76,1,1,1,186118.93,0,True,False,True,0.4539879835077813,12490.4484
663,35,9,0.0,2,1,1,195580.28,0,False,False,True,0.06368405551670499,0.0
840,30,8,136291.71,1,1,0,54113.38,0,False,False,True,0.29750886512338476,12266.253899999998
570,42,0,107856.57,2,1,0,127528.84,0,True,False,True,0.4517074358828643,9707.0913
676,26,1,108348.66,1,0,0,60231.74,1,True,False,False,0.5861261915500988,9751.3794
689,47,1,93871.95,3,1,0,156878.42,1,False,False,True,0.9097079941482302,8448.4755
703,45,1,0.0,1,1,0,182784.11,1,False,True,False,0.7737786358318091,0.0
491,19,2,125860.2,1,0,0,129690.5,0,True,False,True,0.44685759753601206,11327.417999999998
584,49,8,172713.44,1,1,0,113860.81,0,False,False,True,0.6805037708605167,15544.209599999998
810,51,5,0.0,2,0,1,184524.74,0,False,False,False,0.32104203895779493,0.0
745,59,8,0.0,1,1,1,36124.98,0,False,True,False,0.5448089567114519,0.0
625,39,3,130786.92,1,0,1,121316.07,0,False,False,False,0.33804415970449575,11770.8228
535,29,2,112367.34,1,1,0,185630.76,0,False,False,False,0.34227765623613055,10113.0606
729,45,7,91091.06,2,1,0,71133.12,0,False,True,False,0.5928791392806734,8198.1954
655,26,7,106198.5,1,0,1,32020.42,0,False,False,False,0.22528878288496,9557.865
751,47,5,142669.93,2,1,0,162760.96,0,False,False,True,0.5147595476246716,12840.293699999998
525,33,1,112833.35,1,0,1,175178.56,0,False,False,True,0.228453579284689,10155.0015
532,40,5,0.0,2,0,1,177099.71,0,False,False,False,0.2251068247215663,0.0
696,43,4,0.0,2,1,1,66406.37,0,False,True,False,0.23000239556211405,0.0
786,32,2,104336.43,2,0,0,59559.81,0,True,False,False,0.31401853748272,9390.278699999999
580,55,6,104305.74,1,0,1,175750.21,0,False,False,True,0.542079985516325,9387.516599999999
596,47,5,140187.1,2,1,1,174311.3,0,True,False,True,0.5147746348082957,12616.839
683,39,4,0.0,2,1,0,171716.81,0,False,False,True,0.11132557515107346,0.0
747,45,1,114959.12,1,1,0,189362.39,1,False,False,False,0.7650135981886952,10346.320799999998
602,33,5,164704.38,1,0,1,180716.1,1,False,False,True,0.3186100900817646,14823.3942
779,62,10,119096.55,1,0,1,116977.89,0,False,False,True,0.36675426965052454,10718.6895
551,31,1,0.0,2,1,1,185105.44,0,False,False,True,0.07067861259160822,0.0
666,47,2,0.0,1,1,0,35046.97,1,False,False,True,0.8186045513556851,0.0
526,30,8,0.0,1,1,0,36251.0,0,False,True,True,0.3341058277650772,0.0
849,41,9,115465.28,1,1,0,103174.5,0,False,False,False,0.5197817107507666,10391.8752
471,27,4,0.0,2,1,0,122642.09,0,False,False,False,0.1468448342138501,0.0
628,43,3,184926.61,1,1,0,122937.57,0,False,True,True,0.6842289043357195,16643.3949
674,43,8,85957.88,2,1,0,8757.39,0,True,False,True,0.35771511826031327,7736.209200000001
797,32,10,114084.6,1,0,1,125782.29,0,False,False,True,0.17314949581290126,10267.614
590,29,2,166930.76,2,1,0,122487.73,0,False,True,False,0.28354188195508895,15023.7684
588,27,8,0.0,1,1,0,20066.38,0,False,False,False,0.35697678043278314,0.0
577,29,7,0.0,2,1,1,55473.15,0,False,False,True,0.06450307354048562,0.0
571,38,6,107193.82,2,0,0,38962.94,0,False,False,False,0.29320367399744085,9647.443800000001
680,36,3,116275.12,1,1,1,63795.8,0,False,False,True,0.2222256923831446,10464.760799999998
648,27,7,0.0,2,1,1,163060.43,0,False,True,False,0.12779397485392693,0.0
618,39,2,91068.56,1,1,0,26578.69,0,False,False,True,0.3613609508374428,8196.170399999999
648,41,5,123049.21,1,0,1,5066.76,0,True,False,True,0.6226327504016957,11074.4289
759,39,6,0.0,2,1,1,140497.67,0,False,False,False,0.15514035764985915,0.0
585,40,7,0.0,2,0,0,146156.98,0,False,False,True,0.146318480409272,0.0
774,42,3,137781.65,1,0,0,199316.19,0,False,False,False,0.47214975385424973,12400.3485
697,48,2,108128.96,2,1,1,103944.37,0,True,False,False,0.6652902702912985,9731.6064
605,39,10,105317.73,2,1,0,138021.36,0,False,True,True,0.2529057766713521,9478.5957
676,20,1,80569.73,1,0,0,68621.98,0,False,False,True,0.265394717539965,7251.2757
678,22,4,174852.89,1,1,1,28149.06,0,False,False,False,0.2528180788770805,15736.7601
495,45,3,89158.94,3,1,0,135169.76,1,False,True,False,0.9371938649475292,8024.3045999999995
787,85,10,0.0,2,1,1,116537.96,0,False,False,False,0.15315248614528254,0.0
770,36,2,89800.14,1,1,1,105922.69,0,False,False,True,0.19218625965953529,8082.0126
817,45,9,101207.75,1,0,0,88211.12,1,True,False,True,0.8355939989892995,9108.6975
659,43,1,106086.42,2,1,0,26900.63,0,False,False,True,0.3869888735553462,9547.7778
693,21,1,0.0,2,1,1,3494.02,0,False,False,True,0.06890698236596521,0.0
744,47,9,0.0,2,1,0,113163.17,0,False,False,True,0.30634789983391136,0.0
829,26,8,101440.36,2,1,1,19324.5,0,False,True,False,0.15390483006628655,9129.632399999999
716,38,4,0.0,2,1,0,189678.7,0,False,False,True,0.11033879254737484,0.0
671,34,7,106603.74,2,1,1,26387.71,0,False,False,True,0.12487347763065992,9594.3366
835,29,10,130420.2,2,0,0,106276.55,0,True,False,False,0.27238327837225484,11737.818
636,38,1,0.0,1,1,0,45015.38,0,False,False,False,0.5185894045278657,0.0
649,29,2,45022.23,1,1,1,173495.77,0,False,True,True,0.2820350944565184,4052.0006999999996
621,27,1,74298.43,1,1,1,52581.96,0,True,False,True,0.18543008748575407,6686.858699999999
658,31,3,133003.03,1,0,1,146339.27,1,True,False,False,0.4996664758680248,11970.2727
784,48,7,0.0,2,1,1,182609.97,0,False,True,True,0.18751314539278927,0.0
783,37,1,136689.66,1,1,0,197890.65,0,False,True,False,0.32815990399679895,12302.0694
615,32,4,0.0,2,1,1,6225.63,0,False,False,True,0.07139744290269066,0.0
791,44,5,0.0,2,1,1,123977.86,1,False,False,False,0.31269881603074073,0.0
762,53,1,102520.37,1,1,1,170195.4,0,False,False,True,0.46696828160557013,9226.833299999998
607,35,2,0.0,2,1,1,114190.3,0,False,False,True,0.08069422998724997,0.0
601,34,5,0.0,2,1,0,27022.57,0,False,False,False,0.14511987027818984,0.0
540,67,1,88382.01,1,0,1,59457.0,0,False,True,True,0.2457961286613491,7954.380899999999
812,44,4,115049.15,2,1,0,165038.41,0,False,False,True,0.37304929651715396,10354.423499999999
685,58,1,104796.54,1,1,1,154181.41,0,False,False,True,0.47075432123885014,9431.6886
680,33,1,123082.08,1,1,0,134960.98,0,False,False,True,0.27081958676696183,11077.3872
680,58,8,0.0,2,1,1,65708.5,0,False,True,False,0.26035315980806273,0.0
631,33,8,0.0,2,0,0,117374.22,0,False,False,False,0.1256850026870244,0.0
569,43,7,0.0,2,1,1,77703.19,0,False,False,False,0.24873307276571263,0.0
584,33,3,88311.48,2,1,1,177651.38,0,True,False,True,0.13917596734466836,7948.0332
582,40,9,0.0,3,1,1,60954.45,0,False,False,False,0.5490430100367523,0.0
609,32,7,71872.19,1,1,1,151924.9,0,False,False,True,0.19633797878530002,6468.4971000000005
506,35,6,110046.93,2,1,0,26318.73,0,False,True,True,0.18790118183107407,9904.223699999999
503,42,8,104430.08,1,1,1,147557.71,0,False,False,True,0.3957952351186369,9398.7072
503,28,5,0.0,2,1,0,125918.17,0,False,False,False,0.13041776218595735,0.0
806,31,10,138653.51,1,1,0,190803.37,0,True,False,True,0.44652191547049425,12478.815900000001
653,31,7,102575.04,1,1,1,11043.54,0,False,False,False,0.2354823139659383,9231.7536
666,43,7,137780.74,2,1,1,119100.05,1,False,False,True,0.3950718492968035,12400.266599999999
674,32,2,0.0,2,1,0,140579.17,0,False,True,True,0.0903459142174579,0.0
798,32,7,0.0,2,0,1,37731.95,0,False,False,True,0.05495178618883318,0.0
740,30,8,105209.54,1,1,0,1852.58,0,False,False,False,0.30919501265633426,9468.8586
531,32,0,109570.21,2,1,1,172049.84,0,True,False,False,0.2392632357894811,9861.3189
614,44,6,118715.86,1,1,0,133591.11,1,True,False,False,0.8835428626168875,10684.427399999999
556,35,10,0.0,2,1,1,192751.18,0,False,False,True,0.07326449502394984,0.0
678,43,2,153393.18,2,1,1,193828.27,0,True,False,False,0.34901873932735406,13805.3862
587,33,6,132603.36,1,1,0,55775.72,0,True,False,True,0.5208685234062489,11934.302399999997
527,36,6,0.0,2,1,1,102280.29,0,False,True,False,0.10376340836170808,0.0
757,34,1,129398.01,2,0,0,44965.44,0,True,False,False,0.27364003425381417,11645.820899999999
468,28,3,0.0,2,1,0,170661.02,0,False,True,True,0.10815350730602401,0.0
693,29,2,151352.74,1,0,0,197145.89,0,False,False,True,0.26384206039330294,13621.746599999999
483,44,5,136836.49,1,1,0,192359.9,1,False,False,False,0.7105182579873467,12315.284099999999
466,40,4,91592.06,1,1,0,141210.18,1,False,False,True,0.5159356750644972,8243.285399999999
770,30,8,0.0,2,1,0,100557.03,0,False,False,False,0.1116373089048599,0.0
734,54,3,0.0,1,1,0,130805.54,1,False,False,False,0.9050800766991284,0.0
716,22,8,0.0,2,1,1,92606.98,0,False,False,False,0.0992665984817436,0.0
439,36,2,165536.28,2,1,1,123956.83,0,False,False,True,0.17993810489708298,14898.265199999998
538,25,5,62482.95,1,1,1,102758.43,0,True,False,True,0.17483089920860803,5623.4655
743,40,8,68155.59,1,1,0,94876.65,0,False,False,True,0.47232143873896,6134.003099999999
734,43,3,55853.33,2,0,1,94811.85,1,False,True,False,0.459053881760137,5026.7997
656,37,2,0.0,2,0,1,67840.81,0,False,False,True,0.09311623289161618,0.0
666,31,2,79589.43,1,0,0,4050.57,0,False,False,False,0.345761727792228,7163.048699999999
627,41,5,100880.76,1,0,1,134665.25,0,False,True,True,0.34615829172762747,9079.268399999999
480,25,3,174330.35,2,0,0,181647.13,0,True,False,False,0.24487808650556706,15689.7315
792,19,7,143390.51,1,1,0,33282.84,0,False,False,True,0.322314356685521,12905.1459
613,59,8,91415.76,1,0,0,27965.0,1,True,False,True,0.8786800819608999,8227.418399999999
476,30,3,134366.42,1,1,0,68343.53,0,True,False,True,0.4925424915882584,12092.9778
539,24,3,0.0,2,1,1,198161.07,0,False,False,False,0.08922664069253976,0.0
696,60,8,88786.81,1,1,1,196858.4,0,False,True,True,0.3951876811986674,7990.8129
810,35,3,96814.46,2,1,1,120511.03,0,True,False,True,0.19493497227374285,8713.3014
763,32,9,160680.41,1,1,0,30886.35,0,True,False,True,0.4715856307017443,14461.2369
640,29,3,0.0,2,1,0,2743.69,0,False,False,False,0.13153715695945467,0.0
655,47,10,0.0,2,1,0,167778.62,0,False,False,False,0.428416531966405,0.0
526,31,5,145537.21,1,1,0,132404.64,0,True,False,True,0.46326722359815475,13098.348899999999
678,28,4,0.0,2,1,1,144423.17,1,False,False,False,0.125986363790941,0.0
554,45,6,0.0,2,1,1,181204.5,0,False,False,False,0.3019381548101844,0.0
597,30,2,119370.11,1,1,1,182726.22,1,False,True,False,0.3318775479276216,10743.3099
560,28,1,0.0,2,1,1,120880.72,0,False,True,False,0.1006120759796128,0.0
850,47,10,134381.52,1,0,0,26812.89,1,True,False,False,0.8954355957560423,12094.3368
546,74,8,114888.74,2,1,1,66732.63,1,True,False,False,0.5881294367513747,10339.9866
623,42,1,149332.48,2,1,0,100834.22,0,True,False,True,0.3480866947877887,13439.923200000001
698,40,7,105061.74,3,1,0,107815.31,1,False,False,False,0.8866624085280514,9455.5566
620,32,7,0.0,2,1,1,34665.79,0,False,False,True,0.06918971515339088,0.0
619,40,10,0.0,1,1,1,147093.84,1,False,False,False,0.5331810532847185,0.0
561,21,4,0.0,1,1,1,36942.35,0,False,False,True,0.27816150792318944,0.0
753,39,7,155062.8,1,1,1,16460.77,0,False,False,False,0.3080608266504423,13955.651999999998
721,43,3,88798.34,1,0,0,45610.63,0,False,True,True,0.6384097185790082,7991.8506
451,33,6,0.0,2,1,0,184954.11,0,False,False,True,0.13317055561344962,0.0
680,51,5,143139.87,1,0,0,47795.43,1,True,False,False,0.9297116974612595,12882.5883
590,23,7,0.0,2,1,0,196789.9,0,False,True,False,0.11964817879307846,0.0
634,27,3,107027.52,1,1,0,173425.68,0,True,False,True,0.4759701060115332,9632.4768
676,29,4,140720.93,1,1,0,36221.18,0,False,False,True,0.31064564341977335,12664.883699999998
642,30,8,80964.57,2,1,0,174738.2,0,False,False,True,0.15671275010879826,7286.8113
760,39,6,178585.46,1,1,0,67131.3,1,False,False,True,0.5259904875866036,16072.6914
736,26,4,135889.13,1,1,1,165692.03,0,False,True,False,0.2935519517814828,12230.0217
656,43,7,134919.85,1,1,0,194691.95,0,False,False,True,0.6442649438148053,12142.7865
776,33,8,115130.34,1,0,0,129525.5,1,True,False,True,0.5721299097508167,10361.730599999999
832,34,6,138190.13,2,0,1,146511.2,0,False,True,False,0.20136877420539975,12437.111700000001
631,37,9,131519.49,2,1,1,51752.18,0,True,False,True,0.2617756727155747,11836.754099999998
795,56,5,0.0,1,1,0,35418.69,1,False,True,False,0.8965857725383565,0.0
648,39,3,126935.98,2,0,1,57995.74,0,True,False,False,0.3192166171641995,11424.2382
615,39,4,133707.09,1,1,1,108152.75,0,False,False,True,0.2885209896185079,12033.638099999998
682,27,1,97893.2,1,1,0,166144.98,0,False,False,False,0.3107091961295393,8810.387999999999
694,34,5,127900.03,1,1,0,101737.8,0,False,False,True,0.30608563588249277,11511.002700000001
694,37,10,143835.47,1,0,1,33326.71,0,False,False,True,0.2016246046746996,12945.192299999999
607,44,0,0.0,2,1,1,81140.09,0,False,False,True,0.23623946465447582,0.0
664,48,10,0.0,1,1,0,140173.17,1,False,False,True,0.799300146715195,0.0
756,60,2,0.0,1,1,1,166513.49,1,False,False,True,0.5600764607292896,0.0
645,40,3,129596.77,1,1,1,103232.6,0,False,False,False,0.4029530881115611,11663.7093
653,30,4,0.0,2,1,0,120736.04,0,False,True,True,0.07285464363374261,0.0
710,24,2,110407.44,2,0,0,15832.43,1,True,False,False,0.3583262317771328,9936.6696
697,76,7,0.0,2,0,1,188772.45,0,False,False,False,0.1339591909927438,0.0
619,41,8,142015.76,2,1,0,114323.66,0,True,False,False,0.40779886339273574,12781.418400000002
648,55,1,81370.07,1,0,1,181534.04,0,False,True,True,0.4317563173842825,7323.3063
482,48,2,69329.47,1,0,0,102640.52,1,True,False,False,0.8561248482754747,6239.6523
548,28,8,116755.5,2,1,1,158585.17,1,False,False,False,0.2307322656939868,10507.994999999999
752,44,6,83870.33,1,1,0,178722.24,0,False,True,True,0.6517924157208757,7548.3297
648,39,6,130694.89,2,1,1,153955.38,1,False,False,False,0.27700976352636664,11762.5401
643,34,8,117451.47,1,1,0,65374.86,0,False,True,False,0.3650172699053213,10570.632300000001
573,35,9,206868.78,2,0,1,102986.15,0,True,False,False,0.15217173622273578,18618.1902
686,39,3,111695.62,1,0,0,136643.84,0,False,False,False,0.4871253852957491,10052.6058
644,40,9,137285.26,4,1,0,77063.63,1,False,False,False,0.923541920990662,12355.673400000001
702,29,6,149218.39,1,1,1,9633.01,0,False,False,False,0.25361080966106064,13429.6551
652,51,7,0.0,2,0,1,43496.36,0,False,False,True,0.2315883264850344,0.0
641,32,7,0.0,2,1,1,24267.28,0,False,True,True,0.06356574644728198,0.0
692,41,8,130701.29,1,1,0,59354.24,1,True,False,False,0.7392009111441545,11763.1161
574,34,5,0.0,2,0,0,28269.86,0,False,True,True,0.07241138766318865,0.0
643,31,3,167949.48,1,1,0,143162.34,0,False,False,False,0.3875068451439541,15115.4532
834,23,4,131254.81,1,1,0,20199.3,0,False,False,True,0.3276459521719593,11812.9329
591,28,5,0.0,2,1,1,48606.92,0,False,False,True,0.0656749202113442,0.0
470,34,9,0.0,2,0,1,89013.67,0,False,True,True,0.0850972539515723,0.0
608,34,7,86656.13,1,0,1,59890.29,0,False,True,True,0.2040321855280607,7799.0517
649,37,8,114737.26,1,1,1,106655.88,1,True,False,False,0.6116605119422668,10326.353399999998
665,38,5,0.0,2,1,0,156439.56,0,False,False,False,0.16856041343714748,0.0
651,39,6,0.0,1,1,0,24176.44,0,False,False,False,0.537045074381797,0.0
555,62,4,119817.33,1,0,1,43507.1,1,True,False,True,0.7852785846643776,10783.5597
637,48,7,130806.99,2,1,1,132005.85,1,False,False,False,0.5410172597937454,11772.6291
675,49,0,0.0,1,1,1,80496.71,1,False,False,False,0.6905235395261028,0.0
677,40,5,0.0,2,1,0,88947.56,0,False,True,True,0.10890090102489162,0.0
850,35,2,80931.75,1,0,0,12639.67,1,True,False,False,0.5197801549108957,7283.8575
815,56,3,0.0,3,1,1,94248.16,1,False,False,False,0.8485703299950508,0.0
665,32,1,132178.67,1,0,0,11865.76,0,True,False,True,0.4682394634954216,11896.080300000001
485,27,3,0.0,2,1,0,141449.86,0,False,False,False,0.15198082728143103,0.0
577,43,6,0.0,2,1,1,149457.81,0,False,True,True,0.19442185608733964,0.0
586,35,7,164769.02,3,1,0,119814.25,1,False,False,False,0.8758672713320693,14829.211799999997
722,29,1,107233.85,2,1,0,24924.92,0,True,False,True,0.2719303310388574,9651.0465
528,27,7,176227.07,2,0,1,139481.53,0,False,False,False,0.25447758855819047,15860.436300000001
542,39,4,109949.39,2,1,1,41268.65,0,False,False,False,0.26896888038478367,9895.445099999999
552,34,5,0.0,2,1,1,1351.41,0,False,False,False,0.11982498669983163,0.0
678,60,10,117738.81,1,1,0,147489.76,1,False,False,False,0.8606450270431678,10596.4929
575,37,9,133292.45,1,1,0,111175.09,0,False,True,False,0.38698432298012814,11996.320500000002
669,43,1,160474.59,1,1,1,95963.14,0,False,False,False,0.5260249277088511,14442.713099999999
636,43,6,0.0,2,1,0,43128.95,0,False,False,True,0.23287337953498105,0.0
667,55,9,154393.43,1,1,1,137674.96,1,True,False,True,0.7127140663190314,13895.4087
652,45,9,110827.49,1,1,1,153383.54,1,True,False,False,0.7785292458670285,9974.4741
637,36,10,145750.45,2,1,1,96660.76,0,True,False,False,0.17963165119089625,13117.5405
516,45,8,109044.3,1,0,1,115818.16,0,False,True,False,0.5329570756713208,9813.987000000001
801,32,4,75170.54,1,1,1,37898.5,0,False,False,False,0.20238414303751903,6765.348599999999
692,42,2,0.0,2,1,0,145222.93,0,False,False,False,0.29308478850438885,0.0
585,28,6,105795.9,1,1,1,41219.09,0,False,False,False,0.23414395080192216,9521.630999999998
590,32,5,0.0,2,1,0,59249.83,0,False,False,True,0.08388654697477108,0.0
554,66,8,0.0,2,1,1,116747.62,0,False,True,True,0.1797244155426097,0.0
659,49,1,0.0,1,1,0,116249.72,1,False,False,False,0.8749738401817909,0.0
690,26,3,118097.87,1,1,0,61257.83,0,False,False,False,0.35433926577236574,10628.8083
697,29,0,172693.54,1,0,0,141798.98,0,True,False,True,0.3286417124303014,15542.4186
610,36,4,129440.3,2,1,0,102638.35,0,False,False,True,0.22207935262278525,11649.627
599,36,4,0.0,2,0,0,13210.56,0,False,True,True,0.07905898574881749,0.0
544,23,1,96471.2,1,1,0,35550.97,0,False,False,True,0.2567154996346234,8682.408
548,46,1,0.0,1,1,1,104469.06,1,False,False,False,0.6843949219700325,0.0
635,24,4,140197.18,1,1,1,142935.83,0,False,True,True,0.20637627714785123,12617.7462
722,20,6,0.0,2,1,0,195486.28,0,False,False,True,0.08014266973394792,0.0
564,33,4,135946.26,1,1,0,63170.0,0,False,False,False,0.3649128134818135,12235.1634
719,69,3,0.0,2,1,1,58320.06,0,False,False,True,0.08109958635981059,0.0
547,50,3,81290.02,3,0,1,177747.03,1,True,False,True,0.8121479149429903,7316.1018
850,42,8,0.0,1,1,0,19632.64,1,False,False,False,0.645875085571099,0.0
515,60,9,113715.36,1,1,0,18424.24,1,True,False,True,0.9289614522031414,10234.382399999999
667,56,2,168883.08,1,0,1,18897.78,0,False,True,True,0.455119059176263,15199.477199999998
607,36,8,143421.74,1,1,0,97879.02,0,True,False,True,0.5304012224841091,12907.956599999998
525,26,7,153644.39,1,1,1,63197.88,0,False,False,True,0.19472014309416721,13827.995100000002
606,53,1,109330.06,1,1,1,75860.01,0,False,True,False,0.5470403029740125,9839.705399999999
686,27,1,115095.88,2,0,0,78622.46,0,True,False,False,0.32474233359581733,10358.6292
611,35,10,0.0,1,1,1,23598.23,1,False,False,True,0.37967893268126546,0.0
827,46,1,183276.32,1,1,1,13460.27,0,False,True,True,0.37945704465660346,16494.8688
572,33,9,68193.72,1,1,0,19998.31,0,False,False,True,0.34614270166413413,6137.4348
726,32,8,0.0,2,0,0,185075.63,0,False,False,False,0.12836136222474023,0.0
579,31,6,139729.54,1,0,1,135815.38,0,True,False,True,0.36342311116205167,12575.658599999999
598,56,4,98365.33,1,1,1,44251.33,0,False,True,False,0.5432996697210043,8852.8797
663,36,10,0.0,2,1,0,136349.55,0,False,False,True,0.09268648877476769,0.0
505,37,10,122453.97,2,1,1,52693.99,0,True,False,False,0.3045869648815595,11020.8573
576,30,7,132174.41,2,0,0,93767.03,0,True,False,True,0.25393323304383675,11895.6969
555,24,2,0.0,2,0,1,197866.55,0,False,True,False,0.1095126524913422,0.0
524,30,1,0.0,2,1,0,126812.85,0,False,False,True,0.08200189095923836,0.0
776,39,2,104349.45,1,0,0,79503.05,0,False,True,True,0.328368094687276,9391.450499999999
645,41,2,138881.04,1,1,0,129936.53,1,True,False,False,0.6831879097994935,12499.2936
850,32,0,116968.91,1,0,0,175094.62,0,True,False,False,0.5159697011826008,10527.2019
603,35,1,105346.03,2,1,1,130379.5,0,True,False,True,0.18106653276627996,9481.142699999999
691,26,9,136623.19,1,1,0,153228.0,0,False,False,True,0.28475511380767626,12296.0871
583,29,10,0.0,2,1,1,111285.85,0,False,False,False,0.13240499651448356,0.0
584,66,5,0.0,1,1,0,49553.38,1,False,False,False,0.8306401314488312,0.0
679,33,6,0.0,2,1,1,98015.85,0,False,False,False,0.10594304950872008,0.0
646,36,6,124445.52,1,1,0,88481.32,0,False,False,True,0.3286130170543369,11200.0968
559,34,5,68999.66,2,1,1,66879.27,0,False,False,False,0.13651916596460115,6209.9694
595,36,6,85768.42,1,1,1,24802.77,0,False,True,True,0.23838790059406326,7719.1578
527,47,1,0.0,1,1,0,21312.16,1,False,False,True,0.8187302631905647,0.0
684,34,9,100628.0,2,1,1,190263.78,0,False,True,True,0.11250379766623007,9056.519999999999
673,32,0,0.0,1,1,1,72873.33,0,False,True,False,0.35578242478534294,0.0
802,38,7,0.0,2,0,1,57764.65,0,False,True,True,0.07544870074645016,0.0
675,54,6,0.0,1,1,0,110273.84,1,False,False,True,0.8920859303535024,0.0
762,19,6,0.0,2,1,0,55500.17,0,False,True,False,0.12153412268367958,0.0
580,50,0,125647.36,1,1,0,57541.08,1,False,False,True,0.7899745243690062,11308.2624
621,31,8,100375.39,1,1,1,90384.26,0,True,False,False,0.42788497156318167,9033.785100000001
411,36,10,0.0,1,0,0,120694.35,0,False,False,False,0.5042299201651607,0.0
815,24,7,171922.72,1,0,1,178028.96,0,False,False,True,0.20988715794895962,15473.0448
631,32,2,146810.99,2,1,1,180990.29,0,True,False,False,0.1642967303988998,13212.989099999999
514,45,3,109032.23,1,0,1,155407.21,1,True,False,False,0.8253376432558306,9812.9007
638,57,6,0.0,1,1,0,33676.48,1,False,False,True,0.8876642700875127,0.0
791,25,7,0.0,1,1,0,89666.28,0,False,True,True,0.3859689968660791,0.0
516,35,5,128653.59,1,1,0,127558.26,0,False,False,True,0.30596935446515366,11578.823099999998
734,37,3,80387.81,1,0,1,77272.62,0,False,False,True,0.21868544420773156,7234.902899999999
611,58,8,0.0,2,0,1,107665.68,1,False,False,True,0.3009077772591184,0.0
850,43,0,108508.82,3,1,0,184044.8,1,True,False,True,0.8403904327524278,9765.7938
641,31,10,155978.17,1,1,0,91510.71,0,False,False,True,0.2922794918479038,14038.035300000001
585,38,5,0.0,1,1,1,87363.56,0,False,False,False,0.343101653700013,0.0
552,50,4,121175.56,1,1,0,117505.07,1,True,False,True,0.925872844125458,10905.8004
507,29,4,89349.47,2,0,0,180626.68,0,False,False,False,0.2578328721515292,8041.452300000001
735,38,7,86131.71,2,0,0,93478.96,0,False,True,True,0.21554423586008997,7751.8539
707,58,3,102346.86,1,1,1,114672.64,0,False,False,False,0.556652981574148,9211.2174
698,36,7,121263.62,1,1,1,13387.88,0,True,False,False,0.5971429090588436,10913.7258
841,31,2,0.0,2,1,0,173240.52,0,False,False,True,0.0951996336607087,0.0
688,33,2,0.0,1,0,0,27557.18,1,False,True,False,0.5323486060849167,0.0
614,51,3,0.0,2,1,1,5552.37,0,False,False,True,0.24957520543216016,0.0
511,48,6,149726.08,1,0,0,88307.87,1,True,False,True,0.8523604291507961,13475.347199999997
447,43,2,0.0,2,1,0,33879.26,1,False,False,True,0.3863317892452641,0.0
738,35,5,161274.05,2,1,0,181429.87,0,False,False,True,0.2214189000214276,14514.664499999999
422,33,2,0.0,2,1,0,102655.31,0,False,False,False,0.1963824117832001,0.0
537,30,1,103138.17,1,1,1,96555.42,0,False,True,True,0.1962827838939921,9282.4353
707,40,3,109628.44,1,1,0,189366.03,0,True,False,False,0.679480934358934,9866.5596
690,54,5,0.0,1,1,0,12847.61,1,False,False,True,0.8819798277479204,0.0
664,33,7,97286.16,2,1,0,143433.33,0,True,False,True,0.23484853683147464,8755.7544
850,33,7,118004.26,1,1,0,183983.82,0,False,False,False,0.3400594540480501,10620.383399999999
584,32,9,85534.83,1,0,0,169137.24,0,False,True,True,0.2655025122194341,7698.1347
728,59,4,0.0,1,1,1,163365.85,1,False,False,False,0.6815552903385074,0.0
560,43,4,95140.44,2,1,0,123181.44,1,False,True,False,0.5444581950862181,8562.6396
629,31,6,0.0,1,1,1,16447.6,1,False,False,False,0.3085195980465153,0.0
658,25,3,0.0,2,0,1,173948.4,0,False,False,True,0.06324749683824055,0.0
794,54,1,75900.84,1,1,1,192154.66,0,True,False,False,0.5060073460317711,6831.075599999998
790,41,2,126619.27,1,1,0,198224.38,0,False,False,False,0.46476965107674595,11395.7343
640,44,7,111833.47,1,1,0,67202.74,0,False,False,True,0.6562691052896773,10065.0123
652,37,7,0.0,2,1,0,68789.93,0,False,True,True,0.08894975299793785,0.0
583,57,3,238387.56,1,0,1,147964.99,1,False,False,False,0.7110019803142369,21454.880400000002
775,32,2,108698.96,2,1,1,161069.73,0,False,False,False,0.18438865644498065,9782.9064
584,39,2,112687.69,1,1,1,127749.61,0,False,False,False,0.35399068399523803,10141.892100000001
635,48,4,81556.89,2,1,0,191914.37,0,True,False,False,0.5562486628607636,7340.120099999999
814,48,9,136596.85,1,1,1,185791.9,0,False,False,True,0.3813843941322637,12293.716499999999
735,43,9,98807.45,1,0,0,184570.04,1,True,False,False,0.8498043127036723,8892.670499999998
678,31,1,0.0,2,0,1,130446.65,0,False,False,False,0.13236223546125941,0.0
693,37,1,0.0,2,1,1,82867.55,0,False,False,True,0.07852114721855524,0.0
640,30,6,107499.7,1,1,1,187632.22,0,False,False,False,0.2940061336888766,9674.973
773,23,8,0.0,2,1,0,56759.79,0,False,True,False,0.11119141261163593,0.0
736,30,9,0.0,2,1,0,34180.33,0,False,False,False,0.10628747079587168,0.0
693,28,8,0.0,2,1,1,158545.25,0,False,False,False,0.11822839218103756,0.0
496,41,1,176024.05,2,1,0,182337.98,0,False,False,False,0.46552766728213224,15842.164499999999
751,39,3,0.0,2,1,1,84175.34,0,False,False,False,0.15526377472347025,0.0
528,39,0,127631.62,1,0,1,22197.8,1,True,False,True,0.6817913256379369,11486.8458
754,19,9,0.0,1,1,0,189641.11,0,False,True,False,0.41815366465466774,0.0
568,26,10,109819.16,2,1,0,154491.39,0,True,False,False,0.3049395159400883,9883.7244
592,41,2,138734.94,1,1,0,90020.74,0,False,True,False,0.5495988894619157,12486.1446
558,25,10,111363.1,2,1,0,197264.35,0,True,False,True,0.26953687286575506,10022.679
825,34,9,0.0,2,1,1,31933.06,0,False,False,True,0.0523365502960345,0.0
677,28,0,143988.0,2,1,0,8755.69,1,True,False,True,0.388901076048947,12958.919999999998
653,34,5,118838.75,1,1,1,52820.13,0,False,False,True,0.2066371479654381,10695.4875
593,35,4,161637.75,1,1,1,20008.46,0,False,True,True,0.21899161403001982,14547.3975
632,44,3,133793.89,1,1,1,34607.14,1,False,False,False,0.5686210784255099,12041.450100000002
601,35,8,71553.83,1,1,0,177384.45,0,True,False,True,0.3361972783412378,6439.8447
786,62,8,0.0,1,1,1,165702.64,0,False,False,False,0.5194858390487634,0.0
654,40,3,0.0,2,1,0,167889.1,0,False,False,False,0.2311026627143773,0.0
572,38,7,0.0,2,1,1,133122.62,0,False,False,False,0.1330122897845637,0.0
813,62,10,64667.95,2,0,1,140454.14,0,False,False,False,0.3107471550014445,5820.1155
523,28,2,121164.11,1,1,1,59938.81,0,False,False,False,0.22893707951965364,10904.7699
506,50,3,0.0,2,1,0,12016.79,0,False,True,True,0.38671537678856266,0.0
513,72,3,98903.06,1,1,1,81251.24,0,False,True,True,0.26590644763521165,8901.275399999999
664,31,7,104158.84,1,1,0,134169.85,0,False,False,False,0.3440031499029644,9374.2956
684,54,6,0.0,2,1,1,94888.6,0,False,False,True,0.21785852995046395,0.0
608,63,3,139529.93,2,1,1,175696.16,1,False,True,False,0.4139801716008549,12557.6937
527,25,6,0.0,2,0,1,96758.58,0,False,False,False,0.10376815265376518,0.0
666,53,5,64646.7,1,1,0,128019.48,1,False,False,True,0.8513110452601065,5818.2029999999995
779,71,3,0.0,2,1,1,146895.36,1,False,False,True,0.08628595116692095,0.0
629,40,6,0.0,2,1,1,139356.3,0,False,False,False,0.21488647781525042,0.0
430,35,1,118894.22,1,0,0,2923.61,0,False,False,True,0.2951316089051694,10700.4798
712,24,2,0.0,1,0,1,121232.51,0,False,False,True,0.2544272081220173,0.0
682,30,9,0.0,2,1,1,2053.42,0,False,False,True,0.05958881755472062,0.0
634,41,8,68213.99,1,1,1,6382.46,0,False,False,False,0.4119422837449123,6139.2591
487,31,1,0.0,2,1,0,158750.13,0,False,True,False,0.15019668288054688,0.0
808,47,8,139196.0,1,0,1,74028.36,0,False,True,True,0.3999090765080868,12527.64
527,32,7,0.0,2,1,1,44099.75,0,False,False,False,0.09057123484356247,0.0
637,50,4,126345.55,1,0,1,17323.0,1,True,False,True,0.8268302077563469,11371.0995
802,40,5,0.0,2,1,1,175043.69,0,False,True,True,0.0831907476803838,0.0
529,38,2,0.0,1,1,0,146388.85,1,False,False,False,0.5705255007183215,0.0
850,43,3,0.0,2,0,0,2465.8,0,False,False,False,0.27418909338650077,0.0
738,18,4,0.0,2,1,1,47799.15,0,False,False,True,0.053614353779257676,0.0
817,34,5,129278.43,1,0,0,165562.84,0,False,False,True,0.28136766034873123,11635.0587
735,31,3,119558.35,1,0,0,72927.68,0,False,False,True,0.2893114397981249,10760.2515
619,41,5,92467.58,1,1,0,38270.47,0,True,False,False,0.6535165202793016,8322.0822
671,27,5,0.0,2,0,0,120893.07,0,False,False,True,0.07203601078732509,0.0
581,31,6,0.0,2,1,0,188377.21,0,False,True,False,0.13063153186514456,0.0
690,36,10,0.0,2,1,0,55902.93,0,False,True,True,0.09451258363603068,0.0
579,56,4,99340.83,1,0,0,4523.74,1,False,True,True,0.831871034158431,8940.6747
688,24,3,0.0,2,1,1,102195.16,0,False,True,False,0.12814663154476408,0.0
599,28,4,126833.79,2,1,0,60843.09,1,False,True,False,0.271333970607885,11415.041099999999
729,29,5,109676.52,1,1,1,25548.47,0,True,False,True,0.3705675365625824,9870.8868
718,29,3,0.0,1,0,1,134462.29,0,False,False,False,0.297584989650821,0.0
712,53,6,134729.99,2,1,1,132702.64,0,True,False,True,0.5830610244838758,12125.699099999998
474,37,3,98431.37,1,0,0,75698.44,0,False,False,True,0.3246569635461782,8858.823299999998
565,33,8,130368.31,2,1,0,105642.43,0,True,False,True,0.2904846500489667,11733.1479
658,31,7,123974.96,1,1,0,102153.75,0,False,False,False,0.3530351806394634,11157.7464
714,63,4,138082.16,1,0,1,166677.54,0,False,False,True,0.39797069162460325,12427.3944
725,45,1,129855.32,1,0,0,24218.65,0,False,False,True,0.6333717476056422,11686.9788
825,40,6,132308.22,1,0,0,117122.5,0,False,False,True,0.43322975064436164,11907.7398
665,45,5,155447.65,2,1,0,51871.95,1,True,False,False,0.6853075256141281,13990.288499999999
670,35,2,124268.64,2,0,1,84321.03,0,False,True,True,0.1480011000518374,11184.177599999999
474,34,9,176311.36,1,1,0,160213.27,0,True,False,False,0.3887280067374535,15868.022399999998
591,40,2,99886.42,2,1,1,88695.19,0,False,False,True,0.22517339621961155,8989.7778
508,31,7,0.0,2,1,1,6123.15,0,False,False,False,0.11788384146162341,0.0
695,36,2,0.0,2,0,1,167749.54,0,False,False,False,0.13334692028670583,0.0
660,24,5,85089.3,1,1,1,71638.0,0,True,False,True,0.2018092178300191,7658.037
687,41,10,134318.21,2,1,1,198064.52,0,True,False,True,0.26213310355350944,12088.638899999998
658,29,5,75395.53,2,0,1,54914.92,0,True,False,True,0.085362965093101,6785.597699999999
705,33,5,116765.7,1,0,0,190659.17,1,True,False,False,0.6342436987094874,10508.913
739,60,4,0.0,1,1,1,51637.67,0,False,True,True,0.5624134546871238,0.0
844,38,7,111501.66,1,1,1,119333.38,0,False,False,True,0.19741134941275146,10035.149399999998
602,48,7,76595.08,2,0,0,127095.14,0,True,False,False,0.6347322166465578,6893.557199999999
759,33,9,160541.36,2,0,0,93541.14,0,False,False,False,0.21237545188523607,14448.722399999999
747,38,2,129728.6,1,1,0,89289.54,0,True,False,True,0.6026550824688577,11675.574
673,47,1,0.0,2,0,0,108762.16,0,False,False,True,0.2809900008050113,0.0
671,34,5,130929.02,4,1,1,28238.25,1,False,True,False,0.8093178056530214,11783.6118
640,74,2,116800.25,1,1,1,34130.43,0,True,False,False,0.4886215701610763,10512.0225
581,40,0,101016.53,1,0,1,7926.35,1,True,False,True,0.6718882646448321,9091.4877
630,67,5,0.0,2,1,1,27330.27,0,False,False,True,0.10686683424593574,0.0
703,33,8,190566.65,1,1,1,79997.14,0,False,False,False,0.34361787246951886,17150.9985
698,47,6,0.0,1,1,0,50213.81,1,False,True,False,0.8653660633486833,0.0
742,43,6,97067.69,1,0,1,60920.03,1,True,False,False,0.7811521583586589,8736.0921
652,37,4,92208.54,1,0,1,197699.8,1,False,False,False,0.4268020635128151,8298.7686
644,37,2,186347.97,2,1,0,92809.73,0,False,False,True,0.2763531107769898,16771.3173
735,55,2,103176.62,1,0,1,163516.16,0,False,True,True,0.46771116692305165,9285.895799999998
777,58,4,0.0,1,1,1,62449.07,1,False,False,False,0.6971366495244858,0.0
644,40,4,77270.08,2,1,1,115800.1,1,True,False,False,0.4252788877315939,6954.307199999999
665,37,3,111911.63,1,1,1,110359.68,1,True,False,False,0.6064797284259391,10072.046699999999
529,72,5,94216.05,1,1,1,78695.68,0,True,False,True,0.37206924305534556,8479.4445
803,45,7,0.0,2,1,1,128378.04,0,False,True,False,0.2547846084224938,0.0
604,26,3,0.0,2,1,0,155248.62,0,False,True,False,0.1299850187544994,0.0
738,49,6,106770.82,1,1,0,123499.27,0,False,False,True,0.7529131315044895,9609.373800000001
655,72,5,138089.97,2,1,1,99920.41,0,True,False,False,0.3969713608011077,12428.0973
698,39,9,133191.19,2,0,1,53289.49,0,True,False,True,0.25499264941961053,11987.2071
775,66,9,0.0,2,1,1,67622.34,0,False,False,False,0.16526260874234125,0.0
735,41,7,74135.85,1,1,1,11783.1,1,False,False,True,0.3162743605819597,6672.2265
766,41,6,99208.46,2,1,0,62402.38,0,False,True,True,0.22342710043927366,8928.7614
537,84,8,92242.34,1,1,1,186235.98,0,True,False,True,0.31653331741633123,8301.8106
599,25,7,108380.72,1,1,1,79005.95,0,True,False,True,0.32515163193288266,9754.2648
420,55,4,91893.32,1,1,0,144870.28,1,False,True,False,0.8617289037786322,8270.3988
674,32,7,85757.93,1,1,1,95481.0,0,False,False,False,0.2055569306968094,7718.213699999998
570,46,3,0.0,2,0,0,820.46,0,False,False,False,0.3318813182838706,0.0
623,33,8,96759.42,1,1,1,174777.98,0,True,False,True,0.3168618712761388,8708.3478
710,30,6,0.0,2,1,1,8991.17,0,False,False,True,0.06609065921359196,0.0
466,29,6,0.0,2,1,1,2797.27,0,False,False,True,0.06945674426781417,0.0
759,22,5,0.0,1,1,0,22303.17,0,False,False,False,0.43655578627742253,0.0
581,71,4,0.0,2,1,1,197562.08,0,False,False,True,0.17442081253966613,0.0
820,33,2,132150.26,2,1,0,23067.97,0,False,False,True,0.1608323833868393,11893.523400000002
759,41,9,0.0,2,0,1,190294.12,0,False,False,True,0.13754674909388004,0.0
628,31,6,175443.75,1,1,0,113167.17,1,False,False,False,0.498743750340915,15789.9375
676,31,3,78990.15,1,1,1,124777.14,0,False,False,True,0.19296329594014647,7109.1134999999995
591,33,4,113743.37,1,1,0,124625.08,0,False,False,False,0.35072222279985177,10236.903299999998
690,26,5,157624.84,1,1,1,49599.27,0,False,False,False,0.24410366406304437,14186.235599999998
624,62,7,125163.62,2,1,1,151411.5,0,False,False,False,0.4788373200316478,11264.7258
573,23,2,0.0,1,1,0,122964.18,0,False,False,False,0.3811344486361204,0.0
694,60,9,0.0,1,1,1,57088.97,0,False,False,True,0.5177974612968856,0.0
632,29,7,80922.75,1,1,0,7820.78,0,False,True,False,0.3590118395994971,7283.0475
632,40,3,193354.86,2,1,0,149188.41,0,False,False,True,0.34854265059696077,17401.9374
832,40,9,107648.94,2,1,1,134638.97,0,True,False,False,0.4179593095730123,9688.4046
598,46,7,131769.04,1,0,0,184980.23,1,True,False,False,0.9057061683434813,11859.213600000001
430,36,1,138992.48,2,0,0,122373.42,0,True,False,True,0.2686213588372205,12509.3232
711,37,8,113899.92,1,0,0,80215.2,0,False,False,False,0.3803610544021144,10250.9928
582,26,6,114450.32,1,1,1,14081.64,0,True,False,True,0.3473668917319984,10300.5288
605,39,3,0.0,2,1,0,199390.45,0,False,False,True,0.1341145105878114,0.0
657,37,2,0.0,2,1,1,7667.48,0,False,False,False,0.16335890431784816,0.0
578,40,6,63609.92,1,0,0,74965.61,1,False,True,True,0.5151281795918572,5724.8928
532,38,9,0.0,2,0,0,30583.95,0,False,False,True,0.10766233802466729,0.0
612,42,10,75497.51,1,0,0,149682.78,0,False,False,False,0.6336286281606417,6794.7759
792,42,2,0.0,2,1,0,92664.09,0,False,False,False,0.2839840834095647,0.0
674,26,10,0.0,2,1,1,138423.1,0,False,False,False,0.1415031930464436,0.0
680,31,1,0.0,2,1,1,3148.2,0,False,False,True,0.0723814700218385,0.0
593,39,0,117704.73,1,1,0,197933.5,0,False,False,False,0.41839929358673184,10593.4257
679,35,1,130463.55,2,1,1,37341.17,0,True,False,True,0.2091614553974879,11741.7195
493,32,8,46161.18,1,1,1,79577.4,0,False,True,True,0.25776175613399077,4154.5062
688,42,5,0.0,2,0,0,197602.29,0,False,True,True,0.19297471722307766,0.0
769,43,4,110182.54,2,1,1,87537.32,0,True,False,True,0.5407341494483643,9916.4286
581,49,10,0.0,2,0,0,41623.59,0,False,True,True,0.3594636932056372,0.0
465,41,9,117221.15,1,1,0,168280.95,0,False,False,True,0.49565800222416156,10549.903499999999
641,35,4,0.0,2,0,0,125986.18,0,False,False,False,0.1454591578473188,0.0
731,43,9,79120.27,1,0,0,548.52,1,True,False,False,0.7162414549770862,7120.8243
625,37,1,177069.24,2,1,1,96088.54,0,False,False,True,0.1740895689755784,15936.2316
468,36,3,61636.97,1,0,0,107787.42,0,False,False,True,0.34464900515651203,5547.3273
790,26,5,0.0,1,1,0,20510.79,0,False,False,True,0.4055848452542869,0.0
587,37,6,104414.03,1,1,0,192026.02,0,True,False,False,0.6149871988658452,9397.2627
692,66,4,159732.02,1,1,1,118188.15,0,False,False,True,0.3211019933821257,14375.8818
676,34,4,89437.03,1,1,1,189540.95,0,True,False,False,0.4351143845586282,8049.332699999999
571,41,8,0.0,1,1,1,63736.17,0,False,False,True,0.3735681379583242,0.0
700,32,3,0.0,1,0,0,95740.37,0,False,False,False,0.4443061949350367,0.0
445,30,3,0.0,2,1,1,127939.19,0,False,False,False,0.11233543789477003,0.0
746,36,7,142400.77,1,1,1,193438.69,0,False,False,True,0.22826548955426718,12816.0693
722,47,2,88011.4,1,1,1,90655.94,1,False,False,False,0.6025433990982928,7921.025999999999
596,36,2,0.0,2,1,1,12067.39,0,False,False,True,0.07491991655892244,0.0
850,30,8,154870.28,1,1,1,54191.38,0,True,False,False,0.39508075848845725,13938.3252
597,46,4,0.0,2,1,0,58667.16,1,False,True,False,0.3862995595588179,0.0
436,43,5,0.0,2,1,1,35687.43,0,False,True,True,0.21656408862734833,0.0
660,28,1,118402.25,2,1,0,14288.93,0,True,False,True,0.31154905653901144,10656.2025
649,37,9,87374.88,2,1,1,247.36,0,False,False,True,0.17652459714023794,7863.7392
646,32,8,105397.8,1,1,0,78111.84,1,True,False,True,0.5279997534360255,9485.802
560,31,5,125341.69,1,1,0,79547.39,0,False,True,False,0.3868604385467269,11280.7521
710,49,10,129164.88,1,1,1,193266.72,0,True,False,True,0.6233615695200758,11624.839199999999
513,40,3,141004.46,1,1,0,105028.46,0,False,False,True,0.4734848092697416,12690.401399999999
607,21,0,0.0,2,1,0,116106.52,0,False,False,False,0.16705251839250423,0.0
757,57,3,89079.41,1,1,1,53179.21,1,False,False,True,0.5285688249669381,8017.146900000001
619,40,9,103604.31,2,0,0,140947.05,0,True,False,True,0.4194220320667267,9324.387899999998
612,24,1,182705.05,1,1,1,171837.06,0,False,False,True,0.23326176962424883,16443.454499999996
842,29,8,0.0,2,1,1,123437.05,0,False,False,True,0.06333766713860184,0.0
713,33,6,94598.48,1,0,0,197519.66,1,False,False,True,0.35858413284270896,8513.8632
657,36,8,188241.05,2,0,0,183058.51,1,False,True,True,0.41748092333028675,16941.694499999998
770,37,9,0.0,2,0,0,22710.72,0,False,False,False,0.13775534328848824,0.0
773,40,10,0.0,2,0,1,69303.15,0,False,False,False,0.21523960940308928,0.0
470,39,5,117469.91,2,0,0,63705.9,0,True,False,True,0.3411925507673469,10572.2919
781,35,4,80790.74,1,1,0,116429.51,0,False,True,True,0.3235386848955437,7271.1666000000005
428,62,1,107735.93,1,0,1,58381.77,0,False,False,False,0.6018285959935097,9696.233699999999
600,43,8,133379.41,1,1,0,177378.66,1,True,False,True,0.8582304961900725,12004.1469
697,37,7,168066.87,1,1,0,35450.53,0,False,True,False,0.392642307770979,15126.0183
692,43,2,69014.49,2,0,0,164621.43,0,True,False,False,0.4066465927852191,6211.304100000001
791,28,4,0.0,1,1,0,174435.48,0,False,False,True,0.3815013823186754,0.0
538,42,1,98548.62,2,0,1,94047.75,0,True,False,False,0.43927287731783743,8869.3758
820,49,1,0.0,2,1,1,119087.25,0,False,False,False,0.290362581530772,0.0
679,26,3,76554.06,1,1,1,184800.27,0,False,True,False,0.2850318597847676,6889.8654
649,36,2,0.0,2,0,1,75035.48,0,False,False,False,0.15311504995911357,0.0
632,27,3,107375.82,1,1,1,62703.38,0,False,False,False,0.24112769434176023,9663.8238
594,40,9,122417.17,2,0,1,190882.69,0,False,False,True,0.20197525867893518,11017.545299999998
682,42,0,0.0,1,0,1,91981.85,1,False,False,False,0.6166499268447723,0.0
720,33,6,97188.62,1,0,0,91881.29,0,False,True,True,0.276283614914867,8746.9758
769,31,4,61297.05,2,1,1,7118.02,0,False,False,True,0.10912027150159402,5516.7345
746,30,1,112666.67,1,0,0,11710.4,1,False,True,True,0.3183149129263564,10140.0003
623,40,7,0.0,1,1,1,25904.12,0,False,True,False,0.4905628289236866,0.0
537,28,3,157842.07,1,1,0,86911.49,0,False,False,True,0.31830560128577035,14205.7863
468,46,7,91443.75,1,1,0,10958.18,0,False,False,True,0.7102755994005383,8229.9375
588,30,0,110148.49,1,1,0,5790.9,1,True,False,False,0.5883138394096942,9913.3641
729,34,9,53299.96,2,1,1,42855.97,0,False,True,False,0.11288772208466376,4796.9964
543,37,3,0.0,2,1,1,78915.68,0,False,True,True,0.09154491130159989,0.0
499,39,6,0.0,2,1,1,81409.0,0,False,True,True,0.08592349342606168,0.0
784,28,2,70233.74,2,1,1,179252.73,0,True,False,True,0.08684360587010911,6321.0366
604,33,3,0.0,1,1,0,42171.13,1,False,False,True,0.41279420097143604,0.0
614,25,10,75212.28,1,1,0,58965.04,0,False,True,False,0.3068978712852365,6769.1052
671,31,7,41299.03,1,0,1,102681.32,0,False,False,False,0.25537710784674245,3716.9127
587,35,3,83286.56,1,1,0,125553.52,0,False,True,False,0.37790251952184134,7495.7904
593,43,10,0.0,2,0,0,53478.02,0,False,True,True,0.23539342889773132,0.0
453,29,6,0.0,1,0,0,198376.02,1,False,False,True,0.4552485478729774,0.0
570,35,6,85668.59,1,1,0,105525.36,0,True,False,True,0.3868040668164937,7710.1731
655,45,7,57327.04,1,0,1,47349.0,0,False,False,False,0.5940862882103763,5159.433599999999
632,47,3,0.0,2,1,0,178822.32,0,False,True,True,0.25577623619959167,0.0
681,37,7,69609.85,1,1,1,72127.83,0,False,False,False,0.33116704761539273,6264.8865000000005
591,46,4,129269.27,1,1,0,163504.33,0,True,False,True,0.8646808036409916,11634.2343
779,27,1,0.0,2,1,1,190623.02,0,False,False,True,0.06335150079959444,0.0
456,63,1,165350.61,2,0,0,140758.07,1,False,False,False,0.7854428629649859,14881.5549
686,41,7,152105.57,2,0,1,132374.41,0,False,False,False,0.317316903603411,13689.5013
617,74,10,0.0,2,1,1,53949.98,0,False,False,True,0.1100383745649058,0.0
850,32,5,106290.64,1,1,0,121982.73,0,False,False,False,0.32630801148683747,9566.1576
646,30,10,100548.67,2,0,0,136983.77,0,True,False,False,0.28562137716949165,9049.380299999999
735,46,2,106344.95,1,1,0,114371.33,1,True,False,True,0.906773880702819,9571.045499999998
543,35,5,137482.19,1,0,0,62389.35,0,False,False,True,0.31303555965555685,12373.397099999998
490,37,3,116465.53,1,0,1,24435.77,0,False,False,False,0.3100306742721026,10481.8977
640,45,1,0.0,1,1,1,10908.33,0,False,False,True,0.5855837018007811,0.0
445,45,10,0.0,2,0,1,90977.48,0,False,True,True,0.23831603740153992,0.0
761,36,9,127637.92,1,1,1,81062.93,0,False,False,True,0.18503475190721055,11487.4128
426,34,3,0.0,2,1,1,61230.83,0,False,False,False,0.12046251545812674,0.0
777,37,1,0.0,1,1,1,126837.72,0,False,False,True,0.3027886597778899,0.0
534,35,2,81951.74,2,1,0,115668.53,0,False,False,True,0.19412603393362335,7375.6566
777,42,5,147531.82,1,1,1,38819.45,0,False,False,False,0.46636657150401695,13277.8638
806,18,3,0.0,2,1,1,86994.54,0,False,True,True,0.07371194269617028,0.0
790,33,10,135120.72,1,0,0,195204.99,0,False,False,False,0.30881337073192877,12160.8648
643,32,2,0.0,1,0,0,131301.74,0,False,True,False,0.4833938620579989,0.0
584,37,8,0.0,2,0,1,100835.19,0,False,True,False,0.13576423470750096,0.0
638,34,7,0.0,2,1,1,198969.78,0,False,False,False,0.11543244892967251,0.0
771,18,1,0.0,2,0,0,41542.95,0,False,True,True,0.08020105015673602,0.0
600,39,5,0.0,2,0,0,118272.07,0,False,False,False,0.2030808069182136,0.0
661,41,5,28082.95,1,1,0,69586.27,1,False,True,False,0.6803553172692584,2527.4655000000002
554,43,10,0.0,2,1,0,149629.13,1,False,False,False,0.43368279158078243,0.0
627,49,4,111087.5,1,0,1,146680.25,0,False,True,True,0.5232500166595409,9997.875
659,38,9,0.0,2,1,1,132809.18,0,False,False,False,0.1426189026253563,0.0
835,35,6,127120.07,1,1,0,28707.69,0,False,False,True,0.3355097715796939,11440.8063
763,35,7,115651.6,2,1,1,104706.29,0,False,False,False,0.182955854802943,10408.644
625,31,4,77743.01,2,1,0,75335.68,0,True,False,True,0.1861613239954557,6996.870899999999
799,30,9,0.0,2,1,0,136827.96,0,False,False,False,0.10566413603249808,0.0
849,69,7,71996.09,1,1,1,139065.94,0,False,False,True,0.20575712336406465,6479.6480999999985
692,28,5,61581.97,1,1,1,70179.91,0,False,False,True,0.23806318277815477,5542.3773
623,24,5,0.0,2,1,0,116160.04,0,False,False,False,0.13536180133431824,0.0
453,42,5,0.0,3,1,0,83008.49,1,False,True,False,0.7836290136611099,0.0
408,84,8,87873.39,1,0,0,188484.52,1,False,False,False,0.8041194496215804,7908.605100000001
778,37,0,105617.73,2,1,1,133699.82,1,True,False,False,0.3815479973116339,9505.5957
695,42,5,0.0,1,0,1,72172.13,1,False,False,False,0.5788780488813942,0.0
677,44,4,148770.61,2,1,1,191057.76,0,True,False,False,0.4457980766740151,13389.354899999998
662,37,5,94901.09,1,1,1,48233.75,0,False,True,True,0.2276002148139481,8541.0981
534,29,7,174851.9,1,1,1,79178.31,0,False,False,True,0.2197599955575732,15736.670999999998
602,59,7,0.0,2,1,1,162347.05,0,False,False,True,0.2538348858905052,0.0
554,43,2,120847.11,1,1,0,7611.61,1,True,False,False,0.8585243543862956,10876.239899999999
667,42,6,0.0,1,1,0,88890.05,0,False,False,True,0.6277692495170558,0.0
672,43,5,0.0,1,0,0,63833.09,0,False,False,True,0.6947399760072144,0.0
838,67,4,103267.8,1,1,1,78310.04,0,False,True,False,0.32119460752455153,9294.102
692,34,4,109699.08,1,1,1,37898.91,0,False,True,False,0.253710443517702,9872.9172
675,49,8,135133.39,1,0,1,179521.24,1,False,False,True,0.4815931749007784,12162.0051
731,33,1,0.0,1,1,0,130726.96,0,False,True,True,0.4400512729109345,0.0
468,32,8,137649.47,1,0,0,198714.29,0,False,False,False,0.29249236346234403,12388.452299999999
542,43,6,113567.94,1,1,0,89543.25,0,False,True,True,0.6315520889465457,10221.1146
662,35,6,0.0,2,0,0,2423.9,1,False,True,False,0.2571612721424604,0.0
770,37,5,141547.26,2,0,1,180326.83,0,True,False,True,0.21435226606042213,12739.253400000001
675,61,5,62055.17,3,1,0,166305.16,1,False,False,False,0.9303320114705501,5584.9653
647,51,4,131156.76,1,1,0,29883.63,0,True,False,True,0.9132944238800733,11804.108400000001
604,31,6,134837.58,1,1,0,192029.19,0,False,False,True,0.29554122302359787,12135.382199999998
833,39,3,0.0,2,1,0,1710.89,0,False,False,False,0.16997988541188294,0.0
741,40,4,104784.23,1,1,0,135163.76,1,False,True,True,0.4929667749136684,9430.580699999999
658,36,1,0.0,2,0,1,84927.42,0,False,True,True,0.09093039180851671,0.0
528,36,1,156948.41,1,1,1,149912.28,1,False,False,False,0.33903054908599906,14125.356899999999
590,60,6,147751.75,1,1,0,88206.04,1,False,False,False,0.8255531869211934,13297.6575
675,34,1,124619.33,2,0,1,163667.56,0,False,False,True,0.1318450825338466,11215.739699999998
765,41,4,124182.21,1,0,0,100153.43,0,False,False,True,0.4375039559297436,11176.3989
650,64,7,142028.36,1,1,0,32275.09,1,False,False,False,0.8197783660295224,12782.552399999997
817,44,8,0.0,1,0,0,65501.91,1,False,False,True,0.6778765859994534,0.0
699,31,10,125837.86,2,1,0,189392.66,0,True,False,False,0.3195052917851842,11325.4074
495,34,9,117160.32,1,1,1,116069.24,1,True,False,False,0.49044953509980077,10544.4288
491,61,8,0.0,2,0,1,139861.53,0,False,True,False,0.3462459148642113,0.0
847,51,5,97565.74,1,0,0,144184.06,1,False,False,True,0.8323927042370097,8780.9166
676,30,5,0.0,2,0,1,157888.5,0,False,True,False,0.10819887709042493,0.0
746,25,3,104833.79,1,0,0,71911.3,0,False,True,False,0.3361196559718021,9435.041099999999
470,31,2,101675.22,2,1,0,45033.75,0,False,True,False,0.2727578545035221,9150.769799999998
714,20,3,0.0,2,0,1,150465.93,0,False,True,True,0.06231900663368069,0.0
695,50,8,0.0,1,1,0,126381.6,1,False,False,False,0.8536079991648182,0.0
674,46,2,174701.05,1,1,0,90189.72,1,False,False,True,0.7717973351501246,15723.094499999997
664,36,6,71142.77,2,1,0,122433.09,0,True,False,True,0.18827875088297358,6402.8493
697,31,3,108805.42,2,0,1,123825.83,0,True,False,True,0.2310105178982714,9792.487799999999
670,68,4,0.0,2,1,1,11426.7,0,False,False,True,0.08269151981413705,0.0
541,32,4,0.0,1,1,1,114951.42,0,False,False,False,0.30156966849079936,0.0
640,66,9,116037.76,1,0,1,184636.05,0,False,False,False,0.3984442512738732,10443.3984
647,28,8,0.0,2,1,1,91055.27,0,False,False,True,0.06774460198307075,0.0
757,23,2,80673.96,2,1,0,93991.65,0,False,False,True,0.1533384501535719,7260.6564
704,39,1,124640.51,1,1,0,116511.12,1,True,False,False,0.7350746567208375,11217.6459
778,31,9,182275.23,2,1,0,190631.23,0,True,False,True,0.2032662546416911,16404.7707
639,41,5,98635.77,1,1,0,199970.74,0,True,False,False,0.5677303480718539,8877.2193
637,33,5,0.0,2,1,0,139947.17,0,False,False,True,0.08234886314204352,0.0
686,35,4,0.0,1,1,0,8816.37,0,False,False,True,0.3924036677496603,0.0
577,43,8,79757.21,1,1,0,135650.72,1,False,True,True,0.6907003675970625,7178.1489
506,28,8,53053.76,1,0,1,24577.34,0,True,False,True,0.18505852769334313,4774.838400000001
757,28,7,120911.75,2,1,1,131249.46,0,False,False,True,0.1106807443846025,10882.057499999999
826,55,4,115285.85,1,1,0,140126.17,0,False,False,True,0.8114083622353317,10375.7265
721,41,2,0.0,2,1,0,168219.75,0,False,False,True,0.1305844851717146,0.0
489,40,3,221532.8,1,1,0,171867.08,0,False,True,True,0.4193713580674845,19937.951999999997
446,51,4,105056.13,1,0,0,70613.52,0,False,False,False,0.7520828739033811,9455.0517
677,37,3,88363.03,1,0,1,117946.3,0,False,False,True,0.22214569879399731,7952.672699999999
769,29,2,123757.52,2,1,0,84872.66,0,False,False,True,0.16845429455566546,11138.1768
677,56,5,123959.97,1,1,1,60590.72,1,False,True,True,0.4599194336464022,11156.397299999999
555,62,10,114822.64,1,0,1,8444.5,0,True,False,False,0.7855104667006393,10334.0376
652,37,9,145219.3,1,1,0,159132.83,0,True,False,False,0.5611510246514384,13069.737
722,32,5,106807.64,1,1,1,76998.69,0,True,False,False,0.49614183534939704,9612.6876
643,36,0,148159.71,1,0,0,55835.66,0,False,False,True,0.343646542177125,13334.373899999999
796,40,1,99745.95,1,1,0,177524.19,0,True,False,False,0.549831450959839,8977.1355
720,37,8,156282.79,1,1,0,45985.52,0,True,False,False,0.5401116086454035,14065.451099999998
613,41,7,0.0,2,1,0,60297.72,0,False,False,True,0.12177036442191615,0.0
506,57,6,0.0,2,0,1,194421.12,1,False,False,False,0.49858033542409447,0.0
608,50,6,0.0,1,1,0,93568.77,1,False,False,True,0.8312018481532352,0.0
667,77,2,0.0,1,1,1,34702.92,0,False,True,True,0.3536793269092531,0.0
750,47,7,121376.15,2,1,0,54473.6,1,False,False,False,0.6483364585578496,10923.8535
610,33,4,111582.11,1,0,0,113943.17,0,False,False,True,0.2876462707858798,10042.3899
588,34,10,129417.82,1,1,0,153727.32,0,True,False,False,0.5579642479763411,11647.6038
479,26,1,0.0,2,1,1,19116.97,0,False,False,False,0.11928666092497783,0.0
682,37,5,0.0,2,0,1,112554.68,0,False,False,True,0.09120822015919768,0.0
677,36,7,0.0,1,1,0,47318.75,0,False,False,False,0.45642000791998877,0.0
850,40,6,94607.08,1,1,0,36690.49,0,True,False,True,0.5513074778380527,8514.6372
580,56,1,131368.3,1,1,0,106918.67,1,False,False,False,0.8520258015989193,11823.146999999999
746,21,8,166883.07,2,0,1,194563.65,0,False,False,False,0.19039144247360656,15019.476300000002
635,37,3,0.0,2,1,0,91086.73,0,False,True,False,0.1449878867418202,0.0
664,25,6,172812.72,2,1,1,108008.65,0,True,False,True,0.14121614988066652,15553.144799999998
558,36,0,126606.63,2,1,1,172363.52,0,True,False,False,0.2995156780520431,11394.5967
415,46,9,134950.19,3,0,0,178587.36,1,False,False,True,0.9038832886947002,12145.5171
798,60,6,96956.1,1,1,0,31907.44,1,False,False,False,0.8445610526976544,8726.048999999999
792,29,4,107601.79,1,1,0,18922.18,1,True,False,False,0.6174344469922761,9684.161099999998
489,46,8,92060.06,1,1,0,147222.95,1,True,False,False,0.8913197163276391,8285.4054
730,33,0,0.0,2,1,0,1474.79,0,False,False,True,0.08510156341967022,0.0
773,41,4,0.0,2,1,1,24924.92,0,False,False,True,0.09818584221141657,0.0
711,36,9,137688.71,1,1,1,46884.1,0,False,False,True,0.2064199725414345,12391.9839
592,55,8,85845.43,2,1,1,128918.42,0,False,True,True,0.39841185681202057,7726.088699999998
695,27,6,125552.96,1,1,0,105291.26,0,True,False,True,0.4805778943793269,11299.7664
640,33,1,167298.42,1,0,1,145381.65,0,False,False,False,0.27764883997339235,15056.857800000002
470,31,4,55732.92,2,1,1,103792.53,0,False,True,True,0.1049515247019412,5015.962799999999
789,37,6,110689.07,1,1,1,71121.04,1,True,False,False,0.6329492219711393,9962.016300000001
604,39,7,98544.11,1,1,1,52327.57,0,False,True,False,0.30410480742368196,8868.9699
493,35,8,178317.6,1,0,0,197428.64,0,True,False,False,0.34803125262539275,16048.584
671,48,8,115713.84,2,0,0,83210.84,0,False,False,False,0.6559853414332815,10414.2456
656,46,9,143267.14,2,0,0,193099.43,0,False,False,True,0.49067759883810014,12894.0426
739,19,5,89750.21,1,1,0,193008.52,0,False,True,True,0.30877800431626956,8077.5189
560,26,3,116576.45,1,1,0,157567.37,0,False,True,False,0.3701860965899336,10491.8805
827,47,8,143001.5,2,1,0,108977.5,0,True,False,False,0.5267206802126323,12870.135
681,23,7,157761.56,1,0,0,147759.84,0,False,False,True,0.28404569346062997,14198.540399999998
740,37,5,0.0,2,1,1,27528.4,0,False,False,False,0.1538737962736677,0.0
663,31,4,103430.11,2,0,1,36479.27,0,False,True,True,0.14108213415434132,9308.7099
845,52,0,0.0,1,1,0,31726.76,1,False,True,False,0.8563693052296625,0.0
555,27,5,0.0,2,0,0,96398.51,0,False,True,True,0.07452562560916337,0.0
680,48,8,115115.38,1,1,0,139558.6,1,True,False,False,0.9258734819205557,10360.3842
638,39,0,122501.28,2,1,1,95007.8,0,True,False,False,0.3723691492048563,11025.1152
640,62,3,0.0,1,1,1,101663.47,0,False,True,True,0.537819499424369,0.0
778,42,6,0.0,2,1,1,106197.44,0,False,False,True,0.14247858880978317,0.0
679,45,3,146758.24,1,1,0,48466.89,0,False,False,True,0.7132819153168175,13208.2416
593,32,3,0.0,2,1,1,151978.36,0,False,False,False,0.12263019041073984,0.0
788,55,3,0.0,1,0,1,13288.46,1,False,False,True,0.6375982122104502,0.0
770,70,9,110738.89,1,1,0,22666.77,1,False,False,False,0.7946406379960281,9966.5001
729,67,2,94203.8,1,0,1,102391.06,0,False,False,True,0.2840494027148943,8478.342
545,47,8,105792.49,1,0,1,67830.2,1,False,False,True,0.5249222777506778,9521.3241
597,41,4,153198.23,1,1,1,92090.36,0,False,False,True,0.3353478299445527,13787.8407
537,38,3,0.0,2,0,0,141023.01,0,False,False,True,0.11527811961845036,0.0
732,79,10,61811.23,1,1,1,104222.8,0,False,False,True,0.25020119025063375,5563.0107
542,34,8,101116.06,1,1,0,196395.05,0,False,False,True,0.2726056716022316,9100.4454
688,46,0,74458.25,1,0,1,6866.31,0,True,False,False,0.5665256239739831,6701.2425
542,33,8,142871.27,2,0,0,77737.86,0,True,False,True,0.24623109078358776,12858.414299999997
754,35,6,98585.94,2,0,1,106116.84,0,True,False,True,0.1720637481618769,8872.7346
750,37,6,0.0,1,1,1,117948.0,1,False,False,False,0.26863150464572355,0.0
731,30,7,0.0,2,1,1,184581.68,0,False,False,True,0.06540209962702041,0.0
699,43,3,80764.03,1,1,0,199378.58,1,False,False,False,0.583174783862212,7268.7627
534,42,9,144801.97,1,0,1,12483.39,1,False,False,False,0.5075504174251915,13032.1773
494,27,2,0.0,2,1,0,22404.64,0,False,True,True,0.07842197461762773,0.0
497,35,7,110053.62,2,1,1,92887.06,0,True,False,True,0.17646431521240902,9904.825799999999
632,28,5,118890.81,1,0,1,145157.97,0,False,False,False,0.27657392522983687,10700.1729
724,31,5,0.0,1,1,0,134889.95,1,False,False,True,0.45509291943667946,0.0
751,37,0,151218.98,1,1,1,109309.29,0,True,False,False,0.43731683533623306,13609.708200000001
733,42,9,150507.21,1,0,1,169964.12,0,False,False,True,0.3343661846151155,13545.648899999997
701,21,9,0.0,2,1,1,26327.42,0,False,True,False,0.11952695372936732,0.0
525,33,4,131023.76,2,0,0,55072.93,0,True,False,True,0.25468715986037155,11792.1384
666,44,2,122314.5,1,0,0,68574.88,1,True,False,False,0.8919516095364576,11008.305
653,29,2,0.0,2,1,1,41671.81,0,False,False,True,0.05813086221378433,0.0
850,28,4,0.0,2,1,1,12409.01,0,False,False,True,0.057982846750020405,0.0
646,52,6,111739.4,2,0,1,68367.18,0,True,False,False,0.6940077809882265,10056.545999999998
750,43,6,113882.31,1,1,1,74564.41,0,False,False,True,0.41267784977259453,10249.407899999998
764,24,7,98148.61,1,1,0,26843.76,0,False,False,True,0.284967232927126,8833.374899999999
658,32,9,0.0,2,1,0,156774.75,0,False,False,False,0.13371353781960763,0.0
727,32,1,59271.82,1,1,1,46019.43,0,False,False,True,0.21449813209572718,5334.4637999999995
687,31,2,0.0,2,0,1,145411.39,0,False,False,False,0.14077511207898122,0.0
631,33,2,0.0,2,1,1,158268.84,0,False,True,True,0.08243260772385304,0.0
797,30,10,69413.44,1,1,1,74637.57,0,False,False,True,0.192667688621443,6247.2096
650,25,7,160599.06,2,1,1,28391.52,0,False,True,True,0.14568242155522731,14453.915399999998
850,22,3,0.0,1,1,1,144385.54,0,False,True,True,0.25405647345707816,0.0
676,40,2,147803.48,1,1,0,95181.06,1,False,False,False,0.5676845128202871,13302.3132
620,44,8,0.0,2,1,1,15627.51,0,False,True,True,0.2060343968398162,0.0
576,52,9,170228.59,2,0,0,148477.57,1,False,False,False,0.7733815946376097,15320.573099999998
482,35,2,133111.73,1,0,1,79957.95,0,False,False,False,0.25214017969597813,11980.0557
695,39,5,0.0,2,0,0,102763.69,0,False,True,False,0.1746520348449673,0.0
706,18,2,176139.5,2,1,0,129654.22,0,False,False,True,0.21949922283038967,15852.554999999998
668,32,2,0.0,2,1,1,40652.33,0,False,False,False,0.12266240492115076,0.0
679,35,1,110245.13,1,1,1,178291.09,0,True,False,True,0.4272625320641559,9922.0617
703,45,5,0.0,2,1,0,131906.44,0,False,False,False,0.38187512519719186,0.0
670,67,6,158719.57,1,1,1,118607.4,0,False,True,True,0.3095829897005837,14284.761299999998
590,76,5,160979.68,1,0,1,13848.58,0,False,False,False,0.36775588476221394,14488.171199999997
613,35,4,123557.65,2,0,1,170903.4,0,False,True,True,0.16503064024718628,11120.188499999998
742,60,4,0.0,1,1,1,13161.66,1,False,False,False,0.6670981366997922,0.0
608,33,4,0.0,1,1,0,79304.38,1,False,False,False,0.48720194323289834,0.0
571,40,10,112896.86,1,1,1,121402.53,0,False,False,True,0.3051434055175169,10160.7174
595,39,7,120962.13,1,0,0,23305.01,0,False,False,False,0.44198611106167557,10886.591699999999
745,48,10,96048.55,1,1,0,74510.65,0,True,False,True,0.865021792774849,8644.369499999999
589,21,3,0.0,2,0,1,55601.44,0,False,False,False,0.11224608486822282,0.0
749,37,10,185063.7,2,1,1,134526.87,0,False,False,True,0.17210066505253496,16655.733
678,22,6,118064.93,2,1,1,195424.01,0,False,False,False,0.19304645958479452,10625.8437
603,46,2,0.0,2,1,1,59563.49,0,False,False,True,0.18747086571585647,0.0
504,73,8,0.0,1,1,1,34595.58,0,False,False,False,0.3037153222405301,0.0
739,40,5,149131.03,3,1,1,60036.99,1,True,False,True,0.868555307491759,13421.792699999998
604,34,7,0.0,2,1,0,193021.49,0,False,False,False,0.1642688431420437,0.0
612,35,3,0.0,1,1,1,48108.72,0,False,False,False,0.35231700809382166,0.0
629,44,6,125512.98,2,0,0,79082.76,0,False,True,False,0.5451394279457279,11296.168199999998
652,42,3,83492.07,2,1,0,37914.12,0,False,True,False,0.39475040667052347,7514.2863
565,34,7,0.0,1,0,0,74593.84,0,False,False,True,0.38956483369402944,0.0
707,49,10,0.0,1,1,0,82967.97,1,False,False,False,0.8581042281462387,0.0
645,30,1,125739.26,1,1,1,193441.23,0,False,False,True,0.20574816761150502,11316.533399999998
762,34,8,98592.88,1,0,1,191790.29,1,True,False,False,0.6192433025709915,8873.359199999999
639,39,1,141789.15,1,1,0,92455.96,0,False,True,False,0.4433289283346465,12761.0235
709,22,0,112949.71,1,0,0,155231.55,0,True,False,True,0.4422261061496397,10165.4739
823,34,3,105057.33,1,1,0,9217.92,0,False,False,True,0.31767645571452174,9455.1597
817,46,0,89087.89,1,0,1,87941.85,1,True,False,False,0.6568346549377887,8017.9101
665,27,2,147435.96,1,0,0,187508.06,0,True,False,False,0.4870244540523076,13269.236399999998
646,39,0,154439.86,1,1,0,171519.06,0,True,False,True,0.49571176807062156,13899.587399999999
568,30,8,73054.37,2,1,1,27012.0,0,False,False,True,0.1057872819322273,6574.893299999999
850,62,1,124678.35,1,1,0,70916.0,1,False,False,False,0.8198570511472787,11221.0515
473,40,8,152576.25,2,1,0,73073.68,0,True,False,True,0.31022922516822776,13731.8625
731,41,9,152243.57,1,1,1,88783.59,0,False,False,False,0.3682514705121108,13701.9213
619,25,4,0.0,1,1,0,145524.36,0,False,False,True,0.35249919780102246,0.0
715,42,2,88120.97,2,1,1,21333.22,0,True,False,True,0.2806122553047061,7930.8873
772,51,9,143930.92,1,0,1,46675.51,1,True,False,False,0.8065725580299385,12953.7828
686,31,1,0.0,2,1,0,4802.25,0,False,False,False,0.14688513256952956,0.0
749,29,7,137059.05,3,1,0,102975.72,1,True,False,False,0.8285758051573469,12335.3145
781,27,7,186558.55,1,1,1,175071.29,1,False,False,False,0.4048640332031189,16790.2695
675,66,5,115654.47,2,1,1,131970.86,0,False,True,True,0.26757151190410416,10408.9023
730,29,2,0.0,2,1,0,14174.09,0,False,True,True,0.08757811232112259,0.0
683,38,3,126152.84,1,0,0,15378.75,0,False,True,True,0.35796294717072535,11353.755599999999
554,51,7,105701.91,1,0,1,179797.79,1,True,False,False,0.8329044456221274,9513.1719
722,46,6,0.0,1,1,1,93917.68,1,False,False,True,0.5658269768746319,0.0
689,67,9,157094.78,1,1,1,99490.01,0,True,False,True,0.44593998079408176,14138.5302
796,40,2,113228.38,2,1,1,46415.09,0,True,False,True,0.34720874609587865,10190.5542
447,32,10,0.0,1,1,1,151815.76,0,False,False,False,0.3063365131553929,0.0
498,37,8,108432.88,2,1,1,14865.05,0,True,False,True,0.2751452768173689,9758.959200000001
663,27,8,0.0,1,1,1,188007.99,0,False,True,True,0.23103999256827534,0.0
498,44,2,120702.67,2,1,1,98175.74,0,True,False,False,0.6232543458021153,10863.2403
627,32,1,0.0,1,1,0,106851.7,0,False,False,False,0.4479953517348225,0.0
649,45,7,0.0,2,0,1,75204.21,0,False,False,True,0.21586754113050655,0.0
738,29,9,139106.19,1,1,0,141872.05,1,True,False,False,0.5691403008377027,12519.5571
587,39,6,101851.8,2,1,0,7103.71,0,True,False,False,0.4191052299249163,9166.662
655,32,6,130935.56,1,1,0,9241.83,1,True,False,False,0.6033383307736979,11784.200399999998
647,37,3,116509.99,1,1,1,149517.71,1,True,False,True,0.5217071111591688,10485.8991
776,37,1,93124.04,2,1,1,196079.32,0,True,False,False,0.2897458917398371,8381.163599999998
688,35,5,111578.18,1,0,0,166165.93,1,True,False,True,0.5929027901966788,10042.036199999999
605,32,9,0.0,2,1,1,55724.24,0,False,False,True,0.06744338206694601,0.0
596,39,10,86546.29,1,0,1,131768.98,0,False,False,False,0.3908996407771324,7789.166099999999
427,33,8,0.0,1,1,1,13858.95,0,False,False,True,0.27422464046031547,0.0
629,39,2,129669.32,2,1,0,82774.07,0,False,False,True,0.22047983092663476,11670.2388
496,29,2,0.0,2,1,0,55389.59,0,False,True,True,0.07325092316053079,0.0
717,36,2,164557.95,1,0,1,82336.73,0,False,True,False,0.2332739252472145,14810.215500000002
777,23,6,0.0,2,1,1,163225.48,0,False,False,True,0.05570697786568217,0.0
535,35,8,118989.92,1,1,1,135536.72,0,False,True,True,0.2204661479159929,10709.0928
744,29,1,0.0,1,0,0,82422.97,0,False,False,True,0.31936228290287,0.0
755,31,5,0.0,2,0,1,194660.78,0,False,False,True,0.06950352504843693,0.0
593,45,6,79259.75,1,1,0,55347.28,0,False,True,False,0.7450106442172673,7133.3775000000005
514,38,4,112230.38,1,1,0,16717.11,1,False,False,True,0.4050973213842898,10100.734199999999
721,40,9,118129.87,1,1,1,160277.65,0,False,False,True,0.2976687997906987,10631.6883
835,38,7,86824.09,1,0,0,175905.97,0,False,True,True,0.36184864788695914,7814.168099999999
682,64,10,128306.7,1,0,1,66040.83,0,False,False,False,0.41610701461734556,11547.603
590,40,2,117641.43,2,0,0,92198.05,0,True,False,False,0.397652197856131,10587.7287
653,37,3,125734.2,2,1,0,134625.09,1,True,False,False,0.49500864138278344,11316.078
837,49,8,103302.37,1,1,1,50974.57,0,False,False,True,0.43855431690631863,9297.2133
841,27,8,0.0,1,1,0,171922.72,0,False,False,True,0.3841004025421269,0.0
584,36,4,82696.09,2,0,0,83058.14,0,False,True,True,0.19223733869009402,7442.6480999999985
769,29,4,145471.37,1,1,0,188382.77,0,False,False,True,0.2957357306686514,13092.423299999999
599,34,2,101506.66,1,0,0,198030.24,0,False,True,True,0.3111836943112251,9135.5994
698,47,5,156265.31,2,0,0,1055.66,0,False,False,True,0.4842439793927453,14063.8779
477,27,1,128554.98,1,1,1,133173.19,0,False,False,True,0.18979931750075962,11569.948199999999
477,34,8,139959.55,2,1,1,189875.83,0,True,False,True,0.15676554758070854,12596.359499999999
745,34,7,132944.53,1,1,1,31802.92,0,False,True,True,0.17239526696665602,11965.0077
749,35,3,0.0,3,1,1,132649.85,0,False,False,False,0.4110094508765658,0.0
850,61,1,0.0,1,1,0,53067.83,1,False,False,True,0.8917583758550437,0.0
528,22,5,93547.23,2,0,1,961.57,0,True,False,True,0.12184113156112625,8419.250699999999
750,33,2,152302.72,1,1,0,71333.44,0,False,False,True,0.31519485245444107,13707.244799999999
543,31,2,147674.26,1,1,1,16658.76,0,False,False,False,0.2417080335226566,13290.683399999998
579,59,3,148021.12,1,1,1,74878.22,0,False,True,False,0.5266074073262402,13321.9008
624,37,0,0.0,2,0,0,112104.55,0,False,False,True,0.0974247689064626,0.0
595,46,5,142360.62,2,1,0,48421.4,1,True,False,True,0.6752444469666681,12812.4558
596,27,2,151027.56,1,1,0,170320.58,0,True,False,False,0.3962175730182602,13592.4804
431,44,2,138843.7,1,1,0,37688.31,1,True,False,False,0.8740331742271655,12495.933
647,26,8,109958.15,1,1,1,136592.24,1,False,True,False,0.32682628938216723,9896.233499999998
640,31,9,138857.59,1,1,0,48640.77,0,False,False,False,0.3480663862640006,12497.183099999998
752,45,3,105426.5,2,0,1,89773.45,0,True,False,False,0.617832138653365,9488.385
710,41,9,149155.53,2,1,0,42131.26,1,True,False,False,0.3239374122957562,13423.9977
638,27,4,135096.05,1,1,1,186523.72,1,True,False,True,0.42868174799002323,12158.644499999999
660,28,2,170890.05,2,1,0,41758.9,0,True,False,True,0.2208575657155741,15380.104499999998
609,45,4,89122.3,1,1,1,199256.98,0,False,True,False,0.4644009648844868,8021.007
596,54,0,78126.28,1,1,1,153482.91,1,False,True,False,0.6543222900429696,7031.3652
705,38,3,123894.43,1,1,0,21177.1,0,False,False,False,0.4440330533387636,11150.498699999998
444,36,7,0.0,2,0,1,138743.86,0,False,False,True,0.10110608545575887,0.0
727,58,5,106913.43,1,1,0,25881.0,1,True,False,True,0.9183930758236052,9622.2087
496,32,4,127845.83,1,1,0,66469.2,0,False,False,True,0.29864002665520384,11506.1247
554,22,8,0.0,2,0,1,142670.61,0,False,False,False,0.09262857968547505,0.0
537,26,7,106397.75,1,0,0,103563.23,0,False,False,True,0.2729293172943821,9575.7975
839,51,3,0.0,1,1,1,69101.23,1,False,False,False,0.6871873761384707,0.0
700,43,0,0.0,2,1,0,59475.35,0,False,True,False,0.2916364969911733,0.0
458,35,5,166492.48,1,1,0,135287.74,0,False,True,False,0.38064690529309275,14984.3232
850,28,2,0.0,2,1,1,38773.74,0,False,False,False,0.101255925243869,0.0
699,31,6,114493.68,1,0,0,138396.32,0,False,True,True,0.280183012645231,10304.431199999999
615,44,9,126104.98,2,0,1,110718.02,0,True,False,False,0.5817281058322391,11349.448199999999
850,51,4,124425.99,1,0,0,118545.49,1,True,False,True,0.902193648386103,11198.339100000001
604,40,1,0.0,2,1,0,123207.17,0,False,False,False,0.2347209515092918,0.0
668,34,0,0.0,1,0,0,99984.86,0,False,True,True,0.3570370212034773,0.0
594,38,10,0.0,2,1,0,58332.91,0,False,True,False,0.1857390725762117,0.0
470,30,3,101140.76,1,1,1,50906.65,0,False,False,True,0.19074439697081913,9102.668399999999
701,41,0,150844.94,1,0,1,127623.36,0,True,False,True,0.5183397303899931,13576.044599999997
664,35,1,115024.5,1,0,1,169665.79,0,False,True,True,0.2294648885035511,10352.204999999998
477,30,6,131286.46,1,1,0,194144.45,0,False,False,False,0.31643754670746255,11815.7814
756,42,9,0.0,2,1,0,35673.42,0,False,False,False,0.295386163049733,0.0
625,40,7,141267.67,1,0,1,177397.49,0,False,False,False,0.4658307177025549,12714.0903
703,73,5,137761.55,1,1,1,159677.46,0,False,True,True,0.3127862244130542,12398.539499999999
646,30,7,0.0,2,1,0,153566.97,0,False,False,True,0.08453134552049921,0.0
650,33,0,98064.97,1,1,0,52411.99,0,False,False,True,0.27632338309355564,8825.8473
664,31,9,114519.57,2,0,1,79222.02,0,False,False,False,0.1600181409612927,10306.7613
682,29,6,101012.77,1,0,0,32589.89,1,True,False,False,0.5787157668168961,9091.149300000001
725,44,10,0.0,1,0,1,93777.61,0,False,False,False,0.5868948046211906,0.0
553,46,3,82291.1,1,1,0,112549.99,1,True,False,True,0.8242232395949225,7406.1990000000005
576,39,9,84719.98,1,0,0,191063.36,0,False,False,True,0.3865479898782307,7624.798199999999
608,56,5,0.0,2,0,1,153810.41,0,False,True,False,0.3560038167936442,0.0
850,39,0,104386.53,1,1,0,105886.77,0,False,False,False,0.40629160746966314,9394.787699999999
627,31,8,128131.73,1,1,0,96131.47,0,False,False,True,0.26918890175714344,11531.855699999998
667,44,2,122806.95,1,0,0,15120.86,0,False,False,True,0.621503770388849,11052.625499999998
548,44,8,0.0,1,1,0,16989.77,0,False,True,True,0.6054140272320282,0.0
774,76,4,112510.89,1,1,1,143133.18,0,False,False,True,0.2656984159472787,10125.9801
794,57,3,117056.46,1,1,0,93336.93,1,True,False,True,0.9081228981017382,10535.0814
497,55,7,131778.66,1,1,1,9972.64,0,True,False,False,0.7897898868594786,11860.0794
587,36,1,70784.27,1,1,0,30579.82,0,False,False,False,0.39538073804931,6370.5843
850,29,10,0.0,2,1,1,199775.67,0,False,False,False,0.11744025410604736,0.0
722,46,5,0.0,2,1,0,179908.71,0,False,False,True,0.23454608105680447,0.0
555,35,1,0.0,2,1,0,101667.0,0,False,True,False,0.15420445632032048,0.0
609,38,6,140752.06,2,0,1,171430.16,0,True,False,True,0.23037516135512687,12667.685399999998
734,39,6,92126.26,2,0,0,112973.34,0,False,True,False,0.30664457012145624,8291.363399999998
718,39,7,93148.74,2,1,1,190746.38,0,True,False,False,0.31950622645950455,8383.3866
645,49,5,110132.55,3,0,1,187689.91,1,False,True,False,0.9272168162118439,9911.929499999998
598,23,6,0.0,2,1,0,153229.19,0,False,True,False,0.12623099583998765,0.0
628,50,4,122227.71,1,0,1,14217.77,1,True,False,True,0.8268876761429229,11000.493900000001
629,40,2,121647.54,2,1,1,64849.74,1,True,False,True,0.41694595080799607,10948.2786
739,58,1,110597.76,1,0,1,160122.66,1,True,False,True,0.7818317878954155,9953.7984
653,60,2,120731.39,4,1,1,138160.11,1,False,False,False,0.915563053263417,10865.8251
711,28,8,0.0,2,1,1,64286.39,0,False,False,True,0.06618521996369328,0.0
783,38,1,0.0,3,1,1,80178.54,1,False,True,True,0.6986280089194672,0.0
681,38,6,153722.47,1,1,0,101319.76,0,False,False,True,0.40391732539957476,13835.0223
712,34,8,114088.32,1,1,0,92794.61,0,False,False,True,0.279923861850823,10267.9488
554,48,7,0.0,2,1,1,63708.07,0,False,False,False,0.2705453963078192,0.0
611,37,6,0.0,2,1,0,110782.88,0,False,False,False,0.16994102592769494,0.0
560,41,4,152532.3,1,0,0,10779.69,0,True,False,True,0.5409702066786852,13727.906999999997
646,32,1,0.0,2,1,0,183289.22,0,False,True,True,0.10363331873388412,0.0
680,34,3,143292.95,1,1,0,66526.01,0,False,False,True,0.33230145896526975,12896.365500000002
631,26,1,149144.61,1,0,1,123697.95,0,False,False,True,0.1745351512025251,13423.014899999998
746,36,9,127157.04,1,1,1,155700.15,0,False,False,True,0.20531206059817467,11444.1336
654,43,9,84673.17,2,0,1,82081.35,0,True,False,True,0.27651096756355875,7620.5853
687,33,9,135962.4,2,1,0,121747.96,0,True,False,True,0.29159736524359053,12236.616
708,32,3,151691.44,2,1,1,172810.51,0,True,False,True,0.1368226127834324,13652.229599999999
679,32,0,88335.05,1,0,0,159584.81,0,True,False,False,0.3924135050104778,7950.154500000001
636,45,7,139859.23,1,1,1,108402.54,0,False,False,False,0.5509716301780268,12587.330699999999
695,45,9,43134.65,1,0,1,77330.35,0,False,False,True,0.4647814906480249,3882.1185000000005
677,42,5,99580.13,1,1,0,21007.96,0,False,False,True,0.5640882919694973,8962.2117
720,34,6,110717.38,1,1,1,9398.45,0,False,False,False,0.25052924840003804,9964.5642
780,37,3,0.0,2,0,0,182156.81,1,False,False,False,0.1952486149355149,0.0
653,36,3,0.0,2,0,0,110525.6,0,False,True,False,0.1550843045558151,0.0
674,28,3,0.0,1,1,0,51536.99,0,False,False,False,0.3925158683817584,0.0
620,40,5,108197.11,2,1,0,49722.34,0,True,False,True,0.4300043517009485,9737.739899999999
623,40,6,0.0,2,1,1,66119.07,0,False,False,True,0.11748827513856427,0.0
547,29,6,104450.86,1,1,1,37160.28,0,False,False,False,0.21945665440176212,9400.5774
530,39,2,0.0,2,1,0,197923.05,0,False,False,True,0.14569495074868435,0.0
746,34,4,0.0,1,0,1,65166.6,0,False,False,False,0.2828643614795936,0.0
512,31,7,0.0,2,0,0,49326.07,0,False,False,False,0.12158929611560503,0.0
630,40,8,0.0,2,1,1,42495.81,0,False,False,True,0.12710673034040054,0.0
570,21,7,116099.82,1,1,1,148087.62,0,False,True,True,0.21248622875396297,10448.9838
605,39,6,111169.91,1,0,0,9641.4,0,False,False,True,0.3722004672665895,10005.2919
530,37,4,0.0,2,1,1,164844.37,0,False,True,True,0.08427695883854051,0.0
813,25,5,123616.43,1,0,1,132959.33,0,True,False,False,0.49817264166007846,11125.4787
704,37,9,155619.58,1,1,1,135088.58,0,False,True,False,0.2500069696994093,14005.762199999997
565,31,2,89558.39,2,1,1,4441.54,0,True,False,True,0.11114354041618066,8060.255099999999
645,45,4,0.0,1,0,1,174916.85,1,False,True,True,0.6222361425888915,0.0
526,32,6,131938.92,2,1,1,1795.93,0,True,False,False,0.24053619738800616,11874.5028
778,33,9,151772.63,2,0,0,180249.94,1,False,False,False,0.2317313896424126,13659.5367
677,72,8,0.0,2,1,1,153604.44,0,False,False,False,0.1351836067059135,0.0
588,64,3,0.0,1,1,1,189703.65,0,False,False,False,0.5644678630655354,0.0
488,22,6,0.0,2,1,1,66393.89,0,False,False,False,0.10228927854143216,0.0
519,39,1,97700.02,1,1,1,30709.03,0,False,False,True,0.2986628045629864,8793.0018
709,31,6,0.0,2,1,1,71009.84,0,False,False,True,0.07075634653477807,0.0
642,56,6,103244.86,2,1,0,143049.72,1,True,False,False,0.8123613312597021,9292.037400000001
710,34,8,147833.3,2,0,1,1561.58,0,True,False,True,0.17549321493947592,13304.997
653,46,5,0.0,2,1,0,49707.85,0,False,False,False,0.3756363824262154,0.0
743,71,0,0.0,2,0,1,29837.65,0,False,False,True,0.11206081395732834,0.0
418,39,2,0.0,2,0,0,9041.71,0,False,False,False,0.19645182826114155,0.0
670,33,9,84521.48,2,0,1,198017.05,0,True,False,False,0.151356912777699,7606.9331999999995
723,28,5,91938.31,1,1,0,143481.85,0,True,False,False,0.4305676771819591,8274.4479
549,45,6,124240.93,1,1,1,146372.51,0,True,False,True,0.7469529645372102,11181.6837
543,42,5,0.0,2,0,0,101905.34,0,False,False,False,0.34860601554765147,0.0
595,37,2,157084.99,1,1,0,134767.13,0,False,True,True,0.35825876965412734,14137.649099999999
673,25,3,108244.82,2,1,1,103573.96,0,True,False,False,0.22019511483357943,9742.0338
741,21,9,0.0,2,0,1,139259.54,0,False,False,False,0.08928063635537516,0.0
508,41,5,82161.7,2,1,0,187776.49,0,True,False,False,0.321136171391161,7394.552999999999
662,59,2,104568.41,1,1,0,8059.44,1,True,False,True,0.9325371743258906,9411.1569
752,36,2,119912.46,1,1,0,124354.92,0,False,False,False,0.3862486144462779,10792.1214
809,36,9,68881.59,2,0,1,109135.11,0,False,False,True,0.11193657972668783,6199.343099999999
575,30,2,0.0,2,1,1,82222.86,0,False,True,True,0.08733153663561012,0.0
591,40,1,86376.29,1,0,1,136767.16,1,False,True,False,0.5341841485893658,7773.866099999999
643,45,9,150840.03,2,1,0,155516.35,0,False,True,False,0.6237239941631012,13575.6027
698,55,8,155059.1,2,1,1,144584.29,0,True,False,True,0.518055264896057,13955.319
496,29,4,0.0,2,1,0,164806.89,0,False,False,False,0.15429159490350347,0.0
597,44,8,78128.13,2,0,1,109153.04,0,False,False,True,0.337418090576991,7031.5317
603,46,4,98899.76,2,1,1,86190.34,0,True,False,True,0.6193585138602079,8900.978399999998
655,37,1,0.0,1,1,1,106040.97,0,False,True,True,0.3393286091621009,0.0
431,63,6,160982.89,1,1,1,168008.17,0,False,False,True,0.4313872099547262,14488.4601
620,70,3,87926.24,2,1,0,33350.26,1,False,False,False,0.6395923988111448,7913.3616
782,35,4,0.0,1,1,1,119565.34,0,False,False,False,0.23583917910999236,0.0
581,46,2,79385.21,2,0,0,188492.82,0,False,True,True,0.4417947272538582,7144.668900000001
553,53,5,127997.83,1,1,0,165378.66,1,True,False,True,0.9257899910633298,11519.804699999999
658,44,2,168396.34,1,1,1,14178.73,0,False,False,True,0.4714527283244154,15155.6706
686,43,2,134896.03,1,1,1,97847.05,0,True,False,True,0.7026809642680145,12140.642699999999
539,36,6,0.0,3,1,1,118959.64,0,False,True,True,0.440847915035232,0.0
685,50,6,94238.75,2,1,1,50664.07,1,False,False,False,0.5168828377603232,8481.4875
850,29,1,0.0,2,0,0,152996.89,0,False,False,True,0.07774950835349718,0.0
763,39,7,0.0,2,1,0,19458.75,0,False,True,False,0.16891968175252456,0.0
634,43,3,212696.32,1,1,0,115268.86,0,True,False,True,0.5777606168014432,19142.6688
567,59,3,0.0,2,1,0,25843.7,1,False,False,True,0.6043597411808029,0.0
539,39,3,139153.68,2,1,0,147662.33,0,False,False,True,0.25645041510864486,12523.831199999999
764,41,7,0.0,2,0,0,134878.34,0,False,False,True,0.12571129722196192,0.0
653,40,0,0.0,2,1,0,35795.85,0,False,False,False,0.22358351944844088,0.0
566,44,5,0.0,2,1,0,66462.79,0,False,True,True,0.2567847449776981,0.0
714,29,6,92887.13,1,1,1,69578.49,0,True,False,True,0.24140562794005954,8359.841699999999
580,65,1,0.0,2,0,1,103182.46,0,False,True,False,0.20467795271394354,0.0
548,29,5,83442.98,1,0,1,177017.39,0,False,False,True,0.21057854381694976,7509.868199999999
646,36,6,144773.29,2,1,0,53217.3,0,True,False,False,0.3644968425969556,13029.596099999999
622,52,9,111973.97,1,1,1,162756.29,1,True,False,False,0.797749025018347,10077.657299999999
706,35,8,178032.53,1,0,1,42181.68,0,False,False,False,0.2940925402792308,16022.927699999998
680,23,5,140007.19,1,0,1,31714.08,0,False,False,True,0.1824331880240442,12600.647099999998
698,37,5,98400.61,2,0,0,25017.28,0,False,False,True,0.1744332205996043,8856.0549
581,46,1,0.0,2,1,0,104272.04,0,False,True,False,0.4251230491337063,0.0
728,45,3,108924.33,2,1,0,84300.4,1,True,False,True,0.6956266692140467,9803.189699999999
707,32,4,132835.56,1,0,0,136877.24,0,False,True,False,0.379962142832303,11955.200399999998
761,26,1,0.0,2,1,1,199409.19,0,False,False,False,0.10555764523742071,0.0
483,41,1,118334.44,1,0,0,163147.99,1,True,False,True,0.7120117374264302,10650.0996
736,25,9,81732.88,2,1,0,136497.28,0,True,False,False,0.2001833583945964,7355.959200000001
716,66,5,121411.9,1,0,0,10070.4,1,True,False,True,0.8655734506115982,10927.070999999998
654,32,9,121455.65,1,1,0,190068.53,1,False,False,True,0.2849536485622719,10931.008499999998
649,20,5,0.0,2,1,1,58309.54,0,False,True,True,0.06625153434652392,0.0
649,46,5,0.0,2,1,1,76946.6,0,False,False,True,0.1982381883371274,0.0
612,31,8,117989.76,1,1,1,54129.86,0,False,False,False,0.25685541499584896,10619.078399999999
657,40,10,0.0,2,1,1,52990.7,0,False,True,True,0.11591866886724031,0.0
511,31,5,137411.29,1,0,1,161854.98,0,False,False,False,0.267915513351266,12367.0161
682,61,10,73688.2,1,1,1,172141.33,0,False,False,True,0.3959367782689269,6631.937999999999
748,58,9,122330.7,2,0,1,124429.19,0,False,True,True,0.3388835158252062,11009.762999999999
554,43,5,99906.89,1,0,0,24983.39,0,True,False,True,0.7864700073438408,8991.6201
794,28,5,0.0,2,0,1,86699.98,0,False,True,False,0.08930613339606568,0.0
807,47,9,167664.83,1,0,0,125440.11,1,False,False,False,0.7490399121463177,15089.8347
594,34,7,141525.55,1,0,0,9443.15,0,False,False,False,0.3309472144142326,12737.2995
652,33,3,124832.51,1,1,0,195877.06,0,False,True,False,0.36207465695273305,11234.925899999998
729,34,9,132121.71,1,0,1,105409.31,0,False,False,False,0.24497860919408102,11890.953899999999
625,39,2,0.0,2,1,0,100403.05,0,False,False,True,0.09486209071378159,0.0
597,60,0,78539.84,1,0,1,48502.88,0,True,False,False,0.5172948727219446,7068.5855999999985
657,38,5,123770.46,1,0,0,47019.66,1,True,False,False,0.6566506229265618,11139.341400000001
633,43,5,0.0,2,1,1,48249.88,0,False,False,True,0.1973337743260983,0.0
663,49,7,116150.65,3,1,1,84358.71,1,True,False,True,0.9099845013072038,10453.5585
535,47,0,160729.1,1,0,1,145986.35,0,False,False,True,0.4940438429710063,14465.618999999999
702,29,10,88378.6,1,1,0,88550.28,0,False,False,False,0.35390708336876314,7954.0740000000005
712,33,2,182888.08,1,1,0,3061.0,0,False,False,True,0.3472279181266623,16459.9272
607,31,8,0.0,2,1,1,43196.5,0,False,False,True,0.07598762908637081,0.0
476,37,4,0.0,1,1,1,55775.84,1,False,False,True,0.37074882232680745,0.0
748,23,8,85600.08,1,0,0,134077.71,0,False,True,False,0.3326532673059824,7704.0072
815,35,4,0.0,2,0,1,198490.33,0,False,False,True,0.06721282844547534,0.0
602,32,10,0.0,2,1,1,116052.92,0,False,False,True,0.0740331212432537,0.0
649,40,4,95001.33,1,0,1,123202.99,0,True,False,True,0.5281776257984603,8550.1197
551,27,2,113873.22,1,1,1,85129.77,1,False,True,True,0.20530608928377625,10248.5898
509,30,6,0.0,2,1,0,180598.86,0,False,False,True,0.09945214172626063,0.0
685,40,7,74896.92,1,1,0,198694.2,0,False,True,True,0.4636199185743352,6740.7228
536,22,5,89492.62,1,0,0,42934.43,0,False,False,False,0.35018593127565567,8054.335799999999
711,38,3,128718.78,1,0,0,114793.45,0,False,True,True,0.3446831544828652,11584.690200000001
761,27,8,0.0,2,1,0,63297.7,0,False,True,True,0.06298426401739347,0.0
535,49,3,0.0,1,0,0,61820.41,1,False,False,False,0.8690432715490971,0.0
566,22,7,144954.75,2,1,0,102246.0,0,True,False,True,0.27830866216684436,13045.9275
620,21,9,0.0,2,0,0,154882.79,0,False,True,True,0.08971371974575079,0.0
837,37,6,94001.61,2,1,0,140723.05,0,True,False,True,0.2654801104235885,8460.1449
685,40,7,0.0,1,1,0,72852.74,1,False,False,False,0.6198946287595385,0.0
673,65,0,0.0,1,1,1,85733.33,0,False,False,True,0.38446263049317814,0.0
638,24,1,0.0,2,0,1,162597.15,0,False,False,True,0.06606850269368411,0.0
614,46,4,0.0,1,1,0,74379.57,1,False,False,True,0.7847834601964351,0.0
626,44,2,0.0,1,0,1,173117.22,1,False,False,False,0.7330925048981349,0.0
834,38,8,0.0,2,1,1,66485.26,0,False,True,True,0.07560673518897659,0.0
691,24,6,0.0,2,1,1,92811.2,0,False,False,True,0.07501959809892421,0.0
706,38,8,0.0,2,0,1,46635.11,0,False,True,True,0.09049939173822036,0.0
633,37,7,141546.35,1,1,1,124830.11,0,False,False,True,0.21332998509391868,12739.1715
644,32,8,141528.88,1,1,1,167087.34,1,True,False,False,0.4830018239250387,12737.5992
666,30,7,109805.3,1,0,1,163625.56,0,False,False,True,0.1832422823422705,9882.477
708,32,10,86614.06,2,1,1,172129.26,0,False,False,True,0.11869789343003737,7795.265399999998
496,59,7,91680.1,2,1,0,163141.18,1,True,False,False,0.8042078009372606,8251.209
730,38,0,38848.19,2,0,0,94003.11,0,True,False,True,0.22814611794336234,3496.3370999999997
696,40,3,153639.11,1,1,1,138351.68,0,False,True,True,0.30387793166454835,13827.5199
809,80,8,0.0,2,0,1,34164.05,0,False,True,True,0.08365782655426157,0.0
701,33,7,123870.07,1,1,0,97794.71,0,False,True,False,0.3876541044659587,11148.3063
604,30,5,0.0,2,1,0,75786.55,0,False,False,True,0.09502733325054497,0.0
665,39,10,46323.57,1,1,0,136812.02,0,False,False,True,0.44325691623757274,4169.1213
639,60,5,162039.78,1,1,1,84361.72,1,False,False,False,0.5464302832310639,14583.5802
696,19,1,110928.51,1,1,1,2766.63,0,False,False,True,0.16901079909872846,9983.5659
520,38,5,0.0,2,1,0,163185.76,0,False,False,True,0.11570301945558409,0.0
545,53,5,114421.55,1,1,0,180598.28,1,True,False,True,0.9327639038826477,10297.9395
634,29,8,130036.21,2,0,1,69849.55,0,True,False,False,0.22011608682422182,11703.2589
750,26,1,151510.17,2,1,1,19921.72,0,False,False,False,0.1795890393565611,13635.9153
530,41,4,0.0,2,0,1,147606.71,0,False,True,False,0.23226889360669262,0.0
589,59,2,0.0,2,1,1,126160.24,1,False,False,False,0.30777733037088884,0.0
654,37,6,83568.55,1,1,0,47046.72,0,False,False,True,0.3327538575553774,7521.1695
648,43,7,139972.18,1,1,0,143668.58,0,False,False,False,0.6722411822823174,12597.4962
835,45,3,100212.13,1,1,0,152577.62,0,False,True,True,0.6503043211639209,9019.091699999999
446,39,1,90217.07,1,1,0,191350.48,0,False,False,False,0.458119275766493,8119.5363
514,66,9,0.0,2,1,1,14234.31,0,False,True,True,0.19030019148793173,0.0
694,33,4,124067.32,1,1,1,77906.87,0,True,False,True,0.4074987915791909,11166.0588
554,46,4,0.0,2,0,1,57320.92,0,False,True,True,0.21683131453123736,0.0
720,57,1,162082.31,4,0,0,27145.73,1,True,False,False,0.9297927070386675,14587.407899999998
641,51,2,117306.69,4,1,1,26912.72,1,True,False,False,0.9354447087225611,10557.6021
813,32,1,122889.88,1,1,1,26476.18,0,False,False,True,0.15457975135377713,11060.089199999999
480,40,6,148790.61,1,0,1,79329.7,0,False,False,True,0.3215834132651931,13391.154899999998
811,46,9,180226.24,1,1,0,13464.64,1,False,False,True,0.7818072595529517,16220.3616
715,32,3,104857.19,2,1,0,114149.8,0,True,False,False,0.334827258752486,9437.147099999998
620,31,2,166833.86,2,1,1,135171.6,0,False,True,True,0.17157442291564495,15015.047399999998
721,42,4,102936.72,1,0,0,1187.88,0,False,False,True,0.5011382572401523,9264.3048
772,48,6,108736.52,1,1,0,184564.67,1,True,False,False,0.9159690175297861,9786.2868
680,44,0,129974.79,2,1,1,33391.38,0,True,False,True,0.5800856076835468,11697.731099999999
535,38,8,85982.07,1,1,0,9238.35,0,False,False,True,0.3349816973473154,7738.3863
655,20,7,134397.61,1,0,0,28029.54,0,False,False,False,0.3234831911135615,12095.784899999999
660,63,8,137841.53,1,1,1,42790.29,0,False,False,True,0.3954036414744415,12405.7377
762,56,10,100260.88,3,1,1,77142.42,1,True,False,True,0.8613860108183614,9023.4792
662,39,5,139822.11,2,1,1,146219.9,0,True,False,True,0.2545778385309338,12583.989899999997
463,41,8,123151.51,2,1,0,70127.93,0,True,False,False,0.44965672263742706,11083.6359
501,27,4,95331.83,2,1,0,132104.76,0,True,False,True,0.20182951024941434,8579.864699999998
603,42,6,0.0,1,1,1,90437.87,0,False,True,False,0.5286959946641144,0.0
688,37,7,138162.41,2,1,1,113926.31,0,False,True,True,0.14294268529047394,12434.6169
430,38,9,0.0,2,1,1,12050.77,0,False,False,True,0.11357044098197214,0.0
632,48,6,126066.26,1,1,0,64345.61,1,True,False,True,0.9142453185763527,11345.9634
601,42,4,96763.89,1,1,1,199242.65,0,False,True,False,0.4202422927528624,8708.7501
769,38,2,0.0,2,0,0,75578.67,0,False,False,False,0.18765127420656771,0.0
551,42,2,139561.46,1,1,0,43435.43,1,False,False,True,0.6319998196353247,12560.5314
841,52,5,0.0,1,0,0,183239.71,1,False,False,False,0.8631635718402729,0.0
469,31,6,0.0,1,1,0,146213.75,1,False,True,False,0.49765917073281096,0.0
479,27,2,172463.45,1,1,1,40315.27,0,False,True,True,0.20074155676953956,15521.710500000001
701,37,8,107798.85,1,1,0,16966.73,0,False,False,True,0.3536500924591888,9701.8965
593,36,2,70181.48,2,1,0,80608.12,0,False,False,True,0.17755483947080783,6316.333199999999
738,38,5,177997.07,1,0,1,19233.41,0,False,True,True,0.19723748353666543,16019.7363
635,31,1,0.0,2,1,0,135382.23,0,False,True,True,0.08907030377983778,0.0
658,32,8,0.0,1,1,1,80410.68,0,False,False,True,0.2583659054090552,0.0
687,36,5,0.0,1,1,0,17696.22,0,False,True,False,0.4896918916519554,0.0
650,37,9,0.0,2,1,0,17974.08,0,False,False,True,0.08278755644651276,0.0
720,21,2,123200.78,1,1,1,180712.28,0,False,True,True,0.21117900509731427,11088.0702
602,63,7,0.0,2,1,1,56323.21,0,False,False,False,0.2184123701090369,0.0
618,33,4,0.0,2,1,1,77550.18,0,False,True,True,0.08262186764403888,0.0
803,41,9,137742.9,2,1,1,166957.82,0,True,False,True,0.26900852845592965,12396.860999999997
793,63,9,116270.72,1,1,1,184243.25,0,False,False,False,0.4802897903005546,10464.3648
616,41,10,113220.2,2,1,1,114072.91,0,True,False,True,0.33736183612186776,10189.818
550,51,5,0.0,2,1,0,153917.41,0,False,True,True,0.48089867052190965,0.0
602,56,3,115895.22,3,1,0,4176.17,1,False,False,False,0.9573752842199243,10430.569800000001
452,60,6,121730.49,1,1,1,142963.29,0,False,False,False,0.6046413965584467,10955.7441
655,28,3,113811.85,2,0,1,76844.23,0,False,True,False,0.20384963367374198,10243.0665
510,26,6,136214.08,1,0,0,159742.33,0,False,False,False,0.3196367750912715,12259.267199999998
557,39,8,146200.01,1,1,0,177944.64,0,False,False,True,0.4262000718745875,13158.0009
676,37,10,106242.67,1,1,1,166678.28,0,False,False,True,0.20517445718463037,9561.8403
640,29,4,0.0,2,1,0,44904.26,0,False,False,False,0.12238022326300868,0.0
529,31,6,0.0,1,1,0,10625.91,0,False,True,True,0.3813639945763236,0.0
559,45,8,24043.45,1,0,1,169781.45,1,False,False,True,0.6001877252582862,2163.9105
689,58,5,0.0,2,0,1,49848.86,0,False,False,False,0.29449248618884416,0.0
626,39,10,132287.92,3,1,1,51467.92,1,True,False,True,0.8803084970886017,11905.9128
697,30,1,0.0,2,0,0,735.79,0,False,True,True,0.15427199972674166,0.0
823,44,1,0.0,2,0,1,182495.7,0,False,False,False,0.29479455733615206,0.0
565,32,4,90322.99,2,0,1,118740.37,0,True,False,False,0.15302013782992013,8129.0691
631,23,3,0.0,2,1,0,13813.24,0,False,True,True,0.07094662047546846,0.0
646,34,3,131283.11,1,0,0,130500.65,0,False,False,False,0.36331713708000923,11815.479899999998
676,48,1,131659.59,2,0,1,14152.15,0,False,True,True,0.43015026236982146,11849.363099999999
850,54,4,120952.74,1,1,0,66963.15,0,False,True,False,0.7213720712058617,10885.746599999999
810,38,9,153166.17,1,1,1,93261.69,0,False,False,False,0.26895354558946827,13784.9553
581,30,0,53291.86,1,0,0,196582.28,0,False,True,True,0.3320413428802631,4796.2674
718,35,2,167924.95,1,1,0,43024.64,0,False,False,False,0.4086056901733018,15113.2455
713,43,5,86394.14,1,1,1,130001.13,0,False,False,True,0.4080046945553563,7775.4726
672,50,1,0.0,1,1,0,12106.82,1,False,False,False,0.8657681488750704,0.0
781,33,3,0.0,2,1,1,42556.33,0,False,True,True,0.05461920026863902,0.0
656,47,1,0.0,2,1,1,197961.93,0,False,True,True,0.18676511707941176,0.0
583,31,4,158978.79,1,1,0,12538.92,0,False,False,False,0.34509185192355235,14308.0911
808,37,2,100431.84,1,1,0,35140.49,1,True,False,False,0.6278668881420986,9038.8656
721,33,5,0.0,2,0,1,117626.9,0,False,True,True,0.0656242604528307,0.0
778,29,6,150358.97,1,1,0,62454.01,1,True,False,False,0.5381975025926733,13532.307299999999
850,45,4,114347.85,2,1,1,109089.04,0,False,True,False,0.42527395014872815,10291.3065
693,39,4,0.0,2,0,1,142331.39,0,False,False,False,0.16979170703643784,0.0
520,34,4,134007.9,1,1,1,193209.11,0,False,False,True,0.2877974796011707,12060.711
759,31,4,98899.91,1,1,1,47832.82,0,True,False,True,0.28904867956324426,8900.9919
637,60,3,0.0,2,1,1,70174.03,0,False,False,True,0.20531129920181201,0.0
755,40,2,137430.82,2,0,0,176768.59,0,True,False,True,0.29071170308242883,12368.7738
662,47,6,0.0,2,1,1,129392.75,0,False,False,False,0.29358435130912003,0.0
503,37,8,0.0,2,1,1,97893.32,0,False,False,False,0.11724214292525646,0.0
599,39,2,188976.89,2,0,1,176142.09,0,True,False,True,0.2015413811693007,17007.9201
583,40,4,0.0,2,1,0,114093.73,0,False,True,False,0.2119213519050822,0.0
764,48,1,75990.97,1,1,0,158323.81,1,False,True,False,0.854138056802543,6839.1873
513,29,10,0.0,2,0,1,25514.77,0,False,False,True,0.06491313199791426,0.0
730,62,5,112181.08,1,0,1,61513.87,0,False,True,True,0.37497811921897806,10096.2972
820,34,10,97208.46,1,1,1,59553.34,0,False,True,True,0.17796038808530854,8748.7614
597,26,7,0.0,2,1,0,110253.2,0,False,True,False,0.1257091775831667,0.0
637,32,5,0.0,1,0,0,148769.08,0,False,False,True,0.3861962374946946,0.0
696,34,9,150856.79,1,0,1,8236.78,0,False,False,True,0.17401215853675434,13577.1111
635,37,9,146748.07,1,0,1,11407.58,0,True,False,False,0.47858665288313895,13207.3263
673,57,4,0.0,2,1,1,49684.09,0,False,True,False,0.2581981181006397,0.0
662,33,3,0.0,2,0,1,68064.83,0,False,True,True,0.07038414172987474,0.0
683,41,0,148863.17,1,1,1,163911.32,0,False,True,True,0.3064390174065019,13397.685300000001
850,55,6,0.0,1,1,0,944.41,1,False,False,True,0.8784246377934884,0.0
815,28,6,0.0,2,0,1,185547.71,0,False,True,True,0.048877526280723095,0.0
671,34,10,153360.02,1,1,0,140509.86,0,False,True,True,0.29017102349287865,13802.4018
601,40,3,92055.36,1,0,1,164652.02,1,False,False,False,0.5372652052270959,8284.9824
709,39,9,124723.92,1,1,0,73641.86,0,True,False,False,0.7035834784636589,11225.1528
702,28,1,103033.83,1,1,1,40321.87,0,True,False,True,0.30627940902218415,9273.0447
558,40,6,0.0,2,1,0,173844.89,0,False,False,True,0.15479349014618168,0.0
691,40,1,0.0,2,1,1,145613.17,0,False,True,True,0.12461086915004316,0.0
700,30,9,0.0,1,1,1,174971.64,0,False,False,False,0.28977898766950805,0.0
667,33,4,0.0,2,1,1,131834.75,0,False,False,True,0.0703499237315838,0.0
624,54,3,116726.22,1,1,0,110498.1,1,True,False,True,0.9277307693420073,10505.3598
580,23,5,113923.81,2,0,0,196241.43,0,False,False,False,0.2397168938924153,10253.142899999999
571,31,3,0.0,2,1,1,194667.92,0,False,True,False,0.10633210258462718,0.0
561,37,5,0.0,2,1,0,83093.25,0,False,False,True,0.10482662860042007,0.0
529,28,9,0.0,2,1,1,52545.24,0,False,False,True,0.06304237345218106,0.0
670,36,7,0.0,2,0,0,59571.5,0,False,False,True,0.0806757365624654,0.0
666,21,1,121827.43,2,1,1,99818.31,0,True,False,False,0.23628137609061992,10964.4687
628,42,7,0.0,2,0,1,172967.87,0,False,True,True,0.1793104648935047,0.0
577,60,10,125389.7,2,1,1,178616.73,0,False,False,True,0.3471308595764815,11285.073
652,38,1,103895.31,1,0,1,159649.44,0,False,True,False,0.30728810582524524,9350.577899999998
678,26,5,111128.04,1,1,0,60941.27,1,False,False,True,0.3102341357736125,10001.5236
692,49,9,0.0,2,1,0,178342.63,0,False,True,False,0.44509443284106354,0.0
675,32,10,0.0,2,1,0,191545.65,0,False,True,True,0.10046092325553178,0.0
712,52,9,0.0,1,1,1,117977.45,1,False,True,True,0.5522313499624096,0.0
639,37,5,151242.48,1,0,1,49637.65,0,True,False,False,0.43790569304482246,13611.8232
618,48,7,0.0,1,1,0,13921.82,1,False,False,True,0.8142095992503977,0.0
554,39,2,129709.62,1,1,0,173197.12,0,False,False,True,0.41014653834144205,11673.8658
533,47,9,83347.25,1,1,1,137696.25,0,False,False,True,0.5301171947775962,7501.2525000000005
540,28,6,84121.04,1,0,1,80698.54,0,False,True,False,0.2218938502589268,7570.893599999999
704,33,3,0.0,2,1,0,73018.74,0,False,True,True,0.08343752634992387,0.0
678,43,5,102338.19,1,1,1,79649.62,0,False,False,True,0.43735900050590176,9210.4371
712,29,3,87375.78,2,0,0,166194.53,0,False,False,False,0.2300430486533472,7863.8202
651,44,2,0.0,3,1,0,102530.35,1,False,False,True,0.7705043022295537,0.0
789,51,3,104677.09,1,1,0,74265.38,0,True,False,True,0.923057117956486,9420.9381
775,32,8,121669.23,1,0,1,125898.39,0,True,False,True,0.44194872122113404,10950.230699999998
564,40,7,108407.34,1,1,1,83681.2,0,True,False,True,0.6100171342888108,9756.6606
841,33,7,154969.79,2,1,1,99505.75,0,True,False,False,0.18309406029644404,13947.2811
850,39,0,141829.67,1,1,1,92748.16,0,False,True,True,0.18469923947890912,12764.670300000002
637,63,5,0.0,1,1,0,28092.77,1,False,False,False,0.8872432854908187,0.0
500,45,2,109162.82,1,1,1,126145.08,0,False,False,True,0.5250492218003826,9824.6538
655,44,8,87471.63,1,0,1,188593.98,0,False,False,True,0.41533092470610344,7872.4467
666,33,2,147229.65,1,1,1,56410.17,0,False,False,False,0.25287347381486,13250.668499999998
658,24,2,0.0,2,1,1,84694.49,0,False,False,False,0.11146407089739067,0.0
749,66,6,182532.23,2,1,1,195429.92,0,True,False,True,0.21443017085057722,16427.900700000002
654,32,6,0.0,2,1,1,137898.57,0,False,False,True,0.06792868857777665,0.0
623,39,1,160903.2,1,0,0,78774.36,0,False,False,False,0.45463512024703234,14481.288
761,33,6,138053.79,2,1,0,148779.41,0,False,False,False,0.24812921248230546,12424.8411
627,44,6,153548.12,1,0,0,35300.08,1,False,False,True,0.6176492920309391,13819.3308
757,31,8,149085.9,2,1,1,197077.36,0,True,False,True,0.15869893501114096,13417.730999999998
695,53,8,95231.91,1,0,0,70140.8,1,True,False,False,0.9119579641970561,8570.8719
726,34,3,0.0,2,1,0,196288.46,0,False,False,True,0.09325464216902617,0.0
587,41,8,85109.21,1,1,0,1557.82,0,False,True,True,0.42356044978639135,7659.8289
605,43,8,125338.8,2,1,0,23970.13,0,True,False,False,0.5871341610434927,11280.491999999998
850,62,5,0.0,2,1,1,180243.56,0,False,True,True,0.16178846578950945,0.0
850,38,0,106831.69,1,0,1,148977.72,0,False,False,False,0.2938852377052963,9614.8521
751,29,3,159597.45,1,1,0,39934.41,0,False,False,True,0.30673533222167293,14363.770499999999
627,37,7,147361.57,1,1,1,133031.96,0,True,False,False,0.46246558972677854,13262.5413
736,43,4,176134.54,1,1,1,52856.88,0,False,False,True,0.4430813682307221,15852.108600000001
652,74,5,0.0,2,1,1,937.15,0,False,False,False,0.09244525227260704,0.0
627,35,7,0.0,2,0,1,193022.44,0,False,False,False,0.13157892705258828,0.0
636,34,1,84055.43,1,0,0,37490.84,0,False,False,True,0.2523496826135733,7564.9887
775,60,7,0.0,2,1,1,111558.7,0,False,False,True,0.19412110862270984,0.0
850,45,5,174088.3,4,1,0,5669.31,1,False,True,False,0.9087548477036351,15667.946999999998
850,34,8,199229.14,1,0,0,68106.29,0,False,True,True,0.3528376320994944,17930.622600000002
516,37,8,0.0,1,1,0,101834.58,0,False,False,True,0.4161492194670561,0.0
513,42,10,0.0,2,0,1,73151.25,0,False,True,False,0.22930093723118683,0.0
673,69,3,78833.15,2,1,1,37196.15,0,True,False,False,0.3148712362300924,7094.983499999999
564,27,6,0.0,1,0,0,7819.76,0,False,False,False,0.3483673804925467,0.0
636,35,2,0.0,2,1,1,23129.46,0,False,False,False,0.13398757862349484,0.0
712,29,3,102540.61,1,1,1,189680.79,0,False,False,True,0.2031956311779426,9228.6549
568,51,4,0.0,3,1,1,66586.56,0,False,False,True,0.6350911265487688,0.0
741,43,0,0.0,2,1,1,2920.63,1,False,True,True,0.37215790767915996,0.0
754,39,8,129401.87,1,1,1,87684.93,0,True,False,False,0.6225134502925515,11646.1683
709,32,7,0.0,2,1,1,199418.02,0,False,False,False,0.1176160902698959,0.0
510,32,1,0.0,2,0,1,28515.17,0,False,False,False,0.12020008219862839,0.0
716,33,2,0.0,2,1,1,92916.53,0,False,True,True,0.07474476691561378,0.0
607,36,10,106702.94,2,0,0,198313.69,0,True,False,True,0.27258987396409173,9603.2646
656,26,4,139584.57,1,1,0,36308.93,0,False,True,True,0.31648820059821636,12562.6113
550,52,5,121016.23,1,1,1,41730.37,1,True,False,True,0.8056231048256984,10891.4607
486,26,2,0.0,2,1,1,31399.4,0,False,False,True,0.05850224512231102,0.0
598,59,8,118210.42,2,0,0,60192.14,1,True,False,True,0.7899326245867171,10638.9378
675,35,8,0.0,2,1,0,29062.25,0,False,True,True,0.07220020609995662,0.0
755,29,4,148654.84,2,1,1,28805.09,0,False,False,False,0.15933095750028758,13378.9356
656,32,5,136963.12,1,1,0,133814.28,0,False,True,True,0.3017697778959397,12326.680799999998
644,47,9,137774.11,2,1,0,151902.78,0,True,False,True,0.7009015962911777,12399.669899999999
598,32,4,111156.52,1,1,1,167376.26,0,False,False,False,0.2931757859412263,10004.086800000001
850,31,3,121237.65,1,1,1,31022.56,0,False,True,False,0.21514144666920262,10911.3885
679,36,1,97234.58,1,1,0,188997.08,0,False,False,True,0.31875519959853504,8751.1122
632,60,2,0.0,2,0,1,2085.32,0,False,False,True,0.2575131719187975,0.0
550,45,0,0.0,2,0,1,70399.71,0,False,True,True,0.2329364092933379,0.0
572,54,9,97382.53,1,1,1,195771.95,0,True,False,False,0.6789876468576372,8764.4277
626,47,2,103108.8,1,0,1,166475.44,1,True,False,False,0.8231870531196658,9279.792000000001
625,57,7,0.0,1,0,0,84106.17,1,False,True,False,0.9015797477246409,0.0
515,58,2,131852.81,1,1,0,81436.68,1,False,False,False,0.8525263616670093,11866.7529
612,35,1,0.0,1,1,1,83256.26,1,False,True,True,0.4116741892140279,0.0
628,39,8,107553.33,1,1,0,117523.41,0,False,True,False,0.46498491194545233,9679.7997
529,43,5,0.0,2,0,0,79476.63,0,False,True,False,0.33891923333609575,0.0
668,46,7,161806.09,1,1,1,173052.19,0,True,False,False,0.6457229137378487,14562.548099999998
526,30,9,0.0,2,0,0,100995.68,0,False,False,True,0.07949631954802737,0.0
791,52,7,0.0,1,1,1,122782.5,0,False,False,False,0.6278795360322537,0.0
573,27,2,128243.03,1,1,1,11631.34,0,False,False,True,0.20077505316649827,11541.8727
565,38,5,126645.13,1,1,1,168303.55,0,False,False,False,0.33151536718087293,11398.0617
604,47,8,62094.71,3,0,0,9308.1,1,False,False,False,0.9252287607304662,5588.523899999999
656,37,7,112291.34,1,1,0,153157.97,0,False,False,True,0.3447793246510824,10106.220599999999
447,44,5,89188.83,1,1,1,75408.24,0,False,False,False,0.5602421041955791,8026.994699999999
682,55,9,0.0,1,1,0,153356.8,1,False,False,True,0.877063736964088,0.0
437,28,2,109161.25,1,1,0,152987.42,0,False,True,True,0.2706744128427004,9824.5125
792,47,0,0.0,1,1,1,5557.88,1,False,True,True,0.6312078075725306,0.0
627,25,4,0.0,1,1,1,194313.93,0,False,True,False,0.3444338456421965,0.0
767,34,8,0.0,2,1,0,94767.77,0,False,False,False,0.11135217152413267,0.0
686,26,7,0.0,2,1,0,1540.89,0,False,False,True,0.07382738629113922,0.0
789,53,1,158271.74,1,1,1,5036.39,1,False,False,False,0.5736047875855141,14244.456599999998
794,56,9,96951.21,1,1,1,71776.76,0,False,False,True,0.4224619392627173,8725.608900000001
587,35,5,121863.61,1,1,1,23481.69,1,True,False,True,0.49060723519124105,10967.724900000001
589,19,9,83495.11,1,1,1,143022.31,1,True,False,False,0.26190114681838467,7514.559899999999
543,25,1,146566.01,1,0,1,161407.48,0,True,False,False,0.3284058014276264,13190.940900000001
589,45,1,0.0,1,0,0,125939.22,1,False,True,False,0.7925410238783179,0.0
701,23,5,186101.18,2,1,1,76611.33,0,True,False,True,0.15422763765881942,16749.1062
850,40,6,0.0,1,1,0,136985.08,1,False,False,True,0.5884103971102043,0.0
726,51,8,107494.86,2,1,0,140937.91,1,True,False,False,0.7847333224729232,9674.537400000001
767,47,2,0.0,1,1,0,48161.18,1,False,True,True,0.8350213477665203,0.0
648,36,8,146943.38,2,1,1,130041.45,0,False,True,True,0.15832786993996856,13224.9042
651,36,8,0.0,2,1,0,91652.43,0,False,True,False,0.14097387131289957,0.0
633,36,6,125130.28,1,0,0,125961.48,0,False,False,False,0.37199621651282927,11261.725199999999
740,37,9,0.0,2,1,1,73225.31,0,False,False,False,0.14327578710956826,0.0
592,34,9,0.0,2,1,1,20460.2,0,False,False,False,0.12234700444534084,0.0
670,41,10,0.0,3,1,0,81602.02,0,False,False,False,0.5533716330408652,0.0
628,36,3,0.0,2,1,1,8742.91,0,False,False,True,0.08045800661112804,0.0
745,47,5,0.0,2,0,0,145789.71,0,False,False,True,0.28493838886534323,0.0
705,32,3,0.0,2,0,0,129576.99,0,False,False,True,0.08152650750183829,0.0
559,42,7,0.0,2,1,1,190040.29,0,False,False,False,0.2495913259789662,0.0
595,29,6,150685.79,1,1,0,87771.06,0,False,False,True,0.31564536022182305,13561.721099999999
492,35,4,141359.37,2,1,0,39519.53,0,False,False,True,0.20100704853844228,12722.3433
498,29,9,0.0,1,1,0,190035.83,0,False,False,False,0.40888962052056127,0.0
655,39,6,94631.26,2,1,1,148948.52,0,False,False,False,0.273123580048664,8516.8134
636,39,3,118336.14,1,1,0,184691.77,0,False,False,False,0.47589890799156764,10650.2526
634,45,2,0.0,1,1,1,143458.31,0,False,False,False,0.6868450876269613,0.0
793,63,0,0.0,2,0,1,27166.75,0,False,True,True,0.16303553469920692,0.0
526,50,5,124233.24,1,0,1,159456.87,1,True,False,True,0.7771818314186824,11180.9916
768,26,5,51116.26,1,1,1,70454.79,1,False,False,False,0.23119278905425922,4600.463400000001
540,64,1,91869.69,1,0,1,95421.0,0,True,False,True,0.5774979566153833,8268.272099999998
732,34,8,122338.43,2,1,0,187985.85,0,False,False,False,0.25405178563793124,11010.4587
617,30,8,0.0,1,1,1,92621.9,0,False,False,False,0.24487064963097463,0.0
637,54,5,0.0,1,0,1,150836.98,0,False,True,False,0.6763473877990636,0.0
573,26,8,86270.93,2,1,1,90177.3,0,False,False,True,0.1326109525122284,7764.3836999999985
531,44,3,0.0,2,1,1,34416.79,0,False,False,True,0.22541535369932267,0.0
489,38,5,117289.92,1,0,0,85231.88,0,False,False,False,0.4190205939673905,10556.0928
601,35,2,0.0,2,1,1,118983.18,0,False,False,True,0.07254729237178886,0.0
452,33,7,153663.27,1,1,0,111868.23,0,True,False,True,0.40830100787447315,13829.6943
728,29,1,0.0,1,1,1,83056.22,0,False,True,False,0.3118060069915684,0.0
590,27,8,123599.49,2,1,0,1676.92,0,True,False,False,0.2835756207294477,11123.954099999999
490,29,4,0.0,2,1,0,32089.57,0,False,False,True,0.07814998456947249,0.0
596,76,9,134208.25,1,1,1,13455.43,0,False,True,False,0.30619356007965964,12078.7425
635,29,1,0.0,1,0,1,24865.54,0,False,False,True,0.27991580453304976,0.0
782,35,7,98556.89,2,1,0,117644.36,0,True,False,True,0.2697642249025409,8870.1201
790,37,3,0.0,3,0,0,98897.32,0,False,True,False,0.3979527205766011,0.0
587,40,2,0.0,4,0,1,106174.7,1,False,False,True,0.741948311825899,0.0
794,46,8,134593.79,1,1,1,46386.37,0,False,True,False,0.4433807531122361,12113.4411
515,41,8,0.0,2,1,1,185054.14,0,False,False,True,0.1414086521434537,0.0
746,24,10,68781.82,1,0,1,47997.39,0,False,True,True,0.2108126191514109,6190.3638
667,56,8,137464.04,1,1,0,130846.79,1,True,False,False,0.9314441113245617,12371.763599999998
709,32,4,147307.91,1,0,1,40861.55,0,False,False,True,0.17363919210436685,13257.711899999998
536,35,8,0.0,1,1,0,171840.24,1,False,False,False,0.4920467183434896,0.0
711,41,3,145754.91,1,1,1,101455.07,0,False,False,False,0.37669611188883556,13117.941899999998
753,46,8,0.0,3,1,0,90747.94,1,False,False,True,0.8139559743951067,0.0
748,44,4,112610.77,1,0,1,2048.55,0,False,False,True,0.47677952745239266,10134.9693
623,57,7,71481.79,2,1,1,84421.34,0,False,False,False,0.42804877085723037,6433.361099999998
465,33,5,0.0,2,0,1,78698.09,0,False,False,True,0.08214206905216768,0.0
640,34,3,77826.8,1,1,1,168544.85,0,False,True,False,0.3073424866299085,7004.412
562,75,5,87140.85,1,1,1,39351.64,0,False,False,True,0.24774458654262688,7842.6765
502,42,0,132002.7,1,0,1,28204.98,1,True,False,False,0.7501945270421052,11880.243
536,32,7,178011.5,2,1,0,22375.14,0,False,False,True,0.3293939177869173,16021.035
670,32,4,102954.68,2,0,1,134942.45,0,True,False,False,0.2213036454416186,9265.921199999999
775,51,2,123783.25,1,1,1,134901.57,0,True,False,True,0.7671308722390152,11140.4925
759,30,4,101802.67,1,0,0,8693.8,0,True,False,True,0.40509987208157183,9162.2403
604,33,3,148659.48,1,0,0,42437.75,0,False,False,True,0.30071743226730296,13379.353200000001
766,62,7,142724.48,1,0,1,5893.23,1,True,False,False,0.8086674819746618,12845.2032
554,41,4,112152.89,1,0,1,36242.19,0,False,True,False,0.36352463163710175,10093.7601
487,53,10,89550.85,1,0,1,90076.85,0,False,False,False,0.5549442490748694,8059.576500000001
725,35,7,75915.75,1,1,0,150507.43,0,False,False,True,0.3110309795658312,6832.4175
732,42,2,118889.66,2,0,0,87422.15,0,True,False,False,0.3852354470404105,10700.0694
623,40,5,118788.57,1,1,0,192867.4,0,False,False,True,0.45693087738097665,10690.9713
781,42,3,156555.54,1,1,1,175674.01,0,False,False,False,0.46385929557855216,14089.998599999999
714,53,1,99141.86,1,1,1,72496.05,1,True,False,True,0.8090045758129328,8922.7674
577,31,4,61211.18,1,1,1,145250.43,0,True,False,False,0.20338315551454333,5509.0062
731,37,1,128932.4,1,1,1,180712.52,0,False,True,False,0.30908523041540215,11603.916
650,23,5,0.0,1,1,1,180622.43,0,False,True,False,0.3320050372524139,0.0
779,32,10,80728.15,1,1,0,86306.75,0,False,False,True,0.27830124763172326,7265.5335
706,46,2,127660.46,2,1,0,150156.82,1,False,True,False,0.6548021751251877,11489.4414
733,44,3,106070.89,1,0,1,101617.43,0,False,True,True,0.42853417762074486,9546.380099999998
579,42,3,137560.38,2,1,1,85424.34,0,True,False,False,0.35758939965363995,12380.4342
476,34,8,111905.43,1,0,1,197221.81,1,True,False,False,0.5203353072848652,10071.4887
775,40,9,126212.64,1,1,0,70196.57,0,False,False,True,0.4451221865459297,11359.1376
538,68,9,0.0,2,1,0,110440.5,1,False,True,True,0.7141201493234071,0.0
602,38,7,111835.94,2,1,0,124389.61,0,False,False,True,0.2654829989992995,10065.2346
615,30,8,0.0,2,0,0,3183.15,0,False,False,True,0.07341846377848305,0.0
700,28,3,99705.69,2,0,0,146723.72,0,True,False,False,0.29711698233636297,8973.5121
615,32,1,0.0,2,0,0,2139.25,0,False,False,True,0.09858339400118,0.0
544,44,2,108895.93,1,0,0,69228.2,1,True,False,True,0.8821165177555957,9800.633699999998
573,56,3,154669.77,1,0,1,115462.27,1,False,True,True,0.49492170789822326,13920.279299999998
555,50,7,128061.0,2,1,1,62375.1,0,False,True,True,0.3927183250364824,11525.49
692,31,2,0.0,2,1,0,91829.17,1,False,False,False,0.180178660509719,0.0
476,40,4,0.0,2,0,0,182547.04,0,False,False,False,0.23439939398150567,0.0
770,46,9,190678.02,1,1,1,14725.36,0,False,True,True,0.36031381800322415,17161.0218
641,40,7,0.0,1,1,0,126996.67,0,False,False,False,0.6278250715869081,0.0
705,35,5,0.0,1,1,0,133991.11,1,False,False,False,0.5164985733321086,0.0
784,38,5,136712.91,1,0,1,169920.92,0,False,False,True,0.2116837829653926,12304.161900000001
727,52,1,154733.97,1,1,0,80259.67,1,False,True,False,0.8241184699328192,13926.057299999999
576,41,4,112609.91,1,0,0,191035.18,1,False,False,False,0.5431302091965202,10134.8919
646,69,10,115462.44,1,1,0,40421.87,0,False,True,True,0.6388096862306041,10391.6196
638,34,5,133501.36,1,0,1,155643.04,0,False,False,True,0.20455148318104754,12015.122399999998
632,30,1,58668.02,1,1,1,78670.52,0,True,False,True,0.17629110631860745,5280.121799999999
850,44,7,89118.26,1,1,0,104240.77,1,False,True,True,0.7081663118381192,8020.643399999999
492,28,9,0.0,2,1,0,95957.09,0,False,False,False,0.12977611766044297,0.0
673,77,10,76510.52,2,0,1,59595.66,0,True,False,False,0.2245251697115223,6885.9468
609,34,7,140694.78,2,1,0,46266.63,0,False,True,True,0.19664904261655955,12662.5302
701,36,7,95448.32,2,1,0,189085.07,0,True,False,True,0.26463040882248035,8590.3488
651,34,4,91562.99,1,1,1,123954.15,0,False,False,True,0.19503620915065284,8240.669100000001
508,31,8,72541.48,1,1,0,129803.08,0,False,False,True,0.29213183378152113,6528.733199999999
616,43,3,120867.18,1,1,0,18761.92,1,False,True,False,0.616641258166675,10878.046199999999
489,34,5,0.0,1,0,0,43540.59,0,False,False,True,0.38871891100881206,0.0
567,45,1,157320.51,1,1,0,62193.92,0,False,True,False,0.7327919355786595,14158.8459
714,27,3,0.0,3,1,1,129130.09,0,False,True,True,0.32464847542784364,0.0
678,30,1,139676.95,2,0,1,16146.0,0,True,False,False,0.20389265421535296,12570.925500000001
581,55,6,0.0,1,1,1,22442.13,0,False,False,False,0.6150927512966917,0.0
748,60,3,0.0,2,1,1,78194.37,0,False,True,True,0.2103297119458104,0.0
781,19,3,0.0,2,1,1,124297.32,0,False,False,False,0.09059179266125002,0.0
691,21,3,103000.94,1,1,1,104648.58,0,False,True,True,0.192199942416112,9270.084599999998
507,31,2,134237.07,1,1,1,166423.66,1,True,False,True,0.40404187713292083,12081.3363
724,34,6,118235.7,2,0,0,157137.23,0,True,False,True,0.2945800291039905,10641.213
705,57,3,0.0,2,1,1,34134.14,0,False,True,False,0.260974210128933,0.0
708,64,5,0.0,3,0,1,112520.07,1,False,True,False,0.6330677812824866,0.0
580,38,9,115442.19,2,1,0,128481.5,1,True,False,True,0.4806736009487742,10389.7971
850,38,5,0.0,2,1,0,16491.64,0,False,False,True,0.09204334022080987,0.0
714,25,2,0.0,1,1,1,132979.43,0,False,True,True,0.26493760563646757,0.0
559,43,1,0.0,2,1,1,196645.87,0,False,False,False,0.22058521915430485,0.0
577,44,8,115557.0,1,0,1,127506.76,0,False,True,False,0.492958063649554,10400.130000000001
647,35,3,166518.63,2,1,0,147930.46,0,True,False,False,0.2803104091142746,14986.6767
554,30,6,135370.12,1,1,1,179689.05,1,False,True,True,0.3176206493549371,12183.3108
549,54,5,92877.33,1,1,0,2619.64,1,True,False,True,0.910485654067182,8358.9597
528,26,10,102073.67,2,0,0,166799.93,0,False,False,False,0.24995349466034816,9186.630299999999
720,46,3,97042.6,1,1,1,133516.51,1,True,False,True,0.7469816311178346,8733.834
743,41,7,0.0,1,1,0,163736.09,1,False,True,True,0.6043333839795662,0.0
615,24,8,108528.07,2,0,0,179488.41,1,True,False,True,0.3894669787836019,9767.526300000001
635,44,2,79064.85,2,0,1,113291.75,0,True,False,False,0.39995012962352533,7115.836500000001
686,45,3,74274.87,3,1,0,64907.48,1,False,True,True,0.8486554017910842,6684.738299999999
840,36,6,0.0,2,1,0,141364.27,0,False,True,False,0.12361042583987729,0.0
695,43,1,100421.1,1,1,1,101141.28,0,False,False,True,0.4446186762133151,9037.899000000001
564,26,7,84006.88,2,0,0,183490.99,0,False,False,True,0.17641942444615036,7560.6192
805,31,4,0.0,2,1,0,4798.12,0,False,False,False,0.1217473751279261,0.0
558,45,4,0.0,1,1,0,131807.14,0,False,True,True,0.7240814977090505,0.0
657,39,4,80293.81,1,1,0,97192.76,0,False,False,False,0.4573738305341602,7226.4429
641,42,7,125437.14,2,0,0,164128.58,0,False,False,False,0.45512555894584494,11289.3426
755,36,8,0.0,2,1,0,176809.87,0,False,False,True,0.09075253868684083,0.0
483,48,1,0.0,2,1,1,110059.38,0,False,False,True,0.3102760129463881,0.0
545,44,2,127536.44,1,1,0,108398.63,0,True,False,False,0.8866174616491294,11478.2796
678,66,8,0.0,2,1,1,47117.03,0,False,False,True,0.1026002535217048,0.0
781,48,9,82794.18,1,1,0,124720.68,1,True,False,False,0.8653992757901358,7451.476199999999
571,22,3,108117.1,1,0,1,53328.7,0,False,True,False,0.2557364683887795,9730.539
634,35,10,0.0,1,1,0,82634.41,0,False,True,False,0.4415851745788503,0.0
523,27,8,61688.61,2,1,0,147059.16,0,True,False,True,0.1551588165471725,5551.9749
501,40,2,0.0,2,0,0,141946.92,0,False,False,False,0.25684302476413934,0.0
662,74,6,0.0,2,1,0,123583.85,0,False,False,True,0.3716756548777026,0.0
573,50,0,159304.07,1,0,1,155915.24,1,False,True,True,0.4808436911363501,14337.366299999998
648,33,5,138664.24,1,1,0,29076.27,0,True,False,True,0.5110282641902837,12479.781599999998
662,22,2,126362.57,2,1,1,97382.8,0,False,False,False,0.17403045057508593,11372.631300000001
725,39,4,160652.45,2,1,0,57643.55,0,False,False,True,0.2627813799022757,14458.720500000001
563,35,2,183572.84,1,1,1,66006.75,1,False,False,False,0.38348101047197203,16521.5556
628,31,0,88421.81,1,0,0,72350.47,0,False,False,True,0.26882474159664854,7957.962899999999
546,45,2,0.0,1,0,0,197789.83,1,False,True,False,0.7751419545131065,0.0
688,41,2,112871.19,2,0,1,65520.74,0,True,False,True,0.35750770785331354,10158.4071
850,41,8,60880.68,1,1,0,31825.84,0,True,False,True,0.375969799586807,5479.2612
614,34,5,0.0,2,1,0,185561.89,0,False,False,False,0.1513948494839375,0.0
719,37,9,101455.7,1,1,0,25803.59,1,False,False,False,0.41995528930052956,9131.012999999999
757,71,0,88084.13,2,1,1,154337.47,0,False,False,False,0.2769762624147127,7927.5717
669,29,7,0.0,2,1,1,138145.62,0,False,False,True,0.06905513338774344,0.0
438,59,7,127197.14,1,1,0,51565.98,1,True,False,True,0.8981148058399069,11447.7426
492,39,7,0.0,2,0,1,71323.23,0,False,False,True,0.10352113577223296,0.0
622,39,9,83456.79,2,0,0,38882.34,0,False,False,False,0.25688343208677206,7511.111099999998
645,42,4,98298.18,1,1,1,676.06,0,False,False,True,0.38591205871635664,8846.836199999998
728,37,0,0.0,2,1,1,72203.8,0,False,False,True,0.09329921293548997,0.0
651,35,2,86911.8,1,1,0,174094.24,0,False,False,True,0.31212618911395457,7822.062
783,42,2,139707.28,1,1,0,2150.22,0,True,False,False,0.5496786517580752,12573.6552
732,67,1,0.0,2,1,1,177783.04,0,False,True,False,0.1459931370464194,0.0
553,39,1,142876.98,2,1,0,44363.42,0,False,True,False,0.30402464039185845,12858.9282
660,30,7,146301.31,1,0,0,96847.91,0,False,False,True,0.2890113484285283,13167.117899999997
670,40,3,47364.45,1,1,1,148579.43,1,False,False,False,0.5619245280009829,4262.800499999999
718,38,7,0.0,2,1,0,38308.34,0,False,False,True,0.08639852447334614,0.0
787,51,0,58137.08,1,0,1,142538.31,0,False,False,True,0.4551002022897743,5232.3372
775,38,6,179886.41,2,0,0,153122.58,0,True,False,False,0.2567563610669508,16189.7769
479,24,6,107637.97,2,0,1,169505.83,0,True,False,True,0.1779144045458698,9687.4173
660,20,6,167685.56,1,1,0,57929.9,0,False,False,False,0.3609235188491835,15091.700399999998
721,68,4,136525.99,1,0,0,175399.14,0,True,False,True,0.7264404981763063,12287.3391
659,39,8,52106.33,2,1,1,107964.36,0,True,False,True,0.15463728484852798,4689.5697
743,39,8,0.0,1,1,0,94263.44,0,False,False,False,0.5090845054156145,0.0
670,45,9,104930.38,1,1,0,155921.81,1,False,False,False,0.7661297313234546,9443.734199999999
766,34,6,106434.94,1,0,1,137995.66,1,True,False,False,0.6075111704015661,9579.1446
845,38,2,112803.92,1,1,0,179631.85,0,False,True,False,0.3984017038009718,10152.3528
710,46,10,120530.34,1,1,0,166586.99,1,True,False,False,0.9193595621431754,10847.730599999999
602,43,2,113641.49,4,1,0,115116.35,1,True,False,False,0.9468736150193987,10227.734100000001
604,43,2,145081.72,1,1,1,23881.62,0,False,True,True,0.44878979271491415,13057.354800000001
564,35,9,0.0,2,1,1,105837.38,0,False,True,False,0.11503870779222719,0.0
637,27,7,135842.89,1,1,1,101418.05,0,True,False,False,0.4823633933118902,12225.8601
527,31,1,112203.25,1,1,0,182266.01,0,False,False,False,0.32640701559999086,10098.2925
687,34,7,129895.19,1,0,1,28698.17,0,False,False,True,0.1842453793907534,11690.5671
756,41,6,149049.92,1,0,1,50422.36,1,True,False,True,0.610977969771088,13414.492800000002
503,42,9,153279.39,1,1,1,151336.96,0,True,False,True,0.5887340659325409,13795.1451
657,42,5,41473.33,1,1,0,112979.6,1,False,True,True,0.6656546726256205,3732.5997
666,40,2,0.0,2,0,0,36371.27,0,False,False,False,0.2516962877938682,0.0
615,39,5,113193.51,2,1,1,52166.25,0,True,False,True,0.32718397896047735,10187.415899999998
712,27,8,113174.21,2,1,0,147261.58,0,True,False,True,0.28705411062152963,10185.6789
764,24,0,0.0,2,1,0,88724.49,0,False,False,False,0.18020697103999822,0.0
471,42,3,164951.56,1,1,0,190531.77,0,False,False,True,0.5190119203548781,14845.6404
608,27,4,153325.1,1,1,1,199953.33,0,False,True,True,0.2194770849320201,13799.258999999998
682,47,10,134032.01,1,1,0,144290.97,0,False,True,False,0.7283948594537116,12062.8809
587,32,3,125445.04,2,1,1,130514.78,0,True,False,False,0.23457169778960826,11290.0536
714,35,6,126077.43,2,1,1,53954.24,0,True,False,False,0.29966890815487557,11346.9687
630,31,1,0.0,2,1,1,169802.73,0,False,True,False,0.12475479729621247,0.0
648,28,8,90371.09,1,1,1,146851.73,0,True,False,False,0.3083726358812117,8133.3980999999985
785,40,3,0.0,2,1,1,96832.82,0,False,False,False,0.18558014773466827,0.0
601,47,1,142802.02,1,1,1,57553.02,0,True,False,False,0.7724798001747314,12852.181799999998
717,28,1,90537.16,1,0,1,74800.99,0,False,False,False,0.1825992717896239,8148.3444
707,44,6,0.0,2,1,1,192542.17,0,False,False,False,0.27631522031369576,0.0
771,23,7,156123.73,1,1,0,72990.62,0,False,False,False,0.3555929087756195,14051.1357
602,35,5,0.0,2,1,0,31050.02,0,False,False,False,0.15986541013597205,0.0
626,38,7,141074.59,1,1,0,52795.56,1,False,False,True,0.4172271075431413,12696.713099999999
588,59,4,0.0,2,1,1,27435.41,0,False,True,True,0.2692582291091407,0.0
616,42,6,117899.95,2,0,0,150266.81,0,True,False,False,0.4633444543792703,10610.995499999999
621,33,4,0.0,2,1,1,40299.23,0,False,True,True,0.07042073048627558,0.0
674,26,6,166257.96,1,1,1,149369.41,0,False,False,True,0.20081950528795478,14963.216399999998
633,46,3,0.0,2,1,0,120250.58,0,False,True,False,0.40036028645637134,0.0
698,64,1,169362.43,1,1,0,84760.32,1,True,False,False,0.8539886338834971,15242.618699999999
508,26,7,205962.0,1,1,0,156424.4,0,False,False,True,0.32720236084250925,18536.579999999998
736,24,0,0.0,2,1,0,109355.73,1,False,False,False,0.21273651515864572,0.0
672,68,0,126061.51,2,1,1,184936.77,0,True,False,True,0.4132430329664751,11345.535899999999
613,21,7,105627.95,1,1,1,36560.51,0,False,False,False,0.22853257068629199,9506.5155
712,32,9,100606.02,1,1,0,165693.06,0,False,False,True,0.27675997660863155,9054.5418
624,38,3,0.0,2,1,1,163666.85,0,False,False,False,0.1404523187119006,0.0
676,38,1,0.0,2,0,1,35644.79,0,False,False,True,0.09144129306252219,0.0
683,32,0,138171.1,2,1,1,188203.58,0,True,False,False,0.20829186167198263,12435.399
489,31,7,139395.08,1,0,1,6120.84,0,False,False,False,0.23790533189433805,12545.5572
739,29,1,0.0,2,1,1,164484.78,0,False,False,True,0.058323458439212154,0.0
701,37,3,0.0,2,1,1,164268.28,0,False,False,False,0.1385714753647304,0.0
666,50,7,109062.28,1,1,1,140136.1,1,True,False,False,0.7991434934791154,9815.6052
565,40,1,89994.71,2,0,1,121084.27,0,True,False,False,0.3796505132649258,8099.5239
666,36,3,0.0,2,1,0,35156.54,0,False,False,True,0.07944772056413159,0.0
633,59,2,103996.74,1,1,1,103159.11,0,False,False,True,0.49265572582421213,9359.7066
578,34,4,175111.11,1,1,1,74858.3,0,False,False,True,0.22010424594614847,15759.999899999999
812,49,8,66079.45,2,0,0,91556.57,1,False,True,False,0.6465393076576234,5947.1505
809,33,8,148055.74,1,0,0,199203.21,0,True,False,True,0.4719644220492513,13325.016599999999
615,36,6,0.0,1,1,1,27011.8,1,False,False,True,0.38572546507148675,0.0
684,31,8,0.0,2,1,0,188637.05,0,False,True,False,0.12686343309893958,0.0
544,40,8,0.0,2,1,0,61581.2,0,False,False,True,0.13506401552820171,0.0
713,47,1,95994.98,1,1,0,197529.23,0,True,False,True,0.7845195961709437,8639.5482
633,37,2,0.0,2,1,0,182258.17,0,False,False,True,0.12239630700258644,0.0
672,23,10,110741.56,1,1,0,80778.5,0,True,False,False,0.500366248008525,9966.740399999999
661,35,5,0.0,1,1,0,155394.52,0,False,False,True,0.4136546947894855,0.0
749,28,3,0.0,1,1,0,3408.7,0,False,True,False,0.42011565469829265,0.0
635,32,8,0.0,2,1,1,19367.98,1,False,True,False,0.16943835748928987,0.0
850,70,1,96947.58,3,1,0,62282.99,1,True,False,False,0.9047245539900547,8725.2822
641,41,6,0.0,2,1,0,65396.79,0,False,False,True,0.11355296696475964,0.0
633,30,2,109786.82,2,1,1,139712.81,0,True,False,True,0.15364148865638358,9880.8138
413,35,2,0.0,2,1,1,60972.84,0,False,True,True,0.08597896088513736,0.0
538,31,1,0.0,2,1,0,1375.46,0,False,False,True,0.08195067667560348,0.0
437,39,0,102721.49,1,0,0,22191.82,0,False,False,False,0.4103791229459464,9244.934099999999
612,33,5,69478.57,1,1,0,8973.67,1,False,True,True,0.40721450129835207,6253.0713000000005
516,53,1,156674.2,1,1,0,118502.34,1,True,False,False,0.9253642248508105,14100.678000000002
826,56,8,174506.1,2,0,1,161802.82,1,False,True,False,0.5578222208116218,15705.548999999999
660,23,6,166070.48,2,0,0,90494.72,0,True,False,False,0.23201983247128513,14946.343200000001
646,29,4,105957.44,1,1,0,15470.91,0,True,False,False,0.5737586766008937,9536.1696
767,36,3,0.0,1,0,0,65147.27,0,False,False,True,0.39366645240432346,0.0
640,40,8,110340.68,1,1,1,157886.6,0,False,False,True,0.318608004146385,9930.661199999999
778,33,1,0.0,2,1,0,85439.73,0,False,False,True,0.07701683619148256,0.0
679,52,9,135870.01,2,0,0,54038.62,0,True,False,True,0.6480073552088456,12228.3009
549,31,4,0.0,2,0,1,25684.85,0,False,False,True,0.06466711050796689,0.0
598,47,2,0.0,2,1,1,186116.54,0,False,False,True,0.2146424405424009,0.0
655,45,0,0.0,2,1,0,166830.71,0,False,False,False,0.3378241615050369,0.0
494,30,3,85704.95,1,0,1,27886.06,0,False,False,True,0.17050178350439424,7713.4455
653,42,1,0.0,2,1,1,5768.32,0,False,False,False,0.27810254029480985,0.0
539,38,8,105435.74,1,0,0,80575.44,1,True,False,False,0.651061302919672,9489.2166
645,37,1,0.0,2,1,1,68987.55,0,False,False,False,0.1437184206310698,0.0
751,34,9,108513.25,2,1,1,27097.82,0,True,False,True,0.20983327116335057,9766.192500000001
528,35,3,156687.1,1,1,0,199320.77,0,False,False,True,0.29665274227577265,14101.839
696,31,3,150604.52,1,0,0,5566.6,0,True,False,True,0.336020526964191,13554.406799999999
716,44,6,155114.9,1,0,0,133871.83,0,False,False,False,0.6147340334268564,13960.340999999997
602,35,8,0.0,2,1,1,152843.53,0,False,False,False,0.12082307246405813,0.0
647,64,1,91216.0,1,1,1,41800.18,0,False,True,False,0.38199286443535463,8209.44
850,61,3,141784.02,1,1,1,92053.75,0,True,False,True,0.6461682361792087,12760.5618
590,32,0,127763.24,1,1,0,100717.54,0,False,False,False,0.33903380607935496,11498.6916
825,32,1,0.0,2,1,1,42935.15,0,False,True,False,0.12588732261239996,0.0
850,31,6,82613.56,2,1,0,149170.92,0,False,True,True,0.1510302473715873,7435.220399999999
789,32,7,69423.52,1,1,0,107499.39,0,False,False,False,0.3829629794366699,6248.116800000001
701,42,6,86167.82,1,1,0,153342.38,0,False,False,False,0.6242403979861693,7755.1038
713,47,1,0.0,1,1,0,107825.08,1,False,True,False,0.8609464302032238,0.0
570,30,2,131406.56,1,1,1,47952.45,0,False,False,True,0.19337311770649468,11826.5904
536,44,4,121898.82,1,0,0,131007.18,0,True,False,False,0.8562557593920493,10970.893800000002
771,32,9,77487.2,1,0,0,33143.04,0,True,False,True,0.27455853951621917,6973.848
512,75,2,0.0,1,1,0,123304.62,0,False,False,False,0.6747163832431124,0.0
698,45,5,164450.94,1,1,0,141970.02,1,False,True,True,0.7209694998590928,14800.584599999998
656,33,7,138705.02,2,1,0,37136.15,0,False,False,True,0.1944794399858864,12483.451799999999
761,37,7,132730.17,1,1,0,199293.01,0,False,True,True,0.30430109602771505,11945.715300000002
709,30,5,0.0,2,0,1,161388.22,0,False,False,False,0.11682299430405546,0.0
597,66,3,0.0,1,1,1,70532.53,0,False,True,False,0.3375014757400379,0.0
592,28,2,116498.22,1,1,0,144290.25,0,False,False,True,0.2637489144621742,10484.8398
599,41,1,0.0,2,1,0,96069.82,0,False,False,False,0.24612368814859584,0.0
572,35,1,139979.07,1,1,0,185662.84,0,True,False,False,0.5674228547465853,12598.116300000002
611,43,9,127216.31,2,0,1,17913.25,0,True,False,False,0.5494362759034972,11449.4679
634,45,2,0.0,4,1,0,101039.53,1,False,False,False,0.8997859084306937,0.0
666,51,2,148222.65,1,0,0,156953.54,1,False,False,True,0.8198209440147946,13340.038499999999
696,41,8,0.0,2,0,0,28276.83,0,False,False,False,0.2727800817916038,0.0
669,38,8,0.0,2,1,0,84049.16,0,False,False,False,0.17949093929124288,0.0
726,30,8,134152.29,1,1,1,147822.44,0,False,True,True,0.17216957564681695,12073.706100000001
497,32,8,111537.23,4,1,1,9497.99,1,True,False,False,0.8551941792917594,10038.350699999999
750,39,7,119565.92,1,1,0,87067.73,0,False,True,False,0.44617097168533837,10760.932799999999
850,29,7,0.0,2,1,0,23237.25,0,False,True,False,0.11688021040906296,0.0
617,38,7,0.0,1,1,1,27239.28,0,False,True,True,0.374709856997057,0.0
652,46,10,121063.8,3,1,0,151481.86,1,True,False,True,0.9676451713131976,10895.741999999998
560,27,7,124995.98,1,1,1,114669.79,0,False,True,False,0.25579071788655555,11249.6382
629,39,5,0.0,2,0,0,116748.14,0,False,True,True,0.08654311481139695,0.0
660,52,4,86891.84,1,1,0,90877.76,0,True,False,False,0.8327998447409116,7820.265599999999
676,38,8,0.0,2,1,1,133692.88,0,False,False,True,0.08963654393521814,0.0
581,43,9,78022.61,1,0,1,30662.91,0,False,True,True,0.40343386443297846,7022.034900000001
798,34,9,154495.79,1,1,0,191395.88,0,False,False,True,0.2693308724145721,13904.6211
705,38,1,189443.72,1,0,1,106648.58,0,False,False,True,0.2330065249446155,17049.9348
714,31,6,152926.6,1,1,1,50899.91,0,False,True,False,0.23082396349008988,13763.394
664,44,8,142989.69,1,1,1,115452.51,1,False,False,False,0.5497117403814895,12869.072100000001
697,43,7,115371.94,2,1,0,64139.1,0,True,False,True,0.6159807537056602,10383.4746
609,37,6,0.0,2,0,1,22030.72,0,False,False,True,0.10306344609090959,0.0
548,38,0,178056.54,2,1,0,38434.73,0,False,True,True,0.30627180139280435,16025.088600000001
850,39,6,206014.94,2,0,1,42774.84,1,False,True,True,0.23022124096117932,18541.3446
656,41,2,0.0,2,1,0,158973.77,0,False,False,True,0.11578641406774903,0.0
727,37,9,101191.83,1,1,1,34551.35,1,True,False,True,0.4766165217370719,9107.2647
642,55,7,0.0,2,1,1,101515.76,0,False,False,False,0.3071317683236764,0.0
710,31,5,0.0,2,1,0,9561.73,0,False,True,False,0.13365225724748467,0.0
710,33,1,0.0,2,1,0,168313.17,0,False,True,True,0.10729568075870344,0.0
718,37,7,0.0,2,1,1,55100.09,0,False,False,False,0.14737668844074986,0.0
586,32,1,149814.54,1,1,0,31830.06,0,True,False,True,0.3913951912192995,13483.3086
617,36,7,115617.24,1,1,1,71519.4,0,False,True,False,0.2616124466156878,10405.5516
630,28,9,0.0,2,0,0,32599.35,0,False,False,True,0.06789751859318156,0.0
791,42,10,113657.41,2,0,1,139946.68,1,True,False,False,0.503637640252908,10229.1669
673,39,8,138160.0,1,1,1,110468.51,0,False,True,True,0.21561142719113277,12434.400000000001
477,36,3,117700.86,1,0,0,74042.0,0,True,False,False,0.5489122007622997,10593.0774
662,37,5,0.0,2,1,0,151871.84,0,False,False,False,0.16872987977642379,0.0
850,37,9,122506.38,1,0,1,199693.84,1,True,False,True,0.5915995189398374,11025.574200000001
635,58,1,0.0,1,1,1,58907.08,1,False,False,False,0.7065898882869902,0.0
537,59,9,0.0,2,0,0,103799.77,1,False,False,True,0.6747784185778919,0.0
579,39,3,166501.17,2,1,0,93835.64,0,False,False,False,0.3275603880432167,14985.1053
651,46,4,89743.05,1,1,0,156425.57,1,False,True,False,0.7850538155190359,8076.8745
610,25,2,0.0,2,1,0,123723.83,0,False,False,False,0.15522936296118875,0.0
581,30,1,0.0,2,1,0,199464.08,0,False,False,True,0.09186480255750502,0.0
592,39,7,0.0,2,1,0,83084.33,0,False,False,True,0.10736718488894104,0.0
688,35,6,0.0,1,1,0,25488.43,1,False,True,False,0.5218817134428362,0.0
681,18,1,98894.39,1,1,1,9596.4,0,False,False,False,0.22145705760986367,8900.4951
658,37,3,168735.74,2,0,0,70370.24,0,True,False,True,0.2922700685016349,15186.2166
792,34,1,0.0,1,0,1,86330.32,0,False,False,True,0.27165320890304284,0.0
528,62,7,133201.17,1,0,0,168507.68,1,True,False,False,0.9213044304356398,11988.1053
624,36,0,0.0,2,1,0,111605.9,0,False,True,False,0.17002703053248658,0.0
562,31,4,127237.25,2,0,1,143317.42,0,True,False,True,0.17714892217809408,11451.352499999999
678,36,1,117864.85,2,1,0,27619.06,0,True,False,True,0.3365112030473443,10607.836500000001
705,64,3,153469.26,3,0,0,146573.66,1,True,False,False,0.9540663431382208,13812.233400000001
650,23,4,93911.3,2,1,0,69055.45,0,True,False,True,0.23911218911103294,8452.017
593,46,2,76597.79,1,1,1,54453.72,0,False,True,False,0.5578500872842244,6893.801099999999
652,40,4,79927.36,2,1,1,33524.6,0,False,False,False,0.28499136552958027,7193.4624
554,27,4,0.0,2,1,1,135083.73,0,False,True,False,0.10701190188198981,0.0
584,32,8,40172.91,1,1,1,137439.34,0,True,False,True,0.17656533411657402,3615.5619
516,33,7,115195.58,1,1,1,11205.5,0,False,False,True,0.21518923072797538,10367.602200000001
789,43,9,116644.29,2,1,1,60176.1,0,True,False,False,0.4927549492389172,10497.986099999998
598,20,8,180293.84,2,1,1,29552.7,0,True,False,True,0.14544104091035254,16226.4456
669,30,7,139872.81,1,1,0,188795.85,0,True,False,False,0.529016593835256,12588.552899999999
645,24,3,34547.82,1,1,1,11638.17,0,False,False,False,0.27437629372189587,3109.3038
659,32,9,0.0,2,1,1,93155.75,0,False,False,False,0.11162461787296171,0.0
833,29,1,96462.25,2,0,1,48986.18,0,True,False,True,0.1541097647739914,8681.602499999999
697,40,7,130334.35,2,0,1,116951.1,0,False,True,False,0.2948154401715058,11730.091499999999
580,39,3,119688.81,1,1,0,137041.26,0,True,False,True,0.6712275258756193,10771.9929
691,38,1,0.0,2,0,0,44653.5,0,False,False,True,0.07854373872679381,0.0
534,52,1,0.0,3,1,1,104035.41,1,False,False,True,0.8158572877741088,0.0
478,32,6,71187.24,1,1,1,110593.62,0,False,False,False,0.262241129443802,6406.8516
572,47,2,0.0,2,1,0,36099.7,0,False,False,False,0.4166620262922002,0.0
501,37,4,0.0,2,0,0,12470.3,0,False,False,True,0.07927508075488918,0.0
624,38,8,0.0,2,1,0,95403.41,0,False,True,False,0.1645132489527664,0.0
595,39,9,136422.41,1,1,1,151757.81,0,False,False,False,0.40827785437158404,12278.0169
603,30,8,0.0,2,1,1,47536.46,0,False,False,True,0.0703791066650747,0.0
602,25,0,0.0,2,1,1,101274.17,0,False,False,False,0.14410211149707253,0.0
500,34,6,0.0,1,1,1,140268.45,0,False,False,False,0.3260050200364706,0.0
422,41,6,153238.88,1,1,0,11663.09,0,False,False,True,0.4639684841815938,13791.4992
615,35,7,0.0,2,1,0,150784.29,0,False,False,True,0.09231521246778972,0.0
635,78,6,47536.4,1,1,1,119400.08,0,False,False,False,0.294755564294135,4278.276
711,32,1,0.0,2,1,0,126188.42,0,False,False,False,0.14910431894954107,0.0
834,36,8,142882.49,1,1,0,89983.02,1,False,False,True,0.35280894412182107,12859.4241
633,44,7,0.0,2,1,0,29761.29,0,False,False,False,0.34342988887356873,0.0
650,31,1,160566.11,2,0,0,27073.81,0,False,False,False,0.23935374615455227,14450.949899999996
743,65,2,131935.51,1,1,1,96399.67,1,True,False,True,0.7498349563214941,11874.1959
567,38,6,127678.8,2,0,0,45422.89,0,False,False,True,0.2118521807230945,11491.092
706,46,4,105214.58,1,1,0,108699.59,1,True,False,False,0.911479461787906,9469.3122
638,46,9,139859.54,1,1,0,38967.29,0,False,False,True,0.6857884135778199,12587.358600000001
641,38,3,0.0,2,1,0,116466.19,0,False,False,False,0.17387456861374978,0.0
574,34,5,112324.45,2,1,1,17993.43,0,False,False,False,0.18146376959068508,10109.200499999999
642,30,8,134497.27,1,0,0,43250.54,0,True,False,True,0.4966980782998139,12104.754299999999
722,35,1,120171.58,1,1,0,125240.8,0,False,True,False,0.38986196944902946,10815.4422
623,23,1,106012.2,2,0,1,191415.94,0,False,False,True,0.13547480946364165,9541.098
681,25,5,0.0,1,0,1,90860.97,0,False,False,True,0.26129774404343614,0.0
530,34,8,0.0,2,0,1,141872.52,0,False,False,False,0.09578928353602946,0.0
797,55,10,0.0,4,1,1,49418.87,1,False,False,False,0.8124953540021891,0.0
653,51,3,0.0,1,1,0,170426.65,1,False,False,True,0.8835331403817718,0.0
850,42,8,119839.69,1,0,1,51016.02,1,True,False,True,0.6352185586737338,10785.572100000001
581,34,1,0.0,2,0,1,81175.25,0,False,True,True,0.10507617073110197,0.0
589,38,8,92219.21,1,1,0,99106.97,0,True,False,True,0.49811229090750814,8299.7289
555,48,3,142055.41,2,0,1,79134.78,0,True,False,True,0.5465298147577962,12784.9869
748,49,7,29602.08,1,0,0,163550.58,1,False,False,False,0.856746811968035,2664.1872000000003
745,46,7,0.0,2,1,1,67769.94,0,False,False,False,0.26767363580059766,0.0
730,34,1,0.0,2,1,1,126592.01,0,False,False,True,0.06147357455314762,0.0
565,44,1,0.0,2,0,1,89602.81,0,False,False,False,0.32214536508352304,0.0
778,37,3,141803.77,1,0,1,179421.84,0,False,False,True,0.24804979523159004,12762.3393
812,24,10,0.0,2,1,1,156906.15,0,False,False,True,0.052473713035170004,0.0
526,42,1,0.0,1,0,1,168486.02,0,False,False,True,0.47815821326858043,0.0
708,47,0,126589.12,2,0,1,132730.07,1,False,False,False,0.6092401816790445,11393.020799999998
680,33,2,108393.35,1,0,1,39057.67,0,False,False,True,0.18311751841513213,9755.4015
567,43,2,115643.58,2,0,0,174606.35,0,False,True,True,0.3700985919162412,10407.9222
564,48,5,132876.23,1,1,0,79259.77,0,False,True,True,0.7105957524721981,11958.860700000001
709,24,3,110949.41,1,1,1,168515.61,0,False,False,False,0.25989959415047925,9985.4469
629,46,1,130666.2,1,1,1,161125.67,1,False,False,True,0.5168416370137582,11759.957999999999
510,45,10,103821.47,2,0,1,77878.62,0,False,False,False,0.4275410000419854,9343.9323
506,32,3,0.0,1,1,1,80823.02,0,False,False,False,0.3197502785671086,0.0
605,39,7,0.0,1,0,1,119348.28,0,False,False,True,0.35991267560362106,0.0
650,32,1,132187.73,2,1,1,178331.36,0,False,True,True,0.1440647057908495,11896.895700000001
850,49,8,98649.55,1,1,0,119174.88,1,True,False,True,0.9028865467893895,8878.4595
489,38,2,126444.08,2,1,1,82662.73,0,True,False,True,0.2638876269188678,11379.9672
659,30,8,154159.51,1,1,0,40441.1,0,True,False,False,0.502221282180275,13874.355900000002
753,43,5,0.0,2,1,0,109881.71,0,False,False,False,0.3430578838903201,0.0
477,48,8,129250.0,2,1,1,157937.35,0,True,False,True,0.5728533656166379,11632.5
610,45,3,0.0,1,1,0,38276.84,1,False,True,False,0.8030021168372216,0.0
619,33,2,167733.51,2,1,1,65222.48,0,False,False,False,0.2001200419237145,15096.015899999999
619,31,2,56116.3,2,0,0,2181.94,0,True,False,False,0.16106765858261604,5050.467000000001
758,30,3,141581.08,1,1,0,156249.06,0,False,False,False,0.3548829642281629,12742.297199999999
516,50,7,139675.07,2,1,0,45591.23,0,True,False,True,0.6539765052701929,12570.7563
789,27,8,66201.96,1,1,1,79458.12,0,False,False,False,0.20808054659157008,5958.1764
687,44,9,0.0,2,0,0,103042.2,1,False,False,False,0.41306208805466693,0.0
485,34,3,133658.24,1,1,0,70209.83,0,True,False,True,0.5162022338752258,12029.2416
446,25,3,136202.78,1,1,0,176743.51,0,True,False,True,0.4119614408145347,12258.2502
597,60,0,131778.08,1,0,0,10703.53,1,False,False,False,0.8472104430915993,11860.027199999999
712,74,5,0.0,2,0,0,151425.82,0,False,True,True,0.40068688500751726,0.0
522,34,3,0.0,2,1,1,3894.34,0,False,False,False,0.12481438841419835,0.0
805,26,8,42712.87,2,1,1,28861.69,0,True,False,False,0.10393285089320113,3844.1583
781,28,4,0.0,2,1,0,177703.15,0,False,False,False,0.12103761474113835,0.0
689,57,4,0.0,2,1,0,136649.8,1,False,True,False,0.5715245187656158,0.0
670,31,1,142631.54,2,1,1,175894.24,0,True,False,True,0.14090777120040832,12836.838600000001
670,33,2,141204.65,2,1,0,76257.46,0,False,False,True,0.19399688560325543,12708.418499999998
524,25,7,131402.21,1,0,0,193668.49,0,True,False,False,0.4576783303270273,11826.1989
734,39,3,92636.96,2,1,1,125671.29,0,False,True,False,0.2374909530117926,8337.3264
489,51,3,0.0,2,0,1,174098.28,1,False,False,False,0.516468502928801,0.0
578,31,5,102088.68,4,0,0,187866.21,1,True,False,False,0.796229101256941,9187.981199999998
622,39,9,0.0,2,0,1,100862.36,0,False,True,True,0.09569084869098464,0.0
843,38,8,134887.53,1,1,1,10804.04,0,False,False,False,0.2736153921700961,12139.877700000001
687,48,4,0.0,2,1,1,170893.85,0,False,False,True,0.23869470678727145,0.0
700,28,8,159900.38,1,0,0,22698.56,0,False,True,True,0.3058327260257895,14391.034200000002
410,50,2,102278.79,2,1,0,89822.48,0,True,False,False,0.7039795626531915,9205.0911
537,41,0,0.0,2,0,1,175262.49,0,False,False,False,0.2772597944469043,0.0
780,43,0,0.0,1,0,1,15705.27,0,False,False,False,0.5914426197522943,0.0
652,58,6,0.0,2,0,1,170025.43,0,False,True,True,0.2236667328268418,0.0
620,35,0,76989.97,1,1,1,17242.79,0,True,False,True,0.21281243179155143,6929.097299999999
697,23,10,0.0,2,1,1,79734.23,0,False,False,False,0.13864517880934638,0.0
786,35,3,0.0,2,1,0,92712.97,0,False,False,True,0.09488698652414071,0.0
850,39,5,114491.82,1,1,0,99689.48,0,True,False,False,0.5844950245362664,10304.2638
749,54,3,144768.94,1,1,0,93336.3,1,True,False,True,0.9228158878044759,13029.2046
445,31,7,145056.59,1,1,1,175893.53,0,False,False,True,0.24488275728274708,13055.093099999998
443,50,3,117206.3,1,1,0,42840.18,1,True,False,True,0.8990193445170201,10548.567
637,41,2,138014.4,2,1,0,140298.24,0,True,False,True,0.35321676319617173,12421.295999999998
616,45,6,128352.59,3,1,1,144000.59,1,True,False,False,0.9179451660316289,11551.7331
756,23,1,112568.31,1,1,1,113408.11,0,False,False,False,0.2030101719687168,10131.1479
644,33,2,0.0,1,1,0,96420.58,0,False,False,True,0.3503671257146232,0.0
850,41,1,176958.46,2,0,1,125806.3,0,True,False,True,0.19714057789857545,15926.2614
703,38,9,99167.54,1,1,0,65720.92,0,True,False,False,0.6296917327966608,8925.078599999999
684,42,3,103210.27,1,1,0,31002.03,0,False,True,False,0.5676332175593619,9288.9243
706,48,10,104478.12,3,0,1,158248.71,1,True,False,False,0.9406532048618156,9403.030799999999
580,61,8,125921.37,1,1,1,94677.83,0,False,True,True,0.40679807502820636,11332.923299999999
777,35,3,0.0,2,1,1,17257.72,0,False,True,False,0.12531989239156616,0.0
676,48,3,80697.44,1,0,0,101397.86,0,True,False,True,0.7768579545882979,7262.7696000000005
708,44,2,161887.81,2,1,0,84870.23,0,False,False,False,0.5134799194814286,14569.9029
809,24,7,109558.36,1,1,0,183515.13,0,False,False,True,0.283142230398491,9860.2524
588,38,1,124271.26,1,1,0,75969.19,0,False,False,True,0.38258351375785593,11184.413399999998
623,43,1,0.0,2,1,1,146379.3,0,False,False,True,0.2103441186577738,0.0
537,42,1,190569.23,1,0,1,127154.8,0,False,True,True,0.3655412002215775,17151.2307
536,53,2,143923.96,1,1,0,2019.78,1,False,True,True,0.7948832895796485,12953.1564
769,48,2,96542.16,2,0,1,197885.72,0,False,False,True,0.3748534120647622,8688.794399999999
690,33,5,0.0,2,1,0,138017.68,0,False,False,True,0.08287925700534443,0.0
771,45,0,139825.56,1,0,0,170984.97,1,False,True,True,0.7168453178401054,12584.300399999998
497,24,6,111769.14,2,1,0,55859.27,0,True,False,True,0.2744982526053241,10059.222600000001
622,37,4,0.0,2,1,0,4459.5,0,False,True,True,0.0824880596045068,0.0
602,30,9,113672.18,2,0,0,102135.92,0,False,True,True,0.1796767054849128,10230.4962
543,32,7,147256.86,1,1,0,112771.95,0,False,False,False,0.34818921827848337,13253.1174
520,45,7,107023.03,1,1,0,32903.93,0,False,True,True,0.6915962404046987,9632.0727
669,37,1,125529.55,1,1,1,162260.93,0,False,False,True,0.2165272829008619,11297.6595
631,41,0,0.0,1,0,0,87959.83,0,False,True,False,0.5402939449953039,0.0
537,48,4,131834.8,1,1,0,166476.95,1,True,False,True,0.921935779099925,11865.131999999998
732,62,2,0.0,2,1,1,25438.87,0,False,False,True,0.17382789501501048,0.0
844,56,5,99529.7,1,0,1,157230.06,1,False,True,True,0.458424595278262,8957.672999999999
838,35,0,0.0,2,0,1,197305.91,0,False,True,True,0.09186522309522246,0.0
652,27,10,107303.72,2,0,0,44435.76,0,False,False,True,0.1601713094461078,9657.334799999999
660,33,0,72783.42,1,0,0,181051.99,0,False,False,True,0.29195759455105286,6550.507799999999
692,44,8,0.0,1,0,1,159069.37,0,False,True,False,0.5784541887418696,0.0
588,35,0,0.0,2,1,1,155485.24,0,False,False,False,0.138355783853305,0.0
533,22,10,115743.6,1,0,0,43852.05,0,True,False,False,0.42743141996284434,10416.923999999999
850,43,4,161256.53,1,1,1,140071.57,0,False,False,True,0.3476515003954534,14513.0877
511,27,8,0.0,2,1,1,49089.36,0,False,False,True,0.05812617672876275,0.0
530,44,6,0.0,2,0,0,55893.37,0,False,True,True,0.27091562788947754,0.0
554,31,1,0.0,2,0,1,192660.55,0,False,False,True,0.07688811282612235,0.0
585,40,3,162261.01,2,1,0,137028.51,0,True,False,False,0.3572258082843257,14603.4909
754,39,3,74896.33,1,0,0,34430.16,0,False,False,True,0.3599702315785611,6740.6697
474,54,3,0.0,1,1,0,108409.17,1,False,False,True,0.8987140631649198,0.0
837,35,0,144037.6,1,1,0,145325.32,0,True,False,True,0.48530251453562556,12963.383999999998
567,23,9,93522.2,1,0,1,81425.61,0,False,False,False,0.20755616532525029,8416.998
800,38,1,0.0,2,1,0,51553.43,0,False,True,True,0.08076555991533244,0.0
646,18,10,0.0,2,0,1,52795.15,0,False,False,True,0.08142589602600381,0.0
627,38,8,106922.92,2,0,1,84270.09,0,True,False,True,0.2455644889952383,9623.0628
505,26,8,112972.57,1,1,0,145011.62,0,False,False,True,0.25566038774260624,10167.531299999999
566,35,1,123042.0,1,1,0,66245.44,1,True,False,False,0.66123497479746,11073.779999999999
619,33,3,100488.92,2,0,1,36446.74,0,True,False,False,0.2207367514136708,9044.002799999998
757,44,4,123322.15,1,1,0,137136.29,0,False,False,False,0.6685579092776236,11098.9935
648,32,0,0.0,1,0,1,117323.31,0,False,False,True,0.29229425090120226,0.0
621,42,8,68683.68,1,1,1,74157.71,0,False,True,True,0.39062363134133493,6181.531199999999
543,49,6,59532.18,1,1,0,104253.56,0,True,False,True,0.6788404781708448,5357.8962
658,43,7,140260.36,2,1,0,2748.72,0,False,False,False,0.4548538652982134,12623.432399999998
633,50,7,88302.65,1,1,1,195937.16,0,True,False,True,0.5736846727709567,7947.2384999999995
648,19,1,0.0,2,0,1,22101.86,0,False,False,False,0.13225790505407328,0.0
501,40,5,114655.58,1,0,0,126535.92,0,True,False,True,0.6590603512169914,10319.002199999999
683,42,4,148283.94,1,1,1,44692.63,1,False,False,False,0.510494063086633,13345.5546
619,38,1,0.0,1,1,0,112442.63,1,False,True,False,0.5626600107017115,0.0
705,35,3,0.0,2,0,1,66331.01,0,False,False,False,0.12505281115390976,0.0
638,53,1,123916.67,1,1,0,16657.68,1,True,False,False,0.9449346404708328,11152.5003
710,31,1,0.0,2,1,0,20081.3,0,False,False,False,0.14452830424462823,0.0
590,54,4,0.0,2,1,1,93820.49,1,False,False,False,0.328582913997197,0.0
725,43,2,165896.0,2,1,0,130795.52,0,False,False,True,0.38984007503072715,14930.64
638,32,0,0.0,2,1,0,160129.99,0,False,False,False,0.16050702958194882,0.0
791,36,6,111168.97,1,1,1,189969.91,0,False,False,True,0.20241785502311482,10005.207299999998
702,40,1,103549.24,1,0,0,9712.52,1,False,False,False,0.5359362728600687,9319.4316
607,32,6,0.0,2,0,0,196062.01,0,False,False,False,0.14490365803106484,0.0
535,30,6,103804.97,1,1,1,125710.53,0,False,False,True,0.20034802890691344,9342.4473
651,45,2,165901.59,2,1,0,23054.51,1,False,False,True,0.6073495639507184,14931.143100000001
506,59,8,119152.1,2,1,1,170679.74,0,True,False,True,0.5630253680958471,10723.689
511,57,8,122950.31,1,1,1,181258.76,0,False,True,False,0.5591598052476562,11065.5279
757,51,1,0.0,1,1,1,22835.13,1,False,False,False,0.7327867858876204,0.0
768,49,1,133384.66,1,1,0,102397.22,1,True,False,True,0.9258373415722341,12004.6194
757,32,9,0.0,2,1,0,115950.96,0,False,False,True,0.07849927330518054,0.0
663,64,6,0.0,2,0,1,15876.52,0,False,True,True,0.11640487969779345,0.0
537,37,7,158411.95,4,1,1,117690.58,1,True,False,False,0.8509327492696049,14257.0755
570,29,4,122028.65,2,1,1,173792.77,0,True,False,True,0.17135735028458396,10982.5785
850,35,5,0.0,1,1,1,80992.8,0,False,False,False,0.2234299847609741,0.0
661,64,8,128751.65,2,1,0,189398.18,1,True,False,False,0.787571035332228,11587.6485
659,54,8,133436.52,1,1,0,56787.8,0,False,False,True,0.805096333226819,12009.286799999998
454,40,2,123177.01,1,1,0,148309.98,0,False,True,True,0.41573485965180834,11085.9309
708,59,2,0.0,1,1,0,179673.11,1,False,False,False,0.8918490485080417,0.0
720,37,2,120328.88,2,1,1,138470.21,0,False,False,False,0.2284385685059213,10829.5992
785,39,1,130147.98,1,1,0,163798.41,1,False,False,False,0.4517717194510266,11713.3182
743,36,8,92716.96,1,1,1,33693.78,0,False,True,False,0.23960269227816824,8344.5264
493,48,7,0.0,2,1,0,48545.1,0,False,True,False,0.4458132288542477,0.0
557,34,3,0.0,1,0,1,123427.98,0,False,True,True,0.35980930192898547,0.0
850,40,1,76914.21,1,1,0,174183.44,0,False,False,True,0.44263909311392496,6922.2789
799,32,3,106045.92,2,1,1,17938.0,0,False,False,False,0.1778105707659165,9544.1328
756,34,1,103133.26,1,1,1,90059.04,0,False,False,True,0.14864989925441216,9281.9934
752,38,0,145974.79,2,1,1,137694.23,0,False,False,True,0.16410102350340786,13137.7311
696,36,3,0.0,3,1,0,65039.9,0,False,True,False,0.5052532549852802,0.0
630,49,1,0.0,2,0,1,162858.29,0,False,True,False,0.34463323448294836,0.0
659,38,9,0.0,2,1,1,35701.06,0,False,True,False,0.1527687227034033,0.0
685,39,9,0.0,2,1,1,18826.06,0,False,True,True,0.06903153957513504,0.0
599,31,3,0.0,1,1,1,130086.47,1,False,True,False,0.42341151977185043,0.0
559,31,1,139183.06,1,0,1,143360.56,0,False,True,False,0.2752417504365466,12526.4754
615,19,5,0.0,2,1,0,159920.92,0,False,True,True,0.07875564233244488,0.0
580,36,3,74974.89,1,1,1,12099.67,0,True,False,False,0.2912374926566509,6747.740099999999
487,44,6,61691.45,1,1,1,53087.98,0,False,True,True,0.46698274941807777,5552.2305
646,35,1,121952.75,2,1,1,142839.82,0,True,False,False,0.27895753617381397,10975.7475
811,35,7,0.0,1,1,1,178.19,0,False,False,False,0.24581966552329487,0.0
526,35,5,0.0,2,1,1,105618.14,0,False,True,True,0.08032050355206094,0.0
767,37,7,0.0,2,1,1,24734.25,0,False,True,True,0.06916836639232532,0.0
548,33,1,80107.83,2,0,1,82245.67,0,False,False,False,0.15952568890856486,7209.7047
737,45,2,0.0,2,0,1,177695.67,0,False,True,False,0.2876025912077164,0.0
613,40,1,147856.82,3,0,0,107961.11,1,True,False,True,0.8589910433094494,13307.1138
711,36,8,0.0,2,1,0,55207.41,0,False,True,True,0.08456915626910494,0.0
850,53,7,65407.16,2,0,0,182633.63,1,False,True,False,0.655549425252993,5886.6444
752,53,8,114233.18,1,1,1,51587.04,0,False,False,False,0.5517174496308856,10280.9862
710,37,5,0.0,2,1,0,115403.31,0,False,False,False,0.1641715733053747,0.0
664,53,7,187602.18,1,1,0,186392.99,1,False,True,False,0.8069748904779823,16884.1962
510,22,3,156834.34,1,0,0,44374.44,0,False,False,False,0.3196272559327824,14115.0906
577,34,2,0.0,2,1,1,84033.35,0,False,False,False,0.10315296462462349,0.0
529,42,1,157498.9,1,1,1,82276.62,0,False,False,True,0.3857028006114507,14174.900999999998
757,44,9,0.0,2,1,0,177528.92,0,False,True,False,0.38046319184734356,0.0
691,41,2,0.0,1,1,1,56850.92,1,False,False,True,0.4280727386590448,0.0
621,34,8,0.0,1,0,0,47972.65,0,False,True,True,0.3770053530193707,0.0
709,35,2,0.0,2,1,0,104982.39,0,False,True,True,0.10161464698224738,0.0
756,19,4,130274.22,1,1,1,133535.29,0,False,True,True,0.2047497244862089,11724.6798
788,41,6,0.0,1,1,1,25571.37,0,False,False,False,0.43084772934678983,0.0
705,39,5,149379.66,2,1,0,96075.55,0,False,False,False,0.3029906728156866,13444.169399999999
483,29,9,0.0,1,1,1,81634.45,0,False,False,True,0.2625963662379728,0.0
719,35,1,100829.94,1,1,1,165008.97,0,False,True,True,0.18605262124760916,9074.6946
793,32,1,96408.98,1,1,1,138191.81,0,True,False,False,0.3535306424830064,8676.8082
593,41,6,0.0,2,1,1,99136.49,0,False,False,True,0.12795720814259154,0.0
551,52,1,0.0,1,0,0,63584.55,1,False,False,True,0.8488508788573043,0.0
690,39,6,0.0,2,1,0,160532.88,0,False,False,True,0.0955542899654194,0.0
823,71,5,149105.08,1,0,1,162683.06,0,False,False,True,0.24976770434818715,13419.457199999997
512,39,3,0.0,1,1,0,134878.19,0,False,True,True,0.43732521937936475,0.0
802,41,5,0.0,2,1,1,134626.3,0,False,True,True,0.08158345406137141,0.0
450,34,2,0.0,2,1,0,175480.93,0,False,True,False,0.15831040584958375,0.0
651,41,1,90218.11,1,1,0,174337.68,0,True,False,True,0.6177090878250502,8119.6299
697,33,1,87347.7,1,1,0,172524.51,0,False,False,False,0.34305357090655386,7861.293
611,28,2,0.0,2,0,0,25395.83,0,False,False,True,0.07598687189709968,0.0
643,33,0,137811.75,1,1,1,184856.89,0,False,False,False,0.2716995733140061,12403.057499999999
822,37,3,105563.0,1,1,0,182624.93,0,False,False,True,0.3579475320642363,9500.67
632,38,4,0.0,2,0,0,192505.62,0,False,False,True,0.10964526087125755,0.0
575,26,7,0.0,2,1,0,112507.63,0,False,True,False,0.11019520701346223,0.0
672,31,6,91125.75,1,1,0,177295.92,0,False,False,True,0.3118343662784333,8201.317500000001
517,39,3,0.0,2,0,1,12465.51,0,False,True,True,0.10315519364408283,0.0
621,39,8,0.0,2,1,0,36122.96,0,False,True,True,0.08033335128880965,0.0
775,77,6,135120.56,1,1,0,37836.64,0,True,False,False,0.582927603102097,12160.8504
600,29,8,0.0,2,0,1,34747.43,0,False,False,True,0.06974960841000784,0.0
640,28,7,0.0,2,1,1,131097.9,0,False,False,True,0.06708610055998211,0.0
752,36,1,86837.95,1,1,1,105280.55,0,False,False,False,0.23120692564091147,7815.4155
613,26,4,100446.57,1,0,1,149653.81,0,False,False,True,0.1931177698086736,9040.1913
484,32,3,0.0,2,1,1,139390.99,0,False,False,False,0.11051502029867204,0.0
511,33,3,0.0,2,1,0,132436.71,0,False,False,False,0.13937179074170333,0.0
745,32,2,0.0,4,0,1,179705.13,1,False,False,False,0.6840713115612351,0.0
786,32,6,114512.59,1,1,0,15796.66,0,False,True,False,0.358910531949643,10306.1331
727,35,5,136364.46,1,0,0,142754.71,0,False,False,True,0.2972928512184866,12272.8014
622,31,5,106260.67,1,1,1,2578.43,0,False,False,True,0.21293438738648265,9563.460299999999
794,24,10,146126.75,1,1,1,88992.05,0,False,False,True,0.1696912197652641,13151.4075
636,52,4,111284.53,1,0,1,32936.44,1,False,True,True,0.5249587569504109,10015.6077
741,42,9,121056.63,2,1,0,39122.58,0,False,True,False,0.4396533664289013,10895.0967
687,34,5,128270.56,1,1,0,191092.62,0,False,False,True,0.3004210050006724,11544.3504
660,30,4,0.0,2,1,0,129149.06,0,False,True,True,0.07315056802633721,0.0
660,35,7,0.0,2,1,0,13218.6,0,False,False,True,0.08461790292164437,0.0
617,79,7,0.0,1,1,1,160589.18,0,False,False,False,0.329256041225647,0.0
762,32,10,191775.65,1,1,0,179657.83,0,False,False,True,0.3419460117812419,17259.8085
752,35,2,0.0,1,1,0,44335.54,1,False,True,False,0.554459104834285,0.0
561,34,4,85141.79,2,1,1,29217.37,0,False,True,True,0.15775273879295168,7662.7611
609,26,10,126392.18,1,0,1,43651.49,0,False,False,True,0.18776710815215075,11375.296199999999
803,28,3,0.0,2,1,0,159654.0,0,False,False,True,0.07272761442029235,0.0
556,40,9,129860.37,1,0,0,17992.94,0,False,False,False,0.5288266584021885,11687.4333
531,53,5,127642.44,1,1,0,141501.45,1,False,False,False,0.8601199561944908,11487.8196
411,35,2,0.0,2,1,1,93825.78,0,False,False,False,0.1432498102183483,0.0
587,44,5,125584.17,2,1,1,41852.24,1,True,False,False,0.6377834518754479,11302.5753
683,56,7,50911.21,3,0,0,97629.31,1,False,True,True,0.8925603557157643,4582.0089
654,29,2,91955.61,1,1,0,37065.66,0,False,False,True,0.27994971262464735,8276.0049
670,36,2,84266.44,2,0,0,38614.69,0,True,False,False,0.20283763856052875,7583.9796
655,36,2,147149.59,1,1,1,87816.86,0,False,False,False,0.26128017574635737,13243.463099999999
752,36,7,0.0,2,1,0,184866.86,0,False,False,False,0.1740599959045651,0.0
534,23,5,104822.45,1,0,1,160176.47,0,False,False,False,0.2523679247980989,9434.020499999999
635,42,1,146766.72,2,0,1,164357.1,0,False,False,True,0.3022343957286938,13209.004799999999
491,70,6,148745.92,2,1,1,17818.33,0,True,False,True,0.3563619941380211,13387.1328
516,27,9,0.0,1,1,0,142680.64,1,False,False,True,0.3790426399991921,0.0
530,48,0,0.0,1,1,0,85081.09,0,False,False,False,0.7798148400158484,0.0
687,35,3,0.0,2,1,1,176450.19,0,False,True,True,0.06927574023398597,0.0
684,41,6,135203.81,2,1,1,121967.88,0,False,False,False,0.29586825667798217,12168.3429
706,23,2,93301.97,2,0,1,127187.04,0,True,False,True,0.11500917645550666,8397.1773
490,33,5,96341.0,2,0,0,108313.34,0,True,False,True,0.21653916139915486,8670.69
796,44,8,165326.2,1,1,1,57205.55,0,False,False,True,0.3689562187440549,14879.358
849,27,0,0.0,2,0,1,157891.86,0,False,False,True,0.07472850483348573,0.0
779,41,10,99786.2,1,1,0,86927.53,0,False,False,False,0.5460483560189483,8980.758
794,22,4,114440.24,1,1,1,107753.07,0,False,True,False,0.2266369859428606,10299.621599999999
748,36,4,141573.55,1,1,0,82158.14,0,False,True,True,0.33807462659023657,12741.619499999997
663,22,9,0.0,1,1,0,29135.89,1,False,True,False,0.3651114649751175,0.0
645,55,1,133676.65,1,0,1,17095.49,0,False,True,False,0.5396860500288769,12030.8985
464,33,10,147493.7,2,1,0,100447.53,0,False,False,False,0.26897684743814915,13274.433
737,54,9,0.0,1,1,0,83470.4,1,False,False,True,0.8765225237547816,0.0
590,29,4,0.0,2,1,0,121846.81,0,False,False,False,0.14012614520309455,0.0
522,37,3,95022.57,1,1,1,129107.59,0,True,False,False,0.5112238637914127,8552.031299999999
648,34,3,0.0,1,1,0,54726.43,0,False,False,False,0.46480879956849014,0.0
754,37,6,0.0,1,1,1,116141.72,0,False,False,True,0.2902012538053677,0.0
669,50,4,149713.61,3,1,1,124872.42,1,False,False,True,0.8622369006979562,13474.224899999997
648,43,1,107963.38,1,0,0,186438.86,1,True,False,False,0.8847604087200598,9716.7042
763,40,3,0.0,2,1,0,134281.11,0,False,False,True,0.11479178274085357,0.0
790,32,3,0.0,1,1,0,91044.47,0,False,True,True,0.42275951923777116,0.0
581,37,7,0.0,2,1,1,74320.75,0,False,False,True,0.10014257599534794,0.0
703,43,8,0.0,2,1,0,9704.66,0,False,False,True,0.22649052674178458,0.0
571,33,9,102017.25,2,0,0,128600.49,0,False,False,False,0.2388448815043285,9181.5525
657,27,8,0.0,2,0,0,6468.24,0,False,True,False,0.12440740461209422,0.0
737,44,7,0.0,2,0,0,57898.58,0,False,False,True,0.272126495954044,0.0
793,29,8,96674.55,2,0,0,192120.66,0,False,True,True,0.1434653628025054,8700.7095
783,44,3,81811.71,1,1,0,164213.53,1,False,True,False,0.735544600417909,7363.053900000001
751,33,4,79281.61,1,1,0,117547.76,0,False,True,True,0.3052678061225131,7135.3449
579,31,6,0.0,2,1,0,26149.25,0,False,False,True,0.07607071479853694,0.0
655,36,10,122314.39,1,1,0,9181.66,0,True,False,False,0.6452913942350864,11008.2951
614,43,8,140733.74,1,1,1,166588.76,0,True,False,True,0.6952016125183831,12666.036599999998
678,49,2,116933.11,1,1,0,195053.58,1,True,False,True,0.9186923472591783,10523.9799
562,41,5,165445.04,2,1,0,85787.31,0,False,True,True,0.29014322112328966,14890.0536
711,53,5,123805.03,1,1,0,102428.51,0,True,False,False,0.9278595800779738,11142.452699999998
620,37,0,107548.94,1,1,0,71175.94,0,False,False,True,0.3609464017314065,9679.4046
437,49,9,111634.29,2,0,1,166440.32,0,False,False,True,0.4484348946973962,10047.0861
691,41,8,109153.96,3,1,1,148848.76,1,True,False,False,0.9317874176108276,9823.8564
552,34,4,0.0,2,1,0,140286.69,0,False,True,False,0.11798784400273625,0.0
765,34,5,86055.17,2,1,1,104220.5,0,True,False,True,0.12652286489327347,7744.9653
707,51,10,98438.23,1,0,0,70778.63,1,True,False,False,0.9180346643620234,8859.4407
764,29,5,0.0,2,1,0,65868.28,0,False,True,True,0.0638953310042905,0.0
585,32,8,144705.87,2,0,0,171482.56,0,False,False,False,0.2673207635041605,13023.528299999998
784,31,7,0.0,2,1,1,143204.41,0,False,False,True,0.057720402970808965,0.0
605,41,5,91612.91,1,1,1,28427.84,0,False,False,True,0.33964338551840784,8245.1619
699,40,2,0.0,1,1,0,78387.32,0,False,True,True,0.5056086093691927,0.0
544,40,7,0.0,1,0,1,161076.92,0,False,False,False,0.5001984147120754,0.0
803,32,9,192122.84,1,1,1,54277.45,1,False,False,False,0.4195881210812002,17291.0556
735,41,7,179904.0,1,1,1,137180.95,0,False,False,True,0.3759708386066064,16191.36
673,59,0,178058.06,2,0,1,21063.71,1,False,False,True,0.43607050777700457,16025.2254
652,30,2,176166.56,2,1,1,152210.81,0,False,False,True,0.15631271520231285,15854.990399999999
694,42,3,156864.2,2,0,0,88890.75,0,False,False,True,0.33816616869120686,14117.778000000002
741,44,7,0.0,2,1,1,190534.76,0,False,False,False,0.28890276863686176,0.0
590,30,3,0.0,2,1,0,83090.35,0,False,True,True,0.07791002011590614,0.0
809,33,3,0.0,2,0,1,141426.78,0,False,True,False,0.09642251767500003,0.0
523,34,2,161588.89,1,1,1,51358.66,0,False,False,True,0.22225831382061734,14543.000100000001
540,48,2,109349.29,1,1,0,88703.04,1,False,False,True,0.7595823198897023,9841.436099999999
596,29,6,0.0,2,1,0,116696.77,0,False,True,False,0.11716278804719807,0.0
597,36,9,0.0,2,1,1,7156.09,0,False,False,False,0.17184938219787008,0.0
407,37,1,0.0,1,1,1,49161.12,1,False,True,True,0.4936260961255287,0.0
748,60,0,152335.7,1,1,0,126743.33,1,False,False,True,0.8373719551822703,13710.213
562,51,1,124662.54,1,1,1,65390.46,1,False,False,False,0.6163606568204305,11219.6286
734,47,10,91522.04,2,1,1,138835.91,0,True,False,False,0.5869636221424612,8236.9836
710,45,1,0.0,2,1,1,36154.66,0,False,False,True,0.19289149315717033,0.0
539,39,6,62052.28,1,0,1,59755.14,0,False,True,False,0.41908232460427164,5584.705199999999
542,32,7,107871.72,1,1,0,125302.64,0,False,False,True,0.28564227318917335,9708.4548
717,36,2,99472.76,2,1,0,94274.72,1,False,False,False,0.308693379936473,8952.5484
682,50,10,128039.01,1,1,1,102260.16,0,False,True,False,0.49603043134534697,11523.5109
515,33,2,0.0,2,1,1,136028.97,0,False,False,True,0.06774091389701961,0.0
526,33,8,114634.63,2,1,0,110114.38,1,False,True,False,0.30283301174396904,10317.1167
702,26,5,56738.47,2,1,1,100442.22,1,False,False,True,0.16257435724013716,5106.4623
651,34,2,90355.12,2,0,0,193597.94,0,True,False,True,0.21787608133696923,8131.960799999999
792,36,5,115725.24,2,0,0,1871.25,0,True,False,True,0.2734813919223054,10415.2716
817,58,3,114327.59,2,1,1,42831.11,0,True,False,True,0.5283578191991031,10289.4831
674,36,6,100762.64,1,1,0,182156.86,0,True,False,False,0.5892069094255836,9068.6376
641,40,9,0.0,1,0,0,151648.66,1,False,False,False,0.6500242657569507,0.0
513,39,7,89039.9,2,1,1,146738.83,0,False,True,True,0.16859753309533307,8013.5909999999985
561,34,1,78829.53,1,1,1,12148.2,0,False,False,True,0.1811354953662944,7094.6577
627,30,6,112372.96,1,1,1,118029.09,0,True,False,True,0.37556678769583324,10113.5664
682,81,6,122029.15,1,1,1,50783.88,0,True,False,True,0.3415073487520943,10982.6235
683,29,0,157829.12,1,0,0,129891.66,0,False,False,False,0.3404839976875545,14204.6208
420,31,1,108377.75,2,1,1,9904.63,0,True,False,False,0.2831590438879419,9753.9975
670,54,2,95507.12,1,1,1,63213.31,0,False,False,False,0.5879782993698865,8595.6408
505,43,6,127146.68,1,0,0,137565.87,0,True,False,True,0.8317766254967219,11443.2012
580,24,1,133811.78,1,1,0,17185.95,1,True,False,True,0.4982922713500882,12043.0602
577,36,3,121092.47,2,0,1,143783.46,0,False,False,True,0.14468936604900132,10898.3223
773,34,10,126979.75,1,0,0,36823.28,0,True,False,True,0.5355864020178023,11428.1775
616,37,5,144235.73,2,0,0,154957.66,1,False,False,True,0.28334964336299523,12981.2157
763,38,0,152582.2,2,0,0,31892.82,0,False,False,False,0.24873310071267773,13732.398000000001
640,43,9,172478.15,1,1,0,191084.4,1,False,True,True,0.6274229090757862,15523.033499999998
592,36,1,126477.42,1,0,0,179718.17,0,False,False,True,0.3222158349585387,11382.9678
528,43,7,97473.87,2,1,1,159823.16,0,False,True,True,0.3391892565590554,8772.648299999999
630,53,5,138053.67,1,0,1,114110.97,0,False,False,True,0.5259599335040923,12424.8303
529,31,2,164003.05,2,1,1,60993.23,0,False,False,False,0.19162901241382926,14760.2745
546,47,8,0.0,1,1,1,66408.01,1,False,False,False,0.6535037393094355,0.0
753,62,6,0.0,2,1,1,136398.9,0,False,False,False,0.23181676339490775,0.0
772,39,4,122486.11,2,1,1,140709.25,0,False,True,False,0.2605817701968119,11023.749899999999
567,36,1,0.0,2,0,0,8555.73,0,False,False,True,0.07340981185680856,0.0
628,45,6,53667.44,1,1,0,115022.94,0,True,False,False,0.6330807482150906,4830.069600000001
658,20,7,0.0,2,0,0,187638.34,0,False,False,True,0.0861955404232253,0.0
679,58,9,109327.65,1,1,1,3829.13,0,False,True,True,0.4047179622988416,9839.4885
629,34,1,121151.05,1,0,0,119357.93,0,False,True,True,0.2993328307166518,10903.5945
731,42,9,101043.63,1,1,1,192175.52,0,False,True,True,0.31746167024843314,9093.9267
775,33,3,83501.66,2,1,0,128841.31,0,True,False,True,0.17540498831492343,7515.1494
660,33,2,80462.24,1,0,0,150422.35,0,False,True,True,0.2900296897151912,7241.6016
752,39,3,0.0,1,1,0,188187.05,0,False,False,True,0.4835635391958118,0.0
655,37,6,109093.41,2,1,0,1775.52,0,False,False,True,0.21140715889519504,9818.4069
543,46,5,140355.6,1,1,1,85086.78,0,False,True,False,0.5039016493504964,12632.003999999999
811,42,10,0.0,2,1,1,3797.79,0,False,False,True,0.16667793908015205,0.0
689,45,0,130170.82,2,1,0,150856.38,0,True,False,True,0.6279658009982253,11715.373800000001
531,42,2,0.0,2,0,1,90537.47,0,False,False,False,0.2834760467114611,0.0
515,40,0,109542.29,1,1,1,166370.81,0,False,False,True,0.34691365925180256,9858.806099999998
466,41,3,33563.95,2,1,0,178994.13,1,False,False,False,0.51286876810265,3020.7554999999998
782,36,1,148795.17,2,1,1,195681.43,0,False,False,True,0.12329227823730303,13391.565299999998
611,64,9,0.0,2,1,1,53277.15,0,False,False,True,0.17653318326457676,0.0
621,40,8,174126.75,3,1,0,172490.78,1,True,False,True,0.9137306153320209,15671.4075
604,41,3,0.0,1,0,0,11819.84,0,False,True,True,0.4182247674915957,0.0
655,35,1,106405.03,1,1,1,82900.25,0,False,True,False,0.24330515018419574,9576.452699999998
689,38,2,0.0,1,1,1,82709.8,0,False,True,True,0.3304605088014926,0.0
681,30,2,128393.29,1,1,1,180593.45,0,False,True,True,0.23302062665229395,11555.3961
643,41,2,127841.52,1,1,0,172363.41,0,True,False,True,0.7108253273786712,11505.7368
617,24,4,137295.19,2,1,1,91195.12,0,False,False,False,0.16786338287650654,12356.5671
638,55,2,155828.22,1,0,1,108987.25,1,False,True,False,0.6045765213042289,14024.539799999999
743,39,6,0.0,2,1,0,44265.28,0,False,False,True,0.08184273853705148,0.0
828,25,7,144351.86,1,1,0,116613.26,0,True,False,False,0.49479320745843475,12991.667399999998
776,35,8,106365.29,1,1,1,148527.56,0,False,True,True,0.16552234638037022,9572.8761
540,35,7,127801.88,1,0,1,84239.46,0,True,False,True,0.4153627879861013,11502.1692
616,45,4,122793.96,1,1,1,62002.04,0,True,False,False,0.7936823938850885,11051.4564
628,38,10,113525.84,1,1,0,46044.48,1,True,False,True,0.6993328094191643,10217.325599999998
667,23,6,136100.69,2,0,0,169669.33,1,False,True,False,0.32175392645808953,12249.0621
615,30,7,0.0,2,1,1,156346.84,0,False,False,True,0.07470382031876364,0.0
543,30,4,140916.81,1,1,0,157711.18,0,False,False,True,0.2733657545628225,12682.512899999998
553,31,4,0.0,2,1,1,89087.4,0,False,False,False,0.09365298440125809,0.0
554,26,4,121365.39,1,1,1,8742.36,0,True,False,True,0.3801519269679535,10922.8851
684,36,4,0.0,1,1,0,117038.96,0,False,True,False,0.4881193296738695,0.0
452,35,7,0.0,2,1,0,164241.67,0,False,False,False,0.20018002332131832,0.0
606,47,3,93578.68,2,0,1,137720.56,1,False,False,True,0.520544711302768,8422.081199999999
629,40,9,0.0,1,1,0,106.67,0,False,False,True,0.4216149509738559,0.0
659,33,8,115409.6,1,0,1,1539.21,0,False,True,False,0.25899761651716163,10386.864
493,33,8,90791.69,1,1,1,59659.53,0,False,False,False,0.23813232188340655,8171.2521
794,62,9,123681.32,3,1,0,173586.63,1,False,False,False,0.9525526943325724,11131.318800000001
554,44,6,92436.86,1,1,0,126033.9,0,False,False,False,0.7361206866598594,8319.3174
796,52,9,167194.36,1,1,1,62808.93,1,True,False,False,0.5968891297144989,15047.4924
807,36,4,0.0,2,0,1,147007.33,0,False,False,False,0.12052484313969257,0.0
500,44,9,160838.13,2,1,0,196261.64,0,True,False,True,0.4208975561765855,14475.431700000001
722,43,1,0.0,1,1,0,44560.17,1,False,True,True,0.7426733197903301,0.0
559,40,7,144470.77,1,1,1,18917.95,0,False,True,False,0.3550143278747225,13002.369299999998
584,38,3,0.0,2,1,1,4525.4,0,False,True,False,0.15973194890583745,0.0
834,68,9,130169.27,2,0,1,93112.2,0,True,False,False,0.32117568909600314,11715.2343
754,35,4,0.0,2,1,1,9658.41,0,False,True,True,0.05731189626664148,0.0
590,43,7,81076.8,2,1,1,182627.25,1,False,False,True,0.3581898496342488,7296.912
740,36,7,0.0,1,1,1,13177.4,0,False,False,True,0.3067444251801378,0.0
502,57,3,101465.31,1,1,0,43568.31,1,True,False,False,0.9363940927449047,9131.8779
733,48,5,0.0,1,0,1,117830.57,0,False,False,True,0.5761045802152204,0.0
755,37,0,113865.23,2,1,1,117396.25,0,True,False,False,0.383335028167666,10247.8707
554,46,7,87603.35,3,0,1,96929.24,1,False,True,False,0.8742057370532009,7884.3015
534,36,4,120037.96,1,1,0,36275.94,0,False,False,True,0.33272540178488286,10803.4164
656,33,4,0.0,2,1,0,116706.0,0,False,True,True,0.07294603299646661,0.0
575,49,7,121205.15,4,1,1,168080.53,1,True,False,True,0.9035943366566507,10908.463499999998
480,47,8,75408.33,1,1,0,25887.89,1,False,True,True,0.764836627982096,6786.749699999999
575,40,5,0.0,2,1,1,122488.59,0,False,False,True,0.11806211944462518,0.0
672,40,3,0.0,1,1,0,113171.61,1,False,False,False,0.6183861706060697,0.0
758,35,5,0.0,2,0,0,100365.51,0,False,True,False,0.1316573734087079,0.0
682,50,6,121818.84,2,0,1,124151.37,0,False,False,True,0.44811249841628475,10963.6956
501,29,8,0.0,2,1,0,112664.24,0,False,False,False,0.12397733215203025,0.0
746,34,6,141806.0,2,1,1,183494.87,0,True,False,True,0.18044320357811128,12762.54
556,51,8,61354.14,1,1,0,198810.65,1,False,False,False,0.7316844992657213,5521.8726
823,53,4,124954.94,1,0,1,131259.6,1,True,False,False,0.7914278069604614,11245.9446
491,68,1,95039.12,1,0,1,116471.14,1,True,False,False,0.702857292102136,8553.520799999998
638,29,9,103417.74,1,1,1,15336.4,0,False,False,False,0.24244893756892402,9307.5966
734,45,2,0.0,2,1,0,99593.28,0,False,False,True,0.26399219008047226,0.0
555,40,10,43028.77,1,1,0,170514.21,0,False,False,True,0.5027835069267884,3872.5892999999996
745,44,0,119638.21,1,1,1,34265.08,1,True,False,False,0.8099251120024828,10767.4389
728,37,3,122689.51,2,0,0,106977.53,1,False,False,True,0.24828173957310173,11042.0559
626,44,10,0.0,2,0,0,164287.86,0,False,False,True,0.2801358470726127,0.0
681,37,8,73179.34,2,1,1,25292.53,0,True,False,True,0.15765410524779916,6586.140599999999
478,38,4,171913.87,1,1,0,51820.87,1,False,False,False,0.5569865839464263,15472.2483
709,38,5,0.0,2,1,1,81452.29,0,False,False,True,0.08696942614677816,0.0
562,33,8,92659.2,2,1,0,1354.25,0,True,False,True,0.19094702775118733,8339.328
769,34,7,137239.17,1,1,1,71379.92,1,True,False,False,0.5701131886863403,12351.525300000001
684,46,3,102955.14,2,1,0,154137.33,0,True,False,False,0.7318994991839389,9265.962599999999
536,61,8,65190.29,1,1,1,64308.49,1,False,False,False,0.6193109993706599,5867.1260999999995
631,29,2,96863.52,2,1,1,31613.35,0,True,False,False,0.16107748450587228,8717.7168
657,34,5,154983.98,1,1,0,27738.01,0,False,True,True,0.33003787870612455,13948.5582
699,59,3,106819.65,1,0,1,163570.25,0,True,False,True,0.6983543591545611,9613.768499999998
606,38,7,128578.52,1,1,1,193878.51,0,False,True,True,0.2832167002914226,11572.0668
612,63,2,126473.33,1,0,1,147545.65,0,False,False,False,0.5499661659735947,11382.5997
660,38,5,110570.78,2,1,0,195906.59,0,False,False,False,0.29836316336116653,9951.3702
829,50,7,0.0,2,0,1,178458.86,0,False,True,True,0.1802504989345837,0.0
567,29,8,0.0,2,1,0,156125.72,0,False,True,True,0.0798345052127099,0.0
850,33,3,0.0,2,1,1,11159.19,0,False,False,False,0.11314089176196061,0.0
712,44,2,0.0,2,0,0,45738.94,0,False,True,False,0.36143854119205704,0.0
562,30,3,111099.79,2,0,0,140650.19,0,False,False,True,0.18859963674206248,9998.981099999999
755,29,3,0.0,3,1,0,4733.94,0,False,False,False,0.30508402150073693,0.0
793,25,3,100913.57,1,0,0,10579.72,0,False,True,True,0.28495739520323743,9082.2213
471,26,8,0.0,2,1,1,179655.87,0,False,True,True,0.09141023449100087,0.0
707,42,2,16893.59,1,1,1,77502.56,0,False,False,True,0.4429506694237857,1520.4231
784,38,10,122267.85,1,0,0,145759.93,0,False,True,True,0.3098851867102322,11004.1065
703,32,1,125685.79,1,1,1,56246.72,0,False,False,True,0.16618976617416945,11311.721099999999
704,36,8,127397.34,1,1,0,151335.24,0,False,True,True,0.30967612455405913,11465.760599999998
662,38,0,105271.56,1,0,1,179833.45,0,False,False,True,0.2828493633400477,9474.4404
636,28,2,115265.14,1,0,0,191627.85,0,True,False,False,0.583577105853004,10373.862599999999
640,36,4,0.0,1,0,0,173016.46,0,False,True,True,0.41033921165530984,0.0
739,31,1,0.0,2,1,1,58469.75,0,False,True,True,0.07347301167167718,0.0
767,23,2,139542.82,1,0,1,28038.28,0,True,False,True,0.32502277233807225,12558.8538
753,46,3,111512.75,3,1,0,159576.75,1,True,False,False,0.9475470177227164,10036.1475
714,37,9,148466.93,2,0,1,151280.96,0,False,False,True,0.13509140536459352,13362.023699999998
707,29,4,0.0,2,1,0,139953.94,0,False,False,True,0.0826801593250727,0.0
577,35,4,108155.49,1,1,0,105407.79,0,False,False,False,0.3945306514928824,9733.9941
633,42,1,0.0,2,1,0,56865.62,0,False,False,False,0.2976849897206675,0.0
849,41,10,84622.13,1,1,1,198072.16,0,True,False,True,0.33634013891713643,7615.9917000000005
614,41,7,146997.64,2,0,0,137791.18,0,False,True,False,0.428601615668381,13229.787600000001
558,47,9,0.0,2,1,0,103787.28,0,False,False,False,0.451023464090827,0.0
832,27,10,98590.25,1,1,0,30912.89,0,False,False,False,0.356392568221388,8873.1225
567,26,2,0.0,2,1,1,78651.55,0,False,False,False,0.0951493261540738,0.0
587,45,8,134980.74,1,1,1,123309.57,1,True,False,False,0.7873494753525531,12148.266599999999
712,79,5,108078.56,1,1,1,174118.93,0,False,True,False,0.26569394776253613,9727.0704
655,29,9,0.0,2,0,1,85736.26,0,False,True,False,0.11132095365784732,0.0
641,42,6,0.0,2,0,0,121138.77,0,False,False,False,0.31464057537937173,0.0
676,35,5,106836.67,2,1,0,84199.78,0,False,False,True,0.20192371104837353,9615.300299999999
472,29,8,102490.27,1,0,1,181224.56,0,False,False,True,0.2245391333682872,9224.1243
644,34,9,112746.54,2,0,0,141230.07,0,True,False,True,0.31283856484089356,10147.1886
598,38,0,125487.89,1,0,0,158111.71,0,False,False,True,0.36836871929815074,11293.910100000001
792,25,8,142862.21,1,1,1,130639.01,0,False,True,True,0.16972385583183883,12857.598899999999
700,37,7,0.0,2,1,0,17040.82,0,False,False,False,0.15178570319312293,0.0
616,34,10,0.0,2,1,0,25662.27,0,False,False,True,0.08114329539489948,0.0
743,35,6,79388.33,1,1,1,193360.69,0,False,True,True,0.2353111513008437,7144.949699999999
427,37,5,0.0,2,1,1,121485.1,0,False,False,True,0.08960043648336156,0.0
731,29,10,0.0,2,1,1,162452.65,0,False,False,True,0.06896200016077086,0.0
610,31,6,107784.65,1,1,1,141137.53,0,False,False,False,0.26675205743027963,9700.6185
724,41,4,142880.28,3,0,0,185541.2,1,False,True,False,0.8115282152258623,12859.2252
653,38,9,149571.94,1,1,0,118383.18,0,False,True,False,0.4184499942161272,13461.4746
774,49,1,142767.39,1,1,1,8214.41,0,False,False,True,0.4864877816446642,12849.0651
547,49,8,121537.71,2,1,0,46521.45,1,True,False,True,0.7603664232322529,10938.3939
719,50,2,0.0,2,0,0,10772.13,0,False,True,True,0.3155206883042351,0.0
740,43,9,0.0,1,1,0,199290.68,1,False,True,True,0.727923471347036,0.0
543,42,4,89838.71,3,1,0,85983.54,1,False,False,True,0.7802073055635961,8085.483900000001
688,45,9,103399.87,1,0,0,129870.93,0,True,False,True,0.8520327948535781,9305.988299999999
474,30,9,0.0,2,0,0,63158.22,0,False,False,False,0.12566906389112145,0.0
505,43,5,136855.94,2,1,0,171070.52,0,True,False,True,0.5354947857744485,12317.0346
688,39,0,0.0,2,1,0,53222.15,1,False,False,False,0.19538023926392106,0.0
650,55,2,140891.46,3,1,1,179834.45,1,True,False,False,0.9257909945940966,12680.231399999997
610,37,0,0.0,1,1,0,114514.64,0,False,False,True,0.38649614576781927,0.0
705,46,5,89364.91,1,0,1,139162.15,0,False,True,False,0.5932062505172871,8042.841899999999
669,29,7,146011.4,1,0,0,50249.16,0,False,False,False,0.3325980870541194,13141.025999999998
650,20,8,0.0,2,1,1,113469.65,0,False,True,True,0.07251580924293491,0.0
550,29,9,145294.08,2,1,0,147484.13,0,True,False,True,0.28852824908371383,13076.467199999997
595,45,9,106000.12,1,0,0,191448.96,1,True,False,False,0.9008067027229104,9540.010799999998
572,26,5,0.0,2,1,0,119381.41,0,False,True,False,0.11626201252909096,0.0
622,58,2,0.0,2,1,1,33277.31,0,False,True,False,0.2532189559113506,0.0
662,20,9,104508.77,2,0,0,73107.53,0,False,True,True,0.1708830449988508,9405.7893
783,58,3,127539.3,1,1,1,96590.39,1,True,False,False,0.7514273293798324,11478.537
714,44,7,0.0,1,0,1,6923.11,0,False,True,True,0.45895509993676825,0.0
671,51,3,96891.46,1,1,0,176403.33,1,True,False,True,0.9265503886588184,8720.2314
600,32,1,78535.25,1,1,0,64349.6,0,False,False,False,0.34245915980228164,7068.1725
847,37,9,112712.17,1,1,0,116097.26,0,False,True,False,0.3480971071483101,10144.0953
650,55,9,119618.42,1,1,1,29861.13,0,False,True,True,0.40866803159221204,10765.6578
710,28,6,0.0,1,1,0,48426.98,0,False,True,False,0.4194807839117393,0.0
682,33,8,74963.5,1,1,1,32770.56,0,False,False,False,0.22434799610059275,6746.714999999999
642,26,1,138023.79,2,0,1,117060.2,0,False,False,True,0.15040518469821598,12422.1411
536,28,4,0.0,1,1,1,136197.65,0,False,True,False,0.3380731822465829,0.0
754,47,1,185513.67,1,1,0,27438.83,0,False,False,False,0.7402775563255921,16696.2303
678,60,8,185648.56,1,0,0,192156.54,1,False,False,True,0.8638822967757852,16708.3704
533,49,1,102286.6,3,1,0,69409.37,1,True,False,False,0.9679628693855945,9205.794
741,38,4,128015.83,1,1,0,58440.43,0,True,False,True,0.6228310470983766,11521.4247
757,31,10,39539.39,2,0,0,192519.39,0,False,False,True,0.13427269254997143,3558.5450999999994
721,40,3,0.0,1,1,1,144874.67,0,False,False,True,0.3741012726879044,0.0
700,37,3,77608.46,2,1,1,175373.46,0,False,False,True,0.15375455415338496,6984.761399999999
663,26,5,141462.13,1,1,0,440.2,0,False,False,True,0.30395252052213795,12731.5917
677,35,0,0.0,2,0,0,76637.38,0,False,True,False,0.14850146868089814,0.0
655,27,2,131691.33,1,1,0,49480.66,0,False,False,True,0.2854311570271622,11852.219699999998
832,29,8,93833.86,1,0,1,10417.87,0,False,True,True,0.16324568216846078,8445.0474
721,46,7,137933.39,1,1,1,67976.57,0,False,True,False,0.45579412210834713,12414.005100000002
542,54,8,105770.14,1,0,1,140929.98,1,False,True,True,0.532471687466357,9519.3126
654,54,5,0.0,2,0,1,47139.06,0,False,True,False,0.27758002620470973,0.0
821,38,8,0.0,2,0,1,126241.4,1,False,True,False,0.11521957401163689,0.0
508,38,3,166328.65,2,0,1,22614.19,0,False,False,False,0.2699963398983803,14969.5785
588,42,2,164307.77,1,1,0,48498.19,0,True,False,False,0.5470401330197859,14787.699299999998
691,38,9,163965.69,2,0,1,103511.26,0,True,False,True,0.17828520118344535,14756.9121
664,40,7,125608.72,1,1,0,122073.48,0,False,False,True,0.48597119215650075,11304.7848
439,66,9,0.0,1,1,0,65535.56,0,False,False,False,0.7790245714539347,0.0
479,37,6,118433.94,1,0,1,160060.9,0,False,True,True,0.23859310917280754,10659.0546
850,55,10,98488.08,1,1,0,155879.57,1,False,False,False,0.8442873199239116,8863.927199999998
518,40,4,0.0,2,0,1,194416.58,0,False,False,True,0.16064166448428227,0.0
717,64,10,98362.35,2,1,1,21630.21,0,True,False,False,0.49100069199154234,8852.611499999999
698,51,6,144237.91,4,1,0,157143.61,1,False,False,False,0.952441794251966,12981.411900000001
850,34,6,0.0,1,0,1,52796.31,0,False,False,True,0.26914616093156923,0.0
700,47,4,0.0,1,1,0,121798.52,1,False,True,True,0.8472800000011929,0.0
626,29,4,105767.28,2,0,0,41104.82,0,False,False,False,0.21464661875460564,9519.055199999999
774,32,9,0.0,2,1,0,10604.48,0,False,True,True,0.07388868791806769,0.0
719,48,5,0.0,2,0,0,78563.66,0,False,True,False,0.4659021729072709,0.0
646,31,2,0.0,1,1,1,170821.43,1,False,True,True,0.3866956300027813,0.0
485,25,3,134467.26,1,1,1,113266.09,0,False,False,False,0.22311941883430678,12102.0534
784,38,1,138515.02,1,1,1,171768.76,0,True,False,True,0.44122828056484203,12466.351799999997
850,32,2,128647.98,2,0,0,54416.18,0,True,False,True,0.27979685321258274,11578.3182
669,38,9,121858.98,1,1,0,130755.34,0,False,False,False,0.445894114116486,10967.3082
731,70,3,0.0,2,1,1,141180.66,0,False,True,True,0.11062452259857303,0.0
721,49,1,120108.56,1,0,1,183421.76,0,False,False,False,0.6071193390080737,10809.7704
515,37,0,196853.62,1,1,1,132770.11,0,False,False,False,0.35013188270713747,17716.8258
774,35,3,121418.62,1,1,1,24400.37,0,False,False,False,0.25390130989218135,10927.675799999999
585,36,10,0.0,2,1,1,180318.6,0,False,True,True,0.09030278142744777,0.0
695,29,9,0.0,2,1,0,111565.45,0,False,False,False,0.1220303308523525,0.0
729,42,4,97495.8,2,0,0,2002.5,0,True,False,False,0.3411550519581305,8774.622
713,42,3,0.0,2,0,0,82565.01,0,False,False,False,0.28808194305426343,0.0
555,33,5,127343.4,1,0,1,121789.3,0,False,True,True,0.21591772649127122,11460.905999999999
699,50,0,158633.61,1,1,0,193785.87,0,False,True,False,0.7421483095180724,14277.024899999999
587,55,9,0.0,1,1,0,64593.07,0,False,False,True,0.8437982296198479,0.0
762,69,9,183744.98,1,1,1,196993.69,0,False,True,False,0.33035641393415205,16537.0482
510,44,6,0.0,2,1,1,175518.31,0,False,False,True,0.23640046296598335,0.0
842,46,9,0.0,1,0,0,17268.02,0,False,True,True,0.7014303518816247,0.0
608,31,7,79962.92,2,1,0,60901.72,0,False,False,True,0.16636058676436127,7196.6628
850,36,10,0.0,2,1,1,100750.03,0,False,False,False,0.14564876111932196,0.0
642,36,4,0.0,2,1,1,195224.91,0,False,False,True,0.07407627572707208,0.0
850,33,7,140956.99,1,0,0,3510.18,0,False,False,True,0.2799600662028661,12686.129099999998
455,43,6,0.0,1,1,1,81250.79,0,False,True,False,0.4974818083567392,0.0
726,29,7,0.0,2,1,1,91844.14,1,False,False,True,0.08131293767300896,0.0
544,30,8,145241.63,1,1,1,80676.83,0,False,True,True,0.1937250884533731,13071.7467
651,31,7,138008.06,2,1,0,129912.74,0,True,False,True,0.26751896091542166,12420.7254
814,31,4,0.0,2,1,1,142029.17,0,False,False,False,0.09033677745936614,0.0
537,39,2,0.0,2,1,1,137651.6,0,False,False,True,0.0815762984276913,0.0
553,37,2,0.0,2,1,0,33877.29,0,False,False,True,0.09550166296974545,0.0
800,38,9,0.0,1,1,0,78744.39,0,False,True,True,0.4137282019194959,0.0
791,34,7,0.0,2,1,0,96734.46,0,False,False,True,0.0759918953882552,0.0
699,29,9,127570.93,2,1,0,164756.81,0,False,True,False,0.28522547709375695,11481.383699999998
756,28,6,0.0,1,1,1,164394.65,0,False,False,False,0.25161871815547554,0.0
591,27,5,107812.67,1,0,1,162501.83,1,False,True,False,0.3161674768510961,9703.1403
850,22,7,91560.58,2,0,0,10541.38,0,True,False,True,0.2016608377387108,8240.4522
760,34,6,121303.77,2,1,1,59325.21,0,True,False,True,0.21761447957532873,10917.3393
569,43,8,161546.68,2,0,1,178187.28,0,False,True,True,0.3762771362161888,14539.2012
661,35,5,128415.45,1,1,0,142626.49,0,False,True,False,0.4008367006957304,11557.3905
670,31,2,57530.06,1,1,1,181893.31,1,False,False,False,0.32420060991815475,5177.7054
694,38,1,0.0,2,0,1,156858.2,0,False,False,True,0.0876352135129561,0.0
728,28,4,142243.54,2,1,0,33074.51,0,False,False,False,0.20948555618057577,12801.9186
764,39,9,138341.51,1,1,0,50072.94,1,True,False,False,0.6762935515422106,12450.735900000001
639,32,9,0.0,2,1,0,111340.36,0,False,False,True,0.0877015181979741,0.0
683,30,2,0.0,2,0,1,100496.84,1,False,False,False,0.13707435734598555,0.0
663,30,4,0.0,3,1,0,101371.05,0,False,True,True,0.3839646040117682,0.0
826,41,5,146466.46,2,0,0,180934.67,0,False,True,True,0.2220455918073561,13181.981399999997
735,36,5,0.0,2,1,0,105152.17,0,False,True,True,0.08114238816624386,0.0
682,58,1,0.0,1,1,1,706.5,0,False,False,False,0.6375817577387609,0.0
663,39,8,0.0,2,1,1,101168.9,0,False,False,False,0.18340299910596566,0.0
562,29,9,120307.58,1,1,1,6795.61,0,False,True,False,0.25584888769269376,10827.6822
696,27,4,87637.26,2,0,0,196111.35,0,False,False,True,0.17303101152835254,7887.353399999998
850,38,2,94652.04,1,1,1,171960.76,0,False,True,True,0.21744843950869078,8518.683599999998
719,22,7,114415.84,1,1,1,177497.4,0,False,False,False,0.2802853927762357,10297.425599999999
804,71,8,0.0,2,0,1,147995.96,0,False,False,False,0.13808601583660146,0.0
604,40,1,84315.02,1,0,0,36209.1,0,False,False,True,0.4027500911912313,7588.3518
782,27,3,0.0,2,1,0,143614.01,0,False,True,False,0.12009002186063267,0.0
512,42,9,93955.83,2,1,0,14828.54,0,True,False,True,0.3885180604307578,8456.0247
569,36,1,67087.69,1,1,0,154775.7,0,False,False,True,0.31400513221989934,6037.8921
597,22,6,101528.61,1,1,0,70529.0,1,True,False,False,0.5340848420490634,9137.5749
753,30,1,110824.52,1,1,1,57896.27,0,True,False,True,0.3376000155572266,9974.2068
430,33,8,0.0,1,1,1,69759.91,0,False,False,False,0.2735501189967014,0.0
756,28,8,179960.2,1,1,0,89938.08,0,False,False,True,0.381697355206176,16196.418000000001
493,38,3,134006.77,1,1,0,89578.32,0,False,False,True,0.36562076422276873,12060.6093
777,37,10,121532.17,2,1,1,73464.88,0,True,False,False,0.2970589342881253,10937.8953
779,38,7,0.0,2,1,1,138542.87,0,False,True,False,0.11610000806653939,0.0
702,38,2,0.0,1,1,1,161888.63,0,False,True,False,0.3603097356022782,0.0
551,35,7,129717.3,2,0,0,86937.2,0,False,False,True,0.20645470283618103,11674.556999999999
749,22,4,94762.16,2,1,1,42241.54,0,True,False,True,0.11899433335851152,8528.5944
742,55,5,155196.17,1,0,1,121207.66,1,True,False,True,0.76686394989272,13967.655300000002
752,29,4,129514.99,1,1,1,102930.46,0,True,False,True,0.3803233473086175,11656.3491
740,57,3,113386.36,2,1,1,65121.63,1,True,False,False,0.6891123926542342,10204.7724
576,24,3,0.0,1,0,1,78498.04,1,False,False,True,0.32725428697009334,0.0
637,43,3,172196.23,1,1,1,104769.96,0,False,True,True,0.42258189547813335,15497.6607
724,28,5,97612.12,1,1,1,96498.14,0,False,False,True,0.17393431840498558,8785.090799999998
685,20,4,104719.94,2,1,0,38691.34,0,False,False,True,0.17156890425536553,9424.7946
625,38,7,0.0,1,1,0,164804.02,0,False,False,False,0.538802584677389,0.0
571,37,9,139592.98,3,1,0,104152.65,1,True,False,True,0.918026907775578,12563.3682
584,29,4,0.0,2,1,0,88866.92,0,False,True,False,0.11655659544719053,0.0
550,22,7,139096.85,1,1,0,129890.94,0,False,False,False,0.3579012466471404,12518.716499999999
662,72,7,140301.72,1,0,1,179258.67,0,False,True,False,0.36161336356543095,12627.1548
803,43,3,0.0,1,1,0,72051.44,0,False,True,True,0.7180582648676919,0.0
615,66,7,0.0,2,1,1,74580.8,0,False,False,True,0.11840819194439574,0.0
481,39,1,111233.09,1,1,1,123995.15,0,False,True,True,0.2568918245412428,10010.9781
701,23,3,0.0,2,1,0,38960.59,0,False,False,True,0.08039902540133168,0.0
751,29,10,147737.63,1,0,1,94951.27,0,False,False,True,0.18142381444772104,13296.3867
675,35,8,0.0,2,1,1,56642.97,0,False,False,True,0.06850916528636689,0.0
733,40,5,125725.02,2,1,1,50783.1,0,True,False,True,0.3793599562090871,11315.2518
822,38,6,128289.7,3,1,0,9149.96,1,False,False,True,0.8719626537208717,11546.073
559,46,5,0.0,1,1,0,21006.1,1,False,False,False,0.8158476916865999,0.0
731,49,4,88826.07,1,1,1,33759.41,1,True,False,False,0.7671384478478376,7994.346299999999
678,41,1,143443.61,1,1,0,196622.28,1,False,False,False,0.4989874567625066,12909.924899999998
645,68,9,0.0,4,1,1,176353.87,1,False,False,False,0.7749741501951435,0.0
701,29,2,0.0,2,1,0,176943.59,0,False,False,True,0.09230755040276349,0.0
554,26,8,149134.46,1,1,1,177966.24,0,False,True,True,0.25412058830950657,13422.101399999998
723,30,3,124119.54,1,1,0,162198.32,0,False,False,True,0.2875549556611334,11170.7586
766,44,3,116822.7,1,0,0,197643.24,0,True,False,True,0.7094751217948531,10514.042999999998
597,24,1,103219.47,1,1,0,60420.07,0,False,False,False,0.32395849212825645,9289.7523
574,41,1,0.0,2,0,0,70550.0,0,False,False,True,0.12961347197644787,0.0
655,40,0,81954.6,1,1,1,198798.44,1,True,False,False,0.6384079865428569,7375.914
780,37,10,95196.26,1,1,0,126310.39,1,True,False,False,0.6314780370768799,8567.663399999998
672,43,5,0.0,2,1,1,64515.5,0,False,True,True,0.17803876092260887,0.0
717,38,7,0.0,2,1,1,158580.05,0,False,False,True,0.09202721043367777,0.0
521,32,2,136555.01,2,1,1,129353.21,0,False,False,False,0.17818046605891236,12289.9509
633,59,5,0.0,1,1,1,137273.97,0,False,False,True,0.5579796541770188,0.0
669,39,3,119452.03,1,1,1,171575.54,0,False,False,True,0.29446033380886605,10750.6827
740,44,9,0.0,1,0,1,96528.0,1,False,False,True,0.489768544527606,0.0
462,24,9,69881.09,2,0,1,64421.02,0,True,False,False,0.08305596215186486,6289.2981
619,39,5,0.0,2,1,1,158444.61,0,False,False,True,0.08387905077632672,0.0
665,44,7,0.0,2,1,1,66548.58,0,False,False,False,0.2586906779745562,0.0
655,27,9,0.0,2,0,0,108008.05,0,False,True,False,0.11564607239444966,0.0
463,20,8,204223.03,1,1,0,128268.39,0,False,True,True,0.29082400308215256,18380.072699999997
799,63,1,110314.21,2,1,0,37464.0,1,False,False,False,0.6767984482057049,9928.278900000001
713,48,1,163760.82,1,0,0,157381.14,1,False,True,False,0.7880069004812887,14738.4738
807,31,1,141069.18,3,1,1,194257.11,0,True,False,False,0.5954236442214308,12696.2262
728,38,1,115934.74,1,1,1,139059.05,0,False,False,True,0.21704263179038302,10434.1266
582,52,2,151457.88,1,0,1,40893.61,0,False,False,True,0.5000057097622271,13631.2092
704,35,3,154206.07,2,1,1,40261.49,0,True,False,False,0.1883420365342551,13878.5463
714,26,9,89928.99,1,1,0,46203.31,0,False,False,False,0.318159326467539,8093.609100000001
628,30,8,89182.09,1,1,1,13126.9,0,False,False,True,0.18071155396083582,8026.388099999998
809,41,1,79706.25,2,1,0,165675.01,0,True,False,True,0.24029596835433156,7173.5625
547,44,5,0.0,3,0,0,5459.07,1,False,True,False,0.695208177216956,0.0
560,27,5,0.0,2,1,0,131919.48,0,False,False,False,0.1317116990812002,0.0
811,31,7,117799.28,1,1,1,182372.35,0,False,False,True,0.18734509002135438,10601.9352
584,26,4,0.0,2,1,0,147600.54,0,False,False,True,0.08035391881011457,0.0
691,28,1,0.0,2,0,0,92865.41,0,False,False,True,0.08194492484090954,0.0
680,34,6,146422.22,1,1,0,67142.97,1,True,False,True,0.4934137255900329,13177.999799999998
588,33,9,150186.22,2,1,1,65611.01,0,True,False,True,0.1643864816399208,13516.7598
721,40,6,100275.88,1,1,0,138564.48,1,True,False,True,0.6685794762582523,9024.8292
850,47,6,0.0,1,1,0,187391.02,1,False,False,True,0.8147470637469365,0.0
529,32,9,147493.89,1,1,0,33656.35,0,False,False,True,0.3124592806489869,13274.450100000002
622,43,8,0.0,2,1,0,100618.17,0,False,False,True,0.25469055099087806,0.0
683,42,8,0.0,2,0,1,198134.9,0,False,False,False,0.2500810065125727,0.0
575,29,4,121823.4,2,1,1,50368.87,0,False,False,True,0.1520742103529364,10964.106
577,40,1,0.0,2,1,1,108787.0,0,False,True,False,0.1848814965640634,0.0
510,31,0,113688.63,1,1,0,33099.41,1,True,False,True,0.591030657149189,10231.9767
652,40,7,100471.34,1,1,1,124550.88,0,False,True,False,0.38286811086820244,9042.4206
569,28,3,100032.52,1,1,0,5159.21,1,True,False,False,0.5526981124585827,9002.926800000001
687,31,3,0.0,2,0,0,48228.1,0,False,True,True,0.07450229977243476,0.0
822,32,8,116358.0,1,1,0,108798.36,0,False,False,True,0.2845172655305472,10472.22
656,23,4,163549.63,1,0,1,21085.12,0,True,False,False,0.3472339987382396,14719.4667
745,51,3,99183.9,1,1,1,28922.25,0,True,False,True,0.7908857684510455,8926.551
386,53,1,131955.07,1,1,1,62514.65,1,False,True,False,0.5778881999039225,11875.956300000002
684,41,1,134177.06,1,0,0,177506.66,0,False,True,False,0.5216857828512231,12075.9354
635,38,1,0.0,2,1,0,90605.05,0,False,True,False,0.16822323443018056,0.0
582,30,2,0.0,2,1,1,132029.95,0,False,False,True,0.0691902071075922,0.0
613,19,5,0.0,1,1,1,176903.35,0,False,True,True,0.30647907660240387,0.0
795,56,9,94348.94,1,1,0,29239.29,1,True,False,False,0.9258512402468974,8491.4046
659,32,2,155584.21,1,0,1,153662.88,0,False,False,False,0.26803025065973723,14002.578899999999
745,28,6,0.0,2,1,0,154389.18,0,False,False,False,0.12981483881125455,0.0
604,41,10,0.0,2,1,1,166224.39,0,False,True,False,0.22329584255426138,0.0
509,32,9,170661.47,1,1,1,21646.2,0,True,False,True,0.29376255777637295,15359.5323
706,29,6,185544.36,1,1,0,171037.63,0,True,False,False,0.4139399182515461,16698.9924
619,44,6,52831.13,1,1,1,112649.22,1,False,True,False,0.5724500627322461,4754.801699999999
572,51,8,97750.07,3,1,1,193014.26,1,True,False,True,0.898108947775675,8797.506300000001
695,36,6,114007.5,2,1,0,118120.88,0,False,False,True,0.22703440953332726,10260.675
543,71,1,104308.77,1,1,1,25650.04,0,False,False,False,0.342138497517306,9387.7893
640,33,6,84719.13,2,1,1,113048.79,0,False,False,False,0.1566000102697515,7624.7217
672,39,2,0.0,2,1,0,87372.49,0,False,False,True,0.09556384987246526,0.0
701,39,9,140236.98,1,0,1,146651.99,0,False,False,True,0.22237977805657272,12621.3282
634,25,9,0.0,2,1,1,8227.91,0,False,True,True,0.06907822677897596,0.0
531,42,6,75302.85,2,0,0,57034.35,0,False,True,False,0.46220014023946887,6777.2565
699,27,1,0.0,2,1,0,93003.21,0,False,False,True,0.07702844165690532,0.0
605,51,9,104760.82,1,1,1,165574.54,1,False,False,False,0.6402275646398436,9428.4738
534,49,7,0.0,1,1,0,13566.48,1,False,False,False,0.8657967306822194,0.0
449,31,1,113693.0,1,0,0,82796.29,0,False,True,False,0.3418062949441109,10232.369999999999
684,36,5,174180.39,1,1,0,119830.08,0,False,True,False,0.471715852121762,15676.235100000002
622,42,9,115766.26,1,0,0,72155.85,1,True,False,True,0.7459442325430565,10418.9634
714,40,0,0.0,2,1,0,62762.12,0,False,False,False,0.22608098329658724,0.0
712,48,8,0.0,2,1,0,183235.33,0,False,True,False,0.45303387769328773,0.0
783,72,5,121215.9,2,1,1,105206.48,0,False,False,False,0.26384193575234793,10909.431
743,45,10,144677.19,3,1,0,22512.44,1,True,False,True,0.9534915005329612,13020.947100000001
683,36,5,115350.63,1,1,1,122305.91,0,False,False,True,0.21622703878851543,10381.556700000001
654,40,5,105683.63,1,1,0,173617.09,0,False,True,True,0.4788786136049194,9511.526699999999
700,37,1,135179.49,1,1,0,160670.37,0,False,False,True,0.34426971586917693,12166.1541
744,31,0,117551.23,1,1,0,158958.9,0,False,True,True,0.31357387074379955,10579.6107
645,25,1,157404.02,2,1,0,93073.04,0,True,False,True,0.22548215518067122,14166.361799999999
525,36,3,77910.23,1,1,0,67238.01,0,False,True,True,0.36643265073429154,7011.920699999999
732,25,0,110942.9,1,0,0,172576.56,0,False,False,True,0.2586913016453904,9984.860999999999
721,40,7,0.0,2,1,1,122580.48,0,False,False,False,0.20568947016544908,0.0
622,32,5,179305.09,1,1,1,149043.78,0,False,False,True,0.24143621293048081,16137.4581
654,31,5,150593.59,2,1,1,105218.45,0,True,False,True,0.16553737737692972,13553.423099999998
529,43,0,123815.86,1,1,1,78463.99,1,False,False,False,0.5455890114807647,11143.427399999999
720,59,6,0.0,2,1,1,160849.43,1,False,True,False,0.3594000660500477,0.0
850,25,8,69385.17,2,1,0,87834.24,0,True,False,False,0.20228271874450826,6244.665300000001
667,27,2,138032.15,1,1,0,166317.71,0,True,False,True,0.4321616399654386,12422.8935
620,41,3,0.0,2,1,1,137309.06,0,False,False,True,0.12998355688061172,0.0
616,29,9,0.0,1,1,1,166984.44,0,False,False,True,0.24048549875213454,0.0
637,46,2,143500.82,1,1,0,166996.46,1,True,False,False,0.9083679114079273,12915.073799999998
710,29,3,119670.18,1,1,0,188022.44,0,False,True,False,0.3919290258655589,10770.316199999997
717,33,1,99106.73,1,0,0,194467.23,0,False,True,True,0.3026561756450157,8919.605699999998
786,24,2,120135.55,2,1,1,125449.47,0,True,False,True,0.18035799865360252,10812.199499999999
651,39,8,0.0,1,1,0,137452.57,0,False,False,False,0.5698849159456086,0.0
530,55,4,120905.03,1,0,1,123475.88,1,False,False,False,0.6275134826032354,10881.452699999998
815,57,5,0.0,3,0,0,38941.44,1,False,True,False,0.8724244074089015,0.0
715,34,9,102277.52,1,0,0,177852.57,1,True,False,False,0.6277134777094117,9204.9768
496,55,4,125292.53,1,1,1,31532.96,1,True,False,False,0.8202404831224186,11276.327699999998
680,42,0,0.0,1,1,0,136377.21,0,False,True,True,0.5924696907186413,0.0
646,51,4,101629.3,1,0,0,130541.1,0,False,False,False,0.8103553876548747,9146.636999999999
807,47,1,171937.27,1,1,1,65636.92,0,True,False,True,0.43727045355463007,15474.354299999999
727,47,7,0.0,2,1,0,193305.35,0,False,False,True,0.26183890859851716,0.0
787,25,5,0.0,2,1,0,47307.9,0,False,False,True,0.0653107921326927,0.0
806,34,6,0.0,2,0,0,100809.99,0,False,False,True,0.0753988663864571,0.0
603,31,1,129743.75,1,1,0,109145.2,0,False,False,True,0.26200917838519855,11676.9375
649,32,1,0.0,1,0,1,91167.19,1,False,True,True,0.37168840990845864,0.0
547,41,3,151191.31,1,1,0,175295.89,1,True,False,True,0.6156056718101631,13607.2179
684,32,3,102630.13,2,1,1,127433.47,0,True,False,True,0.17160710204751836,9236.7117
477,57,9,114023.64,2,1,1,71167.17,1,False,False,False,0.46037819063624674,10262.1276
558,41,2,124227.14,1,1,1,111184.67,0,True,False,True,0.6065289965372371,11180.442599999998
695,23,1,0.0,2,1,1,141756.32,0,False,False,False,0.11216400945523862,0.0
592,35,6,80285.16,1,1,0,72678.75,1,False,True,True,0.3571156833201012,7225.6644
789,31,4,175477.15,1,1,1,172832.9,0,False,False,True,0.18496777237759535,15792.943499999998
597,29,1,132144.35,1,1,0,158086.33,0,False,False,False,0.31838841161177234,11892.9915
839,47,2,136911.07,1,1,1,168184.62,1,True,False,True,0.7329837331933851,12321.996299999999
405,31,5,133299.67,2,1,1,72950.14,0,True,False,True,0.2156279030165405,11996.9703
658,39,7,0.0,2,1,0,48378.4,0,False,False,True,0.08503854836836978,0.0
684,42,1,117691.0,1,1,1,23135.65,1,True,False,True,0.6615961941695975,10592.19
633,35,10,0.0,2,1,0,65675.47,0,False,False,True,0.0853602729477525,0.0
589,46,9,0.0,2,1,0,170676.67,0,False,False,True,0.3039825144530043,0.0
750,37,1,133199.71,2,1,1,27366.77,0,True,False,False,0.28406898907412975,11987.973899999999
771,51,5,135506.58,3,1,1,152479.64,1,False,True,True,0.8396199468760589,12195.5922
812,33,2,127154.14,2,0,1,105383.49,0,True,False,True,0.22611649808798512,11443.872599999999
539,39,2,0.0,2,1,1,48189.94,0,False,True,True,0.08596994348322347,0.0
670,42,5,49508.79,3,1,1,100324.01,0,True,False,False,0.5172891773271041,4455.7911
673,41,5,0.0,1,1,1,65657.29,0,False,False,True,0.402838612584815,0.0
538,62,3,75051.49,1,0,0,17682.02,1,False,False,False,0.849791935876594,6754.634099999999
575,52,8,123925.23,1,0,0,111342.66,1,False,True,True,0.8379880456065787,11153.2707
682,41,6,0.0,2,0,1,134158.09,1,False,False,True,0.1381374235209893,0.0
712,33,3,153819.58,1,1,0,79176.09,1,False,False,True,0.3207083908821638,13843.762199999997
598,39,5,0.0,2,1,1,83103.46,0,False,True,False,0.1439130560479993,0.0
776,30,6,0.0,2,0,1,63908.86,0,False,True,True,0.05006529737635065,0.0
606,23,10,70417.79,1,0,1,90896.04,0,False,True,False,0.2733445453493532,6337.6011
686,38,7,111484.88,1,1,1,76076.2,0,False,True,True,0.21347351206826268,10033.639200000001
850,38,1,146343.98,1,0,1,103902.11,0,False,True,True,0.15780986413145848,13170.958200000001
642,72,1,160541.0,2,1,1,142223.94,0,False,False,True,0.23567387464474404,14448.689999999999
606,27,2,130274.26,2,1,0,147533.09,0,True,False,True,0.255259047134537,11724.683399999998
627,21,7,98993.02,1,1,1,169156.64,0,False,False,False,0.28290510974622085,8909.371799999999
850,36,0,0.0,2,1,0,141242.57,0,False,True,True,0.1171088335242392,0.0
850,32,9,141827.33,2,1,1,149458.73,0,True,False,True,0.17156791913646877,12764.4597
724,40,6,110054.45,1,1,1,86950.72,0,False,False,False,0.3693605894164842,9904.9005
579,28,4,0.0,2,1,1,176925.69,0,False,False,True,0.06291808564378404,0.0
727,28,1,0.0,1,1,0,40357.39,0,False,True,True,0.3573969299873606,0.0
813,36,6,98088.09,1,0,1,26687.22,1,True,False,False,0.5529019378087433,8827.9281
642,48,9,118317.27,4,0,0,78702.98,1,False,False,True,0.9133068948446089,10648.5543
669,22,10,0.0,2,1,0,176163.74,0,False,True,True,0.0844718474843188,0.0
574,54,1,99774.5,1,0,0,4896.11,1,True,False,True,0.9361383072648684,8979.704999999998
774,32,4,0.0,2,0,0,114899.13,0,False,False,False,0.11691008967918366,0.0
735,38,1,0.0,3,0,0,92220.12,1,False,False,False,0.5978663021293955,0.0
639,27,8,133806.54,2,1,0,6251.3,0,False,True,False,0.21964051707673374,12042.588600000001
738,44,2,0.0,2,1,0,43018.82,1,False,True,True,0.26332024445791313,0.0
835,32,8,124993.29,2,1,1,27548.06,0,False,False,True,0.11038864647756384,11249.3961
637,44,0,157622.58,1,1,1,120454.2,0,False,True,False,0.5104865633831998,14186.032199999998
589,48,5,126111.61,1,0,1,133961.19,0,True,False,True,0.7664897642456816,11350.044899999999
591,42,9,161651.37,2,1,1,131753.97,0,False,False,True,0.2855262948093519,14548.6233
723,40,7,142856.95,2,0,0,38019.74,0,False,False,False,0.32183289701589773,12857.125500000002
831,44,3,111100.98,1,1,1,28144.07,1,True,False,True,0.7642552016342029,9999.0882
733,35,8,102918.38,1,1,1,45959.86,0,False,True,True,0.16865592804245616,9262.654199999999
731,30,5,0.0,2,1,0,189528.72,0,False,False,False,0.13117630561383475,0.0
654,47,10,0.0,2,1,0,170481.98,0,False,False,True,0.30409037034512454,0.0
828,37,4,0.0,2,1,0,94845.45,0,False,False,True,0.09543971780770968,0.0
590,22,7,125265.61,1,1,1,161253.08,0,False,True,True,0.21194055555789731,11273.9049
657,37,4,82500.28,1,1,1,115260.72,0,False,False,True,0.21699145755419036,7425.025199999999
531,64,2,175754.87,2,1,1,60721.4,0,True,False,False,0.3724139128041696,15817.9383
516,47,6,109387.33,1,0,0,121365.45,0,False,False,False,0.7594630519010331,9844.8597
561,37,1,100443.36,2,0,1,101693.73,0,False,False,True,0.18052545231996436,9039.902399999999
682,54,0,83102.72,2,1,1,54132.93,0,False,True,False,0.475036940016392,7479.2448
575,28,7,0.0,1,1,1,10666.05,0,False,True,True,0.32282147384978316,0.0
623,28,4,0.0,2,1,0,41227.67,0,False,False,False,0.12592021214577076,0.0
642,40,7,0.0,2,1,0,10712.82,0,False,False,False,0.21187664093527078,0.0
779,48,2,115290.27,1,0,0,98912.69,1,False,False,False,0.7613732936689082,10376.1243
671,42,6,0.0,2,1,0,197202.48,0,False,False,False,0.2682160446969506,0.0
495,40,1,140197.71,2,1,0,150720.39,0,False,False,False,0.40888676033405824,12617.793899999997
850,28,1,105245.34,1,0,1,74780.13,0,False,False,False,0.18649645625532366,9472.0806
630,50,8,0.0,2,0,1,79377.45,0,False,False,True,0.25240312621562155,0.0
588,32,1,0.0,2,1,1,8763.87,0,False,False,True,0.07599514754482589,0.0
562,35,3,142296.13,1,0,1,177112.7,0,True,False,True,0.3993018279378041,12806.651699999999
740,56,4,99097.33,1,1,1,85016.64,1,False,True,False,0.5556247302523812,8918.759699999999
695,28,5,171069.39,2,1,1,88689.4,0,False,False,True,0.15982342697701554,15396.245100000002
589,39,7,0.0,2,0,0,95985.64,0,False,False,False,0.2138811497287632,0.0
607,31,1,102523.88,1,1,1,166792.71,0,False,False,False,0.2361506867208311,9227.1492
794,35,6,0.0,2,1,1,68730.91,0,False,False,True,0.06361914545431774,0.0
580,44,9,143391.07,1,0,0,146891.07,1,True,False,True,0.8591392535736122,12905.1963
644,44,8,106022.73,2,0,0,148727.42,0,True,False,False,0.7027297967341279,9542.045699999999
636,36,1,0.0,1,1,0,43134.58,0,False,True,False,0.4908464090229146,0.0
599,36,3,128960.21,2,1,1,40318.33,0,True,False,True,0.21338656465173345,11606.4189
507,35,2,0.0,2,1,0,97633.93,0,False,False,False,0.16796615219299654,0.0
682,48,7,0.0,2,1,0,65069.03,0,False,False,False,0.4189599068738167,0.0
714,24,7,0.0,2,1,0,166335.0,0,False,False,False,0.14688866287624414,0.0
696,25,8,126442.59,1,1,0,121904.44,0,False,False,False,0.34516294890881816,11379.8331
599,51,0,0.0,1,1,1,175235.99,0,False,True,True,0.5366120713629636,0.0
577,37,2,127261.35,1,1,0,56185.05,0,False,False,True,0.3578557495534114,11453.5215
733,32,5,0.0,2,1,0,131625.14,0,False,True,False,0.12433719687670937,0.0
647,33,4,0.0,1,1,0,152323.04,0,False,False,False,0.4615016976928436,0.0
831,34,2,0.0,2,0,0,165840.94,0,False,False,False,0.11639523432756808,0.0
543,30,6,73481.05,1,1,1,176692.65,0,True,False,True,0.21111892321721804,6613.2945
679,34,7,160515.37,1,1,0,121904.14,0,False,False,True,0.3226491817544165,14446.383299999998
713,61,4,149525.34,2,1,0,123663.63,0,True,False,False,0.7252588240695113,13457.280599999998
690,43,2,166522.78,1,0,0,119644.59,1,True,False,True,0.7642823372326534,14987.0502
751,29,1,135536.5,1,1,0,66825.33,0,False,False,True,0.29371544743396166,12198.285
613,43,10,120481.69,1,0,0,94875.03,1,True,False,False,0.8584684319693033,10843.3521
701,28,1,103421.32,1,0,1,76304.73,0,False,True,True,0.16846850168427743,9307.9188
698,33,5,135658.73,2,0,1,39755.0,0,False,False,True,0.14050573174718603,12209.2857
451,36,2,0.0,2,1,1,180142.42,0,False,False,False,0.13281382781806114,0.0
665,28,8,191402.82,2,1,0,83238.4,0,False,False,True,0.2951342487881539,17226.2538
726,50,9,94504.35,1,0,1,5078.9,0,True,False,True,0.6813097512379962,8505.391500000002
608,44,5,126147.84,1,0,1,132424.69,1,True,False,False,0.810682919470275,11353.3056
549,46,7,0.0,1,1,1,109057.56,0,False,False,False,0.6454059503988993,0.0
803,33,6,0.0,2,1,0,115676.61,0,False,False,True,0.07749941181038683,0.0
663,43,4,87624.03,2,1,0,149401.33,0,False,False,True,0.36976290131939693,7886.162699999999
558,45,1,153697.53,2,0,0,89891.4,1,False,False,False,0.6635896770722033,13832.7777
714,25,4,0.0,2,0,0,82500.84,0,False,False,False,0.12002617860535832,0.0
704,39,5,0.0,1,1,0,6416.92,0,False,False,True,0.4216696745971336,0.0
805,45,9,116585.97,1,1,0,189428.75,1,True,False,False,0.8850165941330814,10492.7373
659,34,9,134464.58,2,1,0,178833.34,0,True,False,True,0.28798827621968764,12101.812199999998
738,62,10,83008.31,1,1,1,42766.03,0,True,False,True,0.5224055196155597,7470.7479
635,35,2,113635.16,1,1,0,90883.12,0,False,True,True,0.3167342559279407,10227.1644
530,36,7,0.0,2,1,0,80619.09,0,False,True,False,0.13390862937509268,0.0
661,41,5,122552.48,2,0,1,120646.4,0,True,False,True,0.3539629759049209,11029.7232
531,31,2,118899.45,2,0,0,41409.36,0,False,True,True,0.17948965402547176,10700.950499999999
694,29,5,99713.87,1,0,0,112317.89,0,False,False,False,0.3460754092204722,8974.2483
731,36,6,0.0,1,0,0,152128.36,0,False,False,False,0.4807003166949994,0.0
556,36,2,134208.22,1,0,1,177670.57,0,False,False,False,0.34373594148971953,12078.7398
647,41,1,85906.65,3,1,0,189159.97,0,True,False,False,0.3924141799688231,7731.598499999999
850,32,3,137714.25,1,0,1,159403.68,0,True,False,True,0.3697738062872136,12394.2825
573,33,1,160777.9,1,1,1,149536.15,0,False,True,True,0.2368295943865275,14470.010999999999
591,45,5,0.0,2,1,1,155492.87,0,False,False,True,0.2000473407728078,0.0
723,21,4,0.0,2,0,0,24847.02,0,False,False,True,0.07059958287024529,0.0
617,25,1,102585.88,2,1,1,115387.4,0,False,False,True,0.11605921656449902,9232.7292
704,39,10,102556.18,2,1,0,171971.25,1,True,False,False,0.489013490461691,9230.056199999999
457,42,4,126772.57,1,0,1,126106.4,0,True,False,True,0.6109555670712237,11409.531299999999
787,38,3,158373.23,1,1,1,28228.35,0,True,False,False,0.4114635161755652,14253.5907
651,34,9,0.0,2,1,0,138113.71,0,False,False,False,0.1296908266171853,0.0
612,42,5,141927.1,1,1,1,43018.98,0,True,False,True,0.5971114974919911,12773.439
828,47,1,109876.82,2,1,0,83611.45,1,False,True,True,0.5240310257414589,9888.9138
724,34,2,0.0,2,1,1,118863.38,0,False,False,False,0.10747087421437758,0.0
648,44,9,111369.79,2,1,1,91947.74,0,True,False,True,0.5680344667540944,10023.2811
569,35,3,116969.35,1,0,0,94488.82,0,False,True,True,0.30552956600404707,10527.2415
765,34,8,136729.51,2,0,0,47058.21,0,True,False,False,0.30446112209087,12305.6559
577,44,1,152086.15,1,0,1,44719.5,1,True,False,False,0.8202301101352082,13687.753499999999
603,46,2,0.0,2,1,0,174478.54,0,False,True,True,0.25292660463213773,0.0
568,28,1,127289.28,1,0,0,45611.51,0,False,True,True,0.2913492892590164,11456.035199999998
748,45,2,119852.01,1,0,0,73853.94,1,True,False,True,0.8686550419352139,10786.6809
573,38,4,0.0,2,1,1,196517.43,0,False,True,True,0.08788258392123861,0.0
771,41,5,0.0,2,0,1,92914.67,0,False,True,False,0.20150598043316492,0.0
763,35,9,0.0,1,1,1,31372.91,0,False,False,True,0.26973777660177595,0.0
410,35,7,117183.74,1,1,1,109733.73,0,False,False,False,0.3092137269475883,10546.5366
728,33,8,129907.63,1,0,1,36083.96,0,False,False,True,0.17928128483125605,11691.6867
655,78,2,0.0,2,0,1,188435.38,0,False,True,False,0.11541962712749865,0.0
580,36,6,145387.32,2,1,1,169963.2,1,True,False,False,0.3319062369420168,13084.8588
712,35,7,124616.23,1,1,1,69320.97,0,False,False,True,0.18202846788932223,11215.4607
680,31,9,0.0,2,1,0,36145.53,0,False,False,True,0.07301588645251528,0.0
383,48,8,95808.19,1,0,0,137702.01,1,False,True,False,0.8412768775136624,8622.7371
721,35,10,0.0,2,1,0,71594.26,0,False,False,True,0.08736302100332226,0.0
620,42,1,0.0,2,0,1,65565.92,0,False,False,False,0.2875804333996957,0.0
774,36,8,117152.3,1,0,0,101828.39,0,False,True,False,0.3439334587105494,10543.707
563,35,3,106250.72,1,0,0,39546.32,0,False,False,True,0.31711075887731466,9562.5648
850,27,8,111837.78,2,1,1,110805.79,0,True,False,False,0.24278299712969115,10065.4002
681,47,9,97023.21,1,1,1,2168.13,0,False,False,True,0.48518570877048406,8732.0889
631,31,8,137687.72,1,1,0,190067.12,0,False,False,False,0.3561779767942133,12391.894799999998
614,40,3,113348.5,1,1,1,77789.01,0,False,True,False,0.38671546891072883,10201.365
704,24,10,122109.78,1,1,1,127654.37,0,False,True,True,0.1677406733650788,10989.8802
786,32,2,120452.4,2,0,0,79602.86,0,False,False,True,0.15565831956712695,10840.715999999999
534,53,7,0.0,2,1,1,80619.17,0,False,False,False,0.3405475136326702,0.0
590,34,0,65812.35,2,0,1,160346.3,0,False,True,True,0.15424033805412418,5923.1115
583,40,3,54428.37,1,1,0,109638.78,1,False,True,False,0.6506938228616826,4898.5533000000005
656,75,3,0.0,2,1,1,1276.87,0,False,False,False,0.09366016913609791,0.0
597,33,9,0.0,2,1,0,49374.82,0,False,False,True,0.07764044224273137,0.0
588,48,1,143279.58,2,1,0,31580.8,1,True,False,False,0.7156501781208979,12895.162199999999
667,32,0,103846.65,1,1,0,20560.69,0,True,False,True,0.4824517961218555,9346.198499999999
627,37,2,125190.86,1,0,1,84584.69,0,False,False,True,0.23522300959284134,11267.177399999999
708,33,8,0.0,2,0,1,15246.83,0,False,False,False,0.12646969862175936,0.0
641,65,6,38340.02,1,1,0,32607.77,1,False,False,True,0.8415980127957663,3450.6017999999995
527,28,2,123802.98,2,1,1,155846.69,0,True,False,False,0.20227254779918044,11142.268199999999
592,37,3,96651.03,1,1,1,3232.82,0,False,False,True,0.22407840234095452,8698.5927
465,33,8,0.0,2,1,0,177668.55,0,False,False,True,0.13880504122290316,0.0
628,39,6,0.0,2,0,0,134441.6,0,False,False,True,0.0951758970445856,0.0
678,43,1,133237.21,1,1,0,111032.79,1,False,False,True,0.6828828538036423,11991.348899999999
570,61,6,142105.35,1,1,1,45214.04,0,False,False,False,0.5206239813302331,12789.4815
815,37,1,166115.42,1,1,0,67208.3,0,False,False,True,0.3801149869902588,14950.3878
817,37,6,81070.34,2,1,0,80985.88,0,False,False,False,0.23606589943821632,7296.330599999999
717,35,4,0.0,1,1,1,167573.06,0,False,False,True,0.28065311307208946,0.0
641,53,0,123835.52,2,0,1,160110.65,0,False,False,False,0.593025988034178,11145.1968
624,51,10,123401.43,2,1,1,127825.25,0,False,False,True,0.3956307383901766,11106.128699999997
579,49,4,169377.31,1,1,1,123535.05,0,True,False,True,0.4679548215924316,15243.957900000001
698,38,2,130015.24,1,1,1,41595.3,0,False,False,True,0.24818806794760215,11701.371599999999
645,32,4,0.0,2,0,1,97628.08,0,False,False,True,0.07261377084320256,0.0
691,34,8,133936.04,2,1,0,91359.79,0,False,False,True,0.18626858929208948,12054.2436
638,34,6,114543.27,1,1,1,97755.29,0,False,False,True,0.1913406494088601,10308.8943
705,31,3,119794.67,1,0,0,182528.44,0,False,False,False,0.3592689082997864,10781.5203
720,33,9,0.0,2,1,1,142956.48,0,False,False,True,0.06471875977656062,0.0
553,44,4,0.0,1,1,0,10789.3,0,False,True,True,0.6079307121888562,0.0
658,29,8,0.0,2,0,1,130461.09,0,False,False,False,0.10540724006396364,0.0
648,32,8,157138.99,3,1,0,190994.48,1,True,False,False,0.7907423451867384,14142.5091
636,45,3,0.0,2,1,1,159463.8,0,False,True,True,0.19519478112981226,0.0
527,41,10,136733.24,1,1,1,57589.29,0,True,False,False,0.5904001193181556,12305.9916
717,28,9,82498.14,2,0,0,40437.67,0,True,False,False,0.15513202285165378,7424.8326
614,39,3,151914.93,1,0,0,56459.45,0,False,True,True,0.3673720593519847,13672.343699999998
737,43,0,80090.93,1,1,0,39920.0,1,False,False,True,0.6815514108437479,7208.1837
587,51,3,83739.32,1,0,1,148798.45,0,False,True,True,0.5149033710514402,7536.5388
682,35,2,181166.44,1,1,1,63737.19,1,False,False,False,0.40798411006247365,16304.979599999999
710,38,3,130588.82,1,1,1,154997.64,0,False,False,True,0.23716450573275824,11752.9938
507,42,6,0.0,2,1,0,34777.23,0,False,False,True,0.19409935557132474,0.0
609,33,6,94126.67,1,0,0,93718.16,0,True,False,True,0.3794712710746435,8471.4003
786,32,9,0.0,2,1,0,133112.41,0,False,False,True,0.08107406272721099,0.0
688,38,7,148045.68,1,1,0,175479.92,1,False,False,True,0.4291986613925841,13324.1112
710,38,2,0.0,2,1,0,96.27,0,False,False,True,0.19038658185809948,0.0
779,33,3,0.0,2,1,0,30804.68,0,False,True,True,0.07775853059517038,0.0
733,44,6,168165.84,1,0,1,197193.49,0,False,False,False,0.403567920660489,15134.925599999999
583,26,10,72835.56,2,1,0,96792.15,0,True,False,False,0.1651797757803922,6555.2004
627,41,3,0.0,2,1,0,132719.8,0,False,False,True,0.12279676363472491,0.0
666,31,3,123212.08,2,1,1,112157.31,0,True,False,True,0.19048467541711311,11089.0872
620,38,0,0.0,2,1,1,38015.34,0,False,True,True,0.10543314033783689,0.0
614,39,6,0.0,2,1,1,164018.98,0,False,True,False,0.14172354123813757,0.0
606,40,6,119501.88,2,1,0,46774.94,0,False,False,True,0.2339848622767784,10755.1692
700,39,5,144550.83,2,1,1,189664.43,0,True,False,False,0.2909466357077855,13009.574699999997
677,34,3,126729.41,1,1,1,26106.39,1,True,False,True,0.4657254663300677,11405.6469
850,36,5,119984.07,1,1,0,191535.11,1,True,False,True,0.595926879285259,10798.5663
564,35,4,0.0,1,1,0,158937.55,0,False,False,True,0.3936076768504782,0.0
771,56,2,0.0,1,1,1,25222.6,1,False,True,False,0.6836154637411709,0.0
620,42,9,121490.05,1,1,1,29296.74,0,False,True,True,0.32957411346239296,10934.104500000001
610,46,5,91897.8,1,1,0,54394.28,0,False,True,True,0.7041269367195858,8270.802
609,39,2,139443.75,2,1,0,9234.06,0,False,True,True,0.2112467559055014,12549.9375
683,35,5,144961.97,1,0,1,26796.73,0,True,False,True,0.43172305306203795,13046.577299999999
633,42,3,126041.02,1,0,1,11796.89,0,True,False,True,0.6401619736258133,11343.6918
676,28,1,69459.05,2,1,1,128461.29,0,True,False,True,0.08388609529848981,6251.3144999999995
693,38,7,198338.77,2,1,1,14278.18,0,False,False,True,0.22726154345579253,17850.4893
709,36,0,0.0,2,1,0,46811.77,0,False,False,True,0.07559935378022087,0.0
569,35,2,109196.66,3,1,0,109393.19,1,True,False,True,0.8420747273715858,9827.699400000001
684,38,3,134168.5,3,1,0,3966.5,1,False,True,False,0.8540310003853797,12075.164999999999
565,34,6,0.0,1,1,1,63173.64,0,False,False,True,0.3307078717375708,0.0
681,29,8,0.0,1,1,0,66367.33,0,False,False,True,0.338984190775953,0.0
503,36,9,0.0,2,1,1,16274.67,0,False,True,False,0.1583679900678137,0.0
656,40,2,0.0,2,1,1,180553.48,0,False,False,True,0.1148638980953961,0.0
566,65,4,120100.41,1,1,0,107563.16,1,True,False,True,0.9212177318907768,10809.0369
592,62,5,0.0,1,1,1,100941.57,0,False,False,False,0.5613758633779187,0.0
687,50,5,0.0,2,1,0,110230.4,0,False,True,False,0.48230858396153975,0.0
686,22,8,0.0,2,0,0,142331.85,0,False,True,True,0.07882901996557447,0.0
616,30,2,0.0,2,1,0,199099.51,0,False,True,True,0.09257494469142241,0.0
494,67,5,0.0,2,1,1,85890.16,0,False,True,True,0.1670250424702907,0.0
534,38,3,0.0,1,0,0,143938.27,0,False,False,True,0.4611704110824623,0.0
695,31,8,0.0,2,0,1,131644.41,0,False,True,False,0.12166659922473992,0.0
579,31,9,0.0,2,1,0,112395.98,0,False,True,False,0.11580482015530225,0.0
432,38,2,135559.8,2,1,1,71856.3,0,True,False,True,0.23838849656914476,12200.381999999998
816,25,2,150355.35,2,1,1,35770.84,0,True,False,False,0.16521325104666396,13531.9815
730,37,1,0.0,2,1,1,124364.63,0,False,False,False,0.1306279063248835,0.0
593,35,6,133489.12,2,1,1,78101.29,0,False,False,False,0.17150340661434904,12014.020799999998
715,37,9,105489.31,1,0,0,143096.49,1,True,False,False,0.6695563892579198,9494.0379
775,25,10,60205.2,2,1,0,14073.11,0,True,False,True,0.12531257849630348,5418.468
539,38,5,0.0,2,1,0,47388.41,0,False,False,True,0.09196191665712132,0.0
576,19,6,0.0,2,0,0,72306.07,0,False,True,True,0.0660819718751469,0.0
617,50,7,0.0,1,1,0,184839.7,1,False,True,True,0.7907279641120084,0.0
688,40,6,0.0,1,1,1,47886.44,0,False,False,True,0.3967184255061467,0.0
608,33,4,0.0,1,0,1,130474.03,0,False,False,True,0.306134745769233,0.0
597,35,9,0.0,3,0,1,73181.39,1,False,True,True,0.5841910268632453,0.0
670,42,6,112333.63,1,1,1,65706.86,0,False,False,False,0.4599789246764299,10110.026699999999
616,57,7,116936.81,1,1,1,104379.36,0,True,False,False,0.7912788551706078,10524.3129
579,50,5,117721.02,1,0,1,192146.63,1,True,False,False,0.796178107421282,10594.8918
786,37,7,165896.22,2,1,1,66977.68,0,False,False,True,0.1462878052479802,14930.6598
704,44,9,153656.85,1,1,0,158742.81,0,False,True,False,0.6683704552517186,13829.1165
796,50,1,94164.0,1,1,1,189414.74,0,False,False,False,0.5716487889027569,8474.76
598,39,1,0.0,2,1,0,159130.32,0,False,True,True,0.11068597693778542,0.0
602,49,0,191808.73,1,0,0,97640.2,0,False,False,True,0.6100481682824622,17262.7857
619,58,5,152199.33,1,1,1,86022.09,0,False,False,True,0.43595983222607104,13697.939699999999
492,52,8,125396.24,1,1,0,10014.72,1,True,False,False,0.9235795102937574,11285.6616
641,41,7,104405.54,3,1,0,17384.21,0,True,False,True,0.550360117343073,9396.498599999999
518,27,1,133801.49,1,1,1,143315.57,0,False,False,False,0.22318208019495397,12042.1341
623,40,4,0.0,3,1,0,31669.18,0,False,True,False,0.5220243072230675,0.0
733,28,5,0.0,2,0,0,12761.16,0,False,False,False,0.12805090716084674,0.0
625,42,6,100047.33,1,1,0,93429.95,0,True,False,True,0.6755556857861523,9004.259699999999
759,31,1,109848.6,1,1,1,42012.55,0,False,False,False,0.20233292752570708,9886.374
604,32,7,127849.38,1,1,0,15798.7,0,False,False,False,0.34166649775941754,11506.4442
512,46,3,0.0,2,1,1,56408.14,0,False,True,False,0.23257367230108617,0.0
520,29,8,95947.76,1,1,0,4696.44,0,False,False,False,0.3158299996827035,8635.2984
805,26,2,0.0,2,1,1,25042.1,0,False,True,True,0.0571788941070157,0.0
626,43,4,137638.69,1,1,0,130442.08,1,False,False,True,0.6887766334909307,12387.482100000001
656,38,10,0.0,1,1,1,136521.82,0,False,False,True,0.29311177689522366,0.0
785,41,7,0.0,2,1,1,199108.88,0,False,True,True,0.10071187654955863,0.0
553,31,6,0.0,2,0,0,124596.63,0,False,False,True,0.0787128302418158,0.0
569,44,4,0.0,2,0,0,134394.78,0,False,False,False,0.3871828001944044,0.0
670,38,10,89416.99,1,0,0,144275.39,0,False,False,True,0.34727837738557854,8047.5291
586,42,6,0.0,2,1,1,123410.23,0,False,True,True,0.15001686737793038,0.0
617,45,1,0.0,1,1,0,143298.06,0,False,True,False,0.7823177806816468,0.0
508,60,7,143262.04,1,1,1,129562.74,0,False,False,False,0.5851777821277594,12893.583600000002
624,35,7,119656.45,2,1,1,4595.05,0,False,True,False,0.23870920235972912,10769.0805
654,29,4,132954.64,1,1,1,146715.07,0,False,False,True,0.1980317679476272,11965.9176
681,44,3,105206.7,2,1,1,163558.36,0,True,False,False,0.5958116492952437,9468.603
578,28,4,0.0,2,0,0,6947.09,0,False,True,True,0.07862933474294483,0.0
621,37,9,83061.26,2,1,0,9170.54,0,False,True,False,0.2392479756583351,7475.5134
632,40,5,147650.68,1,1,1,199674.83,0,False,False,True,0.35154861590235326,13288.561199999998
644,44,5,73348.56,1,1,0,157166.79,1,False,False,True,0.7001904155809521,6601.3704
821,28,2,0.0,2,1,0,46072.52,0,False,False,True,0.07457466197807268,0.0
754,38,2,0.0,2,0,0,3524.69,0,False,False,False,0.17799450155315147,0.0
568,27,1,116320.68,1,0,1,45563.94,0,False,True,False,0.2404363096662992,10468.8612
584,33,3,0.0,2,0,1,59103.13,0,False,False,True,0.07234712498950943,0.0
549,29,8,0.0,2,1,1,189558.44,0,False,False,False,0.10665569346356384,0.0
729,38,7,0.0,2,0,0,45779.9,0,False,False,False,0.17601350356686282,0.0
523,61,8,66250.71,1,1,1,21859.06,0,False,False,True,0.5134814378293955,5962.5639
477,24,2,95675.62,2,0,0,162699.7,1,True,False,False,0.3570035841266242,8610.8058
675,42,2,92616.64,2,1,0,8567.18,0,True,False,True,0.34932948907784506,8335.497599999999
782,41,4,0.0,1,1,0,132943.88,0,False,True,False,0.6301321740246547,0.0
616,36,6,0.0,1,1,1,12916.32,1,False,True,False,0.4314695040362929,0.0
738,37,8,100565.94,1,1,1,128799.86,0,False,True,False,0.24402020278996647,9050.9346
717,42,5,190305.78,1,1,0,99347.8,1,False,True,False,0.7092338609312505,17127.5202
526,35,9,118536.4,1,1,0,40980.87,1,True,False,False,0.6588701336516758,10668.275999999998
660,19,5,127649.64,1,1,1,40368.65,0,False,False,True,0.1937668910295093,11488.4676
525,35,7,165358.77,1,0,1,94738.54,0,False,False,True,0.22054445772585696,14882.289299999997
629,29,6,0.0,2,1,1,88842.8,0,False,True,True,0.08019164454252184,0.0
616,36,10,78249.53,1,1,0,136934.91,0,True,False,False,0.36828906888403623,7042.457699999999
521,61,0,125193.96,1,1,1,109356.53,0,True,False,False,0.7830416317672596,11267.4564
691,29,9,0.0,2,0,0,199635.93,0,False,False,False,0.12914828556331165,0.0
687,41,2,154007.21,1,1,0,158408.23,0,True,False,False,0.5686711123935211,13860.648899999997
677,43,3,133214.88,2,1,1,95936.84,0,False,True,False,0.4510697264062521,11989.339199999999
695,63,1,146202.93,1,1,1,126688.83,1,False,True,True,0.4452885713050084,13158.2637
663,27,9,0.0,2,1,0,150850.29,0,False,False,False,0.13155543432771433,0.0
496,30,0,90963.49,1,0,1,27802.0,0,False,False,True,0.16308722610869505,8186.7141
747,41,9,0.0,1,1,0,32430.94,1,False,True,True,0.5542120417993389,0.0
546,52,2,0.0,1,1,0,137332.37,1,False,False,False,0.9058020192700159,0.0
706,68,4,114386.85,1,1,1,28601.68,0,False,True,True,0.3144747906421908,10294.8165
472,26,5,0.0,2,1,0,108411.66,0,False,False,False,0.15122839458673362,0.0
703,40,7,0.0,2,0,1,122518.5,0,False,False,False,0.21493301050251834,0.0
850,38,2,0.0,2,1,0,9015.07,0,False,False,False,0.16849444201879904,0.0
667,71,4,137260.78,1,0,1,94433.08,1,False,True,True,0.411213459091274,12353.4702
559,33,9,111060.05,2,1,0,110371.84,0,False,False,True,0.20040244196175244,9995.4045
636,60,7,124447.73,1,1,1,141364.62,1,False,True,True,0.45617783286818997,11200.295699999999
672,34,8,0.0,2,1,1,16245.25,0,False,False,False,0.12278948151964504,0.0
667,42,7,0.0,1,0,1,108348.94,1,False,False,True,0.47201808551211166,0.0
648,33,7,135310.41,2,0,1,171668.2,0,True,False,True,0.19378253830477388,12177.9369
497,32,8,0.0,2,1,0,67364.42,0,False,False,True,0.07592216934164875,0.0
743,73,6,0.0,2,0,1,107867.38,0,False,False,False,0.12399022916398299,0.0
619,29,5,0.0,2,1,0,194310.1,0,False,False,True,0.09421570723866013,0.0
639,34,5,139393.19,2,0,0,33950.08,0,False,True,True,0.18021532499569023,12545.3871
540,28,8,0.0,2,0,0,197588.32,0,False,True,True,0.08671718250209032,0.0
766,26,3,104258.8,1,1,1,428.23,0,False,False,False,0.23774623351949425,9383.292000000001
749,26,6,0.0,2,0,1,34948.77,0,False,False,False,0.09847413113521063,0.0
655,32,9,113447.01,1,1,0,82084.3,0,True,False,True,0.5703539926596058,10210.230899999999
630,33,9,0.0,2,1,0,64804.59,0,False,False,True,0.07163736447272293,0.0
778,33,4,111063.73,2,1,0,83556.65,0,True,False,False,0.35515503261762554,9995.7357
757,30,6,161378.02,1,0,0,71926.28,1,True,False,False,0.5422160480583195,14524.021799999999
529,39,2,82766.43,1,1,1,122925.44,0,False,True,False,0.34863429142098284,7448.9787
620,29,9,0.0,2,1,0,13133.88,0,False,True,True,0.07114258311449972,0.0
615,61,1,104267.7,1,1,0,62845.64,1,False,False,False,0.8486380120824178,9384.093
735,25,3,91718.8,1,0,0,28411.23,0,False,False,False,0.3277093535359843,8254.692
705,47,3,63488.7,1,0,1,28640.92,1,False,True,False,0.6455672993245746,5713.982999999999
644,46,6,12459.19,1,0,0,156787.34,1,False,True,False,0.8328677628487314,1121.3271
505,37,6,159863.9,2,0,1,125307.87,0,True,False,False,0.1911162868059639,14387.750999999998
471,23,6,104592.55,2,1,0,131736.23,0,True,False,True,0.27915424441445325,9413.3295
722,50,4,132088.59,1,1,1,128262.14,0,False,True,False,0.5329011015867774,11887.9731
577,39,4,0.0,2,1,0,91366.42,0,False,True,False,0.17549580606841095,0.0
744,44,5,120654.68,1,1,0,82290.81,0,False,True,True,0.6423007956138072,10858.921199999999
573,30,6,0.0,2,1,0,66190.21,0,False,False,False,0.11460122655325522,0.0
653,32,4,83772.95,1,0,1,23920.65,0,False,False,False,0.21481009772155024,7539.565499999999
660,31,6,172325.67,1,0,1,45438.38,0,False,False,False,0.2621482763910119,15509.310300000001
787,46,7,117685.31,2,1,1,93360.35,0,False,False,True,0.3889658443924047,10591.677899999999
617,41,7,0.0,2,0,1,14496.67,0,False,False,True,0.15809922937930845,0.0
567,39,5,0.0,2,0,0,168521.72,0,False,False,True,0.11904868436762095,0.0
682,64,9,0.0,2,1,1,103318.44,0,False,True,False,0.21715475481409602,0.0
684,35,6,135871.5,1,1,1,87219.41,0,False,False,True,0.1906205306244366,12228.435
447,41,3,0.0,4,1,1,197490.39,1,False,False,True,0.7625259216733049,0.0
625,49,4,128504.76,1,1,0,126812.63,1,True,False,False,0.9282828404520211,11565.428399999999
585,36,7,0.0,2,1,0,94283.09,0,False,False,True,0.10093399432537474,0.0
516,42,8,56228.25,1,1,0,46857.52,0,False,False,False,0.6153946141336999,5060.5425
732,45,6,98792.4,1,1,0,81491.7,1,True,False,False,0.9022091263096396,8891.315999999999
628,40,5,181768.32,2,1,1,129107.97,0,True,False,True,0.21329153485170807,16359.1488
682,48,9,101198.01,1,1,1,49732.9,0,False,True,False,0.4968235364068844,9107.820899999999
746,25,9,0.0,2,0,1,88728.47,0,False,False,True,0.057671605923292714,0.0
655,60,3,0.0,2,1,1,86981.45,0,False,False,False,0.2615489561116501,0.0
644,39,9,0.0,1,1,0,3740.93,0,False,False,False,0.4885008474467652,0.0
778,34,5,139064.06,2,0,0,67949.32,0,False,False,True,0.1704962740643287,12515.7654
617,35,2,104508.1,1,1,1,147636.46,0,False,False,False,0.2806483189992041,9405.729
660,35,9,113948.58,1,1,0,188891.96,1,True,False,True,0.6125764222613576,10255.3722
537,47,10,0.0,2,0,1,25482.62,0,False,False,True,0.2514811994767003,0.0
554,39,10,0.0,2,1,1,18391.93,0,False,False,False,0.30681045094559467,0.0
806,31,9,0.0,2,0,1,140168.36,0,False,False,True,0.0550183600278788,0.0
611,37,1,117524.72,2,0,1,161064.29,0,True,False,True,0.269455483130509,10577.2248
665,37,5,160389.82,1,0,1,183542.08,0,False,False,False,0.33048515720463434,14435.0838
648,37,7,0.0,2,1,0,194238.92,0,False,False,False,0.1739296293579884,0.0
692,27,1,125547.53,1,0,0,7900.46,0,False,False,True,0.27467146592608915,11299.277699999999
507,46,6,92783.68,1,1,1,51424.29,0,False,True,True,0.47675788810645925,8350.5312
696,49,5,97036.22,2,1,0,152450.84,1,True,False,True,0.7431494481083659,8733.2598
681,34,3,0.0,2,0,0,55816.2,0,False,False,True,0.07158920766799526,0.0
687,26,6,0.0,2,1,1,32909.13,0,False,False,False,0.10421469408812144,0.0
641,40,5,102145.13,1,1,1,100637.07,0,False,True,True,0.30853165565493035,9193.0617
507,33,1,113452.66,1,0,0,142911.99,0,False,False,False,0.34442512217749505,10210.7394
688,46,8,155681.72,1,1,0,26287.21,0,False,True,False,0.6588066386099333,14011.354799999997
535,38,8,127475.24,1,0,0,60775.76,1,True,False,True,0.6352098283274823,11472.7716
701,41,10,0.0,2,1,1,146257.77,0,False,False,True,0.13596473846173063,0.0
488,43,10,112751.13,1,1,1,28332.0,0,False,False,True,0.41643083209212506,10147.6017
539,29,4,0.0,2,1,1,100919.19,0,False,False,False,0.08690093432476977,0.0
674,45,7,144889.18,1,1,1,102591.9,1,False,False,True,0.4781759466037447,13040.0262
538,40,8,0.0,2,1,1,25554.4,0,False,True,True,0.1098453278098124,0.0
829,22,7,150126.44,1,1,0,152107.93,1,False,False,False,0.3800506156315683,13511.3796
768,54,8,69712.74,1,1,1,69381.05,0,False,False,True,0.4485695513209619,6274.1466
585,44,4,0.0,2,0,1,101728.46,0,False,True,False,0.28490337573539515,0.0
581,31,3,0.0,2,0,0,89040.61,0,False,False,True,0.0777408707573635,0.0
682,35,2,117438.92,2,1,1,16910.98,0,True,False,False,0.2864897493239222,10569.502799999998
653,38,8,119315.75,1,1,0,150468.35,0,False,False,True,0.35628837848427763,10738.4175
712,30,1,89571.59,1,1,1,177613.19,0,False,False,False,0.22908754943637205,8061.4431
620,34,8,102251.57,1,1,0,120672.09,0,True,False,False,0.5992582587664848,9202.641300000001
709,42,9,118546.71,1,0,1,77142.85,0,False,False,True,0.338426252632282,10669.2039
832,61,2,0.0,1,0,1,127804.66,1,False,False,True,0.4718765000739901,0.0
635,38,0,103257.14,1,0,0,158344.63,0,False,True,True,0.3295314053330668,9293.1426
749,43,1,124209.02,1,1,1,167179.48,0,False,True,False,0.4735296712153188,11178.8118
629,32,3,0.0,2,1,1,15404.64,0,False,True,True,0.0771862628928441,0.0
836,41,7,150302.84,1,1,1,156036.19,0,False,True,False,0.41371999878403476,13527.255599999999
542,34,8,108653.93,1,0,1,144725.14,0,False,True,True,0.20176968385823035,9778.8537
645,45,8,85325.93,1,0,0,22558.74,0,False,False,False,0.7116386811064982,7679.333699999999
844,29,8,0.0,2,0,0,147342.03,0,False,False,False,0.10420646671213697,0.0
747,37,9,135776.36,3,1,0,85470.45,1,True,False,True,0.8805858690894385,12219.872399999998
645,40,6,131411.24,1,1,1,194656.11,0,False,False,True,0.3324054154173851,11827.011599999998
752,36,3,0.0,2,1,1,48505.1,0,False,True,False,0.12043267273540645,0.0
760,41,6,0.0,2,0,0,101491.23,0,False,True,False,0.23325716028191557,0.0
714,45,9,106431.97,2,1,1,164117.69,0,True,False,False,0.6094341711646911,9578.8773
717,50,9,90305.76,1,1,1,124626.57,0,False,False,True,0.48508582972166947,8127.518399999999
645,28,7,117466.03,2,1,1,34490.06,0,True,False,True,0.19052401857363757,10571.9427
681,32,3,148884.47,2,1,1,90967.37,0,False,False,True,0.15371380068724275,13399.602299999999
681,44,4,91115.76,2,0,0,24208.84,1,True,False,False,0.6553396563664124,8200.418399999999
679,37,8,77373.87,2,0,1,174873.09,0,True,False,False,0.18919064076039185,6963.648299999999
528,23,7,104744.89,1,1,0,170262.97,0,False,True,True,0.29366041688510436,9427.0401
710,31,3,0.0,2,1,1,112289.06,0,False,False,False,0.10949671220048861,0.0
733,39,5,91538.51,1,1,1,93783.0,0,True,False,True,0.4194526864689625,8238.4659
724,32,6,0.0,2,1,1,150026.79,0,False,False,False,0.11141622957915655,0.0
726,34,0,185734.75,1,1,1,102036.82,0,False,False,False,0.3125661688141797,16716.1275
520,30,3,143396.54,2,1,1,898.51,0,False,False,True,0.16211524431255459,12905.688600000001
556,40,5,125909.85,1,1,1,95124.4,0,False,False,True,0.3323976081739309,11331.8865
579,45,2,0.0,2,0,0,11514.39,0,False,False,False,0.3669431111729574,0.0
674,36,2,154525.7,1,0,1,27468.72,0,False,False,True,0.2128908326374712,13907.312999999998
570,29,0,0.0,1,1,0,37092.43,0,False,False,False,0.3824222590929115,0.0
631,51,8,100654.8,1,1,0,171587.9,0,False,False,True,0.7915274240450902,9058.931999999999
623,44,1,83325.77,1,0,1,80828.78,0,False,True,True,0.43468194770247126,7499.319299999999
665,35,8,110934.54,1,1,0,169287.99,0,False,False,True,0.2958684815456037,9984.1086
523,36,8,113680.54,1,0,0,13197.44,0,False,True,False,0.3614361326220534,10231.248599999999
706,31,1,117020.08,2,1,0,54439.53,0,True,False,True,0.3061128254408994,10531.8072
619,49,9,145359.99,1,1,0,38186.85,0,False,False,False,0.7713470400693774,13082.399099999999
593,39,8,151391.68,1,1,0,27274.6,1,True,False,False,0.6024619491916557,13625.251199999999
608,66,8,123935.35,1,1,1,65758.19,0,False,True,True,0.28012628166156206,11154.1815
526,36,0,0.0,2,1,0,97767.63,0,False,False,False,0.1673522487685819,0.0
684,40,2,70291.02,1,1,1,115468.84,1,False,True,True,0.42137007121593895,6326.1918
604,42,10,166031.45,1,1,0,98293.14,0,True,False,False,0.5841472768832638,14942.8305
636,36,6,96643.32,1,0,0,182059.28,0,True,False,True,0.4544315939868065,8697.8988
669,33,8,0.0,2,0,1,128538.05,0,False,True,False,0.11500805380481831,0.0
624,71,7,0.0,2,1,1,108841.83,0,False,False,True,0.10476778633837336,0.0
631,29,2,0.0,2,1,1,18581.84,0,False,False,True,0.06581054006228439,0.0
753,48,4,0.0,2,0,1,146821.42,0,False,False,True,0.25148718100800677,0.0
588,40,5,0.0,2,0,0,100727.68,0,False,False,True,0.13426832387234724,0.0
729,26,4,97268.1,2,1,0,39356.38,0,True,False,True,0.24670557383185354,8754.129
602,42,10,0.0,2,0,0,169921.11,1,False,False,False,0.40978814972814553,0.0
689,55,1,76296.81,1,1,0,42364.75,1,True,False,False,0.8933599284248401,6866.712899999999
486,27,7,0.0,2,1,0,28823.04,0,False,True,True,0.07055920708851096,0.0
809,42,6,64497.94,3,0,1,182436.81,1,True,False,False,0.8366096309928284,5804.8146
562,38,5,0.0,1,1,0,115700.2,0,False,False,True,0.46852673732860745,0.0
763,32,8,0.0,2,1,0,16725.53,0,False,True,False,0.11586573841463492,0.0
669,57,5,0.0,2,1,1,56875.76,0,False,False,True,0.2068357588650767,0.0
709,39,8,0.0,2,1,0,56214.09,0,False,False,True,0.0977524344010249,0.0
554,45,4,0.0,2,1,1,193412.05,0,False,True,False,0.25011501417634935,0.0
699,37,10,0.0,2,0,0,83263.04,0,False,False,True,0.10214772471794759,0.0
732,54,0,134249.7,1,0,1,13404.4,0,False,True,True,0.4513328693043404,12082.473
625,45,3,0.0,1,1,1,184474.15,1,False,False,False,0.706097348041747,0.0
599,30,9,105443.68,1,1,1,121124.53,0,False,False,True,0.18925293048579508,9489.931199999999
584,50,1,0.0,1,0,1,152567.75,1,False,True,False,0.7375652277075997,0.0
499,35,10,0.0,2,1,0,10722.54,0,False,False,True,0.09241573259910119,0.0
526,38,2,0.0,2,0,0,58010.98,0,False,True,True,0.0977509419965766,0.0
625,35,5,86147.46,2,1,0,163440.8,1,True,False,False,0.3742547645137082,7753.2714
537,38,1,96939.06,1,1,1,102606.92,0,False,True,False,0.3062194204447606,8724.515399999998
696,47,1,106758.6,1,1,1,80591.18,0,False,True,True,0.4356902459750448,9608.274000000001
679,33,9,112528.65,2,1,0,177362.45,0,False,False,False,0.27037426305332807,10127.5785
684,60,2,116563.58,1,1,0,120257.7,1,False,False,True,0.8245152134564662,10490.7222
850,32,4,0.0,1,1,1,180622.02,0,False,False,True,0.28019028073789537,0.0
495,42,7,0.0,2,0,0,130404.53,0,False,True,False,0.3385212185863748,0.0
537,38,6,141786.78,1,0,1,147797.54,0,False,True,False,0.2988283105992199,12760.8102
850,41,3,136416.82,1,0,1,57844.26,0,False,False,True,0.29906673122456584,12277.5138
513,30,5,0.0,2,1,0,162523.66,0,False,False,True,0.10023708389611154,0.0
618,40,1,133245.52,2,1,1,54495.82,0,True,False,False,0.351732120970998,11992.0968
802,41,4,90757.64,2,0,1,169183.66,0,True,False,False,0.33472653904373095,8168.187599999999
547,43,1,92350.36,1,0,1,80262.91,0,False,False,True,0.4724344798523573,8311.5324
613,69,9,78778.49,1,0,1,8751.59,0,True,False,True,0.3671778004636959,7090.0641
592,34,6,102143.93,2,1,1,102628.98,0,True,False,False,0.2322715360275723,9192.953699999998
546,29,5,0.0,1,1,1,94823.95,0,False,False,True,0.2999469066375179,0.0
721,37,4,98459.6,1,0,0,90821.66,0,True,False,True,0.476766798806511,8861.364
671,47,7,114603.76,2,1,0,153194.32,1,True,False,False,0.7855242413032453,10314.3384
624,35,2,0.0,2,1,0,87310.59,0,False,True,True,0.09481647238105725,0.0
751,51,7,148074.79,1,1,0,146411.41,1,True,False,False,0.930026630264594,13326.7311
636,36,1,0.0,3,1,1,74048.1,1,False,True,True,0.7025339660323704,0.0
607,62,8,108004.64,1,1,1,23386.77,1,False,True,False,0.49445154578633516,9720.4176
509,29,0,107712.57,2,1,1,92898.17,0,True,False,False,0.19847581672090153,9694.131300000001
653,35,9,0.0,2,1,1,45956.05,0,False,True,True,0.05670342862378088,0.0
709,37,8,0.0,3,1,0,71738.56,0,False,True,False,0.4095781687625588,0.0
559,32,9,145303.52,1,1,0,103560.98,0,False,False,True,0.3000916251335464,13077.3168
684,37,4,138476.41,2,1,1,52367.29,0,True,False,True,0.24539905685310623,12462.8769
635,27,8,127471.56,1,1,1,152916.05,1,False,False,False,0.31355640506593657,11472.4404
709,26,6,156551.63,1,0,1,4410.77,0,False,False,True,0.17159649471553812,14089.6467
656,49,9,97092.87,1,1,0,74771.22,1,True,False,False,0.9067431520424397,8738.3583
793,32,2,0.0,2,1,0,193817.63,1,False,False,True,0.13131784052024376,0.0
609,37,5,129312.79,1,1,1,26793.82,0,False,True,True,0.24300371085346475,11638.1511
618,29,10,100315.1,2,1,1,32526.64,0,True,False,False,0.16915785352191168,9028.359
850,35,6,81684.97,1,1,0,824.0,0,False,False,False,0.35784578694462255,7351.647299999999
669,51,3,88827.53,1,0,0,85250.77,1,False,True,True,0.8129291215682585,7994.4776999999995
594,40,0,152092.44,2,1,1,83508.93,0,True,False,True,0.3032904186827417,13688.319599999999
616,71,4,0.0,2,1,1,173599.38,0,False,True,True,0.1196635456642317,0.0
676,49,1,0.0,1,1,0,79342.31,1,False,False,False,0.8535774341830905,0.0
608,38,9,102406.76,1,0,1,57600.66,0,False,True,False,0.29867859574524297,9216.6084
710,21,4,109130.96,2,1,1,56191.99,0,False,False,True,0.12637835386744511,9821.7864
695,29,5,0.0,2,1,1,6770.44,0,False,False,True,0.06577835769111785,0.0
530,33,9,75242.28,1,0,1,101694.67,0,True,False,True,0.21801422420399963,6771.8052
509,29,1,0.0,2,1,0,69113.14,0,False,True,True,0.07895061394720776,0.0
517,45,4,0.0,1,0,0,172674.36,1,False,False,False,0.8389334997102641,0.0
758,33,0,129142.54,2,1,1,26606.28,0,True,False,True,0.2345423668785457,11622.828599999999
665,51,2,0.0,1,0,0,53353.36,0,False,False,True,0.8427327901557331,0.0
631,22,6,139129.92,1,1,1,63747.51,0,True,False,False,0.4383308049479957,12521.6928
576,33,3,0.0,2,0,1,190112.05,0,False,True,True,0.08900596332589059,0.0
544,22,3,66483.32,1,0,1,110317.39,0,False,True,True,0.3046619090051482,5983.4988
596,40,5,62389.03,3,1,0,148623.43,1,True,False,True,0.8402476305141043,5615.012699999999
481,34,5,0.0,2,1,1,125253.46,0,False,False,False,0.09379397804201661,0.0
498,46,1,91857.66,1,1,0,101954.78,1,False,False,True,0.7771232889192128,8267.1894
512,31,6,0.0,2,1,0,168462.26,0,False,True,True,0.08444282414257334,0.0
594,56,7,0.0,1,1,0,26215.85,1,False,False,False,0.8870029433497035,0.0
570,30,10,176173.52,1,1,0,97045.32,1,False,False,False,0.48095693692087893,15855.616799999998
721,38,7,0.0,1,0,1,53534.8,0,False,True,True,0.3271586182297336,0.0
453,37,4,131834.76,2,1,0,8949.2,0,False,False,False,0.2572545060160712,11865.128400000001
562,48,3,92347.96,1,1,1,163116.75,0,False,False,True,0.5533019536845084,8311.3164
682,40,4,0.0,2,1,1,140745.91,0,False,False,True,0.11844653358135475,0.0
748,40,3,95297.11,1,0,0,171515.84,0,False,False,True,0.469140214091753,8576.739899999999
729,32,9,0.0,2,0,0,150803.44,0,False,False,False,0.12470758153116984,0.0
663,39,4,0.0,1,1,0,76884.05,0,False,False,True,0.42116298601910257,0.0
735,53,8,123845.36,2,0,1,170454.93,1,False,False,False,0.5608432650718319,11146.0824
627,62,3,143426.34,2,1,1,143104.3,0,True,False,True,0.5127124889636394,12908.370599999998
713,46,5,0.0,1,1,1,55701.62,0,False,False,True,0.5600650256795716,0.0
562,31,2,112708.2,1,0,1,186370.3,0,True,False,True,0.4052796357122305,10143.738
632,43,2,100013.51,1,1,0,24275.32,0,False,False,True,0.6394585405984722,9001.2159
479,33,2,208165.53,1,0,0,50774.81,1,False,False,False,0.49056281322153117,18734.8977
658,21,7,0.0,2,0,1,154279.87,0,False,True,True,0.06600048706622555,0.0
598,40,9,0.0,1,1,0,68462.59,1,False,False,False,0.6204670288226726,0.0
597,19,2,0.0,2,1,1,91036.74,0,False,False,True,0.07273850885446691,0.0
512,33,6,121685.31,2,1,1,83681.97,0,False,False,False,0.1675778594013421,10951.677899999999
704,39,2,111525.02,1,1,0,199484.96,0,False,False,True,0.36212774436744494,10037.2518
474,26,6,0.0,2,0,0,152491.22,0,False,False,True,0.12808603282278144,0.0
604,36,10,113546.3,1,1,1,134875.37,0,True,False,True,0.42722387542424833,10219.167000000001
683,41,6,95696.52,2,1,1,184366.14,0,False,False,True,0.23338012949827663,8612.6868
537,28,0,88963.31,2,1,1,189839.93,0,False,False,True,0.11145778795298728,8006.6979
794,31,0,144880.34,2,0,1,175643.44,0,False,True,True,0.13911137936340404,13039.230599999999
732,55,9,136576.02,1,0,1,3268.17,1,False,False,True,0.5032937706429078,12291.841799999998
495,38,2,63093.01,1,1,1,47089.72,0,False,False,False,0.3804241679403079,5678.3709
552,38,10,132271.12,2,1,1,46562.02,0,True,False,True,0.25790821416011367,11904.4008
602,29,3,88814.4,2,1,1,62487.97,0,False,False,False,0.15808467039787485,7993.295999999999
607,40,5,90594.55,1,0,1,181598.25,0,True,False,True,0.5252230633345988,8153.5095
675,33,0,141816.25,1,1,0,64815.05,1,True,False,False,0.5916228274188958,12763.462500000001
443,54,3,138547.97,1,1,1,70196.23,1,False,False,False,0.6329385499110487,12469.317299999999
727,31,2,52192.08,2,0,1,160383.47,0,False,False,False,0.12917547624079198,4697.287200000001
482,38,4,124976.19,1,1,0,35848.12,0,False,False,True,0.3702075119690691,11247.8571
686,34,1,0.0,2,1,0,87278.48,0,False,False,False,0.14057646572928229,0.0
588,35,3,104356.38,1,1,0,94498.82,0,True,False,True,0.5286991003979892,9392.074200000001
605,48,10,150315.92,1,0,1,133486.36,0,False,True,False,0.5689903566714185,13528.4328
583,39,1,129299.28,2,1,0,73107.6,0,False,False,True,0.22028996259206327,11636.9352
738,37,7,140950.92,2,1,0,195333.98,0,True,False,True,0.2824867947498055,12685.5828
744,30,1,128065.12,1,1,0,121525.48,0,False,True,True,0.3088490123783244,11525.860799999999
781,23,2,107433.48,1,1,0,173843.21,0,False,False,True,0.2756180085606347,9669.0132
699,34,2,117468.67,1,1,0,185227.42,0,False,False,True,0.2862905869019468,10572.1803
639,27,2,0.0,2,0,0,125244.18,0,False,False,False,0.13184682754553115,0.0
583,27,4,0.0,3,1,0,163113.41,0,False,False,False,0.48852310938611715,0.0
587,42,1,0.0,1,0,0,123006.91,0,False,False,True,0.5897177981711511,0.0
694,40,9,0.0,2,1,0,40463.03,0,False,False,True,0.12106071662247006,0.0
570,29,4,153040.03,1,1,1,131363.57,1,False,False,False,0.26553238890259356,13773.6027
692,45,6,142084.04,4,1,0,188305.85,1,True,False,True,0.9422717123557176,12787.563600000001
511,30,5,0.0,2,1,0,143994.86,0,False,False,False,0.14271024601921625,0.0
788,32,4,112079.58,1,0,0,89368.59,0,False,False,True,0.26642396915867006,10087.1622
526,66,7,132044.6,2,1,1,158365.89,0,False,True,True,0.2969696859516833,11884.014000000001
749,46,9,66582.81,1,1,0,78753.12,1,False,True,False,0.8007047323439186,5992.452899999999
691,33,6,0.0,2,1,1,100408.31,0,False,False,False,0.11544344278383858,0.0
481,39,6,0.0,1,1,1,24677.54,0,False,False,False,0.3924323531202444,0.0
752,33,4,0.0,2,1,1,39570.78,0,False,False,True,0.05634812570516497,0.0
658,38,6,102895.1,1,0,0,155665.76,0,False,False,False,0.43235275975666476,9260.559000000001
679,42,2,0.0,1,1,1,168294.27,0,False,True,True,0.434597189311342,0.0
754,27,7,117578.35,2,0,1,87908.01,0,True,False,True,0.21199601058447803,10582.0515
679,47,10,198546.1,2,1,0,191198.92,1,False,False,True,0.6504499710151721,17869.148999999998
633,39,2,0.0,2,0,0,191207.03,0,False,True,False,0.1755503329567293,0.0
674,31,1,0.0,1,1,0,128954.05,0,False,False,False,0.46247320875158265,0.0
600,28,2,116623.31,1,0,1,59905.29,0,True,False,True,0.3272005900597709,10496.097899999999
645,49,8,0.0,2,1,0,162012.6,0,False,True,True,0.34507195256837475,0.0
698,36,6,0.0,2,0,1,19231.98,0,False,False,True,0.08548177847386397,0.0
508,54,10,0.0,1,1,1,175749.36,0,False,True,True,0.4867181186284468,0.0
555,44,3,105770.7,3,1,0,60533.96,1,False,False,False,0.9223767962704429,9519.363
751,48,9,0.0,1,1,0,137508.42,1,False,False,False,0.8704058269949266,0.0
738,39,1,94435.45,2,0,1,189430.86,0,False,False,False,0.26482980268605233,8499.190499999999
706,39,8,112889.91,1,0,1,6723.66,0,True,False,False,0.5686123821524068,10160.0919
595,53,7,0.0,2,1,0,41371.68,1,False,False,False,0.5470489491809747,0.0
577,43,3,127940.47,1,0,0,125140.72,1,True,False,False,0.8691572038615771,11514.6423
578,36,8,129745.1,1,1,1,143683.75,0,True,False,False,0.5402741545941641,11677.059000000001
699,32,3,0.0,2,1,1,170770.44,0,False,False,True,0.07456409556328732,0.0
826,30,5,0.0,2,0,1,157397.57,0,False,False,False,0.10143160609959788,0.0
656,46,7,141535.52,1,1,0,50595.15,1,True,False,False,0.8964690652315942,12738.1968
556,47,2,139914.27,1,1,1,50390.98,0,False,False,False,0.5967956256376676,12592.284299999998
569,41,4,120243.49,1,1,0,163150.03,1,False,False,True,0.48208480125958786,10821.9141
765,34,9,91835.16,1,0,0,138280.17,0,False,False,True,0.2772028310907202,8265.1644
544,37,2,0.0,2,0,0,135067.02,0,False,True,True,0.11033611443416833,0.0
588,22,9,67178.19,1,1,1,163534.75,1,False,True,False,0.37495716672345447,6046.0371000000005
740,31,8,0.0,2,0,0,86657.48,0,False,True,False,0.11104993928068403,0.0
850,38,7,115378.94,1,0,1,162087.82,0,False,True,True,0.17712801710837447,10384.104599999999
766,30,4,127786.28,2,1,1,28879.3,0,True,False,True,0.2221604989142788,11500.765199999998
849,41,6,0.0,2,1,1,169203.51,1,False,False,False,0.2631618855393391,0.0
612,33,0,64900.32,2,1,0,102426.12,0,False,False,False,0.2328534044794771,5841.0288
517,53,0,109172.88,1,1,0,54676.1,1,True,False,True,0.9379444622696362,9825.5592
645,55,7,0.0,2,1,1,18369.33,0,False,False,False,0.2696953661543687,0.0
696,43,4,114091.38,1,0,1,159888.1,0,True,False,True,0.6967166465543735,10268.2242
716,40,3,0.0,2,0,1,167636.15,0,False,False,False,0.21224224565764477,0.0
590,32,9,0.0,2,1,0,138889.15,0,False,False,True,0.09392218053006891,0.0
656,45,7,145933.27,1,1,1,199392.14,0,False,False,False,0.43384652997230255,13133.994299999998
473,35,7,131504.73,1,1,0,189560.43,0,True,False,False,0.5226946812115397,11835.4257
742,44,8,107926.02,1,0,1,17375.27,1,True,False,False,0.7930248496739454,9713.3418
834,57,8,112281.6,3,1,0,140225.14,1,True,False,False,0.9154690140036216,10105.344
721,41,7,0.0,2,0,1,61018.85,0,False,False,True,0.12408383194468506,0.0
590,29,10,0.0,1,1,1,51907.72,1,False,True,True,0.3624001980329086,0.0
516,31,7,0.0,1,1,0,47018.75,0,False,True,False,0.46181062355618635,0.0
850,33,0,124781.67,1,0,1,33700.52,0,False,False,True,0.1539967659602464,11230.3503
748,39,9,132865.56,1,1,1,59636.43,1,False,False,False,0.376069093794411,11957.900399999999
798,38,4,129055.13,1,1,0,157147.59,0,True,False,False,0.5652658520832429,11614.9617
612,76,6,96166.88,1,1,1,191393.26,0,True,False,True,0.3390709491042731,8655.0192
540,40,3,165298.12,1,0,1,199862.75,0,False,False,False,0.41583242341593724,14876.8308
719,33,7,0.0,2,1,0,20016.59,0,False,True,False,0.1318780917909261,0.0
598,48,6,120682.53,1,1,0,30635.52,1,False,False,True,0.7347546809177077,10861.4277
796,32,5,102773.15,2,0,1,117832.88,0,False,True,True,0.10133174384181867,9249.583499999999
579,42,0,144386.32,1,1,1,22497.1,1,True,False,True,0.6049836206285372,12994.768800000002
850,40,7,104449.8,1,1,1,747.88,0,True,False,False,0.5855838246389639,9400.482
599,35,6,137102.65,1,0,0,76870.81,0,False,True,True,0.3023958890410592,12339.2385
724,30,9,142475.87,1,1,1,107848.24,0,False,False,False,0.24994518798338827,12822.828300000001
508,43,9,0.0,1,1,0,103726.71,0,False,False,False,0.6960809457352108,0.0
773,37,2,103195.2,2,1,0,178268.36,0,False,True,True,0.1947194398174633,9287.568
526,28,1,112070.44,1,0,1,126281.83,0,False,False,True,0.18326680267363865,10086.3396
542,29,7,0.0,2,0,1,196651.72,0,False,False,False,0.10689684066761396,0.0
470,35,1,96473.59,1,0,0,5962.3,0,False,False,True,0.2579573782513774,8682.6231
805,37,5,0.0,2,1,0,21928.81,0,False,True,True,0.07378152135600462,0.0
548,49,9,108437.89,1,0,0,127022.87,1,True,False,True,0.9231989234419506,9759.410100000001
672,37,5,153195.59,1,1,1,162763.01,0,False,False,True,0.21344312706481208,13787.6031
773,45,8,96877.21,1,1,1,113950.51,0,False,False,True,0.4600843561216284,8718.9489
614,44,6,0.0,2,0,1,104930.46,0,False,False,True,0.23133693264796645,0.0
537,38,10,0.0,1,0,0,52337.97,1,False,False,False,0.5928972101196641,0.0
704,40,6,95452.89,1,0,1,179964.55,0,False,False,False,0.43951048264179654,8590.7601
586,41,3,63873.56,1,1,0,83753.64,0,False,True,True,0.49858992117763173,5748.6204
677,24,0,148298.59,2,0,0,182913.95,0,False,False,False,0.25658289871466566,13346.8731
558,31,7,0.0,2,1,0,166720.28,0,False,True,False,0.12656625906395344,0.0
634,37,7,143258.85,2,1,0,192721.98,0,True,False,False,0.37374992175480015,12893.2965
655,37,9,121342.24,1,1,1,180241.44,0,True,False,True,0.5319870558802363,10920.8016
619,28,6,99152.73,2,1,0,48475.12,0,True,False,False,0.28368744759870124,8923.7457
662,41,4,0.0,2,1,0,126551.48,0,False,False,False,0.23753614865206724,0.0
705,33,7,68423.89,1,1,1,64872.55,0,False,True,True,0.26544367206133473,6158.1501
527,35,8,0.0,1,1,0,98031.53,1,False,True,False,0.4951345381088484,0.0
630,25,7,79656.81,1,1,0,93524.22,0,True,False,False,0.34681753429074486,7169.1129
850,35,2,0.0,2,1,1,56991.66,0,False,False,True,0.06028558032775613,0.0
668,53,10,110240.04,1,0,0,183980.56,1,False,False,False,0.8557126105170816,9921.603599999999
573,32,9,125321.84,2,1,1,130234.63,0,False,False,False,0.20152904070000127,11278.9656
680,27,3,0.0,1,1,0,32454.26,0,False,False,True,0.32087913231896154,0.0
758,32,2,84378.9,1,1,1,75396.43,0,False,False,False,0.20311993824256827,7594.100999999999
597,45,7,0.0,2,0,0,167756.45,0,False,False,True,0.2770556113684062,0.0
580,35,10,136281.41,2,1,1,24799.47,0,True,False,True,0.15866670572808508,12265.3269
622,59,5,119380.37,1,1,1,60429.43,0,False,False,True,0.4772146818320303,10744.2333
638,62,4,108716.59,2,1,1,74241.09,0,True,False,True,0.6128109711154975,9784.4931
640,20,4,0.0,2,0,1,78310.82,0,False,False,False,0.10524872831568206,0.0
644,28,0,0.0,2,1,0,119419.37,0,False,True,True,0.08841718777060274,0.0
753,31,6,106596.29,1,0,0,91305.77,0,False,False,False,0.33597042981253367,9593.666099999999
629,37,10,99546.25,3,0,1,25136.95,1,False,False,False,0.8979584847901455,8959.162499999999
775,30,5,0.0,1,1,0,193880.6,1,False,False,False,0.4968925517483681,0.0
701,41,2,0.0,1,1,0,47856.78,0,False,False,False,0.634106686993159,0.0
708,19,7,112615.86,1,1,1,4491.77,0,False,True,True,0.18867059657392649,10135.427399999999
521,22,10,0.0,1,1,1,101311.95,0,False,True,False,0.2658884068102731,0.0
636,24,9,0.0,2,0,1,38830.72,0,False,False,False,0.11561534750834897,0.0
529,31,5,0.0,2,1,0,26817.23,0,False,False,False,0.13242932042195263,0.0
757,28,3,75381.15,1,1,1,199727.72,0,False,False,True,0.19518118826720898,6784.3035
767,24,5,0.0,2,1,1,67445.85,0,False,True,False,0.0862020031194641,0.0
525,33,5,0.0,2,1,0,161002.29,0,False,True,True,0.08680452984375105,0.0
759,38,1,0.0,2,1,0,20778.39,0,False,True,True,0.08397868457008274,0.0
520,45,1,123086.39,1,1,1,41042.4,1,True,False,False,0.8189144064468151,11077.775099999999
738,26,3,0.0,2,1,0,67484.16,0,False,False,False,0.12947505870589396,0.0
548,37,4,0.0,1,1,0,121763.68,0,False,True,True,0.4488232245555862,0.0
535,48,9,109472.47,1,1,0,157358.43,1,False,True,True,0.74901982310241,9852.522299999999
615,59,4,155766.05,1,1,1,110275.17,0,False,True,True,0.45163333470092726,14018.9445
850,38,7,101985.81,2,0,0,43801.27,0,True,False,True,0.2661468563461156,9178.722899999999
487,34,2,96019.5,1,0,0,9085.0,0,False,False,False,0.3527204404699532,8641.755000000001
731,30,7,0.0,2,0,1,143086.09,0,False,False,True,0.06227562496718619,0.0
726,35,9,0.0,2,0,1,100556.98,0,False,True,False,0.10621466544027885,0.0
609,35,2,147900.43,1,1,0,140000.29,0,False,False,False,0.3927761869261985,13311.0387
714,52,4,100755.66,1,1,1,186775.25,0,False,False,True,0.520785872370294,9068.0094
694,35,7,0.0,1,1,0,133570.43,1,False,True,False,0.515546531970546,0.0
786,33,0,83036.05,1,0,1,154990.58,1,False,False,False,0.22460990734330533,7473.244499999999
698,27,6,125427.37,2,0,0,27654.44,0,False,True,True,0.16748520123594107,11288.4633
601,46,3,98202.76,1,0,0,137763.93,0,False,False,False,0.7355791688310499,8838.248399999999
769,41,1,72509.91,1,1,0,25723.73,0,False,True,True,0.4368081088282692,6525.8919000000005
850,44,3,140393.65,2,0,1,186285.52,0,True,False,True,0.35339627419113534,12635.428499999998
646,50,5,142644.64,2,1,1,142208.5,1,False,True,False,0.5676405960281423,12838.017600000001
659,44,9,23503.31,1,0,1,169862.01,1,False,False,False,0.6816335980231731,2115.2979
487,33,8,145729.71,1,1,0,41365.85,0,False,True,True,0.30430066210247453,13115.673899999998
740,40,2,122295.17,2,1,1,30812.84,0,True,False,False,0.36089211838217705,11006.565299999998
686,39,4,0.0,2,1,0,155023.93,0,False,False,True,0.0978973425001374,0.0
612,36,5,119799.27,2,1,0,159416.58,0,False,True,False,0.34248226663144576,10781.934299999999
655,37,8,163708.58,2,0,0,76259.23,0,False,True,True,0.2843129857023422,14733.7722
617,34,1,61687.33,2,1,0,105965.25,0,False,False,True,0.15606124035653457,5551.8597
674,27,4,79144.34,1,0,1,50743.83,0,False,False,False,0.2237446573730656,7122.990599999999
711,32,5,0.0,2,1,1,147720.27,0,False,True,True,0.06421258505653943,0.0
624,27,7,104848.68,1,1,1,167387.36,0,True,False,False,0.45174408623672385,9436.381199999998
597,26,5,0.0,2,0,1,95159.13,0,False,True,True,0.07707603929982168,0.0
682,46,4,0.0,1,1,1,4654.28,0,False,True,True,0.5546624146265388,0.0
775,45,8,0.0,1,1,0,130376.68,0,False,False,True,0.7442177802357836,0.0
727,29,1,146652.01,1,1,1,173486.39,0,False,False,False,0.23517220523619142,13198.6809
629,31,6,0.0,2,1,0,93881.75,0,False,False,True,0.08429490540735403,0.0
684,46,0,0.0,2,1,1,36376.97,0,False,False,True,0.22430366949174574,0.0
549,37,1,130622.34,2,1,1,128499.94,0,True,False,False,0.3235893446326093,11756.010599999998
593,69,2,187013.13,2,0,1,105898.69,0,True,False,True,0.21050824325158637,16831.1817
536,40,9,0.0,2,1,1,11959.03,0,False,True,True,0.11282407584437276,0.0
707,36,6,0.0,1,0,0,98810.78,0,False,False,False,0.4488626900085362,0.0
592,41,0,0.0,2,1,0,65906.07,0,False,True,True,0.11081907330810158,0.0
703,44,6,98862.54,1,1,0,151516.7,0,False,False,True,0.6462976597782053,8897.6286
723,45,4,0.0,2,1,0,37214.39,0,False,True,False,0.38009597378007454,0.0
452,52,1,98443.14,2,0,0,92033.98,0,True,False,True,0.6856471706256785,8859.882599999999
552,42,4,0.0,2,0,0,195692.3,0,False,True,True,0.20228797340883212,0.0
633,47,0,0.0,1,1,1,6342.84,1,False,False,False,0.7095651169446979,0.0
479,23,9,123575.51,1,0,1,95148.28,0,True,False,False,0.3732050473858168,11121.7959
768,25,6,0.0,2,1,1,21215.67,0,False,False,True,0.05447136512997398,0.0
742,31,4,105239.1,1,1,1,19700.24,0,False,False,True,0.17918787421927043,9471.519
668,56,9,110993.79,1,1,0,134396.64,1,True,False,True,0.9279454051407923,9989.4411
707,44,3,0.0,2,1,1,135077.01,0,False,True,True,0.18941445908018156,0.0
754,39,7,157691.98,2,1,0,133600.89,1,False,True,True,0.2883513776966266,14192.2782
544,47,5,105245.21,1,0,0,99922.08,1,True,False,True,0.9125486734724936,9472.0689
718,32,8,0.0,2,1,1,41399.33,0,False,True,True,0.05907059354624577,0.0
762,31,7,117687.35,1,1,1,159344.43,0,False,False,True,0.17910390214446223,10591.861499999999
772,23,2,0.0,2,1,0,18364.19,0,False,False,True,0.07800860038895623,0.0
691,37,7,123067.63,1,1,1,98162.44,1,True,False,False,0.5945798825945083,11076.0867
502,45,0,0.0,1,0,0,84663.21,0,False,False,True,0.6774928060066842,0.0
563,34,6,0.0,2,0,0,36536.93,0,False,False,False,0.12129784025257641,0.0
676,41,4,101457.14,1,1,1,79101.67,0,False,False,False,0.398186174718737,9131.1426
576,52,2,100549.43,2,1,1,16644.16,0,False,True,True,0.4390116419544243,9049.448699999999
629,35,4,174588.8,2,0,1,158420.14,0,False,True,True,0.20606323665865822,15712.991999999998
625,52,8,121161.57,1,1,0,48988.28,0,False,True,True,0.8007965622362228,10904.5413
628,45,9,0.0,2,1,1,96862.56,0,False,False,True,0.21812539225001282,0.0
471,36,5,90063.74,2,1,1,96366.7,0,True,False,False,0.20120795548479137,8105.7366
811,45,5,0.0,2,1,1,146123.19,0,False,False,False,0.2658418140874232,0.0
504,42,3,134936.97,2,0,0,135178.91,0,False,False,True,0.37087961699525296,12144.327299999999
687,24,3,110495.27,1,1,0,158615.41,0,False,False,False,0.3427567234778975,9944.5743
660,37,2,133200.09,1,0,0,71433.88,0,True,False,False,0.6123521821842359,11988.0081
548,41,4,82596.8,1,0,1,55672.09,0,False,False,False,0.4344468559853049,7433.7119999999995
609,31,9,103837.75,1,1,1,150218.11,0,True,False,True,0.33413761129382935,9345.3975
659,42,2,0.0,1,0,0,162734.31,1,False,True,False,0.7160744061345633,0.0
526,52,8,93590.47,1,0,1,21228.71,1,False,False,True,0.5732394030204055,8423.1423
725,40,8,104149.66,1,1,0,62027.9,0,True,False,True,0.6977380928437021,9373.4694
519,38,1,114141.64,1,1,1,60988.21,1,True,False,True,0.598936040521777,10272.747599999999
562,31,9,117153.0,1,1,1,108675.01,0,True,False,False,0.4631130984309045,10543.769999999999
482,45,7,156353.46,1,1,0,72643.95,1,True,False,True,0.8340322610758351,14071.811399999999
535,37,3,175534.78,2,1,1,9241.52,0,False,True,True,0.20609870813605305,15798.1302
561,27,9,135637.0,1,1,0,153080.4,1,False,False,False,0.3536541825460866,12207.329999999998
661,30,7,0.0,2,1,0,72196.57,0,False,False,False,0.12433356414420137,0.0
771,27,2,0.0,2,1,1,199527.34,0,False,False,True,0.07414288635758061,0.0
545,26,7,0.0,2,0,1,156598.23,0,False,False,True,0.0695677682450002,0.0
850,33,2,83415.04,1,0,1,74917.64,0,True,False,False,0.27254752583711883,7507.353599999999
601,43,3,141859.12,2,1,1,111249.62,0,True,False,True,0.4970396734735642,12767.320799999998
712,38,7,132767.66,2,1,1,59115.77,0,True,False,True,0.25834159930570466,11949.089399999999
589,31,10,110635.32,1,1,0,148218.86,0,False,False,False,0.3341761855697547,9957.1788
600,37,8,177657.35,1,1,1,77142.32,0,False,True,True,0.19727501124930064,15989.161500000002
642,41,4,157777.58,1,1,0,67484.6,0,True,False,True,0.5514757103489051,14199.982199999999
575,47,9,107915.94,2,1,1,63452.18,1,True,False,True,0.6184660036949281,9712.4346
570,57,5,86568.75,1,0,1,103660.31,0,True,False,False,0.5901255098617976,7791.1875
532,52,9,137755.76,1,1,0,163191.99,1,True,False,True,0.9282818212040744,12398.0184
796,30,2,137262.71,2,1,0,62905.29,0,False,False,True,0.17963222043207222,12353.6439
833,32,6,0.0,1,1,1,44323.22,1,False,True,True,0.32426803745831473,0.0
642,36,6,0.0,2,1,1,97938.59,0,False,True,False,0.11877607637427896,0.0
655,28,10,0.0,2,0,1,126565.21,0,False,False,True,0.06257369928897971,0.0
736,50,9,116309.01,1,1,0,185360.4,1,True,False,True,0.9230840984135986,10467.810899999999
617,34,0,131244.65,2,1,0,183229.02,0,False,False,False,0.277235578959188,11812.018499999998
762,28,3,125155.83,2,1,1,106024.02,0,True,False,True,0.20839839065979404,11264.0247
703,35,5,140691.08,2,1,0,167810.26,0,True,False,True,0.27791027367950083,12662.197199999999
507,41,3,58820.32,2,1,1,138536.09,0,False,False,True,0.22013364043168562,5293.8288
581,26,3,105099.45,1,1,1,184520.0,1,True,False,False,0.5341837285542117,9458.950499999999
593,31,9,0.0,2,0,1,20492.16,0,False,False,True,0.07274898106561384,0.0
648,23,9,168372.52,1,1,0,134676.72,0,False,False,True,0.29886210666095997,15153.5268
462,34,1,94682.56,2,1,0,138478.2,0,True,False,True,0.21679167430540008,8521.4304
596,36,2,0.0,2,0,1,125557.95,0,False,True,True,0.08689056345347058,0.0
627,44,5,0.0,2,1,0,82969.61,1,False,False,False,0.3518791392740583,0.0
494,40,7,0.0,2,0,1,158071.69,0,False,False,True,0.1338173454594842,0.0
627,73,0,146329.73,1,0,1,43615.67,0,False,False,True,0.26131830581175064,13169.675700000002
850,37,2,0.0,2,1,0,119969.99,0,False,True,True,0.11380233013366751,0.0
632,49,5,167962.7,1,0,0,140201.21,0,False,False,False,0.7491676884830051,15116.643
490,33,1,0.0,2,1,1,80792.83,0,False,False,True,0.07454647959118868,0.0
715,40,7,0.0,1,1,1,141359.11,0,False,False,True,0.3712155843991801,0.0
679,48,8,0.0,2,1,0,23344.94,0,False,False,True,0.30055331861429235,0.0
619,44,3,116967.68,1,1,0,5075.17,1,False,False,True,0.6704282547525545,10527.091199999999
465,33,6,0.0,2,1,1,95500.98,0,False,True,False,0.13016843065074218,0.0
736,32,7,0.0,1,0,1,79082.62,0,False,True,True,0.2752282389963758,0.0
501,34,7,93244.42,1,0,1,199805.63,0,True,False,False,0.4168066389445009,8391.9978
535,29,5,0.0,2,0,1,52709.55,0,False,False,False,0.10167416632666944,0.0
759,33,2,0.0,2,1,0,56583.88,0,False,False,False,0.13542232519345418,0.0
819,35,1,0.0,2,0,1,3385.04,0,False,False,True,0.07222366067990939,0.0
533,43,4,80442.06,2,0,1,12537.42,0,True,False,True,0.34119841517482574,7239.785399999999
632,35,2,150561.03,2,0,0,64722.61,0,True,False,False,0.24295124229763407,13550.492699999999
686,60,9,0.0,3,1,1,75246.21,1,False,False,True,0.8111727345548687,0.0
687,34,9,125474.44,1,1,0,198929.84,0,False,False,False,0.33880908396451553,11292.6996
667,33,4,127076.68,2,1,0,69011.66,0,True,False,False,0.3567784042868504,11436.901199999998
699,25,8,0.0,2,1,1,52404.47,0,False,True,False,0.10723831845645469,0.0
497,37,8,128650.11,2,1,1,163641.53,0,False,True,True,0.1350390746253893,11578.5099
780,33,6,145580.61,1,1,1,154598.56,0,False,True,False,0.29090960906701285,13102.254899999998
652,51,3,0.0,1,1,0,173989.47,1,False,False,False,0.8973528557885228,0.0
477,47,9,144900.58,1,1,0,61315.37,1,False,False,True,0.7743561825345361,13041.052199999998
652,37,4,0.0,2,1,0,143393.24,0,False,False,False,0.17063685593305153,0.0
488,31,8,97588.6,1,0,0,124210.53,0,False,False,False,0.31432202418912125,8782.974
572,24,1,0.0,2,1,1,151460.84,0,False,False,True,0.06661760244489008,0.0
755,38,1,0.0,2,1,0,20734.81,0,False,False,False,0.17081247631198543,0.0
779,24,10,122200.31,2,1,0,43705.56,0,True,False,False,0.2780922307927229,10998.0279
693,46,3,151709.33,1,1,0,180736.24,0,False,True,False,0.7229907889799547,13653.839699999999
530,22,7,0.0,2,1,0,104170.48,0,False,True,False,0.11634628918881404,0.0
738,33,3,122134.4,2,0,1,27867.59,0,False,True,False,0.19693444935516546,10992.096
690,31,2,137260.45,2,1,0,55387.28,0,True,False,True,0.26648189574761444,12353.4405
611,30,9,88594.14,1,1,0,196332.45,0,False,False,False,0.29732310973928167,7973.4726
643,34,6,0.0,2,1,1,116046.22,0,False,True,True,0.06621305556824413,0.0
632,41,8,127205.32,4,1,0,93874.87,1,True,False,True,0.9258812309975659,11448.4788
727,31,10,96997.09,2,0,0,76614.04,0,False,True,False,0.2110066009231142,8729.738099999999
508,64,2,0.0,1,1,1,6076.62,0,False,False,False,0.5280621068590898,0.0
550,31,5,142200.19,2,1,1,122221.71,0,False,False,True,0.15248884507329985,12798.0171
754,39,3,160761.41,1,1,1,24156.03,0,True,False,False,0.439090460726593,14468.5269
759,26,4,0.0,2,1,0,135394.62,0,False,False,True,0.0719151805405155,0.0
794,33,8,0.0,2,0,0,91340.02,0,False,True,True,0.0727269240075378,0.0
549,29,3,0.0,2,1,0,146090.38,0,False,False,True,0.08098172795833715,0.0
671,31,0,116234.61,1,1,0,172096.08,0,False,False,True,0.27235136371891516,10461.114899999999
756,26,5,155143.52,1,0,1,135034.57,1,True,False,False,0.47412593183799084,13962.916799999999
632,21,1,0.0,2,1,0,84008.66,0,False,False,False,0.13601588923658595,0.0
579,38,8,0.0,2,0,0,91763.67,0,False,False,True,0.1116461105439642,0.0
748,34,5,84009.47,1,1,1,137001.1,0,False,False,True,0.17581325135051096,7560.8523
488,28,7,139246.22,2,1,0,106799.49,0,True,False,False,0.267591326287328,12532.1598
710,58,7,170113.0,2,0,1,10494.64,0,True,False,True,0.3323229921434735,15310.169999999998
619,41,8,0.0,3,1,1,79866.73,1,False,True,False,0.7204864703475699,0.0
773,64,2,145578.28,1,0,1,186172.85,0,False,False,True,0.33342010588351234,13102.0452
657,75,7,126273.95,1,0,1,91673.6,0,False,True,True,0.29346612850794174,11364.6555
579,26,10,162482.76,1,1,1,18458.2,0,False,False,False,0.2436673400359985,14623.4484
542,29,9,0.0,1,1,0,8342.35,0,False,False,True,0.3432259316049277,0.0
709,32,2,87814.89,1,1,0,138578.37,0,False,False,False,0.3488416470782111,7903.340099999999
617,61,3,113858.95,1,1,1,38129.22,0,False,True,True,0.45536881497390314,10247.305499999999
568,43,5,87612.64,4,1,1,107155.4,1,True,False,True,0.7816518894104096,7885.1376
769,73,1,0.0,1,1,1,29792.11,0,False,False,False,0.3130478360487526,0.0
608,26,1,106648.98,1,0,1,7063.6,0,True,False,True,0.2977514740911891,9598.4082
503,31,4,0.0,2,1,1,21645.06,0,False,True,True,0.06501891181827953,0.0
608,38,8,103653.51,2,1,1,137079.86,0,True,False,False,0.3511974104314739,9328.8159
731,37,3,116880.53,1,0,0,172718.35,1,True,False,True,0.6180377468799867,10519.2477
850,40,4,97990.49,2,0,0,106691.02,0,True,False,False,0.26325437121534306,8819.1441
591,34,4,150635.3,1,1,1,72274.84,0,True,False,False,0.3859711862204794,13557.176999999998
579,37,4,0.0,2,1,1,32246.63,0,False,True,True,0.08130733349570289,0.0
570,39,10,129674.89,2,1,0,80552.36,0,False,False,True,0.2596101696176394,11670.740099999999
709,37,9,0.0,2,1,0,16733.59,0,False,False,False,0.15190541680109212,0.0
611,53,3,83568.26,1,0,0,1235.49,0,False,False,True,0.7057946418539487,7521.143399999999
775,48,4,178144.91,2,0,0,50168.41,1,False,True,True,0.6900722708662974,16033.0419
699,36,6,147137.74,1,1,1,33687.9,0,True,False,True,0.40935939947411654,13242.3966
618,37,5,0.0,1,0,1,178705.45,1,False,False,True,0.467329873751701,0.0
704,36,3,114370.41,1,0,1,66810.48,0,False,False,True,0.21401177682383346,10293.336899999998
835,47,5,108289.28,2,1,1,45859.55,1,True,False,False,0.5405874654240221,9746.035199999998
714,39,3,149887.49,2,1,0,63846.36,0,True,False,True,0.3241583752396042,13489.874099999997
581,43,4,170172.9,1,0,1,100236.02,0,False,True,False,0.5020212243331279,15315.561
592,27,3,0.0,2,1,1,19645.65,0,False,False,True,0.06915872028901755,0.0
551,43,7,0.0,2,1,0,178393.68,0,False,False,True,0.28962041688335793,0.0
689,28,2,64808.32,2,0,0,78591.15,0,True,False,False,0.1562530413507944,5832.748799999999
604,56,0,62732.65,1,0,1,124954.56,0,False,False,False,0.6640354914463602,5645.9385
514,41,7,0.0,2,1,1,3756.65,0,False,False,False,0.23192582175520784,0.0
698,29,5,95167.55,1,1,1,152723.23,0,False,False,True,0.18299145766253752,8565.0795
581,54,2,152508.99,1,1,0,187597.98,1,True,False,False,0.9197284089791153,13725.809099999999
573,31,0,134644.19,1,1,1,70381.49,0,True,False,True,0.36687569878668475,12117.9771
449,33,8,0.0,2,0,0,156792.89,0,False,True,False,0.13570360323230654,0.0
850,31,3,51293.47,1,0,0,35534.68,0,True,False,False,0.35602573417888694,4616.4123
612,41,5,0.0,3,0,0,151256.22,0,False,False,True,0.6240610885242541,0.0
690,49,8,116622.73,1,0,1,51011.29,0,False,True,True,0.43513801695062737,10496.045699999999
599,49,2,0.0,2,1,0,111190.53,0,False,True,False,0.44094736044726734,0.0
498,33,1,198113.86,1,1,0,69664.35,0,False,False,True,0.33546318054914065,17830.2474
497,29,4,85646.81,1,0,0,63233.02,1,False,False,False,0.3834781885926585,7708.212899999999
802,51,7,0.0,1,0,1,40855.79,0,False,True,True,0.5364636965406857,0.0
644,33,9,141234.98,1,1,0,95673.05,0,False,False,True,0.3028098373385154,12711.1482
714,34,10,0.0,2,1,1,80234.14,0,False,False,True,0.07481060150235368,0.0
690,40,9,77641.99,1,0,0,189051.59,1,False,False,False,0.6202595016512976,6987.7791
522,30,3,0.0,2,1,0,145490.85,0,False,True,True,0.07418598488289456,0.0
502,40,7,117304.29,1,0,0,196278.32,0,True,False,False,0.5823114116315294,10557.3861
730,62,2,0.0,2,1,1,162889.1,0,False,True,False,0.2508612917404161,0.0
590,36,6,92340.69,2,1,1,174667.58,0,True,False,True,0.17521532700352282,8310.6621
458,35,9,146780.52,2,1,1,3476.38,0,True,False,True,0.16746781348436407,13210.246799999997
553,41,6,144974.55,1,1,1,19344.92,0,False,True,True,0.31161473679529667,13047.709499999997
479,47,1,0.0,1,1,0,95270.83,0,False,False,True,0.7803372783425153,0.0
693,31,2,0.0,2,1,1,107759.31,0,False,False,True,0.07128392410020216,0.0
707,43,10,0.0,2,1,0,118368.2,0,False,True,True,0.25690949382888645,0.0
636,37,1,115137.26,1,1,0,52484.01,0,False,True,True,0.3514025312828085,10362.353399999998
807,33,10,101952.97,2,1,0,178153.65,0,False,False,True,0.17885167555849332,9175.7673
513,45,0,164649.52,3,1,0,49915.52,1,False,False,False,0.9498203668591612,14818.456799999996
582,31,2,0.0,2,1,1,33747.03,0,False,False,True,0.06488370946970198,0.0
694,32,0,91956.49,1,1,1,59961.81,0,False,False,True,0.17075487353606175,8276.0841
777,39,8,0.0,2,1,1,18613.52,0,False,False,True,0.08673138793682428,0.0
598,32,9,123938.6,2,1,0,198894.42,0,True,False,True,0.295881121650571,11154.474
762,46,6,123571.77,3,0,1,57014.17,1,True,False,True,0.9284327224150999,11121.4593
588,34,3,120777.88,1,1,1,131729.52,0,False,False,False,0.2771260117241635,10870.0092
663,42,5,90248.79,1,1,1,79169.73,0,True,False,True,0.48202610444615046,8122.391099999999
777,36,7,0.0,1,1,0,106472.34,0,False,False,True,0.44102846026637615,0.0
592,71,4,0.0,2,0,1,17013.54,0,False,False,True,0.12952078423616872,0.0
631,48,1,106396.48,1,1,1,150661.42,1,True,False,True,0.7895418587771965,9575.6832
725,47,1,104887.43,1,0,0,86622.56,1,True,False,False,0.9293219504454667,9439.868699999999
850,34,2,72079.71,1,1,1,115767.93,0,False,False,True,0.18172705012648652,6487.173900000001
540,37,6,0.0,2,1,0,141998.89,0,False,False,True,0.10778027549919622,0.0
674,36,2,0.0,2,1,1,182787.17,0,False,True,True,0.09836060136617934,0.0
553,38,3,99844.68,1,0,0,187915.7,0,False,False,True,0.38814353948471364,8986.0212
630,28,1,0.0,2,1,1,133267.78,0,False,False,False,0.11498849287474448,0.0
466,26,3,156815.71,1,1,1,137476.09,0,False,False,True,0.2029066972036888,14113.413899999998
613,47,6,146034.74,1,1,1,77146.14,0,False,False,True,0.4879723490607026,13143.1266
558,27,1,152283.39,1,1,0,183271.15,0,False,False,True,0.263641841505394,13705.505099999998
775,33,1,118897.1,2,1,1,26362.4,0,True,False,False,0.2641311084001199,10700.739
698,52,8,96781.39,1,1,1,153373.71,0,True,False,True,0.7120189911022817,8710.3251
608,33,1,102772.67,2,1,0,70705.58,0,True,False,True,0.26994421337097835,9249.5403
670,20,4,0.0,2,1,0,119759.24,0,False,True,False,0.1264657652963007,0.0
591,39,8,0.0,2,0,0,42392.24,0,False,True,True,0.08224836273932061,0.0
633,40,4,150578.0,1,0,1,34670.62,1,False,False,True,0.36044226352274633,13552.02
678,46,1,0.0,2,0,0,82106.19,0,False,False,False,0.3872793943948025,0.0
590,47,3,0.0,2,1,0,171774.5,0,False,False,True,0.28167994945857255,0.0
705,48,0,0.0,2,0,0,149772.61,0,False,False,False,0.37853676605615477,0.0
608,42,10,163548.07,1,1,0,38866.85,0,False,False,True,0.5483246638790352,14719.3263
682,37,8,148580.12,1,1,0,35179.18,0,False,False,False,0.3894382185535127,13372.210799999999
596,32,3,96709.07,2,0,0,41788.37,0,True,False,True,0.20374957627827586,8703.8163
395,34,5,106011.59,1,1,1,17376.57,1,True,False,False,0.4971336135594428,9541.043099999999
578,37,1,135650.88,1,1,0,199428.19,0,True,False,True,0.5272668111845406,12208.5792
547,55,4,111362.76,3,1,0,16922.28,1,True,False,True,0.8860684040990603,10022.6484
609,37,1,39344.83,1,1,1,178291.89,1,False,False,True,0.44147272479795857,3541.0347
774,36,9,130809.77,1,1,0,152290.28,0,True,False,True,0.5632258447988555,11772.8793
712,27,2,133009.51,1,1,0,126809.15,0,False,False,False,0.33508169368282364,11970.8559
585,28,9,135337.49,2,1,1,40385.61,0,True,False,False,0.20286011265045217,12180.374099999997
666,32,10,112536.57,2,1,1,34350.54,0,False,False,False,0.17482666157836213,10128.2913
708,35,8,122570.69,1,0,0,199005.88,0,False,True,False,0.37646481535007104,11031.3621
513,44,1,63562.02,2,0,1,52629.73,1,False,False,True,0.45998427800313985,5720.581799999999
445,37,3,0.0,2,1,1,180012.39,0,False,False,True,0.13447642452674036,0.0
690,44,9,100368.63,2,0,0,35342.33,0,True,False,True,0.5666245585723041,9033.1767
850,37,6,0.0,2,1,0,109291.22,0,False,False,True,0.09926931323605778,0.0
537,33,7,136082.0,1,1,0,62746.54,0,False,True,False,0.37388503383994753,12247.380000000001
705,48,9,114169.16,1,0,0,173273.2,1,True,False,True,0.9208082189052118,10275.2244
670,45,5,47884.92,1,1,1,54340.24,0,False,False,False,0.574271625689612,4309.6428
652,36,1,0.0,2,1,1,19302.78,0,False,True,False,0.18418340006049372,0.0
696,24,9,0.0,1,0,0,10883.52,0,False,True,True,0.34176131818015776,0.0
747,49,6,202904.64,1,1,1,17298.72,1,False,False,True,0.615217221703313,18261.4176
511,46,1,0.0,1,1,1,115779.48,1,False,False,False,0.7144006186236286,0.0
743,43,2,161807.18,2,0,1,93228.86,1,False,True,True,0.45067951835629705,14562.6462
532,52,3,110791.97,1,1,0,148704.77,1,True,False,True,0.9325602529432934,9971.2773
642,33,9,0.0,2,1,1,150475.14,0,False,True,False,0.14560565476606266,0.0
554,54,6,108755.0,1,1,0,40914.32,1,True,False,False,0.9360160914153373,9787.95
604,34,3,0.0,2,1,0,38587.7,0,False,True,False,0.13542809858828248,0.0
602,72,3,0.0,2,1,1,171260.66,0,False,False,False,0.1759149108557292,0.0
757,55,9,117294.12,4,1,0,94187.47,1,False,True,False,0.9611289460904444,10556.4708
491,26,4,102251.14,1,1,1,145900.89,0,True,False,True,0.3184559580813394,9202.6026
850,31,4,0.0,2,0,0,152298.28,0,False,False,True,0.08911230328353095,0.0
521,22,5,0.0,2,1,1,99828.45,0,False,False,True,0.07773354183950609,0.0
726,37,2,132057.92,2,1,0,34743.98,0,False,False,True,0.19855191214367734,11885.212800000001
596,33,8,0.0,1,1,0,121189.3,1,False,False,True,0.4282231787458376,0.0
850,35,7,114285.2,1,0,1,129660.59,0,True,False,False,0.5353288353828549,10285.667999999998
637,41,9,0.0,2,1,0,145477.36,0,False,False,False,0.250349910671453,0.0
690,32,2,76087.98,1,0,1,151822.66,0,False,True,True,0.1934897915228457,6847.918199999998
689,40,8,160272.27,1,1,0,49656.24,0,False,False,True,0.4619359130562971,14424.5043
633,63,4,114552.6,1,1,0,73856.28,1,False,True,True,0.8115219060536788,10309.734
555,27,8,102000.17,1,1,1,116757.0,0,False,False,False,0.2415966274713606,9180.0153
563,24,7,0.0,2,0,0,16319.56,0,False,True,True,0.07521028659114895,0.0
494,33,1,137853.0,1,0,1,90273.85,0,False,False,False,0.22405806243103188,12406.77
534,27,9,0.0,2,1,0,161344.13,0,False,False,True,0.10069837088708594,0.0
696,42,7,162318.61,1,1,0,121061.89,0,True,False,True,0.5579656045561835,14608.674899999998
535,50,1,140292.58,3,0,0,69531.22,1,False,True,False,0.9417369031913109,12626.332199999997
600,34,0,0.0,2,0,1,3756.23,0,False,False,True,0.10926883858088601,0.0
807,34,1,0.0,1,0,0,114448.13,0,False,False,False,0.382932168475253,0.0
714,52,2,0.0,1,0,1,144045.08,1,False,False,False,0.7119409001312685,0.0
590,24,7,126431.54,1,1,0,58781.11,0,False,False,True,0.30777279959912124,11378.8386
614,41,3,123475.04,1,1,1,179227.52,0,False,False,False,0.47740559858173237,11112.7536
766,45,6,97652.96,1,1,0,127332.33,0,True,False,False,0.8721293895886943,8788.7664
557,42,4,0.0,2,0,1,86642.38,0,False,True,True,0.16675102639448247,0.0
788,49,4,137455.99,1,1,0,184178.29,1,True,False,False,0.9129626089725277,12371.039099999998
648,38,2,0.0,2,0,1,9551.49,0,False,False,False,0.1833914261897799,0.0
726,33,7,99046.31,2,1,1,56053.06,0,True,False,False,0.21609521126616682,8914.1679
773,33,9,0.0,2,1,1,1118.31,0,False,False,True,0.05416566178945382,0.0
583,27,4,105907.42,2,1,1,195732.04,0,True,False,True,0.15642457871849824,9531.6678
565,52,5,97720.35,2,1,0,175070.94,1,True,False,True,0.7948984380376245,8794.8315
705,25,9,0.0,2,0,1,112331.19,0,False,False,True,0.06518830045671109,0.0
685,43,4,97392.18,2,1,0,43956.83,0,False,True,True,0.3911262238998561,8765.296199999999
741,29,8,0.0,2,1,1,115994.52,0,False,False,True,0.06215537798885184,0.0
658,28,9,152812.58,1,1,0,166682.57,0,True,False,False,0.43813367002149795,13753.132199999998
575,27,3,139301.68,1,1,0,99843.98,0,False,False,True,0.29164606672713184,12537.1512
844,41,10,76319.64,1,1,1,141175.18,1,False,False,False,0.5307104203421866,6868.767599999999
559,67,9,125919.35,1,1,0,175910.95,1,False,True,True,0.7962546264303224,11332.7415
725,37,6,124348.38,2,0,1,176984.34,0,False,False,True,0.16381414675797806,11191.3542
450,29,7,117199.8,1,1,1,43480.63,0,False,False,True,0.18420594350095743,10547.982
738,57,9,148384.64,1,0,0,155047.11,1,True,False,False,0.9369081947779588,13354.617600000001
642,19,3,113905.48,1,1,1,176137.2,0,True,False,False,0.4303240609223409,10251.493199999999
618,32,5,133476.09,1,0,1,154843.4,0,False,True,True,0.21234434780015754,12012.8481
590,47,0,117879.32,1,1,1,8214.46,0,False,False,True,0.5391706736193604,10609.1388
735,50,2,0.0,2,0,1,147075.69,0,False,False,True,0.22192122673942025,0.0
550,34,8,122359.5,1,0,0,116495.55,0,False,False,True,0.2624191291418228,11012.355
729,28,0,0.0,2,1,1,31165.06,1,False,True,False,0.2572591479696163,0.0
743,59,5,108585.35,1,1,1,192127.22,1,True,False,True,0.7446971054354218,9772.6815
555,31,8,145875.74,1,1,0,137491.23,0,False,False,True,0.2785323290886787,13128.816599999998
667,36,3,121542.57,2,1,1,186841.71,0,False,True,False,0.21644578532309855,10938.831300000002
790,41,7,109508.68,1,0,0,86776.38,0,False,True,False,0.4730831061967192,9855.7812
727,34,2,146407.11,1,1,1,72073.72,0,True,False,True,0.36250281945363594,13176.639899999998
744,39,6,0.0,1,0,0,10662.58,0,False,False,False,0.4798793525188059,0.0
629,35,8,112330.83,1,1,1,91001.02,0,True,False,True,0.4304247564971888,10109.7747
619,35,4,90413.12,1,1,1,20555.21,0,False,False,False,0.25476280617090585,8137.1808
634,34,8,105302.66,1,1,1,123164.97,0,False,False,True,0.17877329579031187,9477.2394
608,35,6,0.0,2,1,1,143463.28,0,False,True,False,0.12900555572397937,0.0
507,35,1,0.0,2,0,0,92131.54,0,False,False,False,0.15331858255124942,0.0
536,35,4,121520.36,1,0,0,77178.42,0,True,False,False,0.5686319141551262,10936.8324
730,43,1,103960.38,1,1,1,193650.16,0,False,True,False,0.41521735302670043,9356.4342
583,39,8,102945.01,1,0,0,52861.89,0,True,False,True,0.5905131789706608,9265.050899999998
644,24,8,92760.55,1,1,0,35896.75,0,False,False,False,0.31196793411276064,8348.449499999999
790,37,8,0.0,2,1,1,149418.41,0,False,True,True,0.07617701869117337,0.0
807,40,1,134590.21,1,1,1,46253.65,0,True,False,False,0.5141218659634168,12113.1189
581,37,10,104255.03,1,1,0,86609.37,0,False,False,False,0.397757246302899,9382.952699999998
627,55,6,0.0,1,0,0,91943.94,1,False,True,False,0.9010827477596797,0.0
850,41,3,0.0,2,1,0,128892.36,0,False,False,True,0.12109227275952893,0.0
754,35,4,0.0,2,1,0,44830.71,0,False,False,False,0.1286602194929421,0.0
551,50,1,121399.98,1,0,1,84508.44,1,True,False,True,0.8156687032852916,10925.998199999998
637,35,8,147127.81,2,1,1,84760.7,0,True,False,True,0.1462547876281458,13241.5029
699,31,8,125927.51,2,1,0,147661.47,0,False,True,True,0.19054418019602778,11333.475899999998
542,25,7,0.0,2,0,1,82393.08,0,False,False,False,0.10275841266680023,0.0
640,48,1,111599.32,1,0,1,135995.58,0,True,False,True,0.7613516316020217,10043.9388
553,27,3,0.0,2,0,0,159800.16,0,False,False,False,0.12148843566899906,0.0
741,38,9,0.0,2,1,0,14379.01,0,False,False,True,0.07963972784486056,0.0
598,35,8,114212.6,1,1,1,74322.85,0,False,False,True,0.1935062017539274,10279.134
660,42,5,0.0,3,1,1,189016.24,1,False,True,False,0.7964819342441081,0.0
618,41,4,115251.64,1,0,0,136435.75,0,False,True,True,0.4628035935761345,10372.6476
647,43,9,0.0,2,1,1,78488.39,0,False,False,True,0.20018757965592968,0.0
491,68,3,107571.61,1,0,1,113695.99,0,False,False,False,0.3806635165542206,9681.444899999999
652,32,2,0.0,2,1,0,54628.11,0,False,False,False,0.14558146994748009,0.0
650,45,9,152367.21,3,1,0,150835.21,1,True,False,False,0.9514185145653525,13713.048899999998
413,39,1,130969.77,2,1,1,158891.79,0,True,False,True,0.32629091546807387,11787.2793
416,25,0,97738.97,2,1,1,160523.33,0,True,False,False,0.2365234541055797,8796.507300000001
629,34,8,0.0,2,1,1,180595.02,0,False,True,True,0.0769894753625122,0.0
678,40,4,113794.22,1,1,0,16618.76,0,False,True,False,0.5145270417423008,10241.4798
527,28,6,128396.33,2,1,0,79919.97,0,False,True,True,0.191035416727509,11555.6697
743,48,5,118207.69,2,0,0,186489.14,1,False,True,False,0.6783318131894651,10638.6921
683,73,9,124730.26,1,1,1,51999.5,0,True,False,True,0.3797009479033029,11225.723399999999
536,41,9,0.0,1,1,0,121299.14,0,False,False,False,0.6102276784986147,0.0
663,52,0,136298.65,1,1,0,144593.3,1,False,True,True,0.8295333240755995,12266.878499999999
646,38,2,0.0,2,0,0,178752.73,0,False,False,False,0.19593548238997913,0.0
707,35,2,0.0,3,1,1,94148.3,0,False,False,True,0.45142029021088015,0.0
602,34,5,0.0,2,1,1,77414.45,0,False,False,True,0.07371021850872946,0.0
635,47,2,125724.95,2,1,0,63236.97,0,False,False,False,0.6555635457483645,11315.245499999999
597,67,2,0.0,2,0,1,108645.85,0,False,False,True,0.12277562128292763,0.0
503,38,1,0.0,2,1,1,95153.24,0,False,False,True,0.0926193299384683,0.0
524,64,5,0.0,1,1,0,136079.64,1,False,True,False,0.8822700101382378,0.0
700,46,5,95872.86,1,1,0,98273.01,1,False,False,True,0.7149286446609832,8628.5574
692,33,9,0.0,1,1,0,113505.93,1,False,False,True,0.42018362793314923,0.0
562,37,2,0.0,1,0,1,52525.15,1,False,False,True,0.43316572406676235,0.0
679,37,7,74260.03,1,1,0,194617.98,0,False,False,True,0.3557367371513219,6683.402699999999
603,35,1,123407.69,1,1,0,152541.89,1,True,False,True,0.537974131346663,11106.6921
720,33,3,123783.91,2,1,1,142903.44,0,False,True,True,0.10999643908205264,11140.5519
797,24,5,0.0,2,1,0,182257.61,0,False,False,True,0.08759429444086252,0.0
594,36,6,153880.15,1,0,0,135431.72,0,False,False,True,0.3104299290406422,13849.213499999998
529,31,7,0.0,2,1,1,175697.87,0,False,False,False,0.11029077664785236,0.0
606,32,1,106301.85,2,0,1,59061.25,0,True,False,False,0.22538897033632224,9567.1665
621,40,7,0.0,2,0,1,131283.6,1,False,True,False,0.2354399625218385,0.0
513,43,9,0.0,2,1,0,152499.8,0,False,False,False,0.4291065219749827,0.0
753,44,3,138076.47,1,1,0,15523.09,1,True,False,True,0.8587785117271389,12426.882300000001
605,30,9,135422.31,1,0,1,186418.85,0,False,False,False,0.3105871867331702,12188.007899999999
574,37,7,0.0,2,1,0,32262.28,0,False,True,False,0.14282028718476247,0.0
726,38,5,126875.62,1,1,0,128052.29,0,False,False,False,0.45132811773190257,11418.8058
611,28,3,96381.68,2,1,0,181419.29,0,False,True,False,0.27048717313073906,8674.3512
593,41,4,119703.1,2,1,1,109783.29,0,True,False,False,0.40943689280266066,10773.278999999999
466,41,2,152102.18,2,1,0,181879.56,0,True,False,True,0.2712861914994786,13689.196199999998
741,36,0,127675.39,2,1,0,74260.16,0,True,False,False,0.38758837780102723,11490.785100000001
684,44,2,133776.86,2,0,1,49865.04,0,True,False,False,0.5758541011022167,12039.917399999998
550,33,9,72788.03,1,1,1,103608.06,0,False,True,False,0.2566137346609384,6550.922699999999
593,26,9,76226.9,1,1,0,167564.82,0,False,True,True,0.28214296496674907,6860.420999999999
601,48,9,163630.76,1,0,1,41816.49,1,True,False,True,0.738995499160579,14726.7684
676,30,5,0.0,2,0,0,179066.58,0,False,True,False,0.12486289289999013,0.0
556,46,10,0.0,2,0,0,109184.24,0,False,False,False,0.46330859858851114,0.0
719,36,3,155423.17,1,1,1,199841.32,0,False,False,True,0.23689555641552623,13988.085299999999
850,55,0,98710.89,1,1,1,83617.17,1,True,False,True,0.7665963297383166,8883.9801
649,49,2,0.0,1,1,0,84863.85,1,False,True,False,0.8870844604717761,0.0
509,41,7,126683.8,1,0,1,114775.53,0,False,True,True,0.3007689913062233,11401.542000000001
684,33,4,140700.61,1,1,0,103557.93,0,False,False,True,0.31004642556472656,12663.0549
806,30,8,168078.83,1,1,0,85028.36,1,True,False,True,0.5341270558844198,15127.094699999998
729,44,4,107726.93,2,1,0,153064.87,0,False,True,True,0.41094613984203826,9695.4237
683,33,9,0.0,2,1,1,38784.42,0,False,False,False,0.10738528637790756,0.0
689,63,1,0.0,2,1,1,186526.12,0,False,True,False,0.20583574875341187,0.0
672,21,1,35741.69,1,1,0,28789.94,0,True,False,False,0.3117977175207606,3216.7521
602,53,5,98268.84,1,0,1,45038.29,1,True,False,False,0.8072901068722916,8844.1956
739,20,4,133800.98,1,0,1,150245.81,0,False,False,False,0.26162525352633836,12042.088200000002
618,21,2,125682.79,1,0,0,57762.0,0,False,False,False,0.32214140502066335,11311.451099999998
674,42,9,0.0,2,1,0,4292.72,0,False,False,False,0.28248218213675436,0.0
762,26,6,130428.78,1,1,0,173365.89,0,False,False,True,0.30336528525979,11738.590199999999
790,37,6,0.0,2,1,1,119484.01,0,False,True,True,0.0721393652733419,0.0
754,27,8,0.0,2,0,0,121821.16,0,False,True,False,0.10262300311646452,0.0
729,44,6,0.0,2,1,0,151733.43,0,False,False,True,0.22658388057475057,0.0
606,47,0,137138.2,2,0,1,53784.22,0,True,False,False,0.6572010709382529,12342.438000000002
616,23,8,73112.95,1,1,1,62733.05,0,False,False,True,0.19651673113898546,6580.1655
772,47,9,152347.01,1,0,1,17671.78,0,False,False,True,0.45891174425989706,13711.230900000002
652,41,8,115144.68,1,1,0,188905.43,0,False,True,True,0.42785897641898063,10363.0212
743,43,5,0.0,2,0,0,113079.19,1,False,False,True,0.2582635781576704,0.0
793,39,3,137817.52,1,0,0,83997.79,0,False,False,True,0.35685076420428397,12403.576799999999
743,45,7,157332.26,1,1,0,125424.42,0,False,True,True,0.7182222048561107,14159.903400000001
746,37,2,0.0,2,1,0,143194.05,0,False,False,True,0.09778922241683341,0.0
627,39,5,124586.93,1,1,0,93132.61,1,True,False,False,0.7060072267903515,11212.823699999999
713,38,6,116980.78,2,0,1,76038.38,0,False,True,True,0.14024181315888698,10528.270199999999
678,40,3,128398.38,1,1,0,168658.3,0,False,True,False,0.5678509405097268,11555.8542
540,39,1,0.0,1,0,1,108419.41,0,False,True,True,0.4151579043842197,0.0
615,33,3,137657.25,2,1,1,171657.57,0,True,False,False,0.23907013621364467,12389.1525
415,53,5,167259.44,1,1,1,22357.25,0,False,True,True,0.51644600303937,15053.3496
628,45,8,0.0,2,1,0,193903.06,0,False,False,False,0.3454978597368775,0.0
700,26,4,119009.57,1,1,0,141926.43,0,False,False,True,0.2846305649229621,10710.8613
623,33,2,80002.33,1,1,1,104079.62,0,True,False,True,0.2141193321928947,7200.209699999999
623,37,4,140211.88,1,1,1,93832.33,0,False,False,False,0.26574375992393934,12619.069199999998
679,44,3,118742.74,2,1,0,1568.91,0,False,False,False,0.44655328976614334,10686.8466
632,37,1,138207.08,1,1,0,60778.11,1,False,True,True,0.385258458498066,12438.637199999997
790,47,10,148636.21,1,0,1,16119.96,1,False,False,False,0.583212120756185,13377.2589
514,45,1,178827.79,1,1,0,60375.18,0,False,False,True,0.7278546381097777,16094.501100000001
491,33,5,83134.3,1,1,0,187946.55,0,False,False,True,0.3004078386613609,7482.0869999999995
753,92,3,121513.31,1,0,1,195563.99,0,False,False,True,0.27312508160412635,10936.1979
693,37,6,95900.04,1,1,1,38196.24,0,True,False,False,0.5059304156780204,8631.0036
679,30,1,112543.42,1,1,1,179435.21,0,False,False,False,0.26269535352467,10128.9078
529,34,9,0.0,1,1,1,93208.22,0,False,True,True,0.3254782844336056,0.0
619,31,3,141751.82,1,0,1,61531.86,0,False,True,False,0.2553795288367136,12757.663800000002
680,37,6,124140.57,2,1,0,92826.35,0,False,True,False,0.2932162870097494,11172.6513
693,45,2,116546.59,2,0,0,23140.28,1,True,False,True,0.6694547787852454,10489.1931
834,28,6,0.0,1,1,0,74287.53,0,False,False,False,0.3577424058304761,0.0
636,29,6,157576.47,2,1,1,101102.39,0,False,True,False,0.20298618228934515,14181.882300000001
538,43,5,0.0,2,1,0,126933.73,0,False,True,True,0.2712240968187592,0.0
566,44,5,141428.99,2,0,0,68408.74,0,True,False,False,0.6661451155066302,12728.609099999998
597,35,0,127510.99,1,1,1,155356.34,0,False,True,True,0.22550093922998865,11475.9891
711,29,9,0.0,2,0,1,3234.8,0,False,False,False,0.11703909509480931,0.0
606,31,10,0.0,2,1,0,195209.4,0,False,False,True,0.11208164135809717,0.0
615,51,6,81818.49,1,1,1,169149.38,0,False,True,True,0.4743194505984644,7363.6641
589,36,1,100895.54,1,1,1,68075.14,0,False,False,True,0.22230917916209503,9080.598599999998
606,45,5,63832.43,1,1,1,93707.8,0,True,False,True,0.4699411873496333,5744.9187
582,29,4,0.0,2,0,0,156153.27,0,False,False,True,0.07732067834724828,0.0
710,36,4,116085.06,1,1,0,58601.61,0,False,False,False,0.3959899412060691,10447.6554
467,57,1,0.0,2,1,1,114448.77,0,False,False,True,0.33909626058598896,0.0
749,30,1,0.0,2,0,1,126551.65,0,False,False,True,0.05416179816828048,0.0
564,33,2,115761.51,1,0,1,112350.21,1,True,False,False,0.5195295137484909,10418.535899999999
730,26,6,0.0,2,1,1,185808.7,0,False,True,True,0.04803327898463194,0.0
678,32,4,139626.01,1,1,1,118235.52,1,True,False,True,0.39547670049845457,12566.340900000001
540,31,7,0.0,1,0,1,183051.6,1,False,False,False,0.43059510406566304,0.0
767,35,6,115576.44,1,0,1,27922.45,0,False,False,False,0.24735978696471467,10401.8796
615,23,4,0.0,2,1,0,196476.19,0,False,False,False,0.13485975659133512,0.0
583,41,5,77647.6,1,1,0,190429.52,0,True,False,False,0.5342182516472532,6988.284
850,40,5,0.0,2,1,0,35034.15,0,False,False,False,0.22284581346372648,0.0
651,34,10,148962.46,1,1,0,66389.43,1,True,False,False,0.5651644261330044,13406.621399999998
798,22,8,0.0,2,1,0,107615.43,0,False,False,True,0.06518452362606983,0.0
695,37,2,0.0,2,1,1,99692.65,0,False,False,True,0.0812763588393291,0.0
497,41,5,80542.81,1,0,0,88729.22,1,True,False,True,0.6423555237274949,7248.8529
739,40,4,0.0,2,0,0,173321.65,0,False,False,True,0.13380233963537377,0.0
549,34,4,0.0,2,0,0,139463.57,0,False,False,False,0.12079844650122581,0.0
850,35,9,102050.47,1,1,1,3769.71,0,False,False,True,0.18386496291356655,9184.5423
648,49,5,0.0,1,1,0,149946.43,1,False,True,True,0.8498140672541183,0.0
679,24,6,114948.76,2,0,1,135768.25,0,False,False,False,0.1967072654769684,10345.3884
606,39,8,136000.45,2,1,0,31708.53,0,True,False,True,0.3531747636969951,12240.0405
850,32,4,156001.68,2,1,1,151677.31,0,False,False,True,0.11311697719596102,14040.151199999997
619,41,3,147974.16,2,1,0,170518.83,0,True,False,True,0.3522329941699385,13317.6744
719,44,2,0.0,2,1,0,196582.19,0,False,True,True,0.25084358857346734,0.0
640,26,5,90402.77,1,1,1,3298.65,0,True,False,True,0.23031020553077497,8136.2492999999995
710,40,5,0.0,2,0,0,162878.96,0,False,False,True,0.1213655282325199,0.0
580,31,2,0.0,2,0,1,64014.24,0,False,False,True,0.06913636617648518,0.0
550,44,9,0.0,2,1,0,26257.01,0,False,False,True,0.28960505256456737,0.0
841,31,3,162701.65,2,1,1,126794.56,0,False,False,False,0.1633647481329312,14643.1485
760,34,2,0.0,2,1,0,164162.44,0,False,False,True,0.08593800760812387,0.0
687,30,6,0.0,2,0,0,179206.92,0,False,False,False,0.14036185373009707,0.0
753,35,5,82453.96,2,0,0,18254.75,0,True,False,False,0.20671595876576446,7420.856400000001
661,35,9,100107.99,1,1,0,83949.68,0,False,False,True,0.3059868728487429,9009.7191
699,28,7,0.0,2,1,1,22684.78,0,False,False,True,0.06525728561397715,0.0
617,39,5,83348.89,3,1,0,7953.62,1,True,False,False,0.8615320390889526,7501.4001
595,44,4,96553.52,2,1,0,143952.24,1,True,False,False,0.7183824245390551,8689.8168
669,50,9,201009.64,1,1,0,158032.5,1,False,False,True,0.8157583091685048,18090.8676
613,27,5,125167.74,1,1,0,199104.52,0,False,False,False,0.30715898656366947,11265.0966
782,32,9,0.0,1,1,1,87566.97,0,False,False,True,0.24926171891672866,0.0
582,43,5,153313.67,1,0,0,170563.73,0,False,False,False,0.6280093761690336,13798.2303
679,30,9,0.0,2,1,0,157871.55,0,False,False,True,0.08632321931311365,0.0
611,40,2,125879.29,1,1,0,93203.43,0,False,False,False,0.5462390325482847,11329.1361
455,37,6,170057.62,1,0,1,54398.56,0,True,False,False,0.36613978183841384,15305.1858
621,32,1,0.0,2,1,1,168779.47,0,False,False,True,0.06663907729783854,0.0
596,48,2,131326.47,1,0,0,1140.02,1,True,False,True,0.8903381153523849,11819.382300000001
585,56,1,128472.8,1,1,0,186476.91,1,False,True,False,0.8329644559676354,11562.552
742,32,6,160485.16,1,1,0,29023.03,0,False,False,True,0.3154048248735471,14443.6644
850,42,6,84445.68,3,0,1,60021.34,1,True,False,True,0.7164879369403263,7600.111199999999
738,40,1,115409.18,2,0,0,180456.8,0,True,False,False,0.38479736108824264,10386.8262
619,46,8,62400.48,1,1,1,132498.39,1,False,True,True,0.5161865120043765,5616.0432
628,50,4,143054.56,1,0,1,109608.81,1,False,False,False,0.6292160660995613,12874.9104
487,24,7,133628.09,2,1,1,98570.01,0,False,False,True,0.13513380336513975,12026.5281
513,41,9,107135.04,2,1,1,160546.58,0,False,True,False,0.354892967377045,9642.1536
563,26,7,0.0,2,0,0,6139.74,0,False,True,True,0.06888217015621499,0.0
803,65,2,151659.52,2,0,1,6930.17,0,False,False,False,0.32392707927875847,13649.356799999998
607,32,7,0.0,3,0,1,10674.62,0,False,True,False,0.2859004148545449,0.0
628,51,9,155903.82,2,1,1,71159.84,0,True,False,False,0.5513720918266689,14031.343799999999
521,49,4,82940.25,2,0,0,62413.01,1,False,True,False,0.7068318366242342,7464.6224999999995
669,50,4,112650.89,1,0,0,166386.22,1,True,False,False,0.9356427537697081,10138.5801
686,41,10,0.0,1,1,0,133086.45,0,False,False,False,0.634550836426398,0.0
700,35,4,95853.39,2,1,0,192933.37,0,True,False,True,0.23262308276632587,8626.8051
663,42,1,82228.67,2,1,0,71359.78,0,False,False,False,0.3916108343893333,7400.5803
671,31,4,0.0,2,0,1,79270.02,0,False,True,False,0.12032721860670982,0.0
651,35,1,163700.78,3,1,1,29583.48,1,True,False,False,0.6906451438655856,14733.0702
728,34,4,106328.08,1,1,0,88680.65,0,False,False,True,0.2958241445604161,9569.5272
574,34,7,152992.91,1,1,1,134691.2,0,False,False,False,0.2762640310406836,13769.3619
464,38,3,116439.65,1,1,0,75574.48,0,False,False,True,0.377795537093422,10479.568499999998
604,27,9,101352.78,1,0,0,30252.3,0,False,True,True,0.2724499378187104,9121.7502
836,37,10,0.0,2,1,0,111324.41,0,False,True,False,0.15292751729069343,0.0
511,75,9,105609.17,1,0,1,105425.18,0,True,False,False,0.5012382259325289,9504.8253
518,45,8,0.0,2,1,1,36193.07,0,False,False,False,0.2616111656136241,0.0
756,67,4,0.0,3,1,1,93081.87,0,False,False,True,0.5615709124101108,0.0
489,47,8,103894.38,2,1,1,107625.46,0,False,False,False,0.4861119043228241,9350.494200000001
622,27,9,139834.93,1,1,1,152733.89,0,False,True,True,0.19641078895710376,12585.143699999999
652,36,6,112518.71,2,0,1,110421.31,0,False,False,False,0.20236443051809858,10126.6839
625,37,7,115895.42,1,1,0,48486.25,0,False,False,False,0.39336995387429496,10430.5878
521,39,3,146408.68,1,0,0,72993.67,0,False,True,False,0.44641759896588057,13176.781199999998
546,34,4,165363.31,2,1,1,25744.13,1,False,False,True,0.23184381351055866,14882.6979
697,45,1,0.0,2,1,0,46807.62,1,False,False,False,0.3728966752338201,0.0
571,33,3,71843.15,1,1,0,26772.04,0,True,False,True,0.3277438864673626,6465.8835
748,35,5,105492.53,1,1,1,150057.2,0,False,True,True,0.18554618871687886,9494.327699999998
591,35,7,183027.25,1,1,1,56028.79,0,False,False,True,0.26997649544418845,16472.4525
814,29,1,131968.57,2,1,1,147693.92,0,True,False,True,0.16912950206193322,11877.1713
709,45,3,104118.5,1,0,1,174032.0,0,False,False,False,0.5897645306800892,9370.664999999999
433,27,2,0.0,2,1,1,153698.65,0,False,True,True,0.08054391067135544,0.0
781,20,0,125023.1,2,1,1,108301.45,0,False,False,True,0.11682745754981855,11252.079000000002
656,30,4,74323.2,1,1,1,22929.08,0,False,False,False,0.2415056749118725,6689.088
683,38,7,109346.13,2,1,0,102665.92,0,False,False,True,0.25277913968724536,9841.151699999999
620,32,6,0.0,2,1,0,56139.09,0,False,False,True,0.08520471517267905,0.0
637,39,3,109698.41,1,1,1,88391.29,1,True,False,False,0.6546591853964112,9872.856899999999
525,30,5,0.0,2,0,1,149195.44,0,False,True,False,0.11109339183022807,0.0
793,34,5,127758.09,1,1,0,143357.03,0,True,False,False,0.5731462337159718,11498.2281
638,50,1,102645.48,1,1,0,168359.98,1,True,False,True,0.9335086497176479,9238.0932
520,31,4,93249.4,1,1,0,77335.75,0,False,False,True,0.30350245771645273,8392.445999999998
641,35,5,0.0,2,1,0,93148.93,0,False,False,True,0.08650906609657552,0.0
840,51,1,87779.83,1,0,1,36687.11,1,True,False,False,0.6563219015317105,7900.1847
504,40,5,0.0,2,0,0,146703.36,0,False,True,True,0.13098531682076278,0.0
686,38,0,138131.34,1,0,1,115927.85,0,False,False,True,0.22236432697791614,12431.8206
533,38,4,70362.52,2,1,1,104189.46,0,True,False,True,0.17786247736975772,6332.6268
577,32,1,0.0,2,1,0,9902.39,0,False,False,False,0.13358885121095856,0.0
445,48,7,168286.58,1,1,0,16645.77,1,True,False,False,0.8048649656942719,15145.7922
720,44,3,86102.27,1,1,0,180134.88,1,False,False,True,0.693201982842862,7749.204299999999
643,25,4,115142.9,1,1,1,148098.95,0,True,False,True,0.3238419851591468,10362.860999999999
652,47,0,126597.89,2,1,1,38798.79,1,True,False,False,0.6629889795937848,11393.810099999999
663,33,2,0.0,2,1,0,153295.0,0,False,False,False,0.14849780202216165,0.0
525,30,0,157989.21,2,1,1,100687.67,0,True,False,False,0.15513744004500496,14219.028899999998
662,54,1,187997.15,1,0,0,111442.71,1,False,True,False,0.8409275246948369,16919.7435
724,54,8,172192.49,1,1,1,136902.01,0,True,False,True,0.44176705228695845,15497.3241
581,38,1,133105.47,1,1,0,105732.9,1,True,False,True,0.6532864167194908,11979.4923
685,38,4,0.0,2,1,1,35884.91,0,False,True,True,0.07277424200023276,0.0
595,46,10,0.0,1,1,0,73489.15,1,False,False,True,0.7165304171535256,0.0
588,21,8,0.0,2,1,1,110114.19,0,False,False,False,0.10443604043916667,0.0
647,35,3,192407.97,1,1,1,40145.28,0,True,False,True,0.34082824177456217,17316.7173
785,38,9,107199.75,1,0,0,146398.51,0,True,False,False,0.6104218156251309,9647.977499999999
794,55,6,115796.7,1,1,0,160526.36,1,True,False,False,0.9140400602365966,10421.703
823,37,5,164858.18,1,1,1,173516.71,0,False,False,True,0.21665538772880377,14837.2362
687,38,4,117633.28,1,0,1,88396.6,0,True,False,True,0.4690008250726838,10586.9952
850,28,9,0.0,2,1,0,185821.41,0,False,False,False,0.12545186695452493,0.0
496,36,7,0.0,2,0,0,108098.28,0,False,False,False,0.1495388343305147,0.0
527,30,6,126663.51,1,1,1,162267.91,0,True,False,False,0.4378350133766975,11399.7159
576,71,6,140273.47,1,1,1,193135.25,1,True,False,False,0.654296518474209,12624.6123
525,60,7,0.0,2,0,1,168034.9,0,False,True,False,0.3280439344538275,0.0
727,21,8,153344.72,1,1,1,163295.87,0,True,False,True,0.28953735729221647,13801.0248
671,23,9,123943.18,1,1,1,159553.27,0,True,False,False,0.41659837444602926,11154.886199999999
625,39,5,0.0,1,1,0,99800.87,0,False,False,True,0.4347341047026018,0.0
643,33,7,98630.31,2,1,1,40250.82,0,True,False,True,0.15543648860498815,8876.7279
707,33,2,58036.33,1,1,1,83335.78,0,False,False,False,0.28166331802910166,5223.2697
539,28,5,0.0,2,1,0,48382.4,0,False,True,True,0.06976033177841619,0.0
498,45,7,109200.74,2,0,1,165990.44,0,True,False,True,0.581211354228101,9828.0666
696,30,0,0.0,2,1,1,9002.8,0,False,True,False,0.24214383524654204,0.0
758,33,7,0.0,1,1,0,188156.34,0,False,False,False,0.483049937100691,0.0
685,33,6,0.0,2,0,1,186785.01,0,False,False,False,0.1313031449114904,0.0
655,30,1,83173.98,2,1,1,184259.6,0,True,False,False,0.12452737686228041,7485.6582
747,40,3,0.0,1,0,0,57817.84,1,False,False,False,0.6204812181582564,0.0
601,24,7,0.0,2,0,0,144660.42,0,False,True,True,0.07459634439676209,0.0
477,22,5,82559.42,2,0,0,163112.9,1,False,False,True,0.1879336590528405,7430.3478
558,32,5,73494.21,1,0,0,136301.1,0,False,False,True,0.29225722761860595,6614.4789
586,29,2,132450.24,1,1,1,36176.63,0,False,True,True,0.2012393153418045,11920.521599999998
850,49,6,128663.9,1,1,0,65769.3,1,False,False,True,0.7643292614373592,11579.750999999998
505,36,2,79951.9,1,0,1,174123.16,1,False,False,False,0.4287217846240868,7195.670999999999
591,51,8,132508.3,1,1,1,161304.68,1,True,False,False,0.8000799533209026,11925.746999999998
761,38,1,120530.13,2,1,0,109394.62,0,True,False,False,0.41380567204879404,10847.7117
554,35,10,74988.59,2,0,1,190155.13,0,False,False,False,0.16419707992313884,6748.973099999999
774,47,6,94722.88,1,0,1,61450.96,0,False,False,False,0.5650575383769758,8525.0592
771,33,5,0.0,2,1,0,8673.43,0,False,True,False,0.12631266916398964,0.0
792,31,6,71269.89,2,0,1,125912.77,0,False,False,True,0.08486033406297816,6414.2901
673,41,9,98612.1,1,1,0,151349.35,0,True,False,False,0.634573948908328,8875.089
765,40,6,138033.55,1,1,1,67972.45,0,False,False,True,0.30289177556497937,12423.019499999999
748,41,2,91621.69,1,1,1,71139.31,0,False,False,False,0.4021016518322178,8245.9521
422,54,3,140014.42,1,0,1,86350.97,0,False,False,True,0.5283584112429616,12601.2978
568,27,5,126815.97,2,0,1,118648.12,0,False,True,True,0.13092746698782054,11413.4373
502,64,3,139663.37,1,0,1,100995.11,0,False,False,False,0.47217722563421155,12569.703300000001
524,28,7,0.0,2,0,1,147100.72,0,False,False,False,0.11441709719529049,0.0
689,34,1,165312.27,1,1,0,155495.63,0,False,False,True,0.2954231787098538,14878.104299999999
661,26,8,0.0,2,0,0,196875.87,0,False,False,True,0.07381917930838233,0.0
606,33,8,0.0,2,1,1,63176.77,0,False,True,True,0.07717037543925546,0.0
678,54,1,123699.28,2,0,1,105221.76,0,True,False,False,0.6788929184452779,11132.9352
636,29,3,97325.15,1,0,1,131924.38,0,True,False,False,0.36025905428627725,8759.2635
647,32,5,97041.16,1,1,1,23132.73,0,False,False,True,0.1755740760875256,8733.7044
732,36,5,0.0,2,1,0,161428.25,0,False,False,True,0.08777818142955823,0.0
646,50,0,104129.24,2,1,0,181794.86,1,False,False,True,0.6517431300019918,9371.6316
559,43,1,0.0,1,0,1,86634.3,0,False,False,False,0.6621173258782125,0.0
581,28,3,104367.5,1,1,1,29937.75,0,False,False,True,0.19914765273849408,9393.075
565,46,7,135369.71,1,0,1,140130.22,0,False,False,True,0.5079174040851511,12183.273899999998
657,41,6,112119.48,1,1,0,17536.82,0,False,True,False,0.5143258565725808,10090.7532
847,66,7,123760.68,1,0,1,53157.16,0,False,False,True,0.2634899624050707,11138.461199999998
558,41,6,0.0,1,1,1,143585.29,1,False,False,False,0.5088870670188235,0.0
596,57,6,0.0,2,1,1,72402.0,0,False,True,True,0.22760555586913134,0.0
579,39,5,0.0,2,0,1,39891.84,0,False,False,True,0.10002600681927691,0.0
741,36,3,0.0,2,1,1,89804.83,0,False,False,False,0.12131330309317542,0.0
613,44,3,0.0,2,0,1,136491.72,0,False,False,True,0.2365473388300114,0.0
694,31,5,0.0,1,1,0,35593.18,0,False,True,True,0.408277682095623,0.0
729,42,7,0.0,2,1,0,58268.2,1,False,True,False,0.32393499969643197,0.0
480,42,1,152160.21,2,1,0,101778.9,0,False,False,False,0.4902615626120702,13694.418899999997
666,59,5,0.0,2,1,1,185123.09,0,False,False,False,0.29238543583347953,0.0
575,24,2,0.0,2,1,1,119927.81,0,False,False,True,0.06392056332705902,0.0
850,36,3,0.0,2,1,0,195033.07,0,False,False,True,0.09489139048809474,0.0
740,36,4,172381.8,1,1,1,86480.29,0,False,False,True,0.1970448015865361,15514.362
588,41,6,106116.56,2,1,0,198766.61,0,True,False,True,0.3418298816865988,9550.490399999999
681,36,5,141952.07,1,1,1,185144.08,0,False,False,True,0.24485599411939052,12775.686300000001
611,33,7,0.0,2,1,1,3729.89,0,False,True,False,0.15017196867637733,0.0
589,37,6,138497.84,1,0,1,18988.58,0,False,False,False,0.2698899841570305,12464.8056
717,34,1,0.0,2,1,0,119313.74,0,False,True,False,0.1461579617865975,0.0
556,33,3,124213.36,2,1,0,62627.55,0,True,False,True,0.3261581779882956,11179.2024
850,37,4,126872.6,1,1,0,197266.58,0,False,False,True,0.31484723867952596,11418.534
685,42,2,0.0,2,0,0,199992.48,0,False,True,False,0.2490724845671489,0.0
713,37,8,0.0,1,1,1,16403.41,0,False,False,False,0.30411616077832343,0.0
437,26,1,120923.52,1,0,1,78854.57,0,False,False,False,0.20514920533535372,10883.1168
605,47,7,142643.54,1,1,0,189310.27,0,False,True,True,0.6585782229374143,12837.9186
758,41,10,79857.64,1,1,1,78088.17,0,True,False,True,0.34207936912118037,7187.187599999999
600,46,10,95502.21,1,0,0,19842.18,0,False,False,True,0.6347667180796037,8595.1989
827,38,5,0.0,2,0,0,103305.01,0,False,False,True,0.08817800022031141,0.0
608,23,8,197715.93,2,1,1,116124.28,0,True,False,True,0.1356371468066117,17794.4337
608,30,8,85859.76,1,0,0,142730.27,0,False,False,False,0.34106817537012213,7727.3784
554,44,7,85304.27,1,1,1,58076.52,0,False,False,True,0.44483167537874735,7677.3843
683,35,1,132371.3,2,0,0,186123.57,0,True,False,False,0.3481606073205621,11913.417
660,33,4,0.0,1,1,0,29664.45,0,False,True,True,0.3934233178172583,0.0
628,31,5,0.0,1,0,0,147963.07,1,False,False,False,0.48676095835325567,0.0
668,39,4,79896.0,1,1,0,38466.39,0,True,False,True,0.4039198432875872,7190.64
776,29,5,0.0,2,1,1,143301.49,0,False,False,False,0.09878505822239889,0.0
820,36,4,0.0,2,1,0,31422.69,0,False,False,True,0.07855997873802695,0.0
665,36,1,0.0,2,0,1,121505.61,0,False,False,True,0.07168196771335301,0.0
850,31,4,146587.3,1,1,1,89874.82,0,True,False,True,0.33967271302286517,13192.857
703,42,7,0.0,2,0,1,72500.68,0,False,False,False,0.26899334114803586,0.0
506,32,8,0.0,2,0,1,182692.8,0,False,True,True,0.07973657449466669,0.0
588,32,3,109109.33,1,0,1,4993.94,0,False,True,True,0.21099319102570685,9819.8397
622,26,8,0.0,2,1,1,124964.82,0,False,True,False,0.10859195330739921,0.0
606,34,5,0.0,1,1,0,161971.42,0,False,False,True,0.423813574580882,0.0
517,56,9,142147.32,1,0,0,39488.04,1,False,False,True,0.8183304781809551,12793.2588
758,43,10,0.0,2,1,1,55313.44,0,False,True,False,0.26319597358361135,0.0
677,49,3,0.0,2,1,1,187811.71,0,False,False,False,0.300330034341939,0.0
827,35,0,0.0,2,0,1,184514.01,0,False,True,False,0.11628182822925344,0.0
729,36,8,109106.8,1,0,0,121311.12,0,False,False,False,0.3605562626940326,9819.612000000001
654,36,2,112262.84,1,1,0,12873.39,0,False,False,True,0.33604125966996834,10103.655599999998
654,36,5,0.0,2,0,0,157238.05,0,False,True,False,0.142953992842864,0.0
619,52,8,0.0,2,1,1,123242.11,0,False,True,True,0.2679245248739763,0.0
642,26,8,144238.7,1,1,1,184399.76,0,False,True,True,0.22907975789211554,12981.483
472,32,1,159397.75,1,0,1,57323.18,0,False,True,False,0.2614572629498323,14345.7975
470,30,4,125385.01,1,1,0,68293.93,0,False,True,True,0.30137683780262436,11284.6509
633,60,8,69365.25,1,1,1,10288.24,0,False,False,False,0.54773415340287,6242.8724999999995
602,31,7,155271.83,1,1,1,179446.31,0,False,False,True,0.25823136788891043,13974.464699999999
640,29,5,197200.04,2,1,0,141453.62,0,False,True,True,0.26532145923285766,17748.0036
454,48,5,144837.79,1,1,1,93151.77,0,False,True,False,0.5752829409562242,13035.401100000001
562,57,3,0.0,3,1,0,6554.97,1,False,False,False,0.8957761483065988,0.0
636,34,8,0.0,2,1,0,38570.13,0,False,False,True,0.0678229453758681,0.0
621,50,3,163085.79,1,0,1,131048.36,0,False,True,True,0.4921497823373352,14677.721099999999
795,38,7,125903.22,2,1,1,127068.92,0,True,False,True,0.27042850646089256,11331.289799999999
550,22,6,154377.3,1,1,1,51721.52,0,False,False,True,0.20313635378905295,13893.956999999999
630,41,7,107511.52,1,0,1,46156.87,0,False,True,True,0.30340313369146227,9676.0368
573,30,8,127406.5,1,1,0,192950.6,0,True,False,True,0.5155817709141755,11466.585
561,24,8,143656.55,1,0,1,180932.46,0,False,True,True,0.2447669201546032,12929.089499999998
662,39,5,138106.75,1,0,0,19596.73,0,False,False,False,0.43348034846938127,12429.607499999998
637,27,9,128940.24,1,1,0,46786.92,0,False,False,True,0.2890843722801339,11604.621599999999
651,37,9,114453.58,1,0,1,175820.91,0,True,False,True,0.5237329974063775,10300.822199999999
646,33,2,0.0,2,0,0,198208.0,0,False,False,False,0.1333942287172212,0.0
567,48,3,0.0,1,1,0,55362.45,0,False,False,False,0.8445488160794006,0.0
638,41,1,131762.94,1,1,1,47675.29,0,False,False,True,0.3449201938782883,11858.6646
725,31,6,0.0,1,0,0,61326.43,0,False,False,False,0.4335510062912771,0.0
709,41,3,150300.65,2,1,0,71672.86,0,False,False,False,0.3323546668430677,13527.0585
787,39,10,108935.39,1,1,1,101168.3,0,False,True,True,0.17957685912822896,9804.185099999999
653,37,7,135847.47,1,1,0,144880.81,0,False,False,True,0.3481732053894204,12226.272299999999
661,37,7,109908.06,2,1,0,115037.67,1,True,False,True,0.429822851362677,9891.7254
681,49,8,142946.18,1,0,0,187280.51,1,True,False,True,0.906473829629143,12865.156199999998
436,45,3,104339.11,2,1,1,183540.22,1,True,False,True,0.6079929069131221,9390.5199
663,33,5,157274.36,2,1,1,28531.81,0,False,False,True,0.14516391547668359,14154.692399999998
662,64,0,98848.19,1,0,1,42730.12,0,False,False,True,0.35790868647848983,8896.337099999999
607,39,8,105103.33,1,1,0,104721.5,1,True,False,False,0.7169283076548021,9459.2997
754,34,7,0.0,2,1,1,65219.85,0,False,False,True,0.05699922662649674,0.0
850,66,0,127120.62,1,0,1,118929.64,1,True,False,False,0.7054574371425093,11440.8558
578,39,2,0.0,2,1,0,70563.9,0,False,False,True,0.10933024497719339,0.0
666,36,3,129118.5,2,0,0,139435.12,0,True,False,False,0.35578956691320957,11620.664999999999
599,43,4,0.0,1,1,0,170347.1,0,False,False,False,0.7424779834056612,0.0
586,46,0,0.0,3,0,1,131553.82,1,False,False,False,0.8808894311213276,0.0
825,36,3,146053.66,1,1,1,138344.7,0,False,False,False,0.2630630111213662,13144.8294
808,67,10,124577.15,1,0,1,169894.4,0,False,True,False,0.38900762607826245,11211.943499999998
515,29,4,151012.55,2,1,0,9770.97,0,False,True,True,0.2349378438228388,13591.1295
663,58,5,216109.88,1,0,1,74176.71,1,False,True,False,0.6470178400518697,19449.8892
444,34,2,144318.97,1,1,0,112668.06,0,False,False,True,0.2890377268460947,12988.707299999998
650,39,4,0.0,2,0,0,186275.7,0,False,False,False,0.199553264951004,0.0
609,26,7,0.0,2,1,0,98463.99,0,False,False,True,0.09096869937222442,0.0
824,77,3,27517.15,2,0,1,2746.41,0,True,False,True,0.09538649531443598,2476.5434999999998
662,29,5,147092.65,1,1,0,10928.3,0,False,False,True,0.3547983183552754,13238.338499999998
699,51,2,92246.14,2,0,1,91346.03,0,True,False,False,0.615556266375021,8302.1526
752,41,8,0.0,2,1,0,139844.04,1,False,False,False,0.2619521790344034,0.0
603,40,8,148897.02,1,0,0,105052.9,0,True,False,False,0.6165018475670831,13400.731799999998
628,50,8,0.0,1,0,0,144366.83,1,False,True,True,0.8465478326954711,0.0
745,36,9,0.0,1,1,0,19605.18,1,False,False,False,0.4533832387699337,0.0
804,33,10,138335.96,1,1,1,80483.76,0,True,False,False,0.4736509353930518,12450.236399999998
454,50,10,92895.56,1,1,0,154344.0,1,True,False,False,0.9203802902549038,8360.6004
631,46,9,160736.63,1,0,1,93503.02,0,False,True,True,0.4400315333110889,14466.296699999999
503,32,4,0.0,2,1,1,153036.97,0,False,False,True,0.0671123941235563,0.0
548,37,9,0.0,2,0,0,98029.58,0,False,False,False,0.16977355341583725,0.0
668,28,4,107141.27,1,1,0,193018.71,0,False,False,True,0.28128108065866714,9642.7143
619,55,0,0.0,3,0,0,60810.64,1,False,False,False,0.9366057352553799,0.0
842,37,4,132446.08,2,1,0,87071.18,1,False,False,False,0.2589320619435671,11920.1472
707,57,1,92053.0,1,1,1,164064.44,1,False,False,False,0.647837508187571,8284.769999999999
715,38,2,96798.79,2,1,1,4554.67,0,False,True,True,0.1479654534326696,8711.891099999999
573,35,9,134498.54,2,1,1,119924.8,0,True,False,True,0.19670161258630614,12104.8686
509,55,8,132387.91,2,1,1,170360.11,0,False,False,True,0.4365685146934156,11914.9119
670,40,2,147171.2,1,0,1,69850.04,0,True,False,False,0.5616387023190174,13245.408000000001
613,44,9,100524.69,1,1,1,47298.95,0,False,True,True,0.3930062611387046,9047.222099999999
678,26,1,0.0,2,1,0,45443.68,0,False,False,False,0.1323257083689381,0.0
555,51,9,138214.5,1,1,0,198715.27,1,True,False,False,0.8824287711349618,12439.304999999998
777,30,4,0.0,2,0,1,115611.97,0,False,False,False,0.09922567548888564,0.0
552,55,3,0.0,1,1,1,40333.94,0,False,True,True,0.5882633909572641,0.0
640,39,3,0.0,1,1,1,105997.25,0,False,True,True,0.34833802937014724,0.0
541,34,3,128743.55,1,1,0,134851.12,0,False,False,True,0.2871206217881273,11586.9195
756,31,10,122647.32,1,0,0,61666.87,0,False,False,True,0.27573950214402876,11038.2588
684,24,9,79263.9,1,0,1,196574.48,0,False,True,False,0.24375830832197898,7133.751
618,42,2,0.0,4,0,0,111097.39,1,False,False,False,0.7837646555153789,0.0
604,53,2,121389.78,1,1,1,48201.64,1,False,False,False,0.5898932328280742,10925.080199999999
624,38,7,123906.55,1,1,0,135096.78,0,False,True,True,0.3718918555439072,11151.5895
661,38,7,143006.7,1,1,1,15650.89,0,False,True,True,0.21568947284579928,12870.603
627,28,3,157597.61,1,0,1,34097.22,0,False,True,False,0.24592842972140236,14183.784899999999
812,38,3,127117.8,2,1,1,174822.74,0,False,True,True,0.12044266448011674,11440.602
473,39,9,117103.26,2,1,1,85937.52,1,False,False,False,0.3491585280570626,10539.293399999999
717,36,2,102989.83,2,0,1,49185.57,0,False,True,True,0.1477489008533558,9269.0847
693,28,1,145118.83,1,0,1,77742.38,0,False,True,True,0.16764774096386906,13060.694699999998
705,92,1,126076.24,2,1,1,34436.83,0,False,False,True,0.22045164585280128,11346.8616
661,41,5,0.0,1,0,1,88279.6,0,False,False,True,0.4184221409409928,0.0
573,27,4,0.0,2,1,1,157549.6,0,False,False,False,0.1012051856509847,0.0
639,37,5,98186.7,1,0,1,173386.95,0,False,False,True,0.2707672346588963,8836.803
718,67,7,0.0,3,1,1,82782.08,0,False,False,False,0.38750759231656823,0.0
570,37,6,0.0,1,1,1,187758.5,0,False,False,True,0.38045059627879185,0.0
461,40,7,0.0,2,1,0,176547.8,0,False,False,False,0.29971612585132895,0.0
638,33,5,129335.65,1,1,1,56585.2,1,True,False,False,0.5243810224106814,11640.208499999999
608,48,7,75801.74,1,1,0,125762.95,0,False,True,True,0.7391260944864436,6822.1566
599,42,6,0.0,2,1,0,113868.4,0,False,True,True,0.19603589809630628,0.0
762,44,7,159316.64,1,0,0,24780.13,0,False,False,False,0.5738107477996176,14338.4976
662,38,2,96479.81,1,1,0,120259.41,0,False,False,False,0.42568268812890486,8683.1829
747,29,7,117726.33,1,1,1,175398.34,0,True,False,True,0.3819116828733282,10595.3697
539,39,6,0.0,2,1,1,86767.48,0,False,False,True,0.09157448476127597,0.0
625,43,4,122351.29,1,1,0,71216.6,0,False,False,True,0.6590278317962356,11011.6161
656,48,9,0.0,2,1,1,85240.61,1,False,False,False,0.32656280421165507,0.0
469,48,5,0.0,1,1,0,160529.71,1,False,False,False,0.8623457407224798,0.0
621,43,8,0.0,1,0,0,102806.6,0,False,True,False,0.7027768011601845,0.0
754,27,7,0.0,2,1,0,144134.64,0,False,False,False,0.1273800239160948,0.0
679,50,6,132598.38,2,1,1,184017.98,0,True,False,False,0.6001514693474043,11933.8542
535,38,2,119272.29,1,0,0,195896.59,1,False,False,True,0.4220392446203782,10734.506099999999
487,37,2,0.0,2,1,1,126722.57,0,False,False,True,0.07367319430773266,0.0
850,42,3,0.0,2,1,1,176883.42,0,False,False,False,0.2540633407037836,0.0
585,55,10,106415.57,3,1,1,122960.98,1,False,False,True,0.8948034667237275,9577.401300000001
603,31,4,0.0,2,0,1,9607.1,0,False,False,True,0.06675151331600178,0.0
728,32,9,127772.1,2,1,1,152643.48,0,True,False,False,0.25094141025370054,11499.489
621,41,5,104631.67,1,1,1,95551.22,0,False,True,True,0.3201254790342935,9416.8503
833,30,1,0.0,2,1,0,141860.62,0,False,False,True,0.07250919814520992,0.0
502,37,10,0.0,1,1,1,76642.68,0,False,False,True,0.3518763556252423,0.0
825,37,6,118050.79,1,0,1,52301.15,0,True,False,True,0.4887334952330215,10624.5711
668,46,0,0.0,2,0,0,29388.02,0,False,False,True,0.2530220206596786,0.0
487,40,6,136093.74,1,0,1,193408.43,0,False,True,False,0.3916557087799824,12248.436599999997
600,39,7,88477.36,2,1,0,58632.37,0,True,False,False,0.3713259096981055,7962.9624
606,34,3,161572.24,1,0,1,191076.22,0,False,True,True,0.2925515828492503,14541.5016
623,50,7,126608.37,1,0,1,645.61,1,True,False,True,0.8287399290630735,11394.753299999998
575,54,9,68332.96,1,1,1,144390.75,0,False,False,False,0.6337926325858543,6149.9664
577,48,6,179852.26,1,1,0,193580.32,0,False,True,True,0.679036446909661,16186.703399999999
651,25,8,0.0,2,1,1,126761.2,0,False,False,False,0.10688835774628906,0.0
693,46,2,104763.41,1,1,1,62368.33,0,True,False,True,0.7563039163524634,9428.706900000001
800,60,6,88541.57,2,1,1,131718.12,0,False,False,True,0.282686131248971,7968.7413
760,38,6,162888.73,1,1,0,91098.76,1,False,False,True,0.41786881165774,14659.985700000001
711,35,8,0.0,1,1,1,67508.01,0,False,False,False,0.2551244428885132,0.0
637,43,8,0.0,1,1,0,12156.93,1,False,True,True,0.662576732801648,0.0
662,32,9,0.0,2,0,0,65089.38,0,False,False,True,0.07032788609050807,0.0
568,44,7,0.0,2,0,0,62370.67,1,False,False,False,0.4316214956429101,0.0
692,30,7,0.0,2,1,1,18826.34,0,False,False,False,0.12244522564347317,0.0
614,35,1,0.0,2,1,1,3342.62,0,False,False,False,0.1758257555823587,0.0
478,35,1,92474.05,1,1,0,178626.07,0,False,False,True,0.3042903780575412,8322.6645
562,36,6,0.0,2,1,0,32845.32,0,False,False,True,0.07956470984066756,0.0
709,30,9,115479.48,2,1,1,134732.99,0,True,False,True,0.18927605715152984,10393.1532
684,26,5,87098.91,1,0,0,106095.82,0,False,False,False,0.3436852424888341,7838.901899999999
546,42,9,86351.85,2,1,0,57380.13,0,True,False,False,0.38617474077247577,7771.666499999999
779,42,5,0.0,2,0,0,25951.91,0,False,False,False,0.27090446548138714,0.0
576,63,3,148843.56,1,1,0,69414.13,1,True,False,True,0.9187150334178282,13395.920399999999
481,44,3,163714.52,1,1,0,96123.72,0,True,False,True,0.6949022252874804,14734.306799999998
445,25,6,0.0,2,1,0,119425.94,0,False,False,True,0.08920550349147077,0.0
606,36,0,94153.56,1,0,1,120138.27,0,False,True,True,0.23764055442143842,8473.8204
559,50,5,162702.35,1,0,0,150548.5,1,False,False,True,0.8096783929731305,14643.2115
608,56,10,129255.2,2,1,0,142492.04,1,False,False,False,0.7760930121136166,11632.968
698,41,3,90605.29,1,1,1,14357.0,0,False,False,True,0.34006702692598795,8154.476099999998
568,39,5,0.0,2,1,1,129569.92,0,False,True,True,0.08548791053854188,0.0
528,29,3,102787.42,1,1,0,55972.56,0,False,False,True,0.30224985792473946,9250.8678
802,39,7,120145.96,2,0,1,59497.01,1,False,False,False,0.316813848967447,10813.1364
669,47,0,63723.78,2,1,1,181928.25,0,True,False,True,0.24277041948641703,5735.1402
581,24,10,159203.71,1,1,1,102517.83,1,False,True,False,0.3158600327538086,14328.333899999998
640,38,9,0.0,2,1,0,88827.67,0,False,False,True,0.09341254496085266,0.0
529,44,1,0.0,2,0,0,14161.3,0,False,True,False,0.3378938632168116,0.0
547,51,1,0.0,2,1,1,56908.41,0,False,False,False,0.33721962766710933,0.0
718,49,10,0.0,1,1,0,184474.72,1,False,False,False,0.8192100909756168,0.0
707,34,9,162691.16,2,1,0,94912.78,0,True,False,True,0.21765363308064614,14642.2044
735,43,9,127806.91,1,1,1,73069.59,0,False,False,True,0.39442032302598234,11502.6219
765,43,9,157960.49,2,0,0,136602.8,0,False,False,True,0.4010406501038986,14216.4441
469,52,8,139493.25,3,0,0,150093.32,1,True,False,False,0.944439265325835,12554.392499999998
594,21,2,87096.82,2,1,0,168186.11,0,True,False,False,0.25350705914976257,7838.713800000001
675,34,10,84944.58,1,0,0,146230.63,0,False,False,False,0.36809739132036084,7645.012199999999
703,50,8,160139.59,2,1,1,79314.1,0,False,False,True,0.3820633345185234,14412.5631
810,33,6,0.0,2,1,1,77965.67,0,False,False,True,0.06186590765422015,0.0
715,42,6,0.0,2,1,1,128745.69,0,False,True,True,0.14699390125148334,0.0
664,40,9,0.0,2,1,0,194767.3,0,False,False,True,0.14518477529182364,0.0
850,29,6,0.0,2,1,1,10672.54,0,False,False,True,0.06554363608104037,0.0
724,36,6,94615.11,2,1,1,10627.21,0,True,False,True,0.17041921813912392,8515.3599
563,30,7,90727.79,1,1,0,122268.75,0,False,False,True,0.2731317405830674,8165.5010999999995
714,26,3,119545.48,2,1,0,65482.94,0,True,False,True,0.3137988774864217,10759.0932
614,36,1,118311.76,1,1,0,146134.68,0,False,False,True,0.29690557076476476,10648.058399999998
740,33,1,129574.98,1,1,1,123300.38,0,False,False,True,0.18055213740226533,11661.748199999998
587,33,8,148163.57,1,0,0,122925.4,0,False,False,True,0.26672687414720686,13334.721300000001
465,24,5,117154.9,1,1,1,127744.02,0,True,False,True,0.3382240152100864,10543.940999999999
689,40,5,154251.67,1,0,1,118319.5,0,False,True,False,0.3737464036283445,13882.650300000001
656,30,3,0.0,2,0,1,17104.0,0,False,False,True,0.06403779538185872,0.0
579,33,1,65667.79,2,0,0,164608.98,0,False,False,False,0.20878740492587458,5910.101099999999
716,44,1,0.0,1,1,1,152108.47,0,False,False,False,0.6200509047990311,0.0
551,42,1,50194.59,1,1,1,23399.58,0,False,False,True,0.47451948176721037,4517.513099999999
527,39,9,96748.89,2,1,0,94711.43,0,True,False,False,0.41658263605318807,8707.400099999999
600,37,4,0.0,3,1,0,7312.25,1,False,False,False,0.6628751538955232,0.0
685,43,1,132667.17,1,1,1,41876.98,0,False,False,False,0.4920306686786333,11940.0453
738,36,5,0.0,2,1,1,96881.32,0,False,True,True,0.05922709782873703,0.0
622,41,2,127087.06,1,1,0,102402.91,1,False,False,True,0.4577083479541975,11437.8354
528,34,1,125566.9,1,1,1,176763.27,0,False,False,True,0.235956925841603,11301.020999999999
546,52,1,106074.89,1,1,1,23548.45,1,True,False,False,0.82486087853002,9546.740099999999
576,46,4,137367.94,1,1,1,33450.11,0,True,False,True,0.7946216147727363,12363.1146
733,38,3,157658.36,1,0,0,19658.43,0,False,False,False,0.4224837494964465,14189.2524
727,45,6,114422.85,2,1,1,104678.78,1,True,False,True,0.6392719915564041,10298.0565
605,41,5,103154.66,1,0,0,143203.78,0,False,True,True,0.4542001833026418,9283.919399999999
586,33,9,0.0,1,1,0,6975.02,0,False,False,True,0.3657091629162624,0.0
564,24,6,149592.14,1,1,1,153771.8,0,False,True,False,0.30041076557768853,13463.2926
593,48,3,133903.12,2,1,1,85902.39,1,True,False,False,0.6576460844162868,12051.280799999999
736,26,0,84587.9,1,0,1,188037.76,0,True,False,False,0.286689555153642,7612.910999999999
675,32,8,197436.82,1,1,1,52710.7,0,False,True,True,0.2798213043510135,17769.3138
656,32,1,104254.27,1,1,1,17034.37,0,False,True,False,0.2552677917498905,9382.8843
462,39,4,140133.08,2,0,0,131304.45,0,False,False,True,0.24667516999820113,12611.977199999998
685,30,2,0.0,3,1,1,172576.43,1,False,True,False,0.6978425441201348,0.0
850,36,0,136980.23,2,1,1,99019.65,0,True,False,False,0.23680612939726245,12328.2207
636,48,3,120568.41,1,1,0,190160.04,1,True,False,False,0.9323077328175364,10851.1569
850,27,7,43658.33,2,1,1,3025.49,0,False,False,False,0.12879279930088486,3929.2497000000003
628,37,9,0.0,2,1,1,34689.77,0,False,False,False,0.1583780554654227,0.0
798,28,3,0.0,2,1,0,2305.27,0,False,False,True,0.07742414895611578,0.0
610,57,7,72092.95,4,0,1,113228.82,1,False,False,False,0.9187208556541095,6488.365499999999
591,42,10,0.0,2,0,0,171099.22,0,False,False,False,0.3851772038164434,0.0
614,37,9,0.0,2,1,1,62023.1,0,False,True,False,0.12404730217556115,0.0
651,35,0,181821.96,2,0,1,36923.67,1,False,False,True,0.3810081137029605,16363.976399999998
665,25,7,90920.75,1,0,1,112256.57,0,False,False,True,0.17285946213813955,8182.8675
570,23,2,0.0,1,0,0,198830.98,0,False,False,True,0.3016633014786556,0.0
631,29,3,0.0,2,1,1,197963.46,0,False,True,True,0.06427376660262801,0.0
586,32,1,0.0,2,0,0,31635.99,0,False,False,True,0.0706639088213669,0.0
691,30,9,0.0,1,1,0,49594.02,0,False,False,True,0.37068084992333683,0.0
639,35,8,0.0,2,1,0,170483.9,0,False,False,True,0.08607704329755363,0.0
698,27,1,94920.71,1,1,1,40339.9,0,False,False,False,0.19726541234234926,8542.8639
733,45,2,113939.36,2,1,0,3218.71,0,True,False,True,0.5765933789770589,10254.5424
850,19,8,0.0,1,1,1,68569.89,0,False,False,True,0.2299212456522142,0.0
618,31,4,0.0,2,1,0,29176.04,0,False,False,False,0.13114964103451282,0.0
473,25,6,110666.42,2,0,0,46758.42,0,False,False,False,0.23524690882052515,9959.9778
490,39,1,0.0,3,1,0,171060.01,1,False,False,True,0.7383239718420584,0.0
754,48,7,141819.02,1,1,0,93550.53,1,True,False,False,0.9138717312242506,12763.711799999997
649,56,8,156974.26,1,1,0,89405.26,1,False,False,False,0.822527710479952,14127.683399999998
578,50,5,151215.34,2,1,0,169804.4,0,False,False,True,0.6519105826167049,13609.380599999999
690,26,8,116318.23,1,1,1,83253.05,0,False,True,True,0.17377585354903646,10468.6407
610,49,6,113882.33,1,1,0,195813.81,1,True,False,True,0.8967068608601503,10249.4097
596,42,7,0.0,2,1,1,121568.37,0,False,False,True,0.16929838582249387,0.0
492,48,6,127253.98,1,1,1,92144.09,1,False,False,False,0.6101506060641853,11452.858199999999
575,41,2,100062.39,1,0,0,126307.25,0,False,True,True,0.4488819726189513,9005.615099999999
569,66,2,0.0,1,1,0,130784.2,1,False,False,True,0.8869606767257104,0.0
674,41,4,126605.14,1,1,1,166694.93,0,False,True,False,0.44561249672305486,11394.462599999999
507,31,0,106942.08,1,0,1,44001.11,0,False,False,False,0.22210752214193571,9624.7872
457,44,7,0.0,2,0,0,185992.36,0,False,True,True,0.28217938930020664,0.0
584,41,3,88594.93,1,1,0,178997.89,0,True,False,False,0.5930678117992073,7973.543699999999
744,29,6,123737.04,2,1,0,141558.04,0,True,False,True,0.3092134531633068,11136.3336
687,35,1,110752.15,2,1,1,47921.22,0,False,False,False,0.1999913539323164,9967.693499999998
688,46,3,0.0,2,0,1,104902.68,0,False,True,False,0.2830002658357824,0.0
519,34,5,0.0,1,1,0,68479.6,0,False,False,True,0.41200956841153824,0.0
733,38,5,0.0,2,1,1,1271.51,0,False,True,False,0.16049543978749245,0.0
666,43,5,0.0,2,1,0,29346.1,0,False,True,True,0.2290612235202431,0.0
511,40,1,0.0,1,1,1,184118.73,0,False,True,False,0.4598069887683733,0.0
705,54,3,125889.3,3,1,0,96013.5,1,True,False,False,0.9505223283207161,11330.037
544,48,10,78314.63,3,1,1,103713.93,1,False,False,True,0.8428942797908664,7048.3167
564,36,7,206329.65,1,1,1,46632.87,1,False,False,False,0.3579015157286314,18569.6685
702,40,7,145536.9,1,0,1,135334.24,0,False,False,True,0.33577565016836813,13098.321
658,31,2,77082.65,2,0,0,13482.28,0,True,False,True,0.13436115553648398,6937.4385
654,24,8,145081.73,1,1,1,130075.07,0,False,False,False,0.2757240289762761,13057.3557
649,41,4,115897.73,1,1,0,143544.48,0,True,False,False,0.7188355765907702,10430.795699999999
597,24,0,108058.07,2,1,1,187826.11,0,False,True,True,0.14828058117887447,9725.2263
782,33,7,191523.09,1,1,1,167058.75,0,False,False,True,0.2228712904628871,17237.0781
644,38,3,0.0,2,1,1,79928.41,0,False,False,True,0.08607057806442212,0.0
679,39,7,91187.9,1,0,1,6075.36,0,False,True,False,0.29558999856099144,8206.911
678,60,2,0.0,2,1,1,43821.56,0,False,False,False,0.24665784426291248,0.0
806,34,5,113958.55,1,0,1,32125.98,0,False,False,True,0.17208937115211356,10256.2695
668,43,1,147167.25,1,0,0,141679.73,0,False,True,True,0.6178816687489721,13245.0525
659,29,9,82916.48,1,1,1,84133.48,0,True,False,True,0.19254985594568208,7462.483199999999
660,34,1,0.0,2,1,0,9692.58,0,False,False,True,0.06971678344910096,0.0
601,37,5,0.0,1,0,0,20708.6,0,False,False,False,0.4907589363011217,0.0
781,48,0,57098.96,1,1,0,85644.06,1,False,False,False,0.8186665537843298,5138.9064
628,39,1,115341.19,1,1,1,107674.3,1,True,False,True,0.6043705305061745,10380.7071
751,30,3,165257.2,1,0,0,134822.05,0,False,False,True,0.2723344088511692,14873.148000000001
531,37,1,0.0,1,1,0,4606.97,0,False,False,False,0.42650705929209637,0.0
647,42,9,0.0,2,1,1,51362.82,0,False,False,False,0.2548025855802505,0.0
708,46,7,68799.72,1,1,1,39704.14,0,False,True,True,0.43904154898088665,6191.9748
550,39,2,116120.19,2,1,1,195638.13,0,False,True,True,0.173481807545988,10450.8171
670,33,1,0.0,2,1,1,86413.11,0,False,False,True,0.06840003966180062,0.0
592,31,2,84102.11,2,0,1,116385.24,0,False,False,False,0.13907844275987183,7569.189899999999
589,50,4,0.0,2,0,1,182076.97,0,False,False,False,0.38890617042871745,0.0
725,33,4,0.0,1,1,1,67879.8,0,False,False,False,0.27916878049585764,0.0
570,43,9,0.0,2,0,1,11417.26,0,False,False,False,0.2607895485407294,0.0
575,46,1,0.0,2,1,1,65998.26,0,False,False,True,0.21289395319317744,0.0
501,25,6,104013.79,1,1,0,114774.35,0,True,False,True,0.44495503410647397,9361.2411
431,42,8,120822.86,2,1,0,126153.24,0,True,False,True,0.4308985259859079,10874.0574
719,40,4,128389.12,1,1,1,176091.31,0,False,True,True,0.3044024973625584,11555.020799999998
850,36,7,102800.72,1,1,1,87352.43,0,True,False,True,0.431147158427233,9252.0648
554,31,6,135470.9,1,1,0,107074.81,0,True,False,False,0.589486060262237,12192.380999999998
418,36,7,90145.04,1,1,1,69157.93,0,False,False,True,0.22403904152980142,8113.053599999999
715,31,7,0.0,1,1,1,149970.59,0,False,True,True,0.27142967662061374,0.0
750,33,3,161801.47,1,0,1,153288.97,1,False,True,False,0.343856573945866,14562.132300000001
766,37,2,99660.13,2,0,1,147700.78,0,True,False,True,0.21711511331223426,8969.4117
652,38,6,123081.84,2,1,1,188657.97,0,False,True,False,0.23383931367554736,11077.3656
658,42,8,102870.93,1,0,1,103764.55,1,False,False,True,0.3802110656087892,9258.383699999998
659,37,1,151105.68,1,1,1,140934.57,0,False,False,False,0.2841866945808584,13599.5112
574,35,5,163856.76,1,1,1,15118.2,0,True,False,True,0.3177466654507868,14747.108400000001
611,38,7,0.0,1,1,1,63202.0,0,False,False,True,0.38920759648461,0.0
738,35,8,127290.61,1,1,0,16081.62,0,False,True,True,0.31650296644654824,11456.1549
571,49,4,180614.04,1,0,0,523.0,0,False,False,True,0.5619450256652077,16255.263599999998
686,44,7,55053.62,1,1,0,181757.19,0,False,False,False,0.698001272125225,4954.8258000000005
679,33,4,96110.22,1,1,0,1173.23,0,False,True,True,0.32035375618576234,8649.9198
617,46,3,106521.49,1,0,1,86587.37,0,False,True,False,0.5403116388210976,9586.934099999999
673,39,7,82255.51,2,1,0,109545.56,0,False,False,True,0.21236656071504906,7402.995899999999
745,33,1,0.0,2,1,1,174431.01,0,False,False,False,0.10425830364435221,0.0
677,26,3,102395.79,1,1,0,119368.99,0,True,False,False,0.5546115333108846,9215.621099999998
613,39,8,118201.41,1,1,0,23315.59,0,False,True,True,0.3645787737448957,10638.1269
576,55,6,44582.07,3,0,1,67539.85,1,False,False,False,0.8507628105134823,4012.3863
584,30,5,0.0,2,1,1,185201.58,0,False,True,False,0.11390004630413408,0.0
663,22,6,0.0,2,0,1,131827.15,0,False,False,True,0.06481998640576005,0.0
466,26,9,105522.06,1,1,0,10842.46,0,False,False,True,0.2715261474163561,9496.9854
510,50,7,123936.54,1,1,1,23768.01,0,True,False,False,0.7878596384496551,11154.288599999998
619,38,6,0.0,2,1,1,117616.29,0,False,True,False,0.1297079095522486,0.0
696,66,7,119499.42,2,1,1,174027.3,0,True,False,False,0.5726620306820785,10754.9478
554,44,9,135814.7,2,0,0,115091.38,0,False,False,False,0.5541479583291238,12223.323
595,52,9,0.0,1,1,1,106340.66,1,False,False,True,0.6061328519056627,0.0
659,39,8,106259.63,2,1,1,198103.32,0,True,False,True,0.29499641081125205,9563.3667
662,44,8,0.0,2,1,1,175314.87,0,False,False,True,0.19546660356329043,0.0
556,38,2,115463.16,1,1,0,150679.65,0,False,True,True,0.36716671167379233,10391.6844
701,39,9,0.0,2,1,1,110043.88,0,False,True,False,0.1469378753367427,0.0
587,42,5,120233.83,1,1,0,194890.33,0,False,True,True,0.5172713520762559,10821.0447
571,47,7,0.0,2,0,0,112366.98,0,False,False,False,0.43940467432744407,0.0
539,40,7,81132.21,1,1,0,167289.82,0,False,False,False,0.59357597458104,7301.8989
644,34,10,122196.99,2,1,1,182099.71,0,True,False,False,0.23732789395970808,10997.7291
572,39,4,112290.22,1,1,0,49373.97,1,True,False,True,0.6868781500324934,10106.1198
753,50,4,0.0,2,1,1,861.4,0,False,False,False,0.291032509074283,0.0
706,35,5,0.0,2,1,1,81718.37,0,False,False,True,0.07373488447038185,0.0
588,44,8,154409.74,1,1,0,49324.03,1,False,False,True,0.6307285584014433,13896.8766
825,32,9,0.0,2,0,0,9751.03,0,False,False,True,0.07136947094285993,0.0
627,48,1,132759.8,1,1,0,78899.22,0,False,True,True,0.7052470477691324,11948.381999999998
532,60,5,76705.87,2,0,1,13889.73,0,False,False,True,0.3467039367668852,6903.528299999999
764,44,1,0.0,2,1,1,11467.38,0,False,False,False,0.26593620895423264,0.0
700,36,4,0.0,2,1,0,130789.15,0,False,False,False,0.15370608762521962,0.0
660,41,3,0.0,2,1,1,108665.89,0,False,False,True,0.1242020879389736,0.0
518,29,9,125961.74,2,1,0,160303.08,1,True,False,True,0.3477660617820173,11336.5566
557,39,7,49572.73,1,1,0,115287.99,1,False,False,False,0.57764331081112,4461.545700000001
639,35,1,103015.12,2,1,1,139094.12,0,False,False,False,0.17248381157105278,9271.360799999999
557,24,4,0.0,1,0,0,20515.72,0,False,False,False,0.3760898253435078,0.0
633,32,1,104001.38,1,0,1,36642.65,0,False,False,False,0.2204433376683767,9360.1242
623,50,2,87116.71,1,1,1,104382.11,0,False,True,False,0.5434039566076134,7840.5039
611,68,5,82547.11,2,1,1,146448.01,0,False,False,True,0.2177828721005016,7429.239899999999
666,47,5,0.0,1,0,0,166650.9,1,False,True,False,0.8749223009068552,0.0
521,27,4,121325.84,1,1,1,164223.7,1,False,False,True,0.23342425793785562,10919.325599999998
775,28,9,111167.7,1,1,0,149331.01,0,False,False,True,0.2726897048548621,10005.093
681,48,5,139714.4,2,0,0,73066.72,0,True,False,True,0.6358439600729634,12574.295999999998
564,32,10,139875.2,2,1,0,15378.23,0,True,False,False,0.2595963934467336,12588.768
646,44,2,113063.83,1,0,0,53072.49,1,True,False,False,0.8894438109257382,10175.7447
670,50,8,138340.06,1,0,1,3159.15,0,False,False,False,0.5492686845384486,12450.6054
751,43,1,114974.24,1,1,0,125920.54,0,False,False,True,0.6493846617571966,10347.6816
544,33,6,0.0,2,1,1,124113.04,0,False,False,False,0.09127849559077379,0.0
639,38,5,0.0,2,0,0,93716.38,0,False,False,False,0.16760702467459537,0.0
635,65,5,117325.54,1,1,0,155799.86,1,True,False,False,0.9222668442116118,10559.298599999998
672,28,6,0.0,1,0,1,8814.69,0,False,False,False,0.26190947952381183,0.0
639,35,8,0.0,1,0,0,164453.98,0,False,False,False,0.46916769196269087,0.0
697,25,1,0.0,2,0,0,87803.32,0,False,False,False,0.134133883378131,0.0
850,44,8,0.0,2,1,1,183617.32,0,False,True,True,0.19874282767368168,0.0
748,34,8,0.0,2,1,0,53584.03,0,False,False,False,0.10805874821008768,0.0
463,35,2,0.0,2,1,1,1950.93,0,False,True,False,0.16790932851280974,0.0
572,30,6,0.0,1,0,1,175025.27,0,False,False,False,0.3377796327336473,0.0
741,50,1,78737.61,1,1,1,13018.96,0,False,True,True,0.4791604209297523,7086.384899999999
646,25,5,182876.88,2,1,1,42537.59,1,False,True,True,0.333250111035823,16458.919199999997
805,50,9,130023.38,1,1,0,62989.82,1,True,False,True,0.9164056529827023,11702.1042
637,36,2,152606.82,1,1,1,71692.8,0,False,False,True,0.21498704788400044,13734.6138
651,28,7,0.0,2,1,0,823.96,0,False,False,True,0.07860021616317728,0.0
672,28,4,167268.98,1,1,1,169469.3,0,False,False,True,0.20446964447880484,15054.208200000001
493,54,3,167831.88,2,1,0,150159.95,1,False,False,True,0.7537444635521626,15104.869200000001
524,29,9,144287.6,2,1,0,32063.3,0,True,False,True,0.2731331906394114,12985.883999999998
624,45,5,151855.33,1,1,0,68794.15,0,True,False,False,0.8567306627253168,13666.9797
569,51,3,0.0,3,1,0,75084.96,1,False,True,False,0.873581715360493,0.0
677,27,2,0.0,2,0,1,114685.92,0,False,False,False,0.11381367215937752,0.0
464,37,4,155994.15,1,0,0,143665.44,0,True,False,True,0.39325143654972494,14039.4735
718,26,7,147527.03,1,0,0,51099.56,0,True,False,True,0.37796741631927866,13277.432699999998
594,53,4,0.0,1,1,0,5408.74,1,False,False,False,0.8560582919878579,0.0
574,33,8,100267.03,1,1,0,103006.27,0,False,False,True,0.28705540531198,9024.0327
478,48,0,83287.05,2,0,1,44147.95,1,False,True,True,0.5479446506307454,7495.8345
615,41,4,0.0,1,0,1,149278.96,0,False,True,True,0.4288567322338141,0.0
651,45,4,0.0,2,0,0,193009.21,0,False,True,True,0.2651960699395467,0.0
465,53,1,117438.17,1,0,0,74898.8,1,True,False,True,0.9149329866997846,10569.4353
558,56,7,121235.05,2,1,1,116253.1,0,False,False,False,0.4917144858285425,10911.1545
540,37,3,129965.18,1,0,0,19374.08,0,True,False,True,0.561114701833192,11696.8662
568,46,8,150836.92,1,0,0,64516.8,1,True,False,True,0.8295352405093331,13575.322800000002
630,31,0,0.0,2,1,1,34475.14,0,False,False,True,0.10092328542735002,0.0
523,60,1,163894.35,1,0,1,57061.71,0,True,False,True,0.5584422857774847,14750.4915
678,48,2,0.0,2,1,1,32301.88,0,False,False,False,0.2632134495598119,0.0
438,38,2,0.0,2,1,0,136859.55,0,False,False,True,0.1448365755791709,0.0
544,44,1,0.0,2,0,0,69244.24,0,False,False,True,0.2692478791663369,0.0
595,34,2,87967.42,2,0,1,156309.52,0,True,False,True,0.11516053631161484,7917.067799999999
678,26,3,0.0,2,1,0,4989.33,0,False,False,True,0.07398381595365099,0.0
850,36,6,0.0,2,1,1,190194.95,0,False,False,False,0.11992656244848346,0.0
589,20,2,121093.29,2,1,0,3529.72,0,True,False,False,0.2890339669235637,10898.3961
785,31,2,121691.54,2,0,0,81778.72,0,False,True,False,0.22259026960539213,10952.238599999999
563,57,6,0.0,2,1,1,39297.48,0,False,True,True,0.21884753342513072,0.0
602,39,6,154121.32,2,1,0,176614.86,1,False,False,False,0.39688847559753987,13870.918800000001
591,29,6,0.0,2,1,1,108684.65,0,False,False,True,0.07297480993009275,0.0
643,43,1,0.0,2,1,1,145764.4,0,False,True,True,0.19930613179120904,0.0
605,32,5,0.0,2,1,1,42135.28,0,False,False,False,0.10348530241348787,0.0
755,43,6,165048.5,3,1,0,16929.41,1,True,False,True,0.8603778497989732,14854.365
769,38,6,0.0,2,0,0,104393.78,0,False,True,True,0.08380801367142705,0.0
620,33,9,127638.35,1,1,1,192717.57,0,False,False,False,0.32497622279110033,11487.451500000001
725,31,8,0.0,2,1,1,59650.42,0,False,False,True,0.06591079832165855,0.0
818,72,8,135290.42,2,1,1,63729.72,0,True,False,False,0.31298796878032203,12176.1378
624,71,4,170252.05,3,1,1,73679.59,1,False,False,False,0.8436407772549098,15322.6845
669,35,4,108269.2,2,1,0,174969.92,0,True,False,False,0.3931966529991525,9744.228
712,32,1,0.0,2,1,0,1703.58,0,False,False,False,0.14589584450140777,0.0
603,35,9,145623.36,1,1,0,163181.62,0,True,False,False,0.5137928116486288,13106.1024
597,41,4,145809.53,2,1,1,52319.26,0,False,False,False,0.28518490739911245,13122.8577
580,76,2,130334.84,2,1,1,51672.08,0,True,False,True,0.31906889881719835,11730.135599999998
718,39,3,0.0,2,1,1,145355.11,0,False,False,False,0.1596593028552345,0.0
527,53,8,0.0,1,1,1,51711.57,0,False,True,True,0.5426280191251123,0.0
729,42,1,0.0,2,1,1,149535.97,0,False,True,False,0.26488962002453215,0.0
746,24,4,0.0,1,0,1,94105.0,0,False,False,False,0.245806661061452,0.0
699,54,3,111009.32,1,1,1,155905.79,1,True,False,False,0.7966134391627894,9990.838800000001
759,46,2,0.0,1,1,1,138380.11,0,False,False,False,0.6504255375434501,0.0
748,39,3,157371.54,1,0,1,97734.3,0,False,False,False,0.2914988213676547,14163.438600000001
698,63,5,0.0,1,1,1,173576.71,0,False,True,False,0.45059133563415604,0.0
686,37,9,134560.62,1,1,0,27596.39,0,False,False,True,0.3386940000275247,12110.4558
679,40,1,0.0,1,1,1,16897.19,0,False,False,True,0.3891990390252179,0.0
682,36,5,72373.62,2,1,0,36895.99,0,True,False,True,0.16552171539153118,6513.6258
778,34,7,109564.1,1,0,1,113046.81,0,False,False,False,0.25455564592571334,9860.769
742,25,4,132116.13,2,1,0,129933.5,0,False,False,False,0.2555843288299381,11890.451700000001
649,24,7,101195.23,1,0,0,133091.32,0,True,False,True,0.42388762137740627,9107.5707
763,67,1,149436.73,2,0,1,106282.74,0,False,False,True,0.20419102339269743,13449.3057
595,30,9,130682.11,2,1,1,57862.88,0,True,False,True,0.1828343286524463,11761.3899
628,51,10,115280.49,2,0,0,12628.61,1,True,False,False,0.768051837619567,10375.2441
625,36,8,129944.39,2,0,0,198914.8,0,False,False,False,0.2729647534200306,11694.9951
733,36,5,0.0,2,1,1,109127.54,0,False,False,True,0.07114022325852075,0.0
665,32,10,0.0,1,1,1,22487.45,0,False,True,False,0.3393180725142147,0.0
805,56,6,151802.29,1,1,0,46791.09,1,True,False,True,0.8733987778002372,13662.2061
725,38,6,0.0,2,1,1,158697.28,0,False,False,True,0.09201361671255913,0.0
554,38,3,138731.95,1,1,1,194138.36,0,False,False,False,0.34009643900776426,12485.875500000002
675,35,8,155621.08,1,0,1,35177.31,0,False,True,False,0.23672954653179404,14005.8972
556,54,4,150005.38,1,1,0,157015.5,1,False,False,False,0.8579217749607669,13500.484199999999
635,48,2,0.0,2,1,1,136551.25,0,False,True,False,0.30721881269799295,0.0
601,47,1,64430.06,2,0,1,96517.97,0,False,False,True,0.43291849745229255,5798.7054
600,53,7,106261.63,1,1,0,93629.66,1,True,False,True,0.9249507646755589,9563.546699999999
758,40,3,0.0,2,0,0,96097.65,0,False,True,True,0.10813724110064699,0.0
606,41,4,132670.53,1,1,0,156476.36,1,True,False,False,0.7022429933830996,11940.347699999998
640,67,3,0.0,1,0,1,42964.63,0,False,False,False,0.33997761387351155,0.0
753,38,1,117314.92,1,1,0,122021.33,1,True,False,False,0.6857118635740312,10558.3428
559,38,3,145874.35,1,1,0,56311.39,1,False,True,True,0.4152502841958728,13128.691499999999
754,50,7,146777.44,2,0,1,150685.52,0,False,True,False,0.5542852630242785,13209.9696
621,51,4,109978.83,1,0,0,177740.58,1,True,False,True,0.9235556113372847,9898.0947
654,37,5,0.0,1,0,1,71492.28,0,False,False,False,0.334992687350436,0.0
650,24,8,108881.73,1,1,0,104492.83,0,False,True,True,0.29552528106115716,9799.355699999998
831,44,10,0.0,1,0,1,47729.33,0,False,True,False,0.4611663915701865,0.0
519,39,2,112957.26,2,1,0,97593.16,0,False,False,True,0.23639452626492305,10166.1534
552,42,8,103362.14,1,0,1,186869.58,1,True,False,False,0.6923271126500653,9302.5926
577,41,4,89015.61,1,0,1,135227.23,0,False,True,True,0.3579834183306164,8011.4048999999995
576,45,5,133618.01,1,0,0,135244.87,0,False,True,True,0.6820344960945377,12025.6209
646,40,5,93680.43,2,1,1,179473.26,0,False,False,True,0.21277998545757512,8431.2387
711,45,1,97486.15,2,1,0,50610.62,0,True,False,False,0.6828568468548994,8773.753499999999
806,37,2,137794.18,2,0,1,75232.02,0,False,True,False,0.20139521308037636,12401.4762
670,39,8,101928.51,1,0,0,89205.54,0,False,False,False,0.4463056046503221,9173.5659
679,28,9,0.0,2,0,1,61761.77,0,False,True,False,0.11346322547843542,0.0
850,39,6,0.0,2,1,0,103921.43,0,False,True,False,0.16293256177993914,0.0
670,35,2,79585.96,1,0,1,198802.9,0,True,False,False,0.3407153702010797,7162.736400000001
733,24,3,161884.99,1,1,1,9617.24,0,False,False,False,0.2493231943272893,14569.649099999999
764,39,1,129068.54,2,1,1,187905.12,0,False,False,False,0.2348495490528418,11616.168599999999
673,42,4,0.0,2,1,0,121440.8,0,False,False,False,0.29032513151597994,0.0
588,49,6,132623.76,3,1,0,36292.94,1,True,False,True,0.9598989480646405,11936.1384
564,31,5,121461.87,1,1,1,20432.09,1,False,True,True,0.2607981129492947,10931.568299999999
715,32,8,175307.32,1,1,0,187051.23,0,False,False,True,0.31193633914211644,15777.658800000001
621,31,7,136658.61,1,1,1,148689.13,0,False,False,True,0.19931142837256893,12299.274899999999
796,23,3,146584.19,2,0,0,125445.8,0,False,True,False,0.2369377197598343,13192.5771
672,34,6,0.0,1,0,0,22736.06,0,False,False,True,0.3847443945034438,0.0
527,46,10,131414.76,1,1,0,54947.51,0,False,True,False,0.6853942649287111,11827.3284
722,38,3,0.0,2,0,1,167984.72,0,False,False,False,0.15169680690339116,0.0
596,34,4,99441.21,2,0,1,4802.27,0,True,False,True,0.151165088081698,8949.7089
746,32,4,0.0,2,1,1,72909.75,0,False,False,False,0.09807725510922777,0.0
523,26,4,0.0,2,1,0,185488.81,0,False,False,False,0.14247353343997074,0.0
624,44,3,0.0,2,1,0,88407.51,0,False,False,True,0.2390674786977603,0.0
553,38,1,181110.13,2,1,0,184544.59,0,False,True,True,0.2748608071062392,16299.9117
850,33,3,100476.46,2,1,1,136539.13,0,False,True,True,0.10666732600731288,9042.8814
599,33,2,51949.95,2,1,0,85045.92,0,True,False,True,0.13516144525554344,4675.4955
492,35,8,121063.49,1,0,0,85421.48,0,False,False,True,0.2747531213416682,10895.714100000001
707,48,8,88441.64,1,1,1,119903.2,1,False,True,True,0.470172235116045,7959.747599999999
743,30,1,127023.39,1,1,1,138780.89,0,False,False,False,0.23471258002700746,11432.105099999999
522,41,5,144147.68,1,1,1,14789.9,0,False,False,True,0.37025704546932675,12973.291199999998
681,57,2,173306.13,1,0,1,131964.66,0,False,True,False,0.6001188246167493,15597.5517
826,49,0,0.0,1,0,0,178709.98,1,False,False,False,0.8433989976607027,0.0
630,28,8,106425.75,1,1,1,20344.84,0,True,False,False,0.4891220469199113,9578.317500000001
430,66,6,135392.31,2,1,1,172852.06,1,True,False,False,0.6210788519116737,12185.3079
806,67,1,0.0,2,0,1,103945.58,0,False,False,False,0.15440268251172617,0.0
703,39,6,152685.4,1,0,0,183656.12,0,False,True,True,0.35351706168622327,13741.686
755,38,1,82083.52,1,0,1,10333.78,0,True,False,False,0.34492181221158597,7387.516799999999
612,63,2,131629.17,2,1,0,122109.58,1,False,True,False,0.7566263467719838,11846.6253
719,54,7,0.0,2,1,1,125041.52,0,False,False,False,0.30724617728801745,0.0
554,55,0,108477.27,1,0,1,140003.0,1,True,False,False,0.8505692866604526,9762.9543
683,30,4,114779.35,1,0,0,183171.47,0,False,False,True,0.3010541581460493,10330.141500000002
749,41,5,57568.94,1,1,1,61128.29,0,False,False,True,0.36395920748575095,5181.2046
724,36,1,0.0,2,1,0,52462.25,0,False,True,True,0.08824833378658577,0.0
770,30,8,0.0,2,0,1,50839.85,0,False,True,True,0.0502107399646176,0.0
680,37,4,0.0,2,1,0,61240.87,0,False,False,True,0.086209837265247,0.0
699,32,4,110559.46,1,1,1,127429.56,0,False,False,False,0.2507515633939651,9950.3514
442,34,4,0.0,2,1,0,68343.08,0,False,False,True,0.08981460854990639,0.0
529,46,8,0.0,1,0,0,126511.94,1,False,False,True,0.7655076148977662,0.0
574,36,3,0.0,2,1,1,8559.66,0,False,True,True,0.07608395658811365,0.0
605,33,9,128152.82,1,0,0,147822.81,0,False,False,True,0.2697437811513433,11533.7538
515,45,7,120961.5,3,1,1,39288.11,1,True,False,True,0.9307171113291929,10886.535
632,65,6,129472.33,1,1,1,85179.48,0,True,False,True,0.6891286005679753,11652.509699999999
558,32,10,105000.23,1,1,0,190019.61,0,False,False,True,0.28151620199679334,9450.0207
434,55,8,109339.17,2,1,0,96405.88,1,True,False,True,0.8220918377909554,9840.5253
525,59,6,55328.4,1,1,0,83342.73,1,False,False,False,0.8757407758442048,4979.5560000000005
640,23,3,72012.76,1,1,0,161333.13,0,True,False,True,0.27680158882211614,6481.1484
690,36,6,110480.48,1,0,0,81292.33,0,False,False,False,0.3783819338646451,9943.243199999999
607,34,9,132439.99,1,1,0,177747.72,0,False,True,True,0.2988321248297733,11919.5991
850,46,3,0.0,2,1,1,187980.21,0,False,False,False,0.2582953667240504,0.0
780,34,5,94108.54,2,1,0,177235.21,0,True,False,True,0.21419725557146235,8469.7686
616,28,10,105173.99,1,0,1,29835.37,1,True,False,False,0.4862025167394911,9465.6591
618,40,8,0.0,2,1,0,80204.38,0,False,True,False,0.2217992291691586,0.0
676,29,7,131959.86,1,0,0,189268.81,0,False,False,True,0.28349608500105317,11876.387399999998
507,33,7,0.0,2,1,1,85411.01,0,False,False,True,0.06764355353799444,0.0
490,34,5,122952.9,2,0,0,154360.97,0,False,False,True,0.20006457088682986,11065.760999999999
678,36,0,107379.68,1,1,1,84460.18,0,False,False,True,0.18400395481943224,9664.171199999999
637,30,6,122641.56,2,1,0,65618.01,0,True,False,True,0.3205996431273981,11037.740399999999
602,33,8,0.0,2,1,1,112928.74,0,False,False,False,0.10217241480884912,0.0
744,30,1,124037.28,1,1,1,142210.94,0,False,True,False,0.25218071009051163,11163.3552
640,50,9,117565.03,2,0,0,82559.77,0,False,False,False,0.6606301812521909,10580.8527
684,38,5,133189.4,1,0,0,127388.06,0,False,False,False,0.4238378763671491,11987.045999999998
495,39,8,120252.02,2,1,1,10160.23,0,True,False,True,0.3207664009383981,10822.681799999998
559,28,3,152264.81,1,0,0,64242.31,0,True,False,False,0.433954304747372,13703.832900000001
684,38,5,105069.98,2,1,1,198355.28,0,False,False,True,0.15844934623235735,9456.2982
613,42,7,115076.06,1,1,1,79323.61,0,False,False,True,0.3748644147264426,10356.845399999998
794,30,8,0.0,2,1,1,24113.91,0,False,False,True,0.05750180387369398,0.0
736,42,7,117280.23,3,0,0,41921.06,1,False,False,False,0.8795317074078605,10555.2207
692,49,6,110540.43,2,0,1,107472.99,0,True,False,True,0.6187819952360516,9948.6387
703,36,7,135095.47,1,1,0,143859.66,0,False,True,True,0.3247263184407567,12158.5923
720,23,0,187861.18,2,1,1,104120.17,0,True,False,True,0.17040245172957882,16907.5062
777,44,3,124655.59,2,0,1,79792.3,0,True,False,True,0.5243846471890778,11219.0031
653,44,8,0.0,2,1,1,154639.72,0,False,False,True,0.18644921771945908,0.0
552,38,9,134105.01,1,0,0,57850.1,0,False,False,False,0.43483556809121426,12069.4509
708,34,4,0.0,1,1,1,62868.33,0,False,False,False,0.2843823294635456,0.0
647,40,9,0.0,2,0,1,92357.21,0,False,False,False,0.21617375943195635,0.0
597,52,8,83693.34,2,1,1,161083.53,0,True,False,True,0.36278935618399977,7532.400599999999
501,42,9,114631.23,1,0,1,91429.74,0,False,False,True,0.36554844487438587,10316.810699999998
709,44,9,128601.98,1,1,0,117031.2,0,False,False,True,0.6750530295827589,11574.178199999998
621,34,2,91258.52,2,1,0,44857.4,0,True,False,False,0.2765040869121307,8213.2668
799,70,8,70416.75,1,1,1,36483.52,0,False,False,True,0.23660781159086675,6337.5075
675,33,6,0.0,2,1,0,34045.61,0,False,False,False,0.1281012823663978,0.0
561,35,5,0.0,2,1,0,59981.62,0,False,False,False,0.14369325673824568,0.0
707,42,10,0.0,2,1,1,152944.39,0,False,False,False,0.29693449108259495,0.0
670,33,6,88294.6,1,1,0,66979.06,0,False,False,True,0.3078410666567606,7946.514000000001
649,32,7,0.0,1,1,0,28797.32,0,False,True,False,0.44401388532155506,0.0
524,28,1,93577.3,1,1,1,51670.82,0,False,False,True,0.17210752982200708,8421.957
689,30,5,136650.89,1,1,1,41865.72,1,True,False,False,0.4948492253983688,12298.580100000001
573,72,8,98765.84,1,1,1,96015.53,0,False,True,False,0.27033348617499053,8888.925599999999
657,33,1,84309.57,2,0,0,103914.4,0,False,False,True,0.17952401233649457,7587.8613000000005
686,39,10,136258.06,1,0,0,89199.51,0,False,True,True,0.3353629138504566,12263.2254
683,29,9,0.0,2,1,1,48849.89,0,False,False,False,0.10555448567533265,0.0
753,47,1,131160.85,1,1,0,197444.69,0,True,False,False,0.8053037161078034,11804.4765
520,30,4,145222.99,2,0,0,145160.96,0,False,True,False,0.3067172833161417,13070.0691
547,25,4,98141.57,2,1,1,52309.8,0,True,False,True,0.14206915820208607,8832.7413
653,47,6,0.0,1,1,0,50695.93,1,False,False,True,0.8159859914827291,0.0
648,28,9,102282.61,1,1,1,157891.11,0,False,True,False,0.30768519377439957,9205.4349
639,37,4,116121.84,2,0,1,181850.74,0,False,False,False,0.2533699321866491,10450.9656
711,25,5,190066.54,1,0,0,51345.39,1,False,False,False,0.4285807776842512,17105.988599999997
484,55,8,149349.58,3,0,0,137519.92,1,True,False,False,0.9541014096963454,13441.462199999998
721,36,1,155176.83,2,1,1,49653.37,0,False,False,True,0.16325267035530028,13965.914699999998
548,32,2,98986.28,1,1,1,55867.38,0,True,False,True,0.3070796403353888,8908.765199999998
679,41,8,147726.98,3,1,0,172749.4,1,False,False,True,0.8833368782220358,13295.4282
553,41,1,0.0,2,1,0,90607.31,0,False,False,True,0.132514227194412,0.0
757,36,7,144852.06,1,0,0,130861.95,0,False,False,True,0.33280609993906873,13036.685399999998
581,54,4,89299.81,1,0,0,5558.47,1,False,False,True,0.8374794554309711,8036.982899999999
718,40,9,0.0,2,0,0,121537.91,0,False,True,True,0.11826168561225896,0.0
625,41,6,97663.16,2,1,0,57128.78,0,False,False,True,0.24275484747416295,8789.6844
744,39,4,95161.75,1,1,0,19409.77,0,False,True,True,0.3524689911744413,8564.557499999999
799,31,9,154586.92,1,0,1,88604.89,1,True,False,True,0.4404003964843639,13912.822800000002
751,34,8,127095.14,2,0,0,479.54,0,False,True,False,0.23986569100958452,11438.5626
781,35,7,92526.15,2,1,1,173837.54,0,True,False,True,0.1705592936668979,8327.3535
777,46,0,107362.8,1,1,0,487.3,0,True,False,False,0.6978566613142635,9662.652
704,24,2,0.0,1,1,0,35600.25,1,False,True,False,0.4732034638447918,0.0
539,47,2,127286.04,2,1,1,166929.43,1,False,False,False,0.5435639866785811,11455.743599999998
716,29,6,0.0,2,1,1,98998.61,0,False,False,False,0.10000491286989195,0.0
670,37,2,0.0,2,1,1,54229.74,0,False,False,True,0.07752461197313842,0.0
555,40,10,139930.18,1,1,1,105720.09,0,False,False,True,0.32165344201034857,12593.716199999999
679,30,4,77949.69,1,1,1,121151.46,0,True,False,False,0.242168441501928,7015.472099999999
571,38,1,121405.04,1,1,1,154844.22,0,False,False,True,0.2585951060189047,10926.453599999999
512,35,5,124580.69,1,1,1,18785.48,0,False,True,False,0.2972488052667998,11212.2621
697,35,5,133087.76,1,1,0,64771.61,0,False,False,True,0.3451491725193207,11977.898400000002
424,34,7,0.0,1,1,1,16250.61,0,False,True,True,0.3319046997889366,0.0
684,43,7,0.0,2,1,0,131093.99,0,False,False,False,0.33983674621223176,0.0
697,62,7,0.0,1,1,0,129188.18,1,False,True,True,0.8888397719054784,0.0
580,45,8,103741.14,1,1,0,47428.73,1,True,False,True,0.8885692985638827,9336.7026
600,32,7,98877.95,1,1,0,132973.21,0,False,False,False,0.34170350427850305,8899.0155
521,37,5,105843.26,2,1,1,84908.2,0,False,False,True,0.16564221637475163,9525.893399999999
664,44,7,77526.66,3,0,0,57338.56,1,False,True,True,0.8687657778411833,6977.3994
634,77,5,0.0,2,1,1,161579.85,0,False,False,True,0.09185457577074574,0.0
445,33,7,0.0,2,1,0,122625.68,0,False,False,False,0.16634369582475939,0.0
702,36,2,105264.88,2,1,1,52909.87,0,True,False,False,0.2798115322854735,9473.839199999999
485,37,5,0.0,2,0,1,170226.47,0,False,False,True,0.10766249930546945,0.0
582,40,3,110150.43,1,1,1,191757.65,1,True,False,False,0.7119341241417186,9913.5387
605,57,2,0.0,3,1,0,66652.75,1,False,True,False,0.8968719886492456,0.0
628,25,7,0.0,2,1,1,195977.75,0,False,False,True,0.057932749679605135,0.0
604,28,6,0.0,2,1,1,69056.26,0,False,True,False,0.10382647308794059,0.0
724,31,9,138166.3,1,1,0,12920.43,0,True,False,True,0.4740078393472513,12434.966999999999
567,40,7,122265.24,1,1,0,138552.74,0,True,False,True,0.7004847192674737,11003.871599999999
779,55,0,133295.98,1,1,0,22832.71,1,False,True,False,0.833520691317082,11996.638200000001
785,36,2,0.0,1,0,1,61811.1,0,False,False,True,0.31107548636479976,0.0
563,32,0,148326.09,1,1,0,191604.27,1,False,False,False,0.37069581379014444,13349.3481
821,31,2,68927.57,1,1,1,25445.0,0,True,False,False,0.247643999385405,6203.4812999999995
747,47,5,139914.6,4,0,1,129964.56,1,False,False,False,0.9165578409134816,12592.314
600,58,8,118723.11,1,0,0,6209.51,1,True,False,False,0.9361807140218752,10685.0799
625,32,7,106957.28,1,1,1,134794.02,0,False,True,True,0.21179276463477748,9626.1552
773,41,7,190238.93,1,1,1,57549.65,0,False,False,False,0.39169415444722644,17121.503699999997
726,53,1,113537.73,1,0,1,28367.21,0,False,False,False,0.6010283480749588,10218.3957
641,40,4,101090.27,1,1,1,51703.09,0,False,True,False,0.38968944926633264,9098.1243
649,46,2,0.0,2,1,1,66602.7,0,False,False,False,0.2477046991488646,0.0
434,33,3,0.0,1,1,1,2739.71,0,False,True,True,0.3039434631842828,0.0
738,38,7,0.0,2,0,0,69227.42,0,False,False,False,0.17722100097652363,0.0
762,60,10,168920.75,1,1,0,31445.03,1,False,True,False,0.7956193144003734,15202.867499999998
507,31,9,111589.67,1,1,0,150037.19,0,True,False,True,0.5370320397389974,10043.0703
606,27,6,172310.33,1,0,1,111448.92,0,True,False,False,0.3520101513725291,15507.929699999997
655,34,7,118028.35,1,1,0,51226.32,1,True,False,True,0.5887028874900507,10622.5515
697,51,1,147910.3,1,1,1,53581.14,0,True,False,True,0.7372731857334791,13311.926999999998
504,42,7,131287.36,2,1,1,149697.78,0,True,False,True,0.3822520150027252,11815.862399999998
653,74,0,121276.32,1,1,1,160348.31,0,False,False,False,0.2914742072360289,10914.8688
660,38,6,109869.32,1,1,1,154641.91,0,False,True,True,0.22181636789419654,9888.2388
652,34,6,97435.85,2,1,1,104331.76,0,False,False,False,0.1602148026920223,8769.2265
669,42,9,0.0,2,0,0,135630.32,0,False,False,False,0.3462427907983196,0.0
594,35,2,133853.27,1,1,1,65361.66,0,False,False,True,0.22614930481228993,12046.7943
756,32,0,109528.16,2,1,1,56176.31,0,True,False,True,0.24518271150554238,9857.5344
642,33,4,84607.34,2,0,1,60059.47,0,False,False,False,0.14786286106102037,7614.660599999999
486,37,1,101438.0,1,0,0,51364.56,0,True,False,True,0.5213058454925232,9129.42
804,55,7,0.0,2,1,1,118752.6,0,False,False,True,0.18896639616443284,0.0
629,59,9,113657.83,1,1,1,116848.79,1,False,False,True,0.477801504123818,10229.2047
581,44,7,189318.16,2,1,0,45026.23,1,False,True,False,0.6931749216076749,17038.6344
667,31,3,99513.91,1,1,1,189657.26,0,False,False,True,0.2266294532649752,8956.2519
667,35,4,97585.32,2,0,0,57213.46,0,False,True,True,0.18236955359547494,8782.6788
679,29,3,0.0,2,1,1,63687.06,0,False,False,True,0.06688969654684919,0.0
680,43,4,0.0,2,1,1,58761.33,0,False,False,False,0.24830756077714805,0.0
644,32,3,136659.74,1,1,1,14187.78,0,False,True,True,0.2139005196588758,12299.3766
571,30,4,85755.86,1,1,0,145115.95,0,False,False,False,0.35198938633543975,7718.0274
627,35,7,0.0,1,1,0,187718.26,0,False,True,False,0.4961397068348574,0.0
536,39,4,0.0,2,1,0,27150.35,0,False,False,True,0.10845826315741473,0.0
599,33,4,51690.89,1,1,0,111622.76,1,False,True,True,0.37682742480489106,4652.1801
744,34,3,0.0,2,1,0,27244.35,0,False,True,True,0.07747704531771704,0.0
709,34,2,111669.68,1,1,0,57029.66,0,False,False,False,0.3557388645213183,10050.2712
653,31,2,154741.45,2,0,0,25183.01,0,True,False,True,0.21430662312062407,13926.730500000001
648,31,7,125681.51,1,0,1,129980.93,0,True,False,True,0.4000456096553639,11311.3359
663,37,8,155303.71,1,1,0,118716.63,0,True,False,False,0.5159771520971526,13977.333899999998
613,43,4,140681.68,1,0,1,20134.07,0,True,False,False,0.7842816926893699,12661.3512
620,28,9,71902.52,1,0,1,190208.23,0,False,False,True,0.22742464491990838,6471.2268
661,51,6,146606.6,1,1,1,68021.9,0,False,False,True,0.47940196838548316,13194.594000000001
669,45,1,123949.75,1,0,0,110881.56,0,True,False,True,0.8605109202512284,11155.477499999999
767,33,1,144753.21,1,1,1,132480.75,0,True,False,False,0.45242997472105967,13027.788899999998
491,72,6,91285.22,1,1,1,7032.95,0,False,False,False,0.3000003352341128,8215.6698
653,43,0,0.0,2,1,0,27862.58,0,False,False,True,0.2480390900213468,0.0
679,58,8,125850.53,2,1,1,87008.17,0,True,False,True,0.5937334130664579,11326.5477
687,28,7,108116.66,1,1,1,27411.19,0,False,False,True,0.18811677829353501,9730.4994
837,38,2,0.0,2,1,1,46395.21,0,False,False,False,0.15090155153389748,0.0
850,28,8,67639.56,2,1,1,194245.29,0,False,False,True,0.08650339044444115,6087.5604
663,53,6,150200.23,1,0,1,151317.27,1,False,True,False,0.6081356280680515,13518.020700000001
547,22,7,141287.15,1,1,0,118142.79,0,False,True,False,0.35573636098967887,12715.843499999999
627,41,6,0.0,3,1,1,138700.75,1,False,False,False,0.8092660651493777,0.0
707,37,1,0.0,2,0,1,6035.51,0,False,False,True,0.08715027720981329,0.0
629,43,0,0.0,2,1,1,41263.69,0,False,False,False,0.2716262046185806,0.0
687,36,4,97157.96,1,0,1,63185.05,0,False,False,False,0.27560899518719106,8744.216400000001
588,36,2,0.0,2,1,0,92536.0,1,False,False,False,0.2021961218868528,0.0
502,33,6,125241.17,2,1,1,158736.07,0,True,False,False,0.24051139628123935,11271.7053
793,54,2,128966.13,1,0,0,18633.4,1,True,False,True,0.8983351596897147,11606.951700000001
727,59,5,152581.06,1,1,0,71830.1,1,True,False,True,0.8513581491239768,13732.295399999999
632,32,1,0.0,2,1,0,19525.65,0,False,True,False,0.15970413166032388,0.0
474,37,5,142688.57,2,1,1,110953.33,0,True,False,False,0.2525762007349719,12841.971300000001
850,31,1,130089.56,2,1,1,4466.21,0,True,False,False,0.24443960522043412,11708.0604
584,36,9,0.0,1,1,1,105818.51,0,False,False,True,0.313899713290602,0.0
713,32,1,117094.02,1,0,0,149558.83,1,False,False,False,0.3255686311802231,10538.461800000001
742,24,8,0.0,2,1,0,4070.28,0,False,True,True,0.06822860408015974,0.0
607,39,10,0.0,3,1,0,132741.13,1,False,False,False,0.7682215141427036,0.0
761,34,2,0.0,2,1,0,61251.25,0,False,True,False,0.14046451142331506,0.0
600,49,7,90218.9,1,1,0,91347.76,0,False,False,True,0.7382014534085442,8119.700999999999
650,42,4,194532.66,1,1,0,171045.31,1,False,True,True,0.6391262871227704,17507.9394
850,56,1,169743.83,1,0,0,155850.4,1,True,False,True,0.8314927249110826,15276.944699999998
501,34,5,0.0,1,1,0,27380.99,0,False,False,False,0.4658465439014093,0.0
418,34,8,155973.88,1,1,0,154208.96,0,False,False,True,0.2802903417431915,14037.6492
797,59,4,129321.44,1,1,1,93624.55,0,False,True,True,0.397395814026393,11638.9296
788,42,6,138650.49,2,1,0,64746.07,0,True,False,False,0.35767918593505416,12478.5441
699,43,2,136487.86,2,1,0,82815.93,0,False,True,True,0.40289792684979914,12283.907399999998
616,18,6,0.0,2,1,1,27308.58,0,False,False,True,0.06395526050073155,0.0
651,41,4,38617.2,1,1,1,104876.8,0,False,False,False,0.47085943813117503,3475.548
654,28,7,0.0,2,1,0,151316.37,0,False,False,False,0.14011492786149005,0.0
676,34,8,82909.14,1,1,0,91817.38,1,False,False,False,0.3576691864727413,7461.8225999999995
708,54,8,145151.4,1,0,1,125311.17,1,True,False,False,0.8050381144871431,13063.625999999998
499,42,0,147187.84,1,1,1,14868.94,1,False,True,False,0.536570662888446,13246.905599999998
689,39,4,0.0,2,1,0,196112.45,0,False,False,True,0.11432220848785224,0.0
850,54,7,108185.81,2,0,0,24093.4,1,False,True,True,0.6914280901719281,9736.722899999999
502,30,4,0.0,2,1,1,66263.87,0,False,False,True,0.05922796222080083,0.0
643,34,7,0.0,2,0,1,100304.13,0,False,False,True,0.07594615237038262,0.0
762,28,2,0.0,2,1,0,167909.52,0,False,False,True,0.07770774534809707,0.0
719,49,5,105918.1,1,1,1,16246.59,0,False,False,True,0.522197266563585,9532.629
789,27,6,0.0,2,1,0,103603.65,0,False,False,True,0.07023528090390962,0.0
553,42,7,0.0,2,1,0,7680.23,0,False,True,True,0.17939240916673374,0.0
448,25,2,0.0,2,0,0,95215.73,0,False,True,True,0.0801949984703007,0.0
632,42,6,59972.26,2,0,1,148172.94,0,True,False,True,0.20266282879394482,5397.5034
669,25,7,157228.61,2,1,0,124382.9,0,False,True,True,0.2134811562945407,14150.574899999996
654,34,5,0.0,2,1,0,159311.46,0,False,True,True,0.0748347041234967,0.0
726,38,4,0.0,2,0,0,6787.48,0,False,False,False,0.18390325107771863,0.0
596,21,4,210433.08,2,0,1,197297.77,1,False,False,True,0.24443317128106393,18938.977199999998
733,30,1,102452.71,1,1,0,21556.95,0,True,False,False,0.5670300593668539,9220.743900000001
529,35,5,0.0,2,1,0,56518.0,0,False,True,False,0.1364851585242317,0.0
493,37,8,142987.46,2,1,0,158840.99,0,False,False,False,0.3578113611206211,12868.871399999998
615,29,7,143330.56,2,1,1,126396.01,0,False,True,False,0.19727001813295084,12899.7504
600,49,6,0.0,1,0,1,148087.88,1,False,False,False,0.7105149253296649,0.0
666,36,4,120165.4,2,1,0,33701.5,0,False,False,True,0.2023726682327686,10814.885999999999
644,54,6,0.0,1,0,1,84622.37,0,False,True,True,0.5613180723112492,0.0
692,36,4,0.0,1,1,0,185580.89,1,False,False,False,0.5170676581684903,0.0
707,73,6,66573.17,1,1,1,62768.8,0,False,False,True,0.2383980869624389,5991.5853
603,40,4,102833.46,2,1,1,38829.11,0,False,False,True,0.230035652235698,9255.0114
671,34,5,164757.56,1,1,0,110748.88,0,False,False,False,0.38026708722024966,14828.180399999997
568,36,10,153610.61,1,1,1,54083.8,1,False,True,False,0.2764324104428271,13824.954899999997
598,35,8,0.0,3,0,1,88658.73,0,False,True,False,0.5788072321622728,0.0
606,42,10,0.0,2,1,0,177938.52,0,False,True,True,0.20011052650583036,0.0
850,36,3,169025.83,1,1,0,174235.06,0,True,False,False,0.399042521825802,15212.324699999997
644,26,4,153455.72,2,1,1,82696.84,0,False,True,False,0.18092007980196181,13811.014799999999
655,37,4,0.0,2,1,1,142415.97,0,False,False,True,0.08386332790587966,0.0
850,30,10,153972.89,2,1,0,62811.03,0,False,False,True,0.1871510134334202,13857.5601
683,34,9,114609.55,2,0,1,25339.29,0,False,True,True,0.12456286834293875,10314.8595
663,37,7,143625.83,2,0,1,176487.05,0,True,False,True,0.24069352535706517,12926.324699999997
682,38,1,116520.28,1,1,1,49833.5,1,True,False,False,0.6197732023601186,10486.8252
639,77,6,80926.02,2,1,1,55829.25,0,False,False,True,0.1700373179563287,7283.3418
704,23,6,166594.78,1,1,1,155823.2,0,False,False,True,0.1931331181508134,14993.5302
691,40,0,115465.98,1,1,1,60622.61,0,False,False,False,0.41544519576665373,10391.938199999999
599,34,8,0.0,2,1,1,174196.68,0,False,False,True,0.06662752786555845,0.0
573,36,1,0.0,1,1,1,56905.38,0,False,False,False,0.37423397409852527,0.0
589,41,7,92618.62,1,1,1,101178.85,0,True,False,False,0.574684559967981,8335.675799999999
620,25,8,141825.88,1,1,1,73857.94,1,True,False,False,0.44594595380988394,12764.3292
647,28,6,149594.02,2,1,0,102325.19,0,False,True,True,0.22177448901976515,13463.461799999997
737,39,7,130051.66,2,0,0,55356.39,1,False,True,False,0.284210833248667,11704.649399999998
634,41,7,0.0,2,1,1,131284.93,0,False,False,False,0.2356090113157926,0.0
660,38,4,0.0,2,0,0,88080.43,0,False,False,True,0.09384061301592862,0.0
666,37,2,158468.76,1,0,1,93266.01,0,True,False,False,0.40685741520381996,14262.1884
696,44,8,161889.79,1,0,0,75562.47,0,False,False,True,0.609452761066692,14570.0811
836,29,9,133681.78,1,1,1,153747.73,0,False,False,False,0.29982715992927383,12031.3602
667,34,5,0.0,2,1,0,163830.64,0,False,True,False,0.1271000812151306,0.0
596,20,3,187294.46,1,1,0,103456.47,0,False,True,True,0.3683531408928411,16856.501399999997
430,31,5,0.0,1,1,0,95655.16,0,False,False,True,0.39291269933224204,0.0
596,67,6,0.0,2,1,1,138350.74,0,False,True,True,0.14729576622721402,0.0
599,28,7,119706.22,1,0,0,31190.42,0,False,False,True,0.27400020577741385,10773.559799999999
519,22,8,0.0,1,0,1,167553.06,0,False,False,False,0.2731690700699537,0.0
721,45,7,138523.2,1,0,0,59604.45,1,True,False,False,0.8950531364823054,12467.088
603,56,5,90778.76,2,1,0,162223.67,1,False,True,False,0.80595701843121,8170.0884
572,47,4,99353.42,1,1,0,196549.85,1,True,False,True,0.9009844280790182,8941.807799999999
453,40,1,111524.49,1,1,1,120373.84,1,True,False,False,0.7023897271358359,10037.204099999999
668,37,7,128645.67,1,1,0,92149.64,0,False,False,False,0.3985262007828104,11578.110299999998
762,35,1,117458.51,1,0,1,178361.48,1,True,False,True,0.4871722221324953,10571.265899999999
633,39,9,129189.15,2,0,0,170998.83,0,False,False,False,0.36374379724863337,11627.0235
647,33,7,121260.19,2,1,0,77216.48,0,False,True,True,0.189534904329635,10913.417099999999
796,56,6,94231.13,1,0,0,121164.6,1,False,True,True,0.8531577603398073,8480.8017
733,39,1,0.0,2,1,1,141841.31,0,False,False,True,0.08300295896970301,0.0
556,34,8,163757.06,1,1,1,104000.06,0,False,False,True,0.2119393198239707,14738.1354
489,58,4,0.0,2,1,1,191419.32,0,False,True,True,0.3392623940825147,0.0
639,22,4,0.0,2,1,0,28188.96,0,False,False,True,0.06878594922594605,0.0
715,35,2,141005.47,1,1,1,60407.93,0,False,False,True,0.19738915745903818,12690.4923
807,42,9,105356.09,2,1,1,130489.37,0,True,False,False,0.4427276939086181,9482.0481
714,34,5,0.0,2,1,0,193040.32,0,False,True,True,0.08271952818371008,0.0
626,23,6,85897.95,1,1,0,109742.8,0,True,False,False,0.38829460100733526,7730.815499999999
697,36,7,0.0,2,1,1,74760.32,0,False,False,True,0.08204735148613052,0.0
850,31,4,164672.66,1,0,1,61936.1,0,True,False,False,0.39145198083518734,14820.5394
737,45,2,99169.67,2,1,1,78650.95,0,True,False,False,0.6201408664438918,8925.2703
812,29,6,0.0,2,0,0,168023.6,0,False,False,True,0.07525698382530695,0.0
583,36,8,0.0,2,0,1,5571.59,0,False,False,True,0.09159946032683025,0.0
730,37,5,124053.03,1,1,0,118591.67,0,True,False,False,0.6569931812891828,11164.7727
677,36,4,0.0,2,1,0,7824.31,0,False,False,True,0.08154407431922946,0.0
748,40,3,103499.09,2,0,0,38153.19,0,True,False,False,0.3008082365220208,9314.918099999999
753,38,9,151766.71,1,1,1,180829.99,0,True,False,False,0.44988327034457987,13659.0039
634,36,1,0.0,1,1,1,143960.72,0,False,True,False,0.3897311948660893,0.0
622,29,7,101486.96,1,1,1,8788.35,0,False,False,True,0.19033428243170478,9133.8264
699,36,2,123601.56,2,1,0,103557.85,0,True,False,True,0.33798996104654927,11124.140399999998
570,38,1,127201.58,1,1,0,147168.28,1,True,False,True,0.6460044863025138,11448.1422
552,33,3,144962.74,1,1,0,58844.84,1,True,False,True,0.520417870413442,13046.6466
619,48,4,0.0,1,0,0,18094.96,1,False,False,False,0.8424257142459167,0.0
714,33,8,122017.19,1,0,0,162515.17,0,False,True,True,0.27622943453283033,10981.5471
503,32,9,100262.88,2,1,1,157921.25,0,False,True,True,0.09992782271448611,9023.6592
685,43,6,117302.62,1,0,0,68701.73,0,False,True,False,0.5912670161322906,10557.235799999999
606,35,0,135984.15,2,1,0,186778.89,0,False,False,False,0.2898677927611885,12238.573499999999
678,38,3,0.0,2,1,0,66561.6,0,False,False,True,0.08652997047377281,0.0
724,31,2,160997.54,2,0,1,64831.36,0,True,False,True,0.16667773946285863,14489.7786
779,37,2,128389.63,1,1,1,6589.16,1,True,False,False,0.6070707193576199,11555.0667
638,35,1,0.0,2,1,0,165370.66,0,False,True,True,0.09965015375193181,0.0
610,50,5,130554.51,3,1,0,184758.17,1,False,True,False,0.9038682071949452,11749.9059
646,57,6,90212.0,1,1,0,13911.27,1,True,False,False,0.9110227778086195,8119.079999999999
628,29,9,71996.29,1,1,1,34857.46,0,False,False,False,0.22725836608792985,6479.666099999999
528,32,4,85615.66,2,1,0,156192.43,0,False,False,False,0.27593632044662625,7705.4094
432,27,6,62339.81,2,0,0,53874.67,0,False,False,False,0.17928250254176575,5610.582899999999
622,47,6,142319.03,1,0,0,100183.05,0,False,True,False,0.7350760512476238,12808.7127
721,54,5,0.0,2,1,1,4493.12,0,False,False,True,0.21489760459027818,0.0
614,36,5,0.0,2,1,0,130610.78,0,False,True,True,0.08783452446949842,0.0
634,24,2,87413.19,1,1,0,63340.65,0,False,False,False,0.3322662774685368,7867.1871
742,29,4,0.0,2,1,1,180066.59,0,False,False,False,0.108910210593217,0.0
516,45,4,0.0,1,1,0,95273.73,1,False,False,False,0.8358960176809883,0.0
718,35,3,97560.16,1,1,1,53511.74,0,False,False,True,0.1862548825956052,8780.4144
636,30,8,141787.31,2,1,1,109685.61,0,True,False,True,0.16214421422760864,12760.857899999999
691,36,7,129934.64,1,0,0,75664.56,1,False,True,True,0.3416731364410308,11694.1176
698,37,2,166178.02,2,1,1,71972.95,0,False,False,False,0.21577821363090685,14956.021799999999
712,39,5,163097.55,2,1,1,23702.42,0,False,True,False,0.2554601283073188,14678.779499999999
659,20,8,0.0,2,0,0,112572.02,0,False,False,True,0.0756476393284717,0.0
573,44,8,0.0,2,0,0,62424.46,0,False,True,True,0.2728800753441723,0.0
778,35,1,151958.19,3,1,1,131238.37,1,True,False,False,0.8379021144849781,13676.237099999998
732,46,0,0.0,2,1,1,184350.78,0,False,False,True,0.22202692771475466,0.0
550,33,4,118400.91,1,0,1,13999.64,1,True,False,True,0.4283957273197712,10656.081900000001
790,20,8,0.0,2,1,0,168152.76,0,False,True,True,0.06663661644290203,0.0
665,43,2,116322.27,4,1,0,35640.12,1,True,False,False,0.9265090986470272,10469.0043
728,43,5,0.0,1,1,1,120088.17,0,False,True,False,0.5592235786566677,0.0
645,29,4,0.0,2,1,1,74346.11,0,False,True,False,0.10548381761949947,0.0
647,30,6,143138.91,2,1,0,2955.46,0,True,False,True,0.24148771753945972,12882.5019
596,32,4,0.0,2,0,1,146504.35,0,False,True,True,0.07544742846586326,0.0
610,40,9,0.0,1,1,1,149602.54,0,False,False,True,0.3912477012478577,0.0
512,36,0,129804.17,1,1,0,53020.9,0,False,False,True,0.311760029834481,11682.3753
768,37,9,108308.11,1,1,0,41788.25,1,True,False,True,0.6322623857153956,9747.7299
666,30,3,110153.27,1,0,1,74849.46,0,True,False,True,0.35128691245488347,9913.794300000001
700,30,4,116377.48,1,1,1,134417.31,0,True,False,False,0.4627331268638051,10473.9732
651,37,10,117791.06,2,1,1,75837.58,0,True,False,False,0.3077508820309764,10601.1954
542,26,2,0.0,2,1,1,54869.54,0,False,True,False,0.11550535001632461,0.0
686,35,8,105419.73,1,1,0,35356.46,0,False,False,False,0.37687396163145137,9487.7757
850,47,4,99219.47,2,1,1,122141.13,0,True,False,False,0.5117863331194328,8929.7523
658,55,8,119327.93,1,0,1,119439.66,0,True,False,False,0.7987908901647987,10739.5137
448,36,6,83947.12,2,1,0,81999.53,0,False,False,False,0.2918179084813551,7555.2408
609,32,4,99883.16,1,1,1,120594.85,0,False,True,True,0.20492468884064738,8989.4844
704,50,4,165438.26,1,1,0,120770.75,1,False,False,True,0.8151143271611994,14889.4434
698,31,1,156111.24,1,0,0,134790.74,0,False,False,True,0.25937193310127343,14050.0116
759,44,2,111095.58,2,1,0,100137.7,0,False,False,True,0.39454525490835296,9998.602200000001
677,56,0,119963.45,1,0,0,158325.87,1,False,False,False,0.8575853069166678,10796.7105
544,22,4,0.0,2,1,0,70007.67,0,False,True,True,0.0729784846940549,0.0
567,35,8,153137.74,1,1,0,88659.07,0,False,True,True,0.31340343994482195,13782.396599999996
490,40,6,156111.08,1,0,0,190889.13,0,False,True,True,0.37929369707455973,14049.997199999998
626,34,7,113014.7,2,1,1,56646.28,0,False,False,True,0.12860118986216373,10171.323
718,43,5,132615.73,2,1,0,32999.1,0,True,False,True,0.5493794681886978,11935.4157
616,44,5,102016.38,1,0,1,178235.37,1,False,False,True,0.5179027016727994,9181.4742
772,35,9,0.0,1,0,1,25448.31,0,False,False,False,0.27303832207420986,0.0
561,32,5,0.0,2,1,0,84871.99,0,False,False,True,0.08840832869862,0.0
814,49,8,0.0,2,0,0,157822.54,0,False,False,True,0.326934320812717,0.0
651,56,4,0.0,1,0,0,84383.22,1,False,False,False,0.8929664179907401,0.0
538,42,4,80380.24,1,1,0,119216.46,0,True,False,False,0.5329464772403842,7234.221600000001
600,26,6,108909.12,1,1,0,82547.01,0,False,False,False,0.34584230083928125,9801.820799999998
654,35,2,90865.8,1,1,1,86764.46,0,False,False,False,0.23560542385267982,8177.9220000000005
622,40,4,99799.76,2,1,0,197372.13,0,False,False,True,0.24086638093581503,8981.978399999998
682,28,10,200724.96,1,0,1,82872.64,1,False,False,True,0.36022949785143976,18065.246399999996
610,37,10,140363.95,2,1,1,129563.86,0,False,True,False,0.2134368529196044,12632.7555
795,36,1,151844.64,1,1,1,135388.89,0,False,False,False,0.24237129542522431,13666.017600000001
557,27,2,0.0,2,0,1,4497.55,0,False,False,False,0.12435928330448016,0.0
824,49,8,133231.48,1,1,1,67885.37,0,True,False,True,0.783762727886782,11990.833200000001
698,27,7,0.0,2,1,0,111471.55,0,False,False,True,0.07706542682847409,0.0
630,36,8,126598.99,2,1,1,134407.93,0,False,False,False,0.22487998546276292,11393.9091
609,71,6,113317.1,1,1,0,108258.22,1,True,False,False,0.8964633858319511,10198.539
694,47,4,0.0,2,1,0,197528.62,0,False,False,True,0.24479843988426914,0.0
681,58,8,93173.88,1,1,1,139761.25,0,False,False,False,0.5785958632076533,8385.6492
721,32,10,0.0,1,1,0,136119.96,1,False,True,False,0.4219298815787807,0.0
563,44,7,105007.31,2,1,1,197812.16,0,True,False,True,0.4191968718712953,9450.657899999998
654,32,2,0.0,1,1,1,51972.92,1,False,True,False,0.42692906605607034,0.0
659,27,4,0.0,2,1,0,99341.87,0,False,True,True,0.06954350694039245,0.0
674,44,4,131593.85,1,0,1,171345.02,1,True,False,False,0.7834936004481992,11843.4465
576,44,9,119530.52,1,1,0,119056.68,1,True,False,True,0.8763330345189649,10757.746799999999
566,54,4,118614.6,2,1,1,172601.62,0,True,False,True,0.6076549207533425,10675.314
545,37,9,95829.13,2,0,1,104936.88,0,True,False,True,0.19863444797631527,8624.6217
798,36,1,0.0,2,1,1,159044.1,0,False,False,True,0.05902810590054092,0.0
757,38,0,0.0,1,1,0,83263.06,0,False,False,True,0.397689077430826,0.0
641,50,6,153590.73,2,1,1,130910.78,0,False,False,True,0.38784815948410634,13823.165700000001
718,29,2,0.0,1,1,0,126336.72,0,False,False,True,0.3757565688812287,0.0
699,64,9,113109.52,1,1,0,27980.8,1,False,False,True,0.8052583830988591,10179.856800000001
623,35,0,130557.24,1,1,1,47880.71,0,False,False,False,0.26361643030759935,11750.151600000001
644,40,8,93183.19,1,1,0,73882.49,0,False,False,True,0.4513341554149576,8386.4871
586,58,7,151933.63,1,1,0,162960.05,1,False,False,True,0.8312816134679245,13674.026699999999
500,30,2,125495.64,2,1,1,68807.47,0,True,False,True,0.160867330996602,11294.6076
583,42,7,0.0,2,1,0,144039.05,0,False,False,False,0.3227125070009593,0.0
595,26,8,118547.72,1,1,1,151192.18,0,True,False,False,0.4526941454999139,10669.2948
670,43,1,97792.21,1,0,0,120225.62,0,False,True,True,0.6144000060664488,8801.298900000002
610,41,6,0.0,3,0,0,56118.81,1,False,False,True,0.698881216557453,0.0
814,72,2,0.0,2,0,1,130853.03,0,False,True,False,0.13669557231761462,0.0
660,40,8,167181.01,1,1,1,185156.94,0,False,False,False,0.435932115806226,15046.2909
580,35,9,121355.19,1,0,1,35671.45,0,True,False,True,0.44260320231688705,10921.9671
850,81,1,0.0,2,1,1,59568.24,0,False,False,False,0.10978612635425625,0.0
676,35,0,0.0,2,0,0,139911.58,0,False,True,True,0.10990517881580626,0.0
578,46,5,113226.47,1,1,0,56770.76,0,False,False,True,0.7178309503201011,10190.382300000001
579,33,1,118392.75,1,1,1,157564.75,0,False,False,False,0.25162764135945315,10655.3475
711,52,8,145262.54,1,0,1,131473.31,0,True,False,False,0.8052963016089748,13073.6286
692,40,6,163505.16,1,0,0,90424.09,0,False,False,True,0.45841361928245755,14715.4644
760,33,1,118114.28,2,0,1,156660.21,0,False,True,False,0.20022451062231755,10630.285199999998
630,51,0,108449.23,3,0,0,88372.69,1,True,False,False,0.9610152634692527,9760.430699999999
808,32,1,0.0,2,1,1,46200.71,0,False,False,True,0.05549499173907584,0.0
611,36,10,103294.56,1,1,0,160548.12,0,True,False,False,0.5854943309068584,9296.5104
697,42,1,0.0,1,1,0,1262.83,1,False,False,False,0.6562668782932479,0.0
655,38,6,0.0,1,1,1,188639.28,0,False,False,False,0.3477466350067406,0.0
601,28,6,0.0,2,1,0,14665.28,0,False,True,True,0.07314929843209475,0.0
755,42,2,119919.12,1,1,0,156868.21,0,False,False,True,0.5795859939389586,10792.7208
553,37,1,0.0,1,1,0,30461.55,0,False,False,True,0.3575869024014122,0.0
723,28,4,0.0,2,1,1,123885.88,0,False,False,True,0.06679639897731683,0.0
507,34,4,0.0,2,1,1,60688.38,0,False,True,False,0.1036288904436058,0.0
777,43,1,0.0,2,1,0,21785.91,0,False,False,True,0.23271496956463064,0.0
566,34,3,0.0,1,0,0,188135.69,0,False,False,True,0.40592869529035774,0.0
732,26,7,0.0,2,1,0,154364.66,0,False,False,True,0.07490658828059021,0.0
697,42,10,0.0,2,1,0,61312.15,0,False,False,False,0.3590982787833403,0.0
555,29,4,128744.04,1,1,1,47454.93,0,False,False,True,0.2039781524425598,11586.9636
584,62,9,137727.34,2,0,1,121102.9,0,True,False,False,0.5557612904297036,12395.4606
705,44,10,106731.58,1,1,0,137419.87,1,True,False,False,0.8845491010970865,9605.8422
688,38,7,123544.21,1,1,1,157664.02,0,False,False,False,0.3131859482218142,11118.9789
626,37,2,133968.96,2,1,0,148689.65,0,False,False,False,0.3116290010480085,12057.2064
636,76,9,126534.6,1,1,1,39789.62,0,False,True,True,0.2398434717704852,11388.114
719,35,8,0.0,1,1,1,165162.4,0,False,True,False,0.30034509425264,0.0
706,30,6,87609.68,2,0,0,137674.55,1,False,True,True,0.20540711243712587,7884.8712
731,41,3,0.0,2,1,0,101371.72,0,False,True,True,0.11808760893291685,0.0
738,49,3,0.0,3,1,1,65066.48,1,False,True,True,0.6871561607930531,0.0
426,34,9,0.0,2,1,0,107876.91,0,False,False,True,0.11297766427858075,0.0
622,36,0,108960.0,2,1,0,111180.3,1,False,True,False,0.3862788341529883,9806.4
701,30,2,0.0,2,1,0,115650.63,0,False,True,False,0.1531362724852268,0.0
512,51,6,144953.31,1,1,1,165035.17,0,False,False,True,0.5426594674376813,13045.7979
635,41,4,103544.88,2,1,0,193746.55,0,False,False,True,0.2599744649880812,9319.0392
685,33,6,0.0,1,1,0,58458.26,0,False,False,True,0.4079808883707527,0.0
609,53,7,0.0,2,0,1,52332.85,0,False,False,True,0.2500976097896178,0.0
598,38,1,101487.18,1,1,1,75959.1,1,True,False,True,0.48741471148431226,9133.8462
708,52,10,105355.81,1,1,0,123.07,1,False,False,True,0.7423603492399482,9482.0229
574,36,4,77967.5,1,1,0,167066.95,1,False,True,True,0.3585386974563498,7017.075000000001
629,44,5,0.0,4,0,0,117572.59,1,False,False,True,0.8563008123352064,0.0
422,54,4,0.0,2,1,1,7166.71,0,False,True,False,0.3248939190011255,0.0
656,28,8,120047.77,1,1,1,137173.39,0,False,True,True,0.187588807080581,10804.2993
697,32,7,175464.85,3,1,0,116442.42,1,False,False,True,0.8952364542000767,15791.8365
718,52,8,79475.3,3,1,1,32421.32,1,False,False,True,0.8159591224208101,7152.777
586,37,8,167735.69,2,0,1,104665.79,0,True,False,True,0.1752954419541466,15096.2121
481,37,8,0.0,2,1,0,44215.86,0,False,True,False,0.1556080986676149,0.0
749,33,1,74385.98,1,1,0,20164.47,0,False,False,False,0.37455212837249063,6694.738199999999
561,49,5,94754.0,1,1,1,26691.31,0,True,False,True,0.7114633140840033,8527.86
676,27,4,0.0,1,0,1,107955.67,0,False,True,True,0.2668823834814445,0.0
615,43,3,86920.86,1,1,1,150048.37,0,True,False,True,0.5240167397839,7822.877399999999
582,39,1,132077.48,2,1,0,192255.15,0,False,False,False,0.2949168912667359,11886.9732
601,40,10,127847.86,1,0,0,173245.68,0,False,False,True,0.44510388125556255,11506.3074
708,34,3,0.0,1,0,1,121457.88,1,False,False,True,0.3021671225117767,0.0
708,42,9,176702.36,2,1,1,104804.74,0,True,False,True,0.21645587517024495,15903.212399999999
797,33,10,83555.58,1,0,0,69767.14,0,True,False,False,0.4174171622457585,7520.002199999999
682,26,8,0.0,2,1,0,178373.43,0,False,False,True,0.0705960055289324,0.0
694,39,9,0.0,2,0,0,99924.04,0,False,True,False,0.18202553266848845,0.0
490,40,1,0.0,1,1,1,49594.19,1,False,False,False,0.5418078402463814,0.0
828,42,10,0.0,1,1,1,186071.14,0,False,True,True,0.3702431058271442,0.0
594,38,7,96858.35,1,1,0,77511.45,0,False,True,False,0.4410960394871772,8717.2515
579,33,1,0.0,2,1,1,54816.57,0,False,True,True,0.09065920976192793,0.0
723,35,0,0.0,2,0,1,61290.99,0,False,False,False,0.16887694954484714,0.0
619,42,8,132796.04,3,1,1,191821.35,1,True,False,False,0.9254961635029809,11951.643600000001
794,30,1,154970.54,1,0,1,156768.45,0,False,True,False,0.23544465154678104,13947.348600000001
674,44,3,88902.21,1,1,0,73731.32,0,True,False,True,0.7606030584003747,8001.198899999999
418,28,7,98738.92,1,1,0,122190.22,0,False,False,True,0.263401145704006,8886.502799999998
502,33,8,0.0,2,1,1,123509.01,0,False,False,True,0.06158741776078012,0.0
678,50,6,0.0,1,1,0,8199.5,0,False,False,False,0.8021757127107694,0.0
599,40,10,137456.28,2,1,1,14113.11,0,True,False,True,0.31000829556461246,12371.065200000001
736,29,4,0.0,2,0,0,51705.01,0,False,False,True,0.07145293280932905,0.0
430,60,7,73937.02,1,1,0,161937.62,1,False,False,False,0.8697337869108749,6654.3318
537,45,7,158621.04,1,1,0,120892.96,1,False,False,False,0.7551848722031741,14275.8936
683,30,1,113257.2,1,1,1,65035.02,0,False,True,True,0.1906719891032127,10193.148
828,31,9,0.0,1,0,1,164257.37,0,False,False,True,0.2424693714457424,0.0
691,29,9,116536.43,1,1,0,51987.99,0,False,False,False,0.34795761429978306,10488.278699999999
608,28,4,0.0,2,1,0,10899.63,1,False,True,False,0.13529662417266003,0.0
691,60,6,101070.69,1,1,0,177355.8,1,False,False,False,0.8452504445576391,9096.3621
718,39,6,0.0,2,0,1,63889.1,0,False,True,True,0.07673038086892398,0.0
680,31,3,127331.46,3,1,1,176433.6,0,True,False,False,0.5381172663218945,11459.8314
838,41,5,0.0,2,1,0,81313.51,0,False,True,False,0.19653505378904634,0.0
695,31,5,0.0,2,0,1,13998.88,0,False,True,False,0.13645346256622984,0.0
681,46,0,105969.42,1,1,0,5771.56,0,False,False,True,0.698582384967509,9537.2478
762,36,5,119547.46,1,1,1,42693.65,0,False,False,True,0.21147689017623858,10759.2714
751,38,7,0.0,2,0,0,90839.61,0,False,True,True,0.09022122508718883,0.0
678,28,5,138668.18,1,1,1,54144.01,0,False,True,True,0.20764154419034678,12480.1362
634,37,7,51582.5,2,1,1,184312.88,0,False,False,False,0.19372192585685352,4642.424999999999
749,37,7,0.0,2,1,0,20306.79,0,False,False,True,0.08117024281405145,0.0
590,37,6,169902.92,1,1,1,128256.18,0,False,True,True,0.23237453801459843,15291.2628
610,27,4,87262.4,2,1,0,182720.07,0,False,False,False,0.24982444527333617,7853.616
502,33,7,0.0,2,0,1,4082.52,0,False,False,True,0.06173954730926277,0.0
578,40,7,0.0,2,0,0,102233.73,0,False,False,False,0.2524992707564587,0.0
547,32,2,0.0,2,1,0,132002.83,0,False,False,False,0.14704584387780004,0.0
579,27,9,0.0,2,1,0,126838.7,0,False,False,False,0.12858937388801567,0.0
661,39,5,0.0,2,0,0,181461.46,0,False,False,True,0.12540494324389587,0.0
794,46,6,0.0,2,1,0,195325.74,0,False,False,True,0.23111991334776644,0.0
719,61,5,0.0,2,0,1,29132.43,0,False,False,True,0.17360349428598132,0.0
728,69,1,0.0,2,1,1,131804.86,0,False,False,False,0.15384977671282654,0.0
598,19,3,150348.37,1,1,1,173784.04,0,True,False,True,0.2679806212122093,13531.353299999999
822,46,3,115074.02,2,1,0,26249.86,0,True,False,False,0.5443077157546908,10356.6618
670,40,3,0.0,1,1,1,182650.15,0,False,True,False,0.47533276928155066,0.0
850,28,8,99986.98,1,1,0,196582.55,0,False,False,True,0.25006675217110436,8998.8282
723,68,3,110357.0,1,0,0,141977.54,1,True,False,False,0.9344281361942833,9932.130000000001
705,42,8,166685.92,2,1,1,55313.51,0,True,False,True,0.25606900390958104,15001.732800000002
677,40,7,95312.8,1,1,1,62944.75,0,False,True,True,0.2868469854276875,8578.152
736,43,4,202443.47,1,1,0,72375.03,0,False,False,True,0.6266413601597054,18219.912299999996
661,47,0,109493.62,1,0,0,188324.01,1,True,False,False,0.9334420089768962,9854.425799999999
501,38,9,88977.39,2,0,1,133403.07,0,True,False,True,0.18239395399842528,8007.965099999999
516,29,2,104982.57,1,1,0,157378.5,0,False,False,False,0.33361875521505324,9448.4313
517,59,8,154110.99,2,1,0,101240.08,1,True,False,False,0.7572643764239192,13869.989099999999
766,32,6,185714.28,1,1,1,102502.5,0,False,False,True,0.21943373048293727,16714.2852
520,23,3,116022.53,2,1,1,37577.66,0,True,False,False,0.22480892585287335,10442.027699999999
541,46,6,0.0,2,1,1,83456.67,0,False,False,True,0.20957798592532906,0.0
790,34,2,164011.48,1,1,0,199420.41,0,True,False,False,0.35048777638608763,14761.0332
797,31,9,0.0,2,1,1,24748.89,0,False,False,True,0.053993999684350376,0.0
811,40,1,101514.89,1,1,1,121765.0,0,False,False,True,0.2671957770727461,9136.3401
722,32,4,0.0,2,1,1,113666.48,0,False,True,False,0.09617955091016034,0.0
675,28,9,0.0,1,1,0,134110.93,0,False,False,True,0.3381157819031327,0.0
660,39,9,134599.33,2,1,0,183095.87,0,True,False,True,0.417370198218489,12113.939699999999
566,32,10,147511.26,1,1,1,159891.03,0,False,True,True,0.20962439552188797,13276.0134
768,25,0,78396.08,1,1,1,8316.19,0,False,False,True,0.15654069710466995,7055.647199999999
610,31,5,0.0,2,0,0,63736.36,0,False,True,False,0.12568889997665258,0.0
715,31,3,110581.29,1,1,1,94715.24,0,False,False,False,0.23192312045912464,9952.3161
750,42,8,151836.36,2,1,0,68695.38,0,True,False,True,0.3363258686946613,13665.272399999998
431,45,5,83624.55,2,0,0,36899.62,0,True,False,True,0.43447176969110685,7526.2095
704,24,2,148197.15,2,1,0,182775.08,0,False,False,True,0.20325335111942797,13337.7435
535,30,5,122924.75,1,0,0,62390.59,1,False,True,False,0.37423805526570886,11063.227499999999
614,38,4,72594.0,1,1,1,76042.48,0,False,False,False,0.33281698033419277,6533.459999999999
748,38,4,115221.36,1,0,1,70956.75,0,False,False,True,0.22103678970290722,10369.9224
492,51,8,117808.74,2,1,1,67311.12,0,True,False,True,0.60908071980483,10602.7866
573,40,7,147754.68,1,1,1,110454.46,0,False,False,True,0.32108397845976294,13297.921199999997
706,53,3,0.0,3,0,0,88479.02,1,False,True,False,0.923844217859193,0.0
680,31,10,113292.17,1,1,1,122639.73,0,False,False,True,0.1831640658613148,10196.295299999998
458,36,5,0.0,2,1,0,79723.78,0,False,True,True,0.09945790971695705,0.0
612,44,2,115163.38,1,1,1,97677.52,1,True,False,True,0.7663674794895422,10364.7042
809,50,10,118098.62,1,1,1,100720.02,1,True,False,True,0.7741249886570851,10628.8758
590,39,9,0.0,2,1,1,104730.52,0,False,False,True,0.09431380254549256,0.0
602,35,8,0.0,1,1,1,22499.29,0,False,False,True,0.3093123664667875,0.0
540,37,0,120825.7,1,1,0,28257.89,0,False,True,True,0.3220407717264178,10874.312999999998
494,25,6,0.0,2,0,1,109988.09,0,False,False,True,0.06391110127327079,0.0
797,29,1,0.0,1,0,1,149991.32,0,False,False,True,0.22089887624168839,0.0
526,61,6,133845.28,2,1,1,45180.8,0,True,False,True,0.5480100851577399,12046.0752
631,38,7,0.0,2,1,0,181605.85,0,False,True,True,0.09333245432818871,0.0
576,29,5,108541.04,1,1,1,126469.09,0,False,False,False,0.24667269823219914,9768.693599999999
405,39,10,0.0,1,1,0,160810.85,1,False,False,True,0.6433885620017977,0.0
555,30,1,0.0,2,0,0,88146.86,0,False,False,True,0.07167857344848792,0.0
750,37,2,113817.06,1,0,0,88333.74,0,False,True,False,0.35553652537489533,10243.535399999999
665,28,8,137300.23,1,1,0,90174.83,0,False,False,True,0.279480889879749,12357.020700000001
640,37,5,158024.38,1,1,0,81298.09,0,False,True,True,0.35985059447756174,14222.194199999998
457,33,7,127837.54,1,0,1,60013.17,0,False,False,False,0.23873931986644617,11505.3786
695,36,4,161533.0,1,1,0,100940.91,0,False,False,True,0.3550702715910253,14537.97
645,31,7,161171.7,2,1,0,12599.94,1,False,False,True,0.3130379726166772,14505.453
647,32,9,80958.36,1,1,1,128590.73,0,False,True,True,0.19990883996362654,7286.252399999999
808,25,7,0.0,2,0,1,23180.37,0,False,True,True,0.053902773091679554,0.0
641,33,2,146193.6,2,1,1,55796.83,1,False,False,True,0.17145696903235547,13157.423999999999
700,29,8,0.0,2,0,1,152097.02,0,False,True,True,0.07029911585877413,0.0
660,26,4,115021.76,1,0,1,162443.05,0,True,False,True,0.3238461852998946,10351.9584
615,41,1,126773.43,1,1,1,55551.26,0,False,True,True,0.3245971376159126,11409.608699999999
705,40,3,92889.91,1,1,1,109496.69,0,True,False,False,0.6200707823170226,8360.0919
718,48,9,0.0,2,1,1,72105.63,0,False,False,True,0.2239864702796135,0.0
754,61,5,146622.35,1,1,1,41815.22,1,False,False,True,0.43240790925352485,13196.0115
713,45,4,131038.14,1,1,0,74005.04,1,True,False,True,0.8695333995744318,11793.4326
587,46,6,88820.29,1,0,0,70224.34,0,False,False,False,0.720332760250148,7993.826099999999
569,31,1,115406.97,1,0,0,145528.22,0,False,True,True,0.28666460321684795,10386.6273
568,38,3,132951.92,1,0,1,124486.28,0,False,False,False,0.2857667992748418,11965.6728
634,74,5,108891.7,1,1,0,10078.02,0,True,False,True,0.546378864261919,9800.252999999999
770,46,5,141788.63,2,0,0,164967.21,0,True,False,False,0.6027062701118114,12760.976700000001
676,64,4,116954.32,1,1,1,91149.48,0,False,True,False,0.39588921293886764,10525.8888
723,47,10,90450.0,2,0,0,103379.31,1,True,False,False,0.7242271821206413,8140.5
614,39,8,125997.22,1,1,1,128049.34,1,True,False,False,0.6737573319342949,11339.7498
601,41,3,0.0,2,1,0,54342.83,0,False,True,False,0.2310911966072089,0.0
592,60,9,0.0,4,1,1,13614.01,1,False,False,True,0.7832404279954812,0.0
605,36,9,0.0,2,0,1,35521.63,0,False,True,False,0.13933013201451946,0.0
752,31,4,144637.86,2,1,0,40496.72,0,False,True,False,0.21705340232078058,13017.407399999996
677,29,3,86616.35,1,0,0,91903.9,1,False,False,False,0.3582022596133381,7795.4715
850,31,8,0.0,2,1,0,178667.7,0,False,False,True,0.08277051096393312,0.0
608,48,2,127924.25,2,1,0,32202.61,0,True,False,False,0.7253095148421902,11513.182499999999
786,34,9,0.0,2,1,0,117034.32,0,False,True,False,0.09626221052771614,0.0
777,29,9,131240.61,1,1,1,163746.09,1,False,False,False,0.33270041079014284,11811.654899999998
667,31,5,0.0,2,1,1,20346.69,0,False,True,True,0.06292677536145858,0.0
848,35,5,120046.74,2,1,0,84710.65,0,False,True,True,0.1922793241685844,10804.2066
486,39,8,97819.36,1,0,1,120531.31,0,False,False,False,0.3778832759597477,8803.7424
598,64,1,62979.93,1,1,1,152273.57,0,False,True,False,0.484838174846467,5668.1937
506,40,3,0.0,1,1,1,144345.58,0,False,False,False,0.5299363792960176,0.0
612,46,9,161450.03,1,1,1,96961.0,1,True,False,True,0.6849789669813069,14530.502700000001
545,30,3,0.0,2,1,0,170307.43,0,False,False,True,0.08660127541360349,0.0
793,56,8,119496.25,2,1,0,29880.99,0,False,False,True,0.6173732096722305,10754.662499999999
682,30,9,0.0,2,1,1,195104.91,0,False,False,False,0.11104601612908374,0.0
517,62,1,43772.66,3,1,0,187756.24,1,False,False,True,0.9520086831052282,3939.5394000000006
684,32,9,100249.41,2,0,1,67599.69,0,False,False,True,0.12268996166710291,9022.4469
692,46,2,0.0,2,1,1,105983.09,0,False,True,True,0.2047082004513449,0.0
740,60,5,108028.08,2,0,0,25980.42,1,False,False,False,0.7474292134122459,9722.5272
666,71,1,53013.29,2,1,1,112222.64,0,True,False,True,0.17996907174033655,4771.1961
693,68,2,0.0,2,1,1,59864.96,0,False,False,True,0.0753126540877054,0.0
757,33,1,122088.67,1,1,0,42581.09,0,True,False,True,0.5587582817788248,10987.9803
684,18,9,90544.0,1,0,1,4777.23,0,True,False,True,0.219912983477842,8148.959999999999
691,35,6,0.0,2,0,1,178038.17,0,False,True,True,0.07051242295415429,0.0
842,44,3,141252.18,4,0,1,128521.16,1,False,False,True,0.8464024647085406,12712.696199999998
482,35,5,147813.05,2,0,0,109029.72,0,False,False,False,0.2843025013431304,13303.1745
735,55,6,134140.68,1,1,0,2267.88,0,False,False,True,0.7551171842665512,12072.661199999999
681,63,7,0.0,2,1,1,55054.48,0,False,False,False,0.19316292882972763,0.0
616,31,8,0.0,1,0,1,76456.17,0,False,False,False,0.26642445133314047,0.0
850,35,2,128548.49,4,1,0,75478.95,1,False,False,False,0.8763214938780151,11569.3641
635,43,10,122198.21,2,0,1,179144.54,0,False,False,True,0.3235649102394406,10997.8389
638,42,8,145177.84,1,1,0,193471.74,1,True,False,True,0.6738295594366676,13066.005599999999
820,31,2,94222.53,1,1,0,103570.8,0,False,True,False,0.3633622774022661,8480.027699999999
694,58,1,143212.22,1,0,0,102628.56,1,True,False,False,0.9437764243706919,12889.0998
713,41,3,0.0,2,1,0,55772.04,0,False,False,True,0.12071478982618342,0.0
543,41,6,143350.41,1,1,1,192070.16,1,True,False,True,0.6055653363724017,12901.536900000001
649,41,3,130931.83,1,1,1,144808.37,0,False,False,False,0.4472128283653455,11783.864699999998
777,30,4,137851.31,1,1,0,5008.23,1,False,False,False,0.35951553837797406,12406.617899999997
561,33,6,0.0,2,0,0,173680.39,0,False,False,True,0.0896902389955988,0.0
724,41,5,0.0,1,0,1,115753.94,0,False,True,True,0.3594651085677455,0.0
665,51,8,0.0,1,1,1,38928.48,1,False,True,False,0.5982267004432447,0.0
441,60,1,140614.15,1,0,1,174381.23,0,False,False,True,0.43771050206737605,12655.2735
579,22,3,118680.57,1,1,1,49829.8,0,False,True,True,0.2131355465891495,10681.2513
777,35,7,122917.69,1,1,1,76169.68,0,True,False,True,0.46958486539100847,11062.5921
739,36,0,0.0,2,0,0,133465.57,0,False,False,False,0.16597623674390546,0.0
660,40,5,131754.11,2,1,1,38761.61,0,False,False,True,0.21816920487988764,11857.869899999998
554,35,8,0.0,2,1,1,176779.46,0,False,False,False,0.11264969762000816,0.0
850,24,6,0.0,2,1,1,13159.9,0,False,False,False,0.11287774959222575,0.0
842,35,9,119948.09,1,1,0,48217.97,1,True,False,False,0.682659684330273,10795.328099999999
785,38,1,0.0,1,1,0,134964.85,1,False,False,False,0.5029489856685329,0.0
550,25,0,0.0,2,1,1,184221.11,0,False,False,True,0.06181046847528261,0.0
750,39,6,0.0,2,0,0,19264.33,0,False,True,False,0.1709310791540679,0.0
490,38,3,97266.1,1,1,1,92797.23,0,False,True,False,0.3034903791278876,8753.949
605,28,10,113690.83,1,1,0,33114.24,0,True,False,True,0.5345256315245771,10232.1747
563,42,6,99056.22,2,1,0,154347.95,1,False,True,False,0.4966213073672722,8915.059799999999
675,34,8,0.0,2,1,1,184842.21,0,False,False,True,0.06691836374785426,0.0
621,36,7,116338.68,1,1,1,155743.48,0,False,True,False,0.2832831780632002,10470.481199999998
850,40,6,97339.99,1,0,1,88815.25,0,False,False,True,0.2661977866020028,8760.5991
711,41,3,0.0,2,1,1,193747.57,0,False,False,True,0.13002777319758377,0.0
549,55,1,137592.31,2,0,1,116548.02,1,True,False,False,0.692469701220165,12383.3079
764,34,6,108760.27,2,1,0,166324.79,1,True,False,True,0.30835919379653975,9788.4243
627,30,3,128770.88,2,1,1,40199.01,0,True,False,True,0.18802419577991028,11589.3792
850,34,2,0.0,2,0,0,51919.04,0,False,False,False,0.12495266488411899,0.0
614,36,1,44054.84,1,1,1,73329.08,0,False,True,False,0.34370371592355575,3964.9356
685,44,2,119657.53,1,1,0,145387.05,1,True,False,False,0.8848334984950675,10769.1777
683,49,7,108797.63,2,0,0,140763.18,0,True,False,False,0.7784515396482328,9791.7867
643,35,2,0.0,2,0,0,67979.35,0,False,True,True,0.08899281952021994,0.0
561,49,1,102025.32,1,1,0,133051.64,1,True,False,False,0.9461025006774105,9182.2788
601,20,9,122446.61,2,1,0,86791.9,0,False,True,False,0.24079646550715292,11020.194899999999
766,27,7,158786.67,2,0,1,47579.25,0,False,False,False,0.16890003897370814,14290.800300000003
699,29,3,125689.29,1,1,1,151623.71,0,False,False,True,0.19094061023978365,11312.036099999998
850,29,1,154640.41,1,1,1,164039.51,0,True,False,True,0.26549733953614474,13917.636900000001
792,50,4,146710.76,1,1,0,16528.4,1,True,False,False,0.9170290522411892,13203.9684
636,67,7,136709.35,1,0,1,66753.1,1,True,False,True,0.5803677691152447,12303.841499999999
850,43,5,129305.09,2,0,1,19244.58,0,True,False,True,0.4794955529070949,11637.4581
628,40,10,0.0,2,1,0,103832.58,0,False,True,True,0.1266252264405655,0.0
736,63,10,0.0,2,0,1,502.7,0,False,False,False,0.27553887842671976,0.0
711,21,0,82844.33,2,0,1,1408.68,0,False,False,False,0.19581821834348237,7455.9897
583,22,2,0.0,2,0,1,5985.36,0,False,True,False,0.1706086799709242,0.0
757,46,0,0.0,2,1,0,37460.05,0,False,False,True,0.25705381213102524,0.0
749,33,10,76692.22,1,0,1,30396.43,0,True,False,False,0.2502807470340977,6902.2998
705,34,7,117715.84,1,1,0,2498.67,0,False,False,True,0.30465120701114545,10594.425599999999
585,54,8,87105.32,1,1,1,55346.14,0,False,False,True,0.4713030980912933,7839.4788
437,43,6,0.0,1,1,0,148330.97,1,False,False,False,0.7477178847976573,0.0
741,64,2,69311.16,1,1,1,59237.72,0,False,False,False,0.43612694710582284,6238.0044
738,26,9,0.0,2,1,1,48644.94,0,False,False,True,0.053315301336173786,0.0
586,33,10,66948.67,2,1,1,140759.03,0,False,True,False,0.14923378599469608,6025.380299999999
627,57,9,0.0,2,1,1,107712.42,0,False,False,False,0.3361955730910904,0.0
551,76,2,128410.71,2,1,1,181718.73,0,False,True,True,0.24107714416998025,11556.9639
606,38,3,99897.53,1,0,0,37054.65,0,True,False,True,0.5278688994324326,8990.777699999999
674,22,3,0.0,1,1,1,173940.59,0,False,False,True,0.27301890814288227,0.0
584,31,6,152622.34,1,1,0,99298.8,0,True,False,False,0.460013051754352,13736.010599999998
590,40,8,0.0,2,1,0,62933.03,0,False,False,True,0.12362456121024183,0.0
585,56,4,138227.19,2,1,1,55287.84,0,False,False,True,0.4418241268740452,12440.447100000001
508,25,2,111395.53,1,0,1,48197.06,0,False,False,False,0.2224760657376057,10025.597699999998
458,44,7,84386.57,1,1,0,178642.73,0,True,False,True,0.6202664672004912,7594.7913
692,36,3,0.0,2,1,1,8282.22,0,False,False,False,0.15242582688604384,0.0
502,33,5,174673.65,2,1,0,33300.56,0,True,False,True,0.187055872334445,15720.628499999999
518,46,3,0.0,2,1,0,76515.79,0,False,False,True,0.33697247930536134,0.0
660,46,5,109019.65,2,1,1,33680.56,0,True,False,True,0.6236943823036002,9811.768499999998
698,52,1,107906.75,1,1,0,168886.39,1,True,False,False,0.9448428363688138,9711.6075
678,54,7,128914.97,1,0,0,191746.23,1,False,False,True,0.8290868887351337,11602.3473
773,63,9,111179.83,1,1,1,93091.02,0,False,True,True,0.3375074203882377,10006.1847
619,52,8,124099.13,1,0,0,23904.52,0,True,False,False,0.929376494189815,11168.921699999999
684,59,9,122471.09,1,0,1,15807.07,0,True,False,True,0.7325373835949762,11022.398099999999
635,34,3,134692.4,2,1,1,83773.02,0,False,False,True,0.13879853777925036,12122.315999999999
680,25,4,123816.5,1,1,1,90162.35,0,False,False,False,0.24005240865271507,11143.485
608,34,3,106288.54,1,1,1,36639.25,0,True,False,True,0.4145638036043444,9565.9686
603,55,7,127723.25,2,1,0,139469.11,1,True,False,False,0.8283745119358447,11495.092499999999
579,43,2,145843.82,1,1,1,198402.37,1,False,True,True,0.4813945213781946,13125.9438
756,34,2,148200.72,1,0,0,194584.48,0,True,False,False,0.4636524766275788,13338.0648
611,30,2,104145.65,1,0,0,159629.64,0,False,False,True,0.2627146006309831,9373.108499999998
532,24,8,142755.25,1,0,0,34231.48,0,True,False,True,0.39778985904434017,12847.9725
684,63,3,81245.79,1,1,0,69643.31,1,True,False,False,0.8729484121879956,7312.1210999999985
647,33,3,168560.46,2,0,0,90270.16,0,True,False,False,0.23039753119706982,15170.4414
583,38,8,0.0,1,1,0,47848.56,0,False,False,True,0.4251031218363963,0.0
774,42,2,132193.94,2,1,1,162865.52,0,True,False,True,0.2974551118397792,11897.4546
677,58,9,0.0,1,0,1,168650.4,0,False,False,True,0.532911614006464,0.0
542,25,8,139330.1,1,0,0,54372.37,0,True,False,True,0.3912585328146148,12539.709
613,29,0,0.0,2,0,1,133897.32,0,False,True,True,0.09708609915626554,0.0
666,40,5,0.0,2,1,0,147878.05,0,False,False,True,0.12171087452069919,0.0
777,28,2,134571.5,1,0,1,118313.38,0,False,False,False,0.22461246139845908,12111.435
581,50,2,143829.2,2,1,0,181224.24,1,True,False,True,0.6690125234399715,12944.628
705,32,7,0.0,2,1,0,7921.57,0,False,False,True,0.07778567501003125,0.0
673,44,8,133444.97,1,0,1,5708.19,0,False,False,False,0.5137088181039341,12010.0473
594,23,4,104753.84,2,1,0,56756.52,1,True,False,False,0.32373814344543056,9427.845599999999
648,51,2,116574.84,1,1,0,4121.04,1,True,False,False,0.9142987097522562,10491.7356
605,41,10,0.0,2,0,1,97213.09,0,False,False,True,0.13957400600344128,0.0
734,40,9,176914.8,1,1,1,12799.23,0,False,False,False,0.4114821034273585,15922.331999999999
572,36,8,68348.18,2,0,1,50400.32,0,False,False,False,0.16256444361114017,6151.336199999999
595,33,9,0.0,2,1,1,41447.86,0,False,False,False,0.10314635748930145,0.0
749,42,2,56726.83,2,0,1,185543.35,0,False,False,True,0.23156369711305966,5105.4147
573,46,3,65269.23,1,0,1,189988.65,1,False,True,True,0.5539771020804207,5874.2307
624,33,6,66220.17,1,0,1,170819.01,0,False,True,True,0.3111337656461758,5959.815299999999
703,56,9,0.0,1,0,0,85547.33,1,False,False,True,0.880061346695335,0.0
665,41,8,96147.55,1,1,0,137037.97,0,False,False,False,0.5720853473516124,8653.2795
648,42,4,0.0,2,1,0,19283.14,0,False,False,True,0.16844524411351092,0.0
850,48,2,0.0,1,1,0,169425.3,1,False,True,True,0.8770174128842545,0.0
569,32,8,145330.43,1,1,1,132038.65,0,True,False,False,0.4051744612924086,13079.738699999998
566,21,3,0.0,2,1,1,3626.47,0,False,False,False,0.1158283516177259,0.0
537,47,4,124192.28,2,1,1,50881.51,0,True,False,False,0.659210733161388,11177.305199999999
706,46,7,111288.18,1,1,1,149170.25,1,True,False,False,0.7875785092089777,10015.9362
734,43,7,107805.67,1,0,0,182505.68,0,False,False,True,0.5803119330118185,9702.5103
586,36,5,103700.69,1,1,0,194072.56,1,True,False,False,0.6033915944219556,9333.0621
612,38,1,0.0,2,1,1,9209.21,0,False,False,False,0.18477724402147,0.0
648,34,0,0.0,1,1,1,167931.81,0,False,False,True,0.2794367539907457,0.0
557,27,3,87739.08,1,1,1,123096.56,0,False,False,False,0.20773846512941804,7896.5172
643,20,0,133313.34,1,1,1,3965.69,0,False,True,False,0.2582682419751507,11998.200599999998
433,49,10,0.0,1,1,1,87711.61,0,False,False,False,0.6345825615962888,0.0
643,41,7,154902.66,1,1,1,49667.28,0,True,False,True,0.5411525862733368,13941.239399999999
488,36,0,0.0,2,1,0,136675.22,0,False,False,False,0.18720464998580721,0.0
758,68,6,112595.85,1,1,0,35865.44,1,True,False,True,0.7722852761356652,10133.6265
743,39,3,119695.75,1,0,1,26136.13,0,True,False,True,0.5408396717676383,10772.6175
730,47,7,0.0,1,1,0,33373.26,1,False,False,False,0.849187817074712,0.0
746,49,7,0.0,2,0,1,10096.25,0,False,True,True,0.2104602644167679,0.0
666,59,8,152614.51,2,1,1,188782.3,0,True,False,False,0.5147458508586876,13735.3059
580,33,7,131647.01,2,0,0,79775.19,0,True,False,False,0.27779264401561815,11848.2309
850,27,6,96654.72,2,0,0,152740.16,0,False,False,True,0.16597103912069003,8698.9248
563,22,3,137583.04,1,0,1,5791.85,0,False,False,True,0.19367962111959774,12382.473600000001
766,28,3,62717.84,2,1,1,13182.43,0,True,False,False,0.15950145503111246,5644.605599999999
659,32,9,95377.13,1,0,1,187551.24,0,False,False,True,0.21372926250074945,8583.9417
607,28,1,135936.1,2,1,1,110560.14,0,False,True,True,0.16102735322962144,12234.249
644,35,5,161591.11,3,1,1,63795.62,0,True,False,True,0.7416176362611461,14543.199899999996
746,47,8,142382.03,1,1,1,62086.62,0,False,False,True,0.4537462352880421,12814.3827
588,33,2,0.0,2,1,1,12483.56,0,False,True,True,0.07438723092019549,0.0
691,30,9,0.0,2,0,1,10963.04,0,False,True,True,0.06857042628504732,0.0
666,38,6,127043.09,1,1,1,8247.0,0,False,False,False,0.32880800044320657,11433.8781
640,46,3,0.0,1,1,1,156260.08,0,False,True,False,0.6509041134331339,0.0
611,29,4,78885.88,2,1,1,26927.69,0,True,False,False,0.10505312001926255,7099.7292
651,45,8,95922.9,1,1,0,84782.42,1,False,True,False,0.7412315544373531,8633.061
529,29,8,0.0,2,1,0,19842.11,0,False,False,False,0.11866514656191834,0.0
676,36,3,91711.59,1,1,1,95393.43,0,False,False,False,0.26426379985287457,8254.043099999999
639,46,10,110031.09,2,1,1,133995.59,0,True,False,False,0.6414404789583427,9902.7981
782,36,5,81210.72,2,0,1,108003.38,0,False,False,True,0.09943724177266049,7308.9648
641,32,5,122947.92,1,1,1,99154.86,0,True,False,True,0.4093274089995718,11065.3128
697,38,1,182065.85,1,1,0,49503.5,0,False,False,False,0.5223766390284648,16385.926499999998
623,45,0,0.0,1,1,0,196533.72,1,False,False,True,0.6933067390501942,0.0
494,41,2,69974.66,2,1,0,188426.13,1,False,True,False,0.5171318661545938,6297.7194
731,38,10,123711.73,2,1,0,171340.68,1,False,False,False,0.38114030199425647,11134.055699999999
657,44,6,76495.04,1,1,0,79071.89,0,False,False,True,0.6638353742726157,6884.553599999999
744,38,9,0.0,2,0,0,20940.76,0,False,False,False,0.1619605792896257,0.0
774,46,9,0.0,2,1,1,34774.26,0,False,True,True,0.19551927567174207,0.0
850,45,1,121874.89,1,0,0,6865.41,1,True,False,False,0.889409407162214,10968.740099999999
551,45,6,0.0,2,1,1,51143.43,0,False,False,False,0.24975543393269148,0.0
638,36,6,188455.19,1,0,0,47031.4,1,False,False,True,0.40698004856691933,16960.9671
792,42,0,99045.93,2,1,0,47160.01,0,False,False,False,0.35127752883530616,8914.133699999998
666,36,8,0.0,1,0,1,158666.99,0,False,False,False,0.3307825729955309,0.0
716,30,2,205770.78,2,0,0,65464.66,0,True,False,False,0.21589056515476554,18519.370199999998
594,31,0,79340.95,1,1,0,78255.86,0,False,False,False,0.32488429072411107,7140.6855
600,57,9,138456.03,2,1,1,103548.25,0,True,False,True,0.5383541080315116,12461.042699999998
565,49,7,0.0,2,1,1,89609.26,0,False,False,True,0.23535903820123225,0.0
678,48,2,101099.9,2,0,1,193476.04,0,True,False,True,0.46982268201087835,9098.991
648,31,5,0.0,2,1,1,5199.02,0,False,True,False,0.1366945413528181,0.0
642,40,8,109219.83,1,1,0,52827.51,0,False,False,True,0.4584988500977787,9829.7847
706,67,1,123276.69,2,1,1,86507.88,1,True,False,True,0.6054843208441103,11094.9021
668,43,10,113034.31,1,1,1,100423.88,0,False,True,True,0.3609562137403489,10173.087899999999
635,41,1,0.0,2,1,0,175611.5,0,False,True,True,0.128906172556019,0.0
603,30,6,129548.5,2,1,1,19282.85,0,False,True,True,0.1472168504286122,11659.365
635,72,4,74812.84,1,0,1,27448.33,0,False,False,False,0.3538514455074791,6733.155599999999
642,40,7,0.0,2,1,0,183963.34,0,False,False,False,0.23115024900361447,0.0
785,54,1,0.0,2,1,0,45113.92,1,False,True,False,0.5954365050113481,0.0
628,28,3,153538.13,2,1,0,110776.01,0,True,False,False,0.244497985364202,13818.431700000001
499,38,9,0.0,2,0,1,183042.2,0,False,False,False,0.14598568595859163,0.0
567,34,10,0.0,2,0,1,161571.79,0,False,True,True,0.06908034704432149,0.0
449,32,0,155619.36,1,1,1,166692.03,0,False,True,True,0.22120778562106935,14005.7424
701,35,10,159693.9,2,1,1,71173.64,0,False,True,True,0.12424676678878428,14372.451000000001
613,37,3,171653.17,1,0,1,5353.12,0,False,True,True,0.20289109244341874,15448.785300000001
683,39,2,47685.47,2,1,1,86019.48,0,True,False,False,0.22118962473381912,4291.692300000001
581,35,4,0.0,2,0,1,86383.82,0,False,False,True,0.08415659726662224,0.0
620,61,5,0.0,1,0,0,31641.52,1,False,False,True,0.8560412421350319,0.0
561,28,6,123692.0,1,1,1,70548.96,0,False,True,True,0.2213800654433496,11132.279999999999
558,26,1,148853.29,2,1,1,24411.02,0,True,False,True,0.15515274984074773,13396.796100000001
642,35,2,133161.95,1,0,1,122254.86,0,False,False,True,0.20355533961380598,11984.5755
805,24,6,143221.35,2,1,0,186035.72,0,True,False,True,0.23444959459791154,12889.9215
687,35,9,0.0,2,0,1,73133.82,0,False,False,True,0.078669578774499,0.0
695,56,1,0.0,3,1,0,187734.49,1,False,True,True,0.9088900074036672,0.0
562,33,6,0.0,2,1,0,111590.35,0,False,False,True,0.08387912707797648,0.0
613,38,9,126265.88,2,0,0,15859.95,0,True,False,True,0.405979343638491,11363.9292
589,37,5,0.0,1,1,0,61324.87,0,False,False,True,0.44743804751393484,0.0
593,31,8,112713.34,1,1,1,176868.89,0,False,True,True,0.24332690878416358,10144.200599999998
714,34,5,141173.03,1,0,1,98896.06,0,False,False,True,0.18330317809939028,12705.572699999999
588,35,7,0.0,2,1,1,108739.15,0,False,True,False,0.11888848883630942,0.0
679,39,6,0.0,2,1,0,12266.06,0,False,True,True,0.07366941009131425,0.0
730,38,5,118866.36,1,1,1,163317.5,0,False,True,True,0.2103659859437123,10697.9724
833,47,2,0.0,2,1,1,182247.77,0,False,False,True,0.18512020378702157,0.0
586,33,7,0.0,2,1,1,168261.4,0,False,True,False,0.112593739271035,0.0
567,54,5,92316.31,2,1,0,158590.66,1,False,True,False,0.8134133307773638,8308.4679
637,30,1,122185.53,1,1,0,102566.46,1,True,False,True,0.5435381328641496,10996.6977
711,38,4,123345.85,1,1,0,141827.83,0,False,False,True,0.3815552728467077,11101.1265
828,30,4,73070.18,2,0,0,161671.15,0,False,False,True,0.13865039768992862,6576.316199999999
500,38,7,0.0,2,0,0,192013.23,0,False,True,True,0.09319513171502544,0.0
807,47,1,95120.59,1,0,0,127875.1,0,False,False,True,0.7172522848510616,8560.8531
850,40,8,102800.65,1,1,0,60811.56,0,False,False,True,0.44216933256210217,9252.0585
782,70,7,97072.42,1,0,1,131177.22,0,False,False,False,0.32665522778384876,8736.5178
629,31,6,132876.55,1,1,1,130862.11,0,False,True,True,0.22522243442724552,11958.889499999997
582,33,6,0.0,2,0,1,72970.93,0,False,True,True,0.08219205782099948,0.0
468,22,2,0.0,2,1,0,28123.99,0,False,False,True,0.09277662496179938,0.0
670,36,3,0.0,1,1,0,140754.19,1,False,False,True,0.4021078818489191,0.0
805,39,2,0.0,1,0,0,166650.32,0,False,False,True,0.4126965292179166,0.0
720,26,10,51962.91,2,1,0,45507.24,0,False,False,True,0.10739831229664175,4676.6619
781,29,6,98759.89,1,0,0,112202.64,0,False,True,False,0.33312817469639194,8888.3901
592,33,2,156570.86,1,1,1,37140.2,0,True,False,True,0.3205496093886088,14091.3774
542,42,1,0.0,1,1,1,178256.58,1,False,False,False,0.5952097870432522,0.0
532,42,1,159024.71,1,1,0,100982.93,1,False,False,True,0.6122273086796741,14312.223899999999
520,39,1,73493.17,1,0,1,109626.13,1,False,False,False,0.4725747932764965,6614.3853
759,45,8,0.0,2,1,1,99251.24,0,False,False,False,0.26138144582334333,0.0
473,35,6,69617.36,1,1,0,143345.69,0,False,False,False,0.40884069784938915,6265.562399999999
639,35,5,136526.26,2,1,0,59653.03,0,False,True,False,0.271011413013336,12287.3634
705,25,3,113736.27,1,0,1,196864.61,0,False,False,True,0.20232763814363125,10236.264299999999
530,52,1,106723.28,1,0,0,109960.4,1,False,False,True,0.8113771639891464,9605.0952
516,33,10,138847.9,1,1,1,127256.7,0,True,False,False,0.42983184383781675,12496.311
850,40,0,0.0,2,1,0,1099.95,0,False,False,False,0.18508858360091673,0.0
746,33,2,107868.14,2,1,1,146192.4,0,True,False,False,0.24525033111457714,9708.132599999999
622,33,3,96926.12,2,1,0,48553.77,0,True,False,True,0.24919053810357764,8723.3508
743,30,7,77599.23,1,0,0,144407.1,0,False,False,True,0.28673498682500953,6983.930699999999
732,38,5,178787.54,1,1,1,195760.53,0,True,False,True,0.293326740716277,16090.8786
850,81,5,0.0,2,1,1,44827.47,0,False,False,True,0.07580882705352604,0.0
850,34,3,129668.43,2,1,1,88743.99,0,True,False,False,0.23681109585304416,11670.1587
686,34,6,146178.13,2,1,1,88837.11,0,False,False,True,0.1412982049048464,13156.0317
556,40,8,0.0,2,1,0,62112.7,0,False,False,False,0.26081409834754066,0.0
673,37,4,0.0,2,0,0,163563.07,0,False,False,True,0.10810661122375644,0.0
809,38,2,154763.21,2,1,1,174800.31,0,False,False,False,0.1855055964777444,13928.688899999997
634,56,3,116251.24,1,0,1,42429.88,1,True,False,False,0.8251864382901429,10462.6116
630,37,6,0.0,2,1,1,82647.65,0,False,False,True,0.09142039744224412,0.0
564,30,0,100954.88,2,0,0,134175.15,0,True,False,False,0.2916930607202184,9085.9392
625,51,4,124620.01,2,1,0,92243.94,1,False,False,False,0.7276506272356776,11215.800899999998
677,34,4,0.0,2,1,1,6175.53,0,False,True,False,0.14053793986632918,0.0
583,40,9,112701.04,1,0,0,29213.63,0,False,False,True,0.41696890288616073,10143.0936
592,45,8,84692.5,1,0,1,67214.02,0,False,True,True,0.43192071515272845,7622.325000000001
637,49,2,108204.52,1,1,0,169037.84,1,True,False,True,0.9266791588382151,9738.4068
850,30,6,86449.39,1,1,1,188809.23,0,False,False,True,0.16750347450223496,7780.445099999999
633,42,10,0.0,1,0,1,79408.17,0,False,True,True,0.41987875801870955,0.0
751,36,5,73194.99,1,1,1,89222.66,0,True,False,True,0.2257061179782082,6587.5491
592,31,7,124593.23,1,1,0,86079.67,0,True,False,True,0.5162661189218973,11213.3907
716,50,2,119655.77,1,1,1,12944.17,1,True,False,True,0.8146340370057963,10769.0193
641,42,3,121765.37,2,1,1,166516.84,0,True,False,True,0.3746360236614612,10958.883299999998
849,35,4,110837.73,1,0,0,126419.8,0,False,False,True,0.2843473858557801,9975.3957
647,47,10,99835.17,1,0,1,89103.05,0,False,True,True,0.4194662962549037,8985.1653
608,30,2,91057.37,2,1,0,132973.17,0,True,False,False,0.2497878384164569,8195.1633
555,26,7,0.0,2,1,0,93122.41,0,False,False,False,0.13273462384116186,0.0
497,27,7,149400.27,1,0,0,167522.19,0,False,True,True,0.274396693093373,13446.024299999997
599,38,9,89111.63,1,0,0,157239.6,0,True,False,True,0.4687933495600619,8020.0467
545,33,1,132527.9,2,0,1,107429.71,0,True,False,True,0.19383248949915138,11927.510999999999
774,36,9,114997.42,1,1,0,75304.09,0,False,False,False,0.39287323490750026,10349.7678
464,46,6,161798.53,1,1,0,182944.47,0,False,False,True,0.6664168640966905,14561.867699999999
696,27,2,96129.32,2,1,1,5983.7,0,True,False,False,0.17592509374353757,8651.6388
667,45,3,0.0,2,0,0,163655.01,0,False,True,True,0.26940868329402706,0.0
812,32,5,133050.97,2,1,0,89385.92,0,False,False,True,0.17011532499064055,11974.5873
516,51,8,120124.35,2,0,1,168773.54,0,False,False,True,0.4705719430184937,10811.1915
645,39,8,0.0,2,0,0,96864.36,0,False,False,True,0.09729560303919076,0.0
664,32,5,133705.74,1,0,0,134455.84,0,False,True,True,0.28929220603677286,12033.516599999999
427,39,9,0.0,2,1,0,28368.37,0,False,True,False,0.2004134966649537,0.0
685,40,7,0.0,2,1,0,103898.59,0,False,False,False,0.24062346176787802,0.0
585,33,4,152805.05,1,1,0,63239.65,0,False,False,False,0.36236672448875445,13752.454499999996
519,21,1,151701.45,3,1,1,170138.68,1,True,False,False,0.7085417638369933,13653.1305
708,67,1,0.0,2,0,1,3837.08,0,False,False,False,0.1598666596374811,0.0
717,22,5,112465.06,1,1,1,92977.75,0,False,False,False,0.2325586266775715,10121.8554
465,24,6,156007.09,1,1,0,191368.37,0,True,False,True,0.3294519580635474,14040.6381
829,28,3,132405.52,3,1,0,104889.2,1,True,False,True,0.8478401308030005,11916.496799999997
826,26,5,142662.68,1,0,0,60285.3,0,False,False,True,0.30230574344223815,12839.6412
747,36,8,102603.3,2,1,1,180693.61,0,True,False,True,0.22069583961441736,9234.297
707,32,9,0.0,2,1,0,126475.79,0,False,True,True,0.0828093672510581,0.0
590,37,1,0.0,2,0,0,133535.99,0,False,True,True,0.10306287805878594,0.0
603,57,6,105000.85,2,1,1,87412.24,1,False,True,True,0.4372129253121246,9450.076500000001
615,45,5,0.0,2,1,1,164886.64,0,False,False,True,0.19647261231123228,0.0
634,36,1,69518.95,1,1,0,116238.39,0,False,False,False,0.3829177979712138,6256.7055
716,41,8,126145.54,2,1,1,138051.19,0,True,False,True,0.34449559952758774,11353.098599999998
647,41,4,138937.35,1,1,1,101617.64,1,False,False,True,0.3680380472944965,12504.361499999999
591,44,10,113581.98,1,1,0,1985.41,0,True,False,False,0.8327148651262469,10222.3782
574,34,1,112572.39,1,0,0,165626.6,0,False,False,True,0.2624057015798546,10131.5151
467,51,10,114514.71,2,1,0,177784.68,1,True,False,True,0.8026253473585294,10306.3239
701,35,2,0.0,2,1,1,65765.22,0,False,False,False,0.12054406573272104,0.0
747,34,10,0.0,2,1,1,50759.8,0,False,False,False,0.14132472308901275,0.0
650,32,2,84906.45,1,1,0,163216.48,0,False,False,True,0.25511935431919164,7641.5805
731,39,2,126816.18,1,1,1,74850.93,0,False,True,False,0.2928636546704072,11413.456199999999
638,26,1,105249.76,2,1,1,23491.09,0,True,False,False,0.21960179304516725,9472.478399999998
569,41,2,0.0,2,1,0,134272.57,0,False,True,True,0.14058081438711487,0.0
459,50,5,109387.9,1,1,0,155721.15,0,True,False,True,0.9083394254473623,9844.911
632,23,3,122478.51,1,1,0,147230.77,1,True,False,True,0.5084781312393385,11023.0659
683,73,8,137732.23,2,1,1,133210.44,0,False,False,False,0.29845948739734857,12395.900700000002
850,46,2,157866.77,1,1,1,18986.12,0,False,False,False,0.5002554391915524,14208.0093
512,41,6,0.0,1,1,1,100507.81,0,False,False,False,0.4432964315243881,0.0
616,31,3,136789.14,1,1,0,59346.4,1,False,False,False,0.3635048756899996,12311.0226
664,36,1,0.0,2,1,1,95372.64,0,False,False,True,0.07197758831762897,0.0
694,30,10,144684.03,1,1,1,31805.49,0,False,False,True,0.18980150393931858,13021.562699999999
655,24,9,107065.31,1,1,1,51959.82,0,False,False,True,0.19156718274785267,9635.8779
607,33,8,91301.72,1,0,1,130824.57,0,False,False,False,0.26417622217732784,8217.1548
684,39,4,207034.96,2,0,0,157694.76,1,False,True,True,0.34393768039941813,18633.146399999998
763,37,8,0.0,2,1,1,933.38,0,False,True,True,0.08108003282857953,0.0
671,50,8,0.0,1,0,1,2560.11,0,False,True,True,0.5504994262192772,0.0
592,38,3,0.0,1,1,1,12905.89,1,False,True,True,0.4107954699507384,0.0
666,36,6,0.0,2,1,0,176692.87,0,False,True,False,0.15637981447739177,0.0
667,34,5,0.0,2,1,1,102908.63,0,False,False,True,0.06791987297765463,0.0
850,36,6,0.0,2,0,1,41291.05,0,False,True,True,0.06882728920797895,0.0
622,42,9,0.0,2,1,0,119127.06,0,False,True,True,0.20156151802036454,0.0
577,30,8,92472.1,2,0,1,126434.61,0,False,False,False,0.15698001997220587,8322.489
555,21,1,0.0,2,0,0,103901.35,0,False,True,True,0.06658113222462471,0.0
547,62,10,127738.75,2,1,1,85153.0,0,False,False,True,0.30351447056284175,11496.4875
613,50,5,101242.98,2,1,0,12493.61,0,True,False,False,0.6916131589458415,9111.868199999999
672,43,4,92599.55,2,1,1,167336.78,0,False,False,False,0.45071513645850414,8333.9595
624,36,10,0.0,2,0,1,186180.42,0,False,True,False,0.12185340854448774,0.0
698,50,1,0.0,4,1,0,88566.9,1,False,True,False,0.9062623837968458,0.0
606,37,6,82373.94,1,0,0,172526.9,1,False,False,True,0.40280599931062816,7413.6546
720,31,4,141356.47,1,0,0,137985.69,0,False,True,True,0.28202419308475724,12722.082299999998
835,23,9,0.0,1,1,0,19793.73,1,False,False,True,0.4228951944520942,0.0
771,47,3,72664.0,2,1,1,107874.39,0,False,True,False,0.4509270405876304,6539.76
811,47,3,123365.34,2,0,0,171995.34,0,False,False,False,0.5712160275149963,11102.880599999999
734,33,5,121898.58,1,1,0,61829.89,0,True,False,True,0.5807404774721995,10970.8722
548,33,6,0.0,1,1,1,31728.35,0,False,True,True,0.3333948179855087,0.0
652,31,3,103696.97,3,0,0,155221.05,1,False,False,False,0.8720420880572195,9332.727299999999
707,33,2,0.0,2,0,0,130866.95,0,False,False,True,0.08835848557941205,0.0
605,56,1,74129.18,2,1,1,62199.78,1,True,False,False,0.6048454789789937,6671.6262
623,34,9,0.0,1,1,0,24255.21,0,False,False,False,0.45278170874122464,0.0
686,29,3,185379.02,1,1,0,64679.07,0,True,False,True,0.3991080720954831,16684.1118
525,47,1,118087.68,1,1,0,88120.78,1,True,False,False,0.9297541727754312,10627.891199999998
657,41,8,109402.13,1,1,1,66463.62,0,False,True,True,0.2764053432733195,9846.1917
730,33,7,130367.87,1,1,0,15142.1,1,True,False,False,0.6207672574148497,11733.1083
816,34,2,108410.87,2,1,0,102908.91,0,True,False,False,0.3500784127944808,9756.978299999999
484,50,2,90408.16,2,0,0,48170.57,0,False,False,False,0.6931715976293162,8136.734399999999
728,34,6,90425.15,2,1,1,11597.69,0,False,False,False,0.16753688113453308,8138.263499999999
730,39,6,140094.59,1,1,0,172450.04,1,False,True,False,0.4938337801066509,12608.5131
477,31,9,0.0,2,0,1,184061.17,0,False,True,True,0.07737442571396554,0.0
663,46,6,95439.4,1,1,1,21038.58,1,True,False,False,0.7791362310626698,8589.545999999998
549,34,6,204017.4,2,1,0,109538.35,0,True,False,True,0.22537219627661606,18361.566
714,29,9,0.0,2,1,0,129192.55,0,False,True,True,0.08075238145948987,0.0
430,49,3,137115.16,1,1,0,146516.86,1,True,False,True,0.8596486133008068,12340.364399999999
504,43,5,134740.19,2,1,0,181430.91,0,True,False,True,0.5456346491197513,12126.6171
530,29,5,0.0,2,0,0,121451.21,0,False,False,False,0.12248476596449144,0.0
619,29,4,98955.87,1,0,1,131712.51,0,True,False,True,0.2680114556507863,8906.028299999998
617,44,9,49157.09,2,1,0,53294.17,0,True,False,True,0.30769592016784236,4424.138099999999
791,31,1,130240.33,1,0,0,96546.55,0,True,False,True,0.5010940208142267,11721.6297
609,48,1,108019.27,3,1,1,184524.65,1,False,False,True,0.8760528196089986,9721.7343
780,51,4,126725.25,1,1,0,195259.31,1,True,False,True,0.8988299034952729,11405.2725
777,34,5,96693.66,1,1,1,172618.52,0,True,False,False,0.4952849331347746,8702.4294
817,27,7,129810.6,1,1,1,59259.44,0,True,False,False,0.4756615791304564,11682.954000000002
850,58,8,156652.13,1,0,0,25899.21,1,False,False,True,0.838101844025445,14098.6917
732,36,9,0.0,1,0,0,3749.0,1,False,False,False,0.39711910084824054,0.0
693,40,4,130661.96,1,1,1,101918.96,0,False,False,True,0.3300250930946409,11759.5764
576,50,8,0.0,2,1,1,57802.62,0,False,False,False,0.2839032855949741,0.0
643,37,6,0.0,2,0,0,142454.77,0,False,False,True,0.10062842709458167,0.0
757,47,3,130747.1,1,1,0,143829.54,0,False,False,True,0.7093037530931363,11767.239
569,30,6,106629.49,1,0,1,44114.88,0,True,False,True,0.3726530912436654,9596.6541
772,36,3,112029.83,1,1,1,186948.35,0,False,True,True,0.20549845587152865,10082.6847
576,29,7,130575.26,1,0,1,173629.78,0,True,False,True,0.35190611887176715,11751.7734
608,28,4,96679.71,1,1,1,49133.45,0,True,False,True,0.25476918727264924,8701.173900000002
794,33,0,0.0,2,0,0,178122.71,0,False,False,True,0.0902114744660496,0.0
593,50,6,171740.69,1,0,0,20893.61,0,False,False,True,0.7124917670045218,15456.6621
597,38,1,0.0,2,1,0,41303.29,0,False,True,True,0.08382609145816712,0.0
541,39,9,100116.67,1,1,1,199808.1,1,True,False,False,0.6865198521944095,9010.5003
692,24,2,120596.93,1,0,1,180490.53,0,True,False,True,0.3279942765811453,10853.723699999999
697,48,1,0.0,2,1,1,87400.53,0,False,False,False,0.29635764179943347,0.0
768,29,2,95984.69,2,1,1,73686.75,0,False,False,True,0.11236558991185111,8638.6221
802,38,1,142557.11,1,1,1,172497.73,0,False,False,True,0.1987677961736864,12830.139899999998
584,47,5,0.0,2,1,0,89286.29,0,False,False,True,0.3057642193929315,0.0
614,66,2,0.0,2,0,1,180082.7,0,False,True,True,0.11604698326304382,0.0
850,36,6,143644.16,1,1,0,22102.25,1,True,False,False,0.6429930534830138,12927.974400000001
671,38,6,132129.72,1,0,1,76068.95,0,False,False,False,0.27994291126752957,11891.6748
626,52,0,0.0,2,1,0,32159.46,1,False,False,False,0.5012012860178874,0.0
770,68,2,183555.24,1,0,0,159557.28,1,False,False,False,0.8169735514829632,16519.971599999997
633,38,2,91902.56,2,1,1,107673.35,0,False,False,True,0.14243917966867836,8271.2304
663,40,6,156218.19,1,0,1,33607.72,0,False,False,True,0.32578600121130785,14059.6371
581,43,5,93259.57,3,1,0,141035.65,1,True,False,False,0.9298632434753802,8393.3613
561,45,2,168085.38,2,0,1,115719.08,0,True,False,False,0.4158599534925389,15127.6842
479,51,1,107714.74,3,1,0,86128.21,1,True,False,True,0.9601681803653311,9694.3266
769,31,6,117852.26,2,1,0,147668.64,0,False,False,False,0.25450644065470435,10606.703399999999
659,60,2,0.0,1,1,0,177480.45,1,False,True,True,0.8631865560447111,0.0
590,51,10,84474.62,2,1,1,190937.09,0,False,True,False,0.4194737718278507,7602.715799999999
560,50,3,0.0,2,1,0,84531.79,0,False,False,True,0.42021607436672326,0.0
437,35,6,126803.34,2,1,1,161133.4,0,True,False,True,0.20388529144336073,11412.300599999999
661,34,0,0.0,2,1,0,185555.63,0,False,False,False,0.15526242407715685,0.0
677,36,10,68806.84,1,1,0,33075.24,0,True,False,False,0.38932850521049117,6192.615599999999
560,31,3,115141.18,1,1,0,39806.75,0,False,False,False,0.34485944185517037,10362.706199999999
578,35,2,0.0,2,0,1,26389.92,0,False,False,False,0.13312921207025893,0.0
421,34,6,90723.36,1,1,1,12162.76,0,False,True,True,0.2401195878162065,8165.1024
492,49,2,151249.45,2,1,1,167237.94,0,True,False,False,0.5906038249075622,13612.4505
545,32,6,0.0,2,1,1,52067.37,0,False,False,False,0.09370407277128694,0.0
640,43,9,94752.49,1,1,0,184006.36,1,True,False,False,0.8505361484871325,8527.7241
624,34,6,0.0,1,1,0,582.59,1,False,True,False,0.5059407359764347,0.0
577,28,7,0.0,1,1,0,143274.41,0,False,True,True,0.37566979631170744,0.0
704,31,5,132084.66,3,1,1,54474.48,1,False,False,True,0.8371584306953295,11887.6194
523,45,5,0.0,2,1,1,121428.2,0,False,False,True,0.24280110713806455,0.0
793,35,2,0.0,2,1,1,79704.12,0,False,False,True,0.0656098876897438,0.0
564,53,2,45472.28,1,1,1,41055.71,1,False,False,False,0.6626754965578524,4092.5052
711,33,1,0.0,1,0,0,41590.4,0,False,False,True,0.3497361962786586,0.0
791,33,10,130229.71,2,0,0,54019.93,1,True,False,False,0.29222488709002187,11720.673900000002
629,38,9,123948.85,1,1,0,76053.07,0,True,False,False,0.6734279376507589,11155.3965
729,39,6,127415.85,1,1,1,184977.2,1,True,False,True,0.5825336896255456,11467.4265
651,35,8,110067.71,1,1,0,127678.95,1,True,False,True,0.6017668345922502,9906.0939
695,39,4,65521.2,1,1,1,1243.97,0,False,True,True,0.30624588540234354,5896.907999999999
847,31,5,0.0,2,1,1,76326.67,0,False,True,True,0.06023252804181491,0.0
704,47,5,0.0,2,1,1,145338.61,0,False,False,True,0.20600158483304704,0.0
613,33,3,155736.42,2,1,1,57751.21,0,True,False,True,0.1566095208807106,14016.2778
692,29,4,0.0,2,0,0,138880.24,0,False,True,False,0.12059821164617693,0.0
720,34,3,118307.57,2,1,1,136120.29,0,False,False,False,0.18020526937935302,10647.6813
577,41,6,0.0,1,1,1,167621.18,0,False,False,True,0.4186241384850274,0.0
710,24,7,103099.17,2,1,0,173276.62,0,True,False,False,0.3407607915448838,9278.925299999999
716,38,1,0.0,2,1,1,99661.46,0,False,False,False,0.14535870055675926,0.0
410,33,6,125789.69,1,0,0,66333.56,1,False,False,True,0.5280988158224613,11321.072100000001
584,36,4,109646.83,1,1,1,70240.79,0,True,False,False,0.5480393845790426,9868.2147
792,30,1,127187.86,1,1,1,113553.42,0,False,False,True,0.1530895778370322,11446.9074
605,36,6,0.0,1,0,1,690.84,0,False,False,False,0.3355687735008314,0.0
486,24,1,0.0,1,1,0,98802.76,0,False,True,True,0.3288128401255427,0.0
615,41,4,130385.82,1,0,1,130661.95,0,False,False,True,0.38956836513104337,11734.7238
676,23,1,107787.47,1,0,1,116378.82,0,False,False,True,0.16642857261550414,9700.872299999999
571,34,1,99325.04,2,0,1,186052.15,0,False,False,True,0.17256490825611606,8939.2536
850,37,9,0.0,1,0,0,100101.06,0,False,False,False,0.34896099004579717,0.0
717,48,7,123764.95,1,1,1,169952.82,0,False,False,True,0.47351221138823774,11138.8455
642,39,8,128264.03,1,1,0,61792.76,1,True,False,False,0.7079570697565505,11543.7627
780,47,7,86006.21,1,1,1,37973.13,0,False,True,True,0.4229730138102605,7740.558900000001
492,38,8,57068.43,2,1,0,188974.81,0,True,False,False,0.2336735191420314,5136.1587
760,29,5,103607.24,2,0,1,86334.64,0,True,False,True,0.19162273420789425,9324.651600000001
500,40,1,99004.24,1,1,1,152845.99,0,False,True,True,0.3059465334625249,8910.3816
654,36,2,0.0,2,1,1,146652.11,0,False,True,False,0.1340803787401756,0.0
606,25,3,147386.72,3,1,0,45482.04,1,False,True,False,0.8467036101862591,13264.8048
367,42,6,93608.28,1,1,0,168816.73,1,False,True,True,0.7228261304677658,8424.7452
799,38,2,0.0,2,1,1,59297.34,0,False,True,True,0.06724749393897478,0.0
434,71,9,119496.87,1,1,0,125848.88,0,True,False,True,0.635432127169855,10754.718299999999
719,32,7,0.0,1,0,0,76264.27,0,False,True,False,0.42227151481122405,0.0
641,37,2,0.0,2,1,0,3939.87,0,False,False,False,0.1638587398042344,0.0
461,25,6,0.0,2,1,1,15306.29,0,False,True,False,0.13068746827434682,0.0
790,25,5,152885.77,1,1,0,58214.79,0,True,False,False,0.4364690404850442,13759.719299999999
588,31,4,99607.37,2,0,1,35877.03,0,False,False,True,0.1374433635212772,8964.6633
621,27,4,137003.68,1,1,0,21254.06,0,False,False,True,0.3155295435677162,12330.331199999999
768,48,3,122831.58,1,1,1,24533.89,1,True,False,True,0.8156571794459587,11054.8422
681,38,2,99811.44,2,1,0,23531.5,0,False,True,True,0.18165114376312047,8983.0296
606,37,8,154712.58,2,1,0,89099.18,0,False,True,True,0.24572972886219105,13924.132199999998
542,37,8,0.0,1,1,1,807.06,0,False,True,True,0.3387742948980169,0.0
713,24,7,147687.24,1,1,1,121592.5,0,True,False,False,0.3806593017168528,13291.851599999998
597,33,2,0.0,2,1,1,4700.66,0,False,True,False,0.1644555730876091,0.0
635,27,3,127009.83,1,1,0,161909.95,0,False,False,True,0.27707941102596967,11430.884699999999
599,61,1,124737.96,1,0,1,90389.61,1,True,False,True,0.771849408822179,11226.4164
496,44,0,179356.28,2,1,0,2919.21,1,False,True,False,0.6894894651840615,16142.065200000001
759,31,8,0.0,2,1,1,99086.74,0,False,True,True,0.05537822949519688,0.0
757,31,1,127320.36,3,1,0,163170.32,0,True,False,True,0.6670013953810511,11458.8324
564,31,0,125175.58,1,1,1,72757.33,0,False,True,True,0.2110795949114685,11265.802199999998
561,22,6,186788.96,2,1,0,73286.8,0,False,False,False,0.3051149544611347,16811.0064
702,40,3,148556.74,1,0,1,146056.29,0,False,False,True,0.33725246698486094,13370.1066
678,40,8,128644.46,1,0,0,167673.37,0,True,False,False,0.6657540793017387,11578.0014
707,46,7,127476.73,2,1,1,146011.55,0,False,False,False,0.5238280393717214,11472.9057
610,27,9,159561.93,1,0,1,103381.47,0,False,False,False,0.26969346775136543,14360.5737
744,42,1,112419.92,1,1,1,83022.92,0,False,False,True,0.3527269067088949,10117.7928
598,28,8,129991.76,2,0,1,46041.08,0,False,False,True,0.1457003318842564,11699.258399999999
562,36,5,0.0,1,0,1,182843.24,0,False,True,True,0.43246582554685636,0.0
621,59,2,0.0,2,1,1,171364.18,0,False,True,False,0.3079174303185452,0.0
659,50,3,0.0,1,1,0,183399.12,1,False,False,False,0.8673028456811548,0.0
722,40,6,89175.06,2,0,1,152883.95,0,True,False,False,0.3751047429582865,8025.7554
606,39,3,0.0,2,1,0,50560.45,1,False,False,False,0.2303018112511518,0.0
603,39,5,162390.52,2,1,0,54702.66,0,False,True,False,0.3400875508717131,14615.146799999999
506,59,3,190353.08,1,1,0,78365.75,0,True,False,False,0.5875921059024958,17131.777199999997
715,21,8,0.0,2,1,0,68666.63,0,False,False,True,0.06269759540220564,0.0
690,47,2,0.0,2,1,0,151375.73,0,False,False,True,0.25466633465299837,0.0
644,40,10,139180.97,1,1,1,19959.67,0,False,False,False,0.4011339313970081,12526.2873
589,36,8,114435.47,1,1,0,26955.72,0,False,False,True,0.3189941857697859,10299.1923
592,66,5,149950.19,1,1,1,76267.59,0,False,False,False,0.3705795584420398,13495.5171
632,42,4,126115.6,1,1,0,100998.5,0,False,False,True,0.5981209823640744,11350.403999999999
577,59,7,111396.97,1,0,1,191070.01,0,True,False,False,0.8032623570090859,10025.727299999999
588,30,3,115007.08,1,0,0,176858.5,0,False,False,True,0.28192498628136475,10350.6372
617,54,6,102141.9,1,1,1,45325.26,0,False,False,True,0.5141963175640241,9192.770999999999
668,36,3,133686.52,1,1,0,190958.48,1,False,True,False,0.40535325886952384,12031.786799999998
810,32,9,120879.73,2,0,1,78896.59,0,False,False,True,0.09884207827211396,10879.1757
767,47,5,0.0,1,1,0,121964.46,1,False,True,True,0.8376734822381452,0.0
718,49,10,82321.88,1,0,1,11144.4,0,False,True,False,0.523210388733322,7408.9692
589,27,4,0.0,2,1,0,144181.48,0,False,True,False,0.12862142523354994,0.0
778,33,5,116474.28,2,1,1,32757.55,0,False,True,True,0.10937142799997374,10482.6852
724,34,3,132352.69,1,1,0,80320.3,0,False,False,False,0.361512309334553,11911.7421
477,39,4,182491.57,1,1,0,185830.72,0,True,False,False,0.423842315652118,16424.241299999998
580,34,6,0.0,2,1,1,160095.31,0,False,False,True,0.0669337472887155,0.0
566,63,2,120787.18,2,1,1,52198.84,0,False,True,True,0.3255208252118363,10870.8462
711,29,3,130181.47,2,1,0,31811.44,0,False,False,False,0.2148645005596326,11716.332299999998
706,32,5,88348.43,2,1,1,104181.78,0,True,False,True,0.13130697747262446,7951.358699999999
703,31,6,0.0,2,1,1,67667.19,0,False,True,True,0.06630505014492794,0.0
679,39,2,146186.28,2,1,1,193974.47,0,True,False,True,0.2094611440868119,13156.765199999998
603,32,7,0.0,1,1,0,198055.94,1,False,False,True,0.45286560080341653,0.0
598,34,0,104488.17,1,0,1,43249.67,0,False,True,True,0.19532479034032874,9403.9353
836,32,4,109196.67,2,1,0,55218.02,0,True,False,False,0.35452734564991073,9827.7003
687,61,7,80538.56,1,1,0,131305.37,1,False,False,False,0.8532218977447232,7248.470399999999
704,41,4,109026.8,2,1,1,43117.1,0,True,False,True,0.39155730465073935,9812.412
605,75,2,61319.63,1,0,1,186655.11,0,True,False,True,0.20806300558466126,5518.7667
516,40,9,0.0,2,0,1,33266.29,0,False,False,False,0.21352497354921599,0.0
572,39,2,0.0,2,1,1,555.28,0,False,False,False,0.18969966122462867,0.0
557,42,6,177822.03,1,1,0,150944.31,1,False,False,True,0.7167198591436346,16003.9827
443,59,4,110939.3,1,1,0,72846.58,1,True,False,True,0.9228322526616395,9984.537
604,25,7,165413.43,1,1,1,35279.74,0,True,False,True,0.2605503591114252,14887.2087
483,27,1,77805.66,1,1,1,2101.89,0,False,False,True,0.16244297292059875,7002.509400000001
702,50,3,0.0,2,0,0,94949.84,0,False,False,True,0.3462300665558648,0.0
670,57,3,175575.95,2,1,0,99061.75,1,False,True,False,0.8137423476650265,15801.835500000001
804,38,3,124197.22,1,1,0,74692.06,0,False,True,False,0.4242667600760701,11177.7498
850,30,3,0.0,2,1,0,116692.8,0,False,False,False,0.11733411983876633,0.0
554,39,10,160132.75,1,1,0,32824.15,0,False,False,False,0.500954551248193,14411.9475
588,37,7,70258.88,2,1,0,139607.61,0,True,False,False,0.2776298191187637,6323.2991999999995
758,32,4,162657.64,2,1,1,115525.13,0,True,False,True,0.1428140972427056,14639.187600000001
787,43,0,132217.45,1,1,0,20955.03,1,True,False,True,0.8674860204869393,11899.570500000002
582,25,9,148042.97,2,1,0,52341.15,0,False,True,True,0.1962554620084659,13323.8673
633,33,4,92855.02,1,1,1,159813.18,0,False,True,False,0.2933499372865482,8356.951799999999
766,47,9,129289.98,1,1,0,169935.46,1,True,False,True,0.898303457076688,11636.098199999999
564,37,9,100252.18,1,1,1,146033.52,0,False,True,True,0.22297243978529335,9022.696199999998
602,37,3,107592.89,2,0,1,153122.73,0,False,True,True,0.16276153472088237,9683.360099999998
649,39,3,113096.41,1,1,1,60335.24,0,False,False,True,0.2803972773636036,10178.6769
679,40,7,0.0,2,1,1,163757.29,0,False,True,False,0.1963242743163067,0.0
639,34,7,149940.04,2,0,0,156648.81,0,False,True,True,0.22744738030909015,13494.603600000002
790,50,8,121438.58,1,1,1,176471.78,1,True,False,True,0.7794032912461109,10929.4722
565,32,9,0.0,2,1,0,5388.3,0,False,False,True,0.07277458599799226,0.0
478,50,2,0.0,1,0,1,93332.64,1,False,False,False,0.7355855155205365,0.0
825,29,3,148874.01,2,0,1,71192.82,0,False,False,True,0.13064684153708167,13398.660899999999
528,32,0,68138.37,1,1,1,170309.19,0,False,True,False,0.31568256327563055,6132.453299999999
577,35,5,110080.3,1,1,1,109794.31,0,False,True,True,0.23822591881927335,9907.227
663,24,7,0.0,2,1,1,166310.82,0,False,False,True,0.0650094392998339,0.0
505,25,5,114268.85,2,1,1,126728.27,0,True,False,False,0.2372681544457849,10284.1965
633,29,6,117412.35,1,0,0,30338.94,0,True,False,True,0.5101707862242209,10567.111499999999
586,38,6,0.0,2,1,1,37935.83,0,False,False,False,0.15792640671867292,0.0
850,35,9,0.0,2,0,0,25329.48,0,False,False,False,0.11637241755825414,0.0
629,37,1,35549.81,2,0,0,49676.33,0,True,False,False,0.19724349559565296,3199.4828999999995
744,56,9,0.0,2,1,1,169498.61,0,False,False,True,0.24281070713445793,0.0
750,36,7,136492.92,3,1,1,26500.29,1,False,False,True,0.8883724541008945,12284.3628
637,28,3,123675.69,1,1,1,166458.41,0,True,False,True,0.3385971202014339,11130.8121
575,40,1,139532.34,1,1,0,181294.39,0,False,False,False,0.5544365811060277,12557.9106
671,58,1,178713.98,1,1,1,21768.21,0,False,True,True,0.4249597249687273,16084.2582
571,40,5,0.0,2,0,0,72849.29,0,False,False,True,0.13829298299466672,0.0
590,41,1,89086.31,1,1,0,24499.97,0,False,False,True,0.437904933627863,8017.767899999999
619,38,3,96143.47,1,0,0,98994.92,0,False,True,True,0.3445074332262443,8652.9123
640,30,5,32197.64,1,0,1,141446.01,0,True,False,False,0.21999752557804972,2897.7875999999997
670,38,7,0.0,2,1,1,77864.41,0,False,False,True,0.0914436614502922,0.0
737,33,4,0.0,2,1,0,115115.32,0,False,False,False,0.13125098547521374,0.0
555,32,10,0.0,2,0,1,168605.96,0,False,True,True,0.0665015385631866,0.0
742,33,6,0.0,2,0,0,38550.4,0,False,False,True,0.07193481933294404,0.0
618,40,0,140306.38,1,1,0,160618.61,1,True,False,False,0.698675230586934,12627.5742
560,35,1,0.0,2,1,0,3701.63,0,False,False,False,0.14851661426658055,0.0
654,38,8,0.0,2,1,0,88659.44,0,False,False,True,0.09083509726109158,0.0
787,42,2,74483.97,2,0,1,44273.91,0,True,False,False,0.297336870989608,6703.5573
611,53,7,0.0,2,0,1,156495.39,1,False,False,False,0.36092175718762026,0.0
559,34,0,0.0,1,1,0,182988.94,0,False,True,True,0.3907990088759669,0.0
481,37,8,152303.66,2,1,1,175082.2,0,False,False,True,0.18817970897136008,13707.3294
753,32,5,159904.79,1,1,0,148811.14,0,True,False,True,0.39492596775094563,14391.431099999998
675,32,1,0.0,3,1,0,85901.09,0,False,False,True,0.43954115254532167,0.0
748,31,1,99557.94,1,1,0,199255.32,0,True,False,False,0.4625328465791311,8960.2146
610,46,5,116886.59,1,0,0,107973.44,0,False,True,False,0.7085721675096259,10519.793099999999
580,32,9,142188.2,2,0,1,128028.6,0,False,True,True,0.12284086596755556,12796.938000000002
624,40,3,149961.99,2,1,0,104610.86,0,True,False,False,0.32591285736104003,13496.579099999999
709,36,8,0.0,2,1,1,69676.55,0,False,False,False,0.1311949332961181,0.0
605,34,2,0.0,1,0,0,35982.42,0,False,False,False,0.46282297395091243,0.0
706,53,7,0.0,2,0,1,117939.17,0,False,True,True,0.2268714741827015,0.0
567,40,8,28649.64,1,1,1,95140.62,0,False,True,True,0.3827060720090029,2578.4676
747,21,4,81025.6,2,1,0,167682.57,0,False,False,False,0.20420336010839135,7292.304
664,57,1,0.0,2,1,1,56562.57,0,False,False,True,0.21413613471614198,0.0
711,39,3,152462.79,1,1,0,90305.97,0,False,False,False,0.4638621027989505,13721.651100000001
609,25,10,0.0,1,0,1,109895.16,0,False,False,True,0.266979023034698,0.0
632,28,7,155519.59,1,1,0,1843.24,0,False,True,True,0.3526926048508291,13996.7631
725,36,1,118851.05,1,1,1,102747.02,0,False,False,False,0.23927030720686365,10696.5945
850,34,9,92899.27,2,1,0,97465.89,0,False,False,False,0.21112580225153432,8360.934299999999
682,40,4,0.0,1,0,1,105352.55,0,False,False,True,0.3914460203697471,0.0
797,37,4,75263.7,1,1,0,85801.77,0,False,False,True,0.35102892925574225,6773.732999999998
668,38,1,147904.31,1,1,1,69370.05,0,False,True,True,0.2101194099905771,13311.387899999998
783,41,5,106640.5,1,1,0,176945.96,0,True,False,False,0.6216872301410351,9597.644999999999
766,28,4,90696.78,1,0,1,21597.2,0,True,False,False,0.3097715549927504,8162.7101999999995
704,36,2,175509.8,2,1,0,152039.67,0,False,True,False,0.3898251827359619,15795.882
722,40,6,0.0,2,1,1,111893.09,0,False,False,True,0.10922686617691137,0.0
692,34,7,0.0,2,1,0,195074.62,0,False,False,False,0.13674327694671182,0.0
584,35,2,114321.28,2,0,0,15959.01,0,False,False,False,0.2678722630870975,10288.9152
644,51,4,95560.04,1,0,0,72628.84,1,True,False,False,0.9281898572283375,8600.4036
598,50,5,88379.81,3,0,1,64157.24,1,True,False,False,0.9216073069827724,7954.1829
733,48,7,85915.52,1,1,1,23860.5,0,True,False,True,0.5377747880908641,7732.3968
615,58,3,72309.3,1,1,1,85687.09,1,True,False,True,0.596721144046152,6507.8369999999995
850,39,2,0.0,2,1,0,179451.42,0,False,False,False,0.19941054963763588,0.0
521,43,8,0.0,1,1,1,93180.09,0,False,False,True,0.5040554727420408,0.0
675,69,1,0.0,2,1,0,157097.09,0,False,False,True,0.3471639146404202,0.0
746,58,3,0.0,3,1,1,80344.96,1,False,False,True,0.754579492088908,0.0
770,33,4,0.0,1,1,0,26080.54,1,False,False,False,0.5127502632433645,0.0
618,30,3,133844.22,1,1,1,31406.93,0,False,False,True,0.19708394411709076,12045.9798
556,36,7,154872.08,2,1,1,32044.64,0,False,False,True,0.1763231132374187,13938.487199999998
749,27,9,0.0,2,1,0,132734.87,0,False,False,False,0.11543399717533345,0.0
702,43,6,116121.67,1,1,0,61602.42,0,False,True,True,0.6417718022386205,10450.9503
555,42,6,107104.5,1,1,1,41304.44,1,True,False,True,0.6831283919995734,9639.404999999999
587,47,6,71026.77,1,1,0,57962.41,0,False,False,True,0.7466434777198558,6392.4093
639,38,3,0.0,1,1,0,42862.82,0,False,False,True,0.41316167769309936,0.0
643,33,4,0.0,2,1,1,152992.04,0,False,False,True,0.06818027196360016,0.0
600,41,1,0.0,2,1,1,91193.65,0,False,False,False,0.23341587966794922,0.0
651,53,7,0.0,2,1,1,130132.41,0,False,False,True,0.23319760019877683,0.0
666,27,4,0.0,2,0,0,88751.45,0,False,False,False,0.1190243490340073,0.0
520,39,6,145644.05,1,0,0,104118.93,0,False,False,False,0.45572414579080756,13107.964499999998
650,50,7,129667.77,1,0,0,42028.16,0,False,True,False,0.7550174781725717,11670.0993
564,33,3,109341.87,1,1,0,75632.78,0,True,False,True,0.538555670573388,9840.7683
586,64,1,0.0,2,1,1,53710.23,0,False,False,True,0.18865794529921373,0.0
617,35,5,0.0,2,0,1,13066.3,0,False,False,False,0.1544790427609901,0.0
712,30,6,0.0,2,1,0,152417.97,0,False,True,False,0.12800479305871695,0.0
654,55,3,87485.67,1,1,1,3299.01,0,False,False,True,0.5169329349557049,7873.7103
605,27,9,0.0,2,1,0,198091.81,0,False,False,True,0.10687848469184576,0.0
491,36,0,53369.13,1,1,1,103934.12,0,False,False,False,0.3213449207606429,4803.2217
707,35,9,0.0,2,1,1,70403.65,0,False,False,False,0.10481753001713956,0.0
638,34,5,146679.77,1,1,0,102179.86,0,False,True,True,0.33650202603349055,13201.179299999998
683,43,2,112499.42,2,1,0,30375.18,0,False,False,True,0.3779950450233948,10124.9478
815,38,2,48387.0,1,1,0,184796.84,0,False,True,False,0.49954931447096484,4354.83
645,38,1,68079.8,1,0,1,166264.89,0,False,True,True,0.31464625708003263,6127.182
645,49,4,160133.88,1,0,1,88391.97,0,True,False,True,0.6510406361720112,14412.049199999998
683,30,4,66190.33,1,1,1,115186.97,0,False,False,True,0.23396938024146363,5957.1297
705,37,10,0.0,2,1,1,13935.53,1,False,False,False,0.2942827543554379,0.0
647,35,4,123761.68,1,1,0,83910.4,0,False,False,True,0.3181794196414488,11138.5512
786,33,0,122325.58,1,0,0,34712.34,1,True,False,False,0.6449877796280881,11009.302199999998
534,41,9,0.0,2,1,0,13871.34,0,False,False,True,0.1374604327321365,0.0
602,42,1,138912.17,1,1,1,139494.75,0,False,True,False,0.5048768795509369,12502.0953
695,42,0,0.0,2,0,1,140724.64,0,False,False,False,0.31675430094986756,0.0
553,25,7,128524.19,2,1,0,20682.46,0,True,False,False,0.27911167008395193,11567.1771
516,31,3,0.0,2,1,0,124202.26,0,False,True,False,0.12767721915042007,0.0
655,34,3,0.0,2,1,0,159638.77,0,False,False,False,0.13794376241754436,0.0
849,49,9,132934.89,1,1,0,171056.65,1,True,False,False,0.8955810330288727,11964.1401
520,43,3,150805.17,3,0,1,25333.03,1,True,False,True,0.885226446455253,13572.4653
568,46,3,0.0,2,1,1,29372.62,0,False,True,False,0.22941260603677857,0.0
695,32,9,0.0,3,0,1,38533.79,0,False,True,True,0.1950832363602695,0.0
807,28,7,165969.26,3,1,0,156122.13,1,False,True,False,0.8514548083757342,14937.233400000001
642,36,2,124495.98,3,1,1,57904.22,1,True,False,False,0.8383146212903151,11204.6382
703,39,1,141559.5,1,1,1,31257.1,1,True,False,True,0.5285325581257075,12740.355
556,38,2,114756.14,1,1,0,193214.05,0,False,False,True,0.3950997007545324,10328.052599999999
585,30,6,0.0,2,1,1,137757.69,0,False,False,False,0.09814803151526838,0.0
587,49,7,155393.98,2,1,0,13308.2,1,True,False,False,0.7190157093366172,13985.458200000001
524,32,6,0.0,1,1,1,132861.9,1,False,True,False,0.3765809660982512,0.0
556,31,1,128663.81,2,1,0,125083.29,0,True,False,False,0.3043489466708488,11579.7429
504,44,4,113522.64,1,1,1,12405.2,0,False,True,True,0.464708745685256,10217.0376
731,26,3,0.0,2,1,0,37697.29,0,False,True,False,0.13712977977608334,0.0
651,34,3,0.0,2,1,1,105599.65,0,False,False,True,0.06882169638578019,0.0
675,40,8,79035.95,1,1,0,142783.98,1,False,True,False,0.6310660838799399,7113.235499999999
657,22,6,0.0,3,0,1,168412.07,1,False,True,False,0.5435120050335907,0.0
686,33,9,141918.09,2,0,1,184036.47,0,True,False,True,0.19046382313457313,12772.6281
690,35,9,107944.33,2,0,0,48478.47,0,False,False,False,0.240991572852838,9714.989699999998
567,36,7,0.0,2,0,1,3896.08,0,False,False,True,0.07783593484182676,0.0
557,57,1,120043.13,1,1,0,132370.75,1,True,False,True,0.9334421491967078,10803.8817
446,45,10,125191.69,1,1,1,128260.86,1,False,True,False,0.5817600063354229,11267.2521
850,31,1,96399.31,2,1,0,106534.15,0,False,False,True,0.15444619593239722,8675.9379
637,41,2,0.0,2,0,1,102515.42,0,False,False,True,0.1388318620436116,0.0
499,60,7,76961.6,2,1,1,83643.87,0,False,False,True,0.34387762569813385,6926.544
622,34,7,98675.74,1,1,0,138906.85,1,True,False,False,0.5240258652245411,8880.8166
684,37,1,126817.13,2,1,1,29995.83,1,True,False,True,0.34026496030512,11413.5417
612,32,3,121394.42,1,1,0,164081.42,0,False,False,True,0.2814029471169691,10925.4978
813,29,5,106059.4,1,0,0,187976.88,1,True,False,False,0.6181820785145494,9545.346
850,44,2,112755.34,2,0,0,158171.36,0,True,False,True,0.4753986092363083,10147.980599999999
795,29,4,0.0,2,0,0,155711.64,0,False,True,True,0.06789664795927697,0.0
628,55,7,0.0,3,1,0,85890.75,1,False,True,False,0.9248484831538295,0.0
565,38,7,145400.69,2,1,1,83844.79,0,True,False,False,0.2160065576963884,13086.0621
601,39,3,72647.64,1,1,0,41777.9,1,False,False,True,0.3733751820905514,6538.2876
802,40,4,0.0,2,1,1,81908.09,0,False,True,True,0.0783485026111658,0.0
614,37,6,96340.81,2,1,1,139377.24,1,True,False,False,0.35990704131160306,8670.6729
434,55,6,0.0,1,0,1,73562.05,1,False,True,True,0.540216242341948,0.0
522,32,8,124450.36,2,1,1,165786.1,0,True,False,True,0.15296872107297943,11200.5324
550,36,2,113877.23,2,1,0,174921.91,0,True,False,True,0.35339967983290616,10248.9507
599,25,3,0.0,2,1,1,120790.02,0,False,True,True,0.0783753701769042,0.0
493,36,5,148667.81,2,1,0,56092.51,0,False,False,False,0.2670258186953247,13380.102899999998
755,34,3,0.0,2,1,1,158816.03,0,False,False,True,0.062565154956344,0.0
605,62,4,111065.93,2,0,1,125660.99,0,False,False,False,0.48056657645058093,9995.9337
708,41,0,0.0,1,1,0,128400.62,0,False,False,True,0.49749912702228327,0.0
699,44,8,158697.61,1,1,0,107181.22,0,False,False,True,0.667557029677391,14282.784899999999
763,53,4,0.0,1,1,0,77203.72,1,False,False,False,0.8900863840362777,0.0
743,25,6,0.0,2,1,0,129740.11,0,False,True,True,0.06995301159042072,0.0
660,48,0,90044.32,2,0,1,187604.97,1,False,False,False,0.5681925223935053,8103.9888
619,38,10,84651.79,1,1,1,184754.26,0,True,False,True,0.33121097246689674,7618.661099999999
739,32,3,102128.27,1,1,0,63981.37,1,True,False,True,0.5141021538882071,9191.544300000001
769,60,9,148846.39,1,1,0,192831.67,1,True,False,True,0.8956506924193914,13396.1751
692,69,10,154953.94,1,1,1,70849.47,0,False,False,True,0.24288528615660085,13945.854599999999
560,30,0,108883.29,1,1,0,27914.95,0,False,False,False,0.32652556443754416,9799.496099999998
607,48,4,112070.86,3,1,0,173568.3,1,False,False,False,0.9311308496015271,10086.3774
630,29,6,131354.39,1,0,1,9324.31,1,True,False,True,0.41041686522433485,11821.895100000002
767,45,7,132746.2,2,1,0,26628.88,1,True,False,False,0.7095499566116027,11947.158000000001
543,34,8,0.0,2,0,1,145601.8,0,False,False,False,0.1063302739821092,0.0
776,39,8,125211.55,2,1,0,144496.07,0,False,False,True,0.2514162970237085,11269.0395
535,58,1,0.0,2,1,1,11779.98,1,False,True,True,0.3872290324149126,0.0
549,36,6,139422.37,1,0,0,83983.39,1,True,False,True,0.4981894376793909,12548.013299999999
844,28,4,0.0,2,0,1,123318.37,0,False,False,False,0.0917052702238196,0.0
586,47,5,157099.47,2,1,1,65481.86,0,True,False,False,0.5288734632078439,14138.952299999999
583,40,3,0.0,2,1,0,47728.0,0,False,False,True,0.12774724278323832,0.0
701,26,5,83600.24,1,0,1,59195.05,0,False,True,True,0.1920601444292871,7524.0216
726,28,2,0.0,1,0,0,98060.51,0,False,False,True,0.3188607650386908,0.0
829,36,4,81795.74,2,1,0,90106.94,0,True,False,True,0.20454762547298597,7361.616600000001
749,38,9,129378.32,1,1,1,13549.34,0,False,True,True,0.1907722872951128,11644.0488
743,46,9,0.0,1,1,0,113436.08,0,False,False,False,0.809622441849384,0.0
619,56,7,0.0,2,1,1,42442.21,0,False,True,False,0.26706686609058417,0.0
699,22,9,99339.0,1,1,0,68297.61,1,False,False,True,0.3030443029779569,8940.51
749,36,7,0.0,2,0,0,80134.65,0,False,True,True,0.08198386714114618,0.0
600,29,6,74430.1,2,1,1,96051.1,0,True,False,False,0.08153886770271804,6698.709000000001
760,38,3,91241.85,1,0,1,80682.35,0,False,True,True,0.1899356006984655,8211.766500000002
528,32,2,99092.45,1,0,1,111149.98,0,True,False,True,0.3121488569509324,8918.3205
630,26,5,0.0,2,1,0,182612.38,0,False,False,False,0.134973423014482,0.0
683,39,2,100062.16,2,1,0,109201.43,0,True,False,False,0.4187337586978633,9005.5944
677,26,6,98723.67,1,0,1,151146.67,0,True,False,False,0.4019667312948945,8885.130299999999
669,29,9,0.0,1,1,1,93901.61,0,False,True,True,0.25176978290704666,0.0
693,43,6,128760.32,1,1,0,36342.79,0,False,False,True,0.6403206516852932,11588.4288
612,52,5,144772.69,1,0,0,98302.57,1,False,True,False,0.8289506726600276,13029.542099999999
719,44,4,0.0,1,0,0,84972.9,1,False,True,True,0.7286383854839342,0.0
702,26,2,71281.29,1,1,1,108747.12,1,False,False,True,0.2536081688418321,6415.316099999999
755,29,9,117035.89,1,1,1,21862.19,0,False,False,True,0.18531708261121854,10533.2301
514,26,1,0.0,2,0,0,121551.93,0,False,False,True,0.06530472458873168,0.0
753,40,0,3768.69,2,1,0,177065.24,1,False,False,False,0.3513445838209469,339.1821
548,36,2,108913.84,2,1,1,140460.01,0,True,False,False,0.2623175956096353,9802.2456
850,28,2,101100.22,2,1,1,35337.31,0,True,False,True,0.1706953104652322,9099.019799999998
612,38,7,110615.47,1,1,1,193502.93,0,False,False,False,0.3321332462575887,9955.3923
628,33,8,152143.89,1,1,1,32174.03,0,True,False,True,0.342708136244066,13692.950100000002
479,47,6,121797.09,1,0,1,5811.9,1,False,False,True,0.5584585743125757,10961.738099999999
724,41,5,109798.25,1,0,1,149593.61,0,False,False,False,0.4359494025397722,9881.842499999999
512,41,7,122403.24,1,0,1,37439.9,1,True,False,True,0.6664233237721572,11016.2916
638,43,3,145860.98,1,1,1,142763.51,1,False,False,False,0.6006600699895015,13127.488200000002
834,40,7,0.0,2,0,0,45038.74,0,False,True,True,0.10466639860375794,0.0
781,29,9,0.0,2,0,0,172097.4,0,False,False,True,0.08653567508103763,0.0
707,48,7,105086.74,1,1,1,180344.69,1,True,False,False,0.7940480032299118,9457.8066
670,22,2,114991.45,1,1,1,37392.56,0,False,False,True,0.17566587147905677,10349.230499999998
663,33,8,96769.04,1,1,1,36864.05,0,False,True,False,0.25026896871106197,8709.2136
624,23,5,0.0,2,0,0,132418.59,0,False,False,False,0.12923802767893147,0.0
598,34,4,0.0,2,0,0,60894.26,0,False,False,False,0.12818616219478407,0.0
619,23,5,132725.1,1,1,1,143913.33,0,True,False,True,0.3238368798375181,11945.259
792,70,3,0.0,2,1,1,172240.27,0,False,False,False,0.14221015953105856,0.0
683,26,7,0.0,2,1,0,86619.77,0,False,False,False,0.13347377521122056,0.0
691,33,6,0.0,2,1,0,164074.89,0,False,False,False,0.14241965560419234,0.0
765,33,5,84557.82,1,1,1,69039.43,0,False,True,False,0.2061681593121887,7610.203800000001
508,49,1,93817.41,2,1,1,132468.76,1,False,False,True,0.5214664185388118,8443.5669
637,33,9,113913.53,1,0,1,65316.5,0,False,False,False,0.27446756523848737,10252.2177
667,44,5,140406.68,2,0,1,57164.19,0,True,False,False,0.5641974666518351,12636.6012
575,22,8,105229.34,1,1,1,34397.08,0,False,True,False,0.2375469838328659,9470.640599999999
744,46,1,0.0,3,1,1,177431.59,1,False,True,False,0.8798918579486762,0.0
567,41,9,137891.35,1,1,0,142009.46,1,False,False,False,0.6184131786492919,12410.2215
502,35,6,0.0,2,1,1,80618.47,0,False,False,False,0.10037859604119642,0.0
609,53,6,0.0,2,1,1,124218.27,0,False,False,False,0.32087890285377424,0.0
715,37,9,165252.52,1,1,0,85286.3,0,False,False,True,0.35966792025004424,14872.726799999997
541,32,8,0.0,2,0,0,40889.14,0,False,False,True,0.07051450712623772,0.0
850,71,4,0.0,2,1,1,107236.87,0,False,False,False,0.12440757018484483,0.0
595,23,7,0.0,2,1,1,168085.97,0,False,True,True,0.07309292979699979,0.0
650,28,5,122034.4,3,0,1,146663.43,1,True,False,False,0.8002392038717041,10983.096
625,44,7,0.0,1,1,0,4791.8,0,False,False,False,0.6303888564892677,0.0
817,59,1,118962.58,1,1,1,120819.58,0,False,False,True,0.422358128001961,10706.6322
526,49,2,0.0,1,1,0,114539.67,1,False,True,True,0.8150669250335928,0.0
850,34,4,71379.53,2,1,1,154000.99,0,False,False,False,0.12647444475084735,6424.1577
598,40,2,171178.25,1,1,0,137980.58,1,False,False,False,0.65131688993275,15406.0425
613,36,9,131307.11,1,0,0,83343.73,0,False,False,True,0.3036031412501245,11817.639899999998
709,62,3,0.0,2,1,1,82195.15,0,False,True,True,0.18513143158950368,0.0
678,27,5,87099.85,2,1,0,149550.95,0,False,True,False,0.2773872017698794,7838.9865
720,71,5,183135.39,2,1,1,197688.5,0,False,False,True,0.22875190159766595,16482.185100000002
662,26,0,0.0,2,0,1,72929.96,0,False,False,True,0.07549017037233649,0.0
525,51,10,0.0,3,1,0,171045.35,1,False,False,True,0.927224312241006,0.0
662,31,3,0.0,2,0,1,27731.05,0,False,False,True,0.06310633189937953,0.0
770,33,6,0.0,2,1,1,126131.9,0,False,False,False,0.0924532194647532,0.0
721,33,4,72535.45,1,1,1,103931.49,0,False,True,False,0.24223552922986763,6528.190499999999
633,58,2,128137.42,2,1,0,147635.33,1,True,False,True,0.7943295180427069,11532.3678
701,51,9,0.0,2,0,0,61961.57,0,False,False,True,0.4498205290324795,0.0
556,42,0,115915.53,2,0,1,125435.47,1,True,False,True,0.5372676117088347,10432.3977
639,66,0,0.0,2,0,1,42240.54,0,False,False,True,0.13042009340720517,0.0
632,50,2,0.0,2,0,0,57942.88,0,False,False,True,0.32507443191305013,0.0
456,29,5,107000.49,1,1,1,153419.62,0,False,False,True,0.2005630288383381,9630.044100000001
729,38,10,0.0,2,1,0,189727.12,0,False,True,False,0.16509770055405845,0.0
632,34,2,0.0,2,0,0,165385.55,0,False,False,False,0.1382932271691826,0.0
433,34,9,152806.74,1,1,0,19687.99,0,False,True,True,0.3120819914398513,13752.6066
802,60,3,92887.06,1,1,0,39473.63,1,False,False,False,0.850228275576811,8359.8354
670,25,7,0.0,2,1,1,144723.38,0,False,False,True,0.06304366532169171,0.0
738,40,6,114940.67,2,1,1,194895.57,1,True,False,False,0.4640656545037114,10344.6603
706,34,0,140641.26,2,1,1,77271.91,0,True,False,True,0.19382785866207172,12657.7134
592,70,5,71816.74,2,1,0,105096.82,1,True,False,False,0.7745478830037164,6463.5066
522,41,7,0.0,2,0,1,176780.39,0,False,False,False,0.24488493839869413,0.0
746,48,5,165282.42,1,1,0,153786.46,1,False,False,True,0.7521875422404817,14875.4178
651,42,2,143145.87,2,1,0,43612.06,0,False,True,True,0.3450278789867227,12883.128299999998
494,28,9,114731.76,2,0,1,79479.74,0,False,False,True,0.12708207348200765,10325.8584
753,46,9,113909.69,3,1,0,92320.37,1,True,False,False,0.9623934878388352,10251.8721
671,36,2,116695.27,1,0,0,193201.86,0,True,False,True,0.5970143506834829,10502.5743
696,42,4,0.0,1,0,0,126353.13,1,False,False,True,0.6584774177037042,0.0
577,43,3,0.0,2,1,1,135008.92,0,False,True,True,0.19545903619728963,0.0
587,36,1,0.0,2,0,1,17135.6,0,False,False,True,0.08674923873507502,0.0
712,37,7,93978.96,2,1,0,60651.77,0,True,False,True,0.33152689298193905,8458.1064
498,35,2,121968.11,2,0,1,188343.05,0,True,False,True,0.18295409557914563,10977.1299
660,37,2,97324.91,1,1,0,23291.83,0,False,False,True,0.32908892524156125,8759.2419
678,29,6,0.0,2,1,0,64443.75,0,False,True,True,0.06564760178513089,0.0
530,37,8,0.0,2,1,1,287.99,0,False,False,True,0.16522001119254476,0.0
559,48,2,0.0,2,0,1,137961.41,0,False,False,False,0.35376403870606055,0.0
624,42,3,145155.37,1,1,0,72169.95,1,False,False,True,0.6195172372915697,13063.983299999998
592,28,5,137222.77,1,0,0,39608.58,0,False,False,True,0.28076351160419083,12350.049299999999
767,48,9,0.0,2,0,1,175458.21,0,False,False,True,0.23453312302067408,0.0
653,38,5,114268.22,2,1,1,89524.83,0,True,False,False,0.3492416712269645,10284.1398
678,27,2,0.0,2,1,1,13221.25,0,False,True,True,0.06405235207788332,0.0
586,42,2,0.0,1,1,0,102889.34,0,False,True,False,0.6887690160661764,0.0
550,40,8,150490.32,1,0,0,166468.21,1,False,False,False,0.589866951899292,13544.1288
643,28,9,160858.13,2,1,0,27149.27,0,True,False,True,0.24604917568245996,14477.2317
612,39,5,170288.38,1,1,1,59601.15,0,False,True,True,0.26034743026018403,15325.9542
674,27,4,111568.01,1,0,1,22026.18,0,True,False,False,0.44431899310971845,10041.120899999998
657,29,7,83889.03,1,1,0,153059.62,0,False,True,True,0.283199480554674,7550.0127
724,35,0,171982.95,2,0,1,167313.07,0,True,False,False,0.16827065188566223,15478.465500000002
500,34,4,0.0,2,1,0,12833.96,0,False,False,False,0.13008442270173506,0.0
688,20,8,137624.4,2,1,1,197582.79,0,False,False,True,0.12892136230393364,12386.196
599,50,3,121159.65,1,0,0,4033.39,1,False,False,True,0.7443326364626901,10904.3685
631,29,7,0.0,2,0,1,125877.22,0,False,False,True,0.07481533198101033,0.0
634,52,1,0.0,2,1,1,176913.42,0,False,True,True,0.225759103724133,0.0
545,37,3,91184.01,1,1,0,105476.65,0,False,False,True,0.3536684749421613,8206.560899999999
644,18,8,0.0,2,1,0,59172.42,0,False,True,True,0.07062556135696561,0.0
690,54,1,144027.8,1,1,1,108731.02,1,True,False,False,0.7760696392652848,12962.502
711,34,6,0.0,2,1,1,175310.38,0,False,False,False,0.10720154122403043,0.0
712,29,8,140170.61,1,1,1,38170.04,0,False,False,False,0.2395055110516318,12615.354899999998
627,27,1,62092.9,1,1,1,105887.04,0,False,False,True,0.2256117771148446,5588.361
694,39,3,0.0,1,1,1,95625.03,0,False,True,True,0.3197723680515213,0.0
534,35,4,0.0,2,0,0,9541.15,0,False,True,True,0.07419059979832218,0.0
603,45,9,0.0,1,0,0,148516.79,0,False,False,True,0.7179912826343774,0.0
808,33,2,103516.87,1,1,0,113907.8,0,False,False,False,0.3378993683189655,9316.5183
723,30,1,0.0,3,1,0,164647.72,1,False,True,True,0.6572647324584975,0.0
585,35,2,0.0,2,1,0,98621.04,1,False,False,False,0.1899521382654448,0.0
706,34,8,0.0,2,1,1,37479.97,0,False,False,True,0.065375633841555,0.0
671,31,6,0.0,2,1,1,15846.42,0,False,False,False,0.12311943933625233,0.0
597,43,2,85162.26,1,0,1,5104.08,1,False,True,True,0.48104925760217837,7664.603399999998
646,43,8,143061.88,1,1,0,61937.6,0,False,False,False,0.6392456495458526,12875.569199999998
801,46,6,0.0,2,1,1,170008.74,0,False,True,False,0.2859430202511815,0.0
731,33,5,137388.01,2,1,0,165000.68,0,False,True,False,0.2842851565890343,12364.920900000001
620,25,1,137712.01,1,1,1,76197.05,0,True,False,False,0.4192363434619327,12394.0809
484,40,7,106901.42,2,0,0,118045.98,0,True,False,True,0.35771431822991084,9621.127799999998
647,47,5,105603.21,2,1,1,157360.9,0,False,True,True,0.4071189424407296,9504.2889
688,40,8,150679.71,2,0,1,196226.38,0,True,False,False,0.25584863817484294,13561.173899999998
680,30,4,108300.27,2,0,1,44384.57,1,True,False,True,0.25403016597567984,9747.024300000001
689,46,7,52016.08,2,1,1,72993.65,0,False,False,False,0.32110619415437985,4681.4472000000005
513,34,7,60515.13,1,0,0,124571.09,0,True,False,True,0.3296484644777016,5446.3616999999995
553,35,2,158584.28,2,1,0,43640.16,0,True,False,True,0.24936339361265086,14272.585200000001
689,47,2,118812.5,2,0,0,31121.42,0,True,False,True,0.6713129444116607,10693.125
517,46,4,0.0,1,1,0,22372.78,0,False,True,True,0.7568582409580467,0.0
731,37,8,0.0,2,1,1,170338.35,0,False,False,True,0.10478029151011656,0.0
687,47,1,91219.29,1,0,0,158845.49,1,True,False,False,0.9150097435067472,8209.736099999998
507,32,7,0.0,2,1,0,67926.18,0,False,True,True,0.07411793025838156,0.0
468,22,1,76318.64,1,1,1,194783.12,0,False,False,False,0.2349196284102723,6868.677599999999
682,58,4,0.0,1,1,0,176036.01,0,False,True,False,0.8600633129275823,0.0
603,24,3,0.0,1,1,1,198826.03,1,False,False,False,0.3872119853917889,0.0
522,25,1,111432.13,1,1,1,168683.57,0,True,False,True,0.3106824436394571,10028.8917
629,41,10,150148.51,1,0,0,6936.27,0,False,True,True,0.40298821422625786,13513.3659
729,32,7,38550.06,1,0,1,179230.23,0,False,False,False,0.3013757714629644,3469.505399999999
574,39,5,119013.86,1,1,0,103421.91,0,False,False,False,0.47550935111189796,10711.2474
677,39,0,111213.64,2,1,1,147578.26,0,True,False,False,0.4079608012451495,10009.2276
627,28,5,71097.23,1,1,1,130504.49,0,True,False,True,0.1745539190869621,6398.750699999999
788,36,10,109632.85,1,1,1,16149.13,0,False,True,True,0.19443405791022372,9866.9565
697,63,7,148368.02,1,0,0,118862.08,1,False,False,True,0.8353849556780145,13353.121799999997
578,45,1,148600.91,1,1,0,143397.14,1,False,False,True,0.7619618515196344,13374.0819
519,48,10,71083.98,1,1,0,137959.0,0,False,False,True,0.7692117304403954,6397.5581999999995
632,40,9,139625.34,1,1,0,93702.96,1,False,False,False,0.5802557399112339,12566.280599999998
679,39,4,0.0,1,0,0,172939.3,1,False,False,False,0.628067850948473,0.0
699,30,9,0.0,1,1,1,108162.13,0,False,False,True,0.22607326907482228,0.0
615,64,0,81564.1,2,0,1,35896.09,0,False,False,True,0.27862484188637476,7340.769
622,36,9,0.0,2,1,1,104852.6,0,False,True,True,0.08729838890923051,0.0
755,28,7,124540.28,1,0,1,188850.89,0,False,False,False,0.29908428558288436,11208.6252
767,42,2,133616.39,1,1,0,28615.8,0,False,False,False,0.5829135521841533,12025.475100000001
752,38,10,101648.5,2,1,0,172001.44,0,True,False,False,0.40275649600740543,9148.365
633,26,8,124281.84,1,1,1,60116.57,0,False,False,False,0.26411965454221287,11185.3656
717,59,4,0.0,2,1,1,170528.63,0,False,False,False,0.3219073046546815,0.0
585,45,0,0.0,2,0,0,189683.7,0,False,True,True,0.2671626774251049,0.0
751,37,9,183613.66,2,0,0,49734.94,0,False,False,False,0.27970636768313445,16525.229399999997
754,65,1,136186.44,1,1,1,121529.59,1,True,False,True,0.7660724589102572,12256.7796
495,47,10,137682.68,1,1,0,71071.47,0,False,False,True,0.7433001977891296,12391.441199999997
650,34,4,106005.54,1,0,1,142995.32,0,False,False,True,0.19892033837907108,9540.498599999999
529,31,6,152310.55,1,1,0,13054.25,0,False,False,False,0.3348935952807455,13707.949499999999
585,43,2,0.0,2,1,0,89402.54,0,False,False,False,0.3368294190913005,0.0
668,32,1,134446.04,1,0,1,111241.37,0,False,True,True,0.19038968968779676,12100.143600000001
591,38,2,142289.28,1,0,1,119638.85,0,False,False,False,0.27921877962967623,12806.035199999998
731,19,6,0.0,2,1,1,151581.79,0,False,False,True,0.057879402938865177,0.0
754,45,6,0.0,1,1,0,73881.68,1,False,False,False,0.8120560461455659,0.0
650,46,9,149003.76,2,1,0,176902.83,0,True,False,False,0.667884744356286,13410.3384
588,41,2,131341.46,2,0,1,7034.94,0,True,False,True,0.3227594051853578,11820.731399999999
712,29,7,77919.78,1,1,0,122547.58,0,False,True,False,0.35666505305829693,7012.780199999999
691,34,7,0.0,2,0,1,161559.12,0,False,False,False,0.12025562113112966,0.0
771,41,10,108309.0,4,1,1,137510.41,1,False,False,False,0.8979510649615585,9747.81
678,39,6,0.0,1,0,1,185366.56,0,False,True,False,0.3924005488933849,0.0
719,40,9,0.0,2,1,0,182224.14,0,False,True,False,0.2309327428403709,0.0
610,36,7,115462.02,1,0,1,42581.04,0,True,False,True,0.4524393153893404,10391.5818
722,37,9,0.0,2,1,0,31921.95,0,False,True,True,0.08390674832670302,0.0
758,23,5,122739.1,1,1,0,102460.84,1,True,False,False,0.5691455898839586,11046.519
709,32,2,0.0,2,0,0,109681.29,0,False,False,False,0.15765597556869818,0.0
634,53,3,113781.5,2,1,1,106345.05,1,True,False,False,0.6917357423682613,10240.335
678,49,1,0.0,2,1,1,102472.9,0,False,True,False,0.2853188710192771,0.0
633,35,3,0.0,2,1,1,36249.76,0,False,False,True,0.0762085556107553,0.0
710,43,9,128284.45,1,1,0,32996.89,1,False,False,True,0.6503227216308278,11545.600499999999
640,45,8,120591.19,1,0,0,195123.94,0,True,False,True,0.7797453174822264,10853.2071
656,63,8,0.0,2,0,1,57014.43,0,False,False,True,0.17224002159495075,0.0
551,59,2,166968.28,1,1,0,159483.76,1,False,False,False,0.8583861261340451,15027.145199999999
786,39,7,0.0,2,0,0,100929.59,0,False,True,False,0.17066709926915846,0.0
561,49,8,0.0,2,1,1,12513.07,0,False,False,False,0.2719607536371674,0.0
807,42,5,0.0,2,1,1,74900.9,0,False,True,True,0.11750248597335,0.0
602,38,2,71667.97,2,0,0,137111.89,0,True,False,True,0.2107539111673908,6450.1173
727,31,3,82729.47,2,1,0,60212.51,0,True,False,False,0.21745693720118475,7445.6523
678,40,1,0.0,2,1,1,187343.4,0,False,False,True,0.11286388927067982,0.0
730,23,8,0.0,2,1,0,183284.53,0,False,False,True,0.07422042323783533,0.0
596,30,1,0.0,2,1,0,8125.39,0,False,True,False,0.15961742934321457,0.0
686,39,3,129626.19,2,1,1,103220.56,0,True,False,True,0.2707213305610926,11666.3571
684,26,2,114035.39,1,0,0,96885.19,0,True,False,False,0.5570065827122823,10263.185099999999
797,32,1,151922.94,1,1,0,8877.06,0,True,False,True,0.4091657379147271,13673.064599999998
658,39,4,0.0,1,1,1,147530.06,0,False,False,False,0.3987359592384639,0.0
653,27,6,107751.68,2,1,1,33389.42,0,False,True,False,0.17044860669422576,9697.651199999998
641,37,6,0.0,2,1,0,45309.24,0,False,False,True,0.08556461235504198,0.0
656,41,6,101179.23,2,1,1,35230.61,0,False,True,False,0.3017462482932911,9106.1307
750,36,6,0.0,2,1,1,59816.41,0,False,True,False,0.10586118569458995,0.0
768,40,8,0.0,2,0,1,69080.46,0,False,False,False,0.20667809003248672,0.0
568,33,7,0.0,2,1,0,143450.61,0,False,False,True,0.08149306376057272,0.0
706,36,9,58571.18,2,1,0,40774.01,0,True,False,True,0.14574110235052712,5271.406199999999
430,38,8,153058.64,1,1,0,99377.27,0,True,False,False,0.4433594255435844,13775.277600000001
745,35,4,98270.34,1,1,0,133617.43,0,True,False,True,0.46008393693549154,8844.3306
747,43,1,130788.71,1,0,1,101495.0,1,False,False,True,0.4416492994638878,11770.983900000001
657,40,7,99165.84,1,0,1,119333.95,1,True,False,True,0.6205029163011593,8924.925599999999
639,42,4,0.0,2,0,0,167682.37,0,False,False,False,0.3121168190509678,0.0
704,44,3,0.0,2,0,1,152884.85,0,False,False,True,0.22262581734557407,0.0
651,23,4,115636.05,2,1,0,70400.86,0,False,True,True,0.18640335217503134,10407.244499999999
706,44,2,185932.18,2,1,0,65413.41,0,True,False,False,0.40086062489201557,16733.896199999996
632,30,2,72549.0,2,0,1,182728.8,0,True,False,True,0.09892656428045993,6529.41
751,42,4,0.0,2,1,1,81442.6,0,False,False,True,0.1333490982961837,0.0
767,35,2,0.0,2,0,0,144251.38,0,False,False,False,0.1575356853529231,0.0
741,39,5,0.0,1,0,1,40207.06,0,False,False,True,0.31937782021027306,0.0
651,29,3,121890.06,1,1,0,54530.51,1,True,False,True,0.5771732218332614,10970.1054
601,46,2,99786.07,1,1,1,32683.88,1,False,False,True,0.5264275009702877,8980.7463
520,34,3,0.0,2,1,1,104703.96,0,False,False,True,0.07203954098816244,0.0
626,27,4,115084.53,2,0,1,26907.43,0,True,False,True,0.20590469254597252,10357.6077
811,30,6,0.0,2,1,1,180591.32,0,False,False,True,0.06081360753445792,0.0
730,32,9,127661.69,1,0,0,60905.51,0,False,False,False,0.3441250247128552,11489.5521
604,47,4,118907.6,1,0,1,47777.15,1,True,False,False,0.8100513578889447,10701.684000000001
499,44,6,77627.33,2,1,0,108222.68,0,True,False,False,0.5365301595247898,6986.459699999999
754,40,2,160625.17,1,0,1,3554.63,0,False,True,True,0.27870834030645875,14456.265300000001
716,29,8,0.0,2,0,0,78616.92,0,False,True,False,0.11299069791163305,0.0
636,20,10,124266.86,1,0,0,100566.81,0,False,False,False,0.3363771337339735,11184.0174
470,25,8,127974.06,2,1,1,183259.35,0,False,False,False,0.22792638461073145,11517.6654
444,43,3,0.0,2,1,1,159131.21,0,False,False,True,0.27483608416617744,0.0
809,48,2,0.0,1,1,0,160976.85,1,False,True,False,0.8770149316745455,0.0
850,30,3,104911.35,2,1,1,42933.26,0,True,False,False,0.21191014340312742,9442.0215
637,27,1,0.0,2,1,0,91291.2,0,False,False,True,0.0698433895297612,0.0
512,43,1,0.0,2,1,1,52471.36,0,False,False,True,0.2586408245877672,0.0
774,43,1,110646.54,1,0,0,108804.28,0,False,True,False,0.5998936437600626,9958.1886
641,57,5,0.0,2,1,1,122449.18,0,False,False,True,0.2319375133096818,0.0
586,42,6,126704.49,2,1,0,41682.3,0,True,False,True,0.4326309460681523,11403.4041
611,30,9,0.0,2,1,1,148887.69,0,False,False,True,0.07308323712802375,0.0
660,31,1,84560.04,1,1,1,137784.25,0,False,True,True,0.19571943951381102,7610.4036
532,43,9,0.0,2,0,0,190573.91,1,False,False,True,0.3963331092668893,0.0
557,38,2,129893.56,1,0,0,102076.03,0,True,False,False,0.6022454944021196,11690.420399999999
730,25,5,167385.81,1,1,1,56307.51,0,False,True,True,0.19554967244610105,15064.722899999997
535,27,6,0.0,2,0,1,49775.58,0,False,False,False,0.10363756179001643,0.0
773,36,4,105858.71,1,0,1,4395.45,0,True,False,False,0.5026615594651324,9527.2839
510,44,4,123070.89,1,1,0,28461.29,1,True,False,False,0.8698667847243928,11076.380099999998
539,39,1,0.0,1,1,1,28184.7,0,False,False,True,0.3723421223387254,0.0
690,48,2,0.0,2,1,1,3149.1,0,False,True,False,0.25010252909182595,0.0
821,40,1,0.0,2,1,0,194273.12,0,False,False,False,0.2013832350868457,0.0
687,35,1,125141.24,2,1,1,148537.07,0,True,False,True,0.2103825365163295,11262.7116
557,46,4,96173.17,2,1,1,116378.31,0,False,False,False,0.4854408937366022,8655.585299999999
532,37,5,0.0,2,0,1,6761.84,0,False,True,False,0.16435311932505944,0.0
540,39,2,0.0,2,1,0,81995.92,0,False,True,True,0.11249391586666717,0.0
705,55,8,0.0,2,1,1,14392.68,0,False,False,False,0.28608921906607654,0.0
542,35,9,127543.11,2,1,0,468.94,1,True,False,False,0.4598749723308527,11478.8799
706,38,1,0.0,2,1,0,122379.54,0,False,False,True,0.08332870891063494,0.0
765,56,1,0.0,1,1,0,13228.93,1,False,False,False,0.8875474933917366,0.0
529,67,8,103101.56,2,1,1,154002.02,1,False,False,True,0.3943324091671991,9279.140399999998
714,54,7,126113.28,1,1,0,112777.38,0,False,False,True,0.8107690564288128,11350.1952
582,41,1,40488.76,1,1,0,128528.83,0,False,False,True,0.5101957472699804,3643.9884
609,40,10,137389.77,2,1,0,170122.22,0,True,False,False,0.4500844461337096,12365.079299999998
518,28,9,85146.36,1,0,0,2803.89,0,False,False,False,0.27507952563100585,7663.1724
791,35,5,129828.58,1,1,1,181918.26,1,True,False,True,0.4900295542177849,11684.572199999999
747,42,4,80214.36,1,1,0,115241.96,1,False,False,True,0.6310228535413895,7219.2924
565,40,2,0.0,2,1,1,129956.13,0,False,False,False,0.1844232663022513,0.0
735,34,1,141796.43,1,1,0,45858.49,0,False,False,True,0.3083390182596618,12761.6787
697,49,7,195238.29,4,0,1,131083.56,1,False,False,False,0.9309676817359813,17571.4461
813,27,6,111348.15,1,1,0,46422.46,0,True,False,True,0.5208329715164589,10021.333499999999
772,43,6,0.0,2,1,1,57675.88,0,False,False,True,0.1804274386564628,0.0
606,71,8,0.0,2,1,1,169741.96,0,False,False,False,0.19617374425956388,0.0
667,42,10,64404.26,2,0,0,26022.37,0,True,False,False,0.26934299432942627,5796.3834
637,40,9,154309.67,1,1,1,125334.16,1,True,False,True,0.5733556192806529,13887.8703
542,67,10,129431.36,1,0,1,21343.74,0,False,False,True,0.27869996242882394,11648.8224
762,43,5,134204.67,1,1,1,139971.01,0,False,True,False,0.484121381795889,12078.4203
698,39,4,0.0,2,0,1,47455.82,0,False,False,False,0.19127319473146445,0.0
850,32,8,0.0,2,1,1,55593.8,0,False,False,False,0.08989357698126095,0.0
621,50,5,0.0,2,1,0,191756.54,1,False,False,False,0.41134635742134024,0.0
671,48,9,116711.06,2,0,0,76373.38,0,True,False,False,0.7551799642297599,10503.9954
775,31,9,0.0,2,1,0,169278.51,0,False,False,True,0.08227554322452273,0.0
504,34,0,54980.81,1,1,1,136909.88,0,False,True,True,0.2590247807832737,4948.2729
751,37,3,99773.85,2,1,0,54865.92,0,False,True,False,0.2794860391947695,8979.6465
691,30,7,101231.77,2,0,0,156529.44,0,True,False,True,0.27123365353496953,9110.8593
841,32,2,117070.21,1,1,0,113482.2,0,True,False,True,0.5563662359046532,10536.3189
709,23,8,73314.04,2,1,0,63446.47,0,True,False,True,0.14509016350533885,6598.263599999999
673,37,2,0.0,1,1,1,13624.02,0,False,False,True,0.32765951359247253,0.0
541,37,9,212314.03,1,0,1,148814.54,0,False,False,True,0.2550059350822714,19108.2627
661,31,3,136067.82,2,1,0,65567.91,0,False,False,False,0.2433897854183568,12246.1038
784,42,2,109052.04,2,1,0,6409.55,0,False,True,False,0.4029097691887683,9814.683599999998
742,35,2,79126.17,1,1,1,126997.53,0,False,False,False,0.23507777471666902,7121.3553
850,55,7,0.0,1,0,0,171762.87,1,False,True,False,0.8663769712216022,0.0
443,35,9,108308.0,1,1,0,129031.19,1,False,False,False,0.4155773128342854,9747.72
778,48,3,102290.56,2,1,0,182691.31,0,True,False,False,0.6517900588089848,9206.150399999999
529,39,6,102025.08,2,1,0,12351.01,0,False,False,True,0.21217754613213885,9182.2572
678,37,2,113383.07,1,1,1,135123.96,0,True,False,False,0.5908981349992125,10204.4763
516,65,9,102541.1,1,1,0,181490.42,0,False,True,False,0.7363474378363208,9228.699
469,35,5,0.0,2,1,0,186490.37,0,False,True,True,0.12011363899619333,0.0
786,40,6,0.0,2,0,0,41248.8,0,False,True,True,0.1034459136220016,0.0
703,41,6,109941.51,1,1,0,116267.28,0,False,False,False,0.5447165066728543,9894.7359
579,41,0,141749.68,1,0,1,9201.53,0,True,False,True,0.5823493848233879,12757.4712
565,38,5,0.0,2,0,1,80630.32,0,False,False,True,0.10236679333353851,0.0
443,44,2,0.0,1,1,0,159165.7,0,False,False,True,0.6957893822747809,0.0
589,37,7,85146.48,2,1,0,86490.09,1,False,False,True,0.26364279580013883,7663.1831999999995
691,44,6,134066.1,2,1,1,197572.41,0,False,False,False,0.31993826820756377,12065.949
711,28,8,0.0,2,0,0,105159.89,0,False,False,False,0.1197259043477997,0.0
775,27,4,0.0,1,1,1,40807.26,0,False,True,True,0.2619864878927579,0.0
621,35,7,87619.29,1,1,0,143.34,0,False,False,True,0.3081386282218021,7885.736099999998
350,51,10,0.0,1,1,1,125823.79,1,False,False,True,0.6656431106803236,0.0
668,30,8,0.0,2,1,0,138465.7,0,False,True,False,0.11714407664422265,0.0
633,27,3,0.0,2,1,0,44008.91,0,False,True,True,0.06474015736387742,0.0
697,43,8,103409.16,1,1,0,66893.28,1,True,False,True,0.8496492102412434,9306.824400000001
734,30,7,123040.38,1,1,1,76503.06,0,True,False,False,0.48276609921616187,11073.6342
434,41,4,108128.52,1,0,1,56784.11,0,False,False,True,0.37970643885834493,9731.5668
646,48,8,169023.33,2,1,1,175657.55,0,True,False,True,0.3427487816254027,15212.099699999999
764,30,5,0.0,2,0,1,105155.66,0,False,False,True,0.06150382403547722,0.0
727,41,10,0.0,2,0,1,47468.56,0,False,True,False,0.21345288645585456,0.0
724,29,6,0.0,2,0,1,64729.51,0,False,False,False,0.1089210856732414,0.0
749,42,9,222267.63,1,0,0,101108.85,1,False,True,True,0.6996693913302804,20004.0867
706,47,10,144090.42,1,1,0,140938.95,1,True,False,False,0.9183086963995889,12968.1378
728,30,10,114835.43,1,0,1,37662.49,0,False,False,True,0.16510311771205127,10335.188699999999
636,44,2,0.0,2,0,0,86414.41,0,False,False,True,0.238845718017772,0.0
634,34,3,145030.92,1,1,1,41820.65,0,False,False,True,0.20226404574860965,13052.7828
627,43,8,71240.3,1,0,1,127734.16,0,False,False,True,0.4745532917550622,6411.6269999999995
518,59,5,138772.15,1,0,1,123872.0,0,False,False,True,0.4693065225467615,12489.4935
687,29,7,93617.07,1,0,1,113050.92,0,False,True,False,0.2138625117646831,8425.5363
622,23,8,0.0,2,1,1,131389.39,0,False,True,False,0.12489549272007772,0.0
693,45,4,0.0,2,1,1,26589.56,0,False,True,False,0.23540317270884573,0.0
450,25,9,74237.2,2,0,1,195463.35,0,False,True,True,0.11937506357342402,6681.348
664,49,5,127421.78,2,1,0,108876.75,1,True,False,False,0.7838382437737919,11467.9602
663,28,8,61274.7,2,1,0,136054.45,0,False,True,False,0.2243616817325182,5514.722999999999
660,34,8,106486.66,2,0,1,182262.66,0,False,False,True,0.1431266266151887,9583.7994
579,29,10,73194.52,2,1,1,129209.09,0,False,False,False,0.1500666840201448,6587.506799999999
655,44,6,146498.76,1,1,0,64853.51,1,True,False,False,0.8715949270137422,13184.8884
683,47,1,0.0,2,1,0,148989.15,0,False,False,True,0.28485932905090716,0.0
655,32,2,0.0,1,1,1,71047.51,0,False,False,False,0.32014669814189844,0.0
575,30,8,0.0,2,1,0,185341.63,0,False,True,False,0.11813967891798473,0.0
574,30,5,120355.0,1,1,0,137793.35,0,False,True,True,0.31310999775995035,10831.95
795,32,2,117265.21,1,1,1,198317.23,0,False,False,True,0.19612251499623803,10553.868900000001
776,43,4,0.0,2,0,1,162137.5,0,False,False,False,0.2913291753202319,0.0
707,52,7,0.0,1,1,0,109688.82,1,False,True,False,0.899862236606413,0.0
705,37,3,109974.22,1,1,1,36320.87,1,True,False,False,0.5975394055555552,9897.6798
678,44,2,98009.13,2,0,1,31384.86,0,True,False,False,0.5556568640158812,8820.8217
663,34,10,0.0,1,1,1,114083.73,0,False,False,True,0.26801915130792964,0.0
748,66,8,0.0,1,1,1,163331.65,0,False,False,True,0.3270618013227292,0.0
677,34,10,171671.9,1,1,1,50777.77,0,False,True,False,0.2847174243036123,15450.470999999998
634,63,10,0.0,2,1,0,30772.86,1,False,True,True,0.5938855239093221,0.0
350,60,3,0.0,1,0,0,113796.15,1,False,False,False,0.8727551666218392,0.0
727,61,0,128213.96,2,1,1,188729.08,1,False,False,True,0.45602191227478367,11539.2564
773,51,8,116197.65,2,1,1,86701.4,0,True,False,True,0.5974570485284478,10457.788499999999
675,39,1,0.0,2,1,0,153129.22,0,False,False,True,0.07859084477732341,0.0
649,36,6,86607.39,1,0,0,19825.09,0,False,True,False,0.3770889385473599,7794.6651
552,29,10,0.0,2,1,0,12186.83,0,False,False,True,0.07429223901415673,0.0
761,62,5,98854.34,1,0,0,86920.97,1,True,False,True,0.924269076606312,8896.890599999999
622,31,7,0.0,1,1,0,35408.77,0,False,False,True,0.36966069141920593,0.0
615,59,8,0.0,2,1,1,165576.55,0,False,False,True,0.2506511254175651,0.0
681,31,4,97338.19,2,0,0,48226.76,0,True,False,True,0.23103396233049955,8760.4371
768,30,6,0.0,2,1,1,199454.37,0,False,False,True,0.06431812393258177,0.0
617,34,9,0.0,2,1,0,118749.58,0,False,True,True,0.08685538815197795,0.0
452,33,6,131698.57,2,1,0,151623.91,0,False,False,False,0.2781342402669663,11852.8713
807,37,10,130110.45,2,0,1,172097.95,0,True,False,True,0.22131102635275354,11709.940499999999
567,44,9,0.0,2,1,0,87677.15,0,False,True,True,0.278918432567275,0.0
603,24,1,165149.13,2,1,0,21858.28,0,False,True,True,0.2947582824234129,14863.421699999999
617,37,9,101707.8,1,1,0,123866.28,0,False,True,False,0.3702691474682747,9153.702
701,34,3,105588.66,1,0,1,74694.41,0,False,False,False,0.24101904685227565,9502.9794
820,39,9,111336.89,1,1,0,16770.31,1,True,False,True,0.641728894803601,10020.320099999999
438,60,7,78391.17,1,0,1,49424.6,0,False,False,True,0.4925817109873695,7055.2053
600,27,6,0.0,2,1,1,172031.22,0,False,True,False,0.10649203619271459,0.0
782,34,9,0.0,1,1,0,183021.06,1,False,False,True,0.47941023443441916,0.0
638,41,9,144326.09,1,1,0,73979.85,1,True,False,False,0.7322596430579423,12989.3481
850,27,1,101278.25,2,1,1,26265.18,0,True,False,True,0.17505280126582984,9115.0425
741,19,8,108711.57,2,1,0,24857.25,0,True,False,False,0.3388472166518887,9784.0413
689,73,1,108555.07,1,0,1,167969.15,0,False,True,True,0.23292865459192474,9769.956300000002
743,35,1,146781.24,1,1,0,189307.7,0,True,False,False,0.5038762203027494,13210.311599999997
493,36,2,0.0,2,0,1,99770.3,0,False,False,False,0.1332472567080432,0.0
416,35,8,0.0,1,0,0,119712.78,0,False,True,True,0.3887039396980235,0.0
725,25,9,0.0,2,1,1,168607.74,0,False,False,False,0.11270047885836292,0.0
497,34,2,0.0,2,1,1,83087.13,0,False,False,True,0.06934967216169964,0.0
537,66,8,103291.25,2,1,1,130664.79,0,True,False,True,0.5152792931141295,9296.2125
706,29,1,209490.21,1,1,1,133267.69,1,False,True,False,0.45197397574088943,18854.1189
651,38,2,0.0,3,1,0,67029.82,1,False,True,True,0.6187630756335805,0.0
720,33,2,0.0,2,0,1,141031.08,0,False,False,True,0.06888784935521358,0.0
797,45,8,0.0,1,0,0,125110.02,0,False,False,True,0.7169269343896845,0.0
543,23,5,0.0,2,1,0,117832.39,0,False,True,True,0.07440326764286781,0.0
454,34,4,0.0,2,1,0,198817.72,0,False,False,True,0.1290232234924779,0.0
691,37,9,149405.18,1,1,1,146411.6,0,False,False,True,0.18733468771195042,13446.466199999999
510,52,6,191665.21,1,1,1,131312.56,1,False,False,False,0.6818086285916699,17249.8689
792,40,7,0.0,1,1,0,141652.2,0,False,True,False,0.6106634648659814,0.0
721,41,6,135071.12,1,1,1,64477.25,0,False,False,True,0.318362130266962,12156.4008
765,41,2,0.0,2,0,1,191215.61,0,False,False,True,0.14356151870673486,0.0
850,39,8,0.0,2,1,1,37090.44,0,False,True,True,0.07298088759405591,0.0
681,38,6,181804.34,2,1,1,57517.71,0,True,False,True,0.19316878151432337,16362.390599999999
586,60,3,47020.65,2,0,1,63241.21,1,False,False,False,0.3933944044969346,4231.8585
753,36,7,128518.98,1,1,1,44567.83,1,False,False,False,0.26153783403618147,11566.7082
593,38,5,142658.04,2,0,1,135337.11,0,True,False,False,0.25820378171116887,12839.223600000001
674,21,9,120150.39,2,1,1,33964.03,0,False,False,False,0.16304019166279407,10813.535100000001
610,35,7,81905.95,1,1,1,61623.19,0,False,False,False,0.2517082363341332,7371.5355
652,26,3,137998.2,2,0,1,168989.77,0,False,False,True,0.13286694521573447,12419.838
850,26,8,123126.29,1,1,0,74425.41,0,True,False,False,0.5326201472381262,11081.3661
740,51,4,0.0,2,1,1,178929.84,0,False,False,False,0.32249876971932845,0.0
637,43,1,135645.29,2,0,1,101382.86,1,True,False,True,0.576796940598724,12208.0761
685,31,7,122449.31,2,1,1,180769.55,0,False,True,True,0.13042552060588705,11020.4379
558,40,4,161766.87,1,0,0,92378.54,0,False,True,True,0.42034794355069094,14559.0183
677,37,3,0.0,2,1,1,38252.25,0,False,False,False,0.14634204959020017,0.0
592,36,10,123187.51,1,0,1,146111.35,0,True,False,True,0.43077046318890744,11086.8759
652,36,9,150956.71,1,0,0,72350.17,0,True,False,True,0.4748653605651703,13586.103899999998
662,42,6,105021.28,1,1,0,48242.38,0,False,True,False,0.5808132496671657,9451.9152
543,64,4,0.0,2,1,1,148305.82,0,False,False,True,0.23250967631484964,0.0
675,50,1,133204.91,1,0,1,8270.06,0,False,True,False,0.5181301034433397,11988.4419
643,35,6,0.0,2,1,1,41549.64,0,False,True,False,0.12628012587715745,0.0
611,49,9,115488.52,2,1,1,138656.81,1,True,False,False,0.6918762813379047,10393.9668
412,29,5,0.0,2,0,0,12510.53,0,False,False,True,0.07461610948925843,0.0
638,41,7,0.0,2,1,0,43889.41,0,False,True,True,0.10383353567080571,0.0
824,38,3,0.0,2,1,0,192800.25,0,False,True,False,0.1553158913251718,0.0
683,40,1,0.0,2,0,0,75762.0,0,False,False,False,0.22633780490518127,0.0
562,39,6,130565.02,1,1,0,9854.72,1,True,False,False,0.72599436470259,11750.8518
599,41,2,91328.71,1,1,0,115724.78,0,False,False,False,0.5595393223584094,8219.5839
753,35,4,0.0,2,1,1,106303.4,0,False,False,True,0.06361323693875774,0.0
594,50,7,81310.34,1,1,1,183868.01,0,False,False,True,0.5052691203867219,7317.9306
657,34,3,107136.6,1,1,0,153895.46,0,False,False,True,0.2835077376546139,9642.294
716,34,9,0.0,1,1,1,66695.71,0,False,True,True,0.2718713874580378,0.0
850,43,7,0.0,2,1,1,173851.11,0,False,False,True,0.1815677227698417,0.0
664,46,2,0.0,1,1,1,177423.02,1,False,False,True,0.6019313319557342,0.0
558,33,0,108477.49,1,1,1,109096.71,1,False,False,True,0.19092470941269046,9762.9741
606,40,1,144757.97,2,1,1,166656.18,0,True,False,True,0.31908122314171544,13028.2173
776,33,2,0.0,2,1,1,176921.0,0,False,True,True,0.06379747394126595,0.0
557,36,1,113110.26,1,1,0,98413.1,0,False,True,True,0.33664137577142483,10179.9234
614,27,9,106414.57,2,0,0,77500.81,0,False,False,False,0.21067931950164584,9577.311300000001
620,42,4,106920.91,1,0,1,119747.08,0,False,True,True,0.3818160644502352,9622.8819
695,35,7,0.0,2,1,0,160387.98,0,False,True,True,0.08261782146603507,0.0
729,39,1,131513.26,1,1,1,193715.0,0,True,False,False,0.5999927933733977,11836.1934
571,53,2,0.0,2,1,0,28045.77,0,False,False,False,0.5391869361873142,0.0
457,40,10,134320.23,2,1,0,150757.35,0,False,False,True,0.3063582117207179,12088.8207
559,29,3,79715.36,1,1,0,82252.28,0,False,False,False,0.3740729988332328,7174.3823999999995
664,38,4,74306.19,2,1,0,154395.56,0,False,False,False,0.2952160880101427,6687.5571
500,50,5,0.0,4,1,1,83866.35,1,False,True,False,0.833820227432029,0.0
782,42,7,126428.38,1,1,0,39830.1,0,True,False,True,0.6899879148634596,11378.5542
708,38,8,99640.89,1,1,0,12429.22,0,False,True,True,0.3390356440782311,8967.6801
681,43,3,66338.68,1,1,1,18772.5,1,False,False,True,0.4979257393450392,5970.481199999999
674,39,6,0.0,2,1,1,9574.83,0,False,True,False,0.16165962525308547,0.0
697,43,10,128226.37,1,0,0,188486.94,0,False,True,True,0.5262704537988834,11540.3733
774,26,5,0.0,2,1,1,64716.08,0,False,False,False,0.09130174282572709,0.0
624,36,6,0.0,2,0,0,84749.96,0,False,False,True,0.09141552635044503,0.0
747,37,1,0.0,2,0,1,180551.76,0,False,True,True,0.10018542247047035,0.0
715,32,10,0.0,2,1,0,60907.49,0,False,False,False,0.14501684455990096,0.0
808,24,4,122168.65,1,1,0,174107.04,0,False,False,True,0.28743017485000316,10995.1785
678,43,7,178074.33,1,0,0,110405.9,0,False,False,False,0.6382846754745097,16026.689699999999
813,59,2,135078.41,1,1,0,187636.06,1,True,False,True,0.9023715101525462,12157.0569
687,38,8,69434.4,2,1,1,66580.13,1,False,True,True,0.21233288447869725,6249.096
832,29,5,0.0,2,1,0,178779.52,0,False,False,False,0.11572850427506133,0.0
668,72,2,0.0,2,1,1,70783.61,0,False,False,True,0.07956506062052418,0.0
526,34,3,122726.56,1,1,1,46772.36,0,True,False,True,0.4611955124295046,11045.390399999998
457,38,7,164496.99,1,1,1,163327.27,0,False,False,False,0.3604591371152938,14804.729099999997
649,38,8,0.0,1,1,0,103760.53,0,False,True,False,0.5164043493721526,0.0
669,41,0,150219.41,2,0,0,107839.03,0,False,False,False,0.34892811086153636,13519.7469
668,42,8,187534.79,1,1,1,32900.41,1,False,False,True,0.4709495667851288,16878.1311
466,30,3,0.0,1,1,0,193984.6,0,False,False,False,0.4244189078308899,0.0
685,30,2,0.0,2,1,1,140889.32,0,False,False,True,0.07766375493206015,0.0
610,34,0,103108.17,1,0,0,125646.82,0,False,False,True,0.2776516903584603,9279.735299999998
582,50,6,96486.57,2,1,1,20344.02,0,True,False,False,0.6360300008291029,8683.7913
702,36,9,90560.48,2,1,0,174268.87,0,True,False,True,0.29571157285214034,8150.4432
556,46,3,131764.96,1,1,1,108500.66,1,False,True,True,0.507662167798426,11858.846399999999
812,24,1,92476.88,1,0,0,83247.14,0,False,True,False,0.31276321962577125,8322.9192
645,47,9,152076.93,1,1,0,121840.2,1,True,False,True,0.8773010839457674,13686.9237
809,43,2,0.0,2,1,1,132908.07,0,False,False,True,0.16404300292110716,0.0
560,49,4,0.0,1,1,1,100075.1,1,False,False,True,0.6306814163997779,0.0
744,29,1,43504.42,1,1,1,119327.75,0,False,False,True,0.19636282976327846,3915.3977999999997
731,39,2,0.0,2,1,0,136737.13,0,False,True,False,0.18068221070485357,0.0
471,28,5,0.0,2,1,1,22356.97,0,False,True,False,0.12336285787151337,0.0
686,38,2,93569.86,3,0,0,10137.34,1,True,False,False,0.7512609553109936,8421.287400000001
668,45,4,102486.21,2,1,1,158379.25,0,False,True,True,0.38251004501040825,9223.7589
575,36,1,0.0,1,0,1,94570.56,0,False,False,True,0.3815759961794256,0.0
435,37,8,114346.3,1,0,1,980.93,1,True,False,True,0.5684187017282767,10291.167000000001
743,23,3,110203.77,1,1,0,95583.45,0,False,False,True,0.2791607098760324,9918.3393
580,39,9,128362.59,1,1,0,86044.98,0,False,False,False,0.47530675603056305,11552.6331
599,49,10,143888.22,2,1,1,166236.38,1,True,False,False,0.6077309690807552,12949.9398
534,34,5,170600.78,1,0,1,5240.53,0,False,True,True,0.20391301773601594,15354.0702
680,32,5,0.0,1,1,1,150684.23,0,False,False,False,0.3010292359755821,0.0
631,46,10,0.0,2,1,1,129508.96,0,False,True,False,0.32789061741595016,0.0
485,39,2,75339.64,1,1,1,70665.16,0,False,False,False,0.3861125451980946,6780.567599999999
699,40,8,122038.34,1,1,0,102085.35,0,False,False,False,0.5426022007672199,10983.450599999998
712,34,1,0.0,2,1,1,195052.12,0,False,False,True,0.07941295118296242,0.0
603,51,8,186825.57,1,1,0,93739.71,1,False,False,True,0.8143501886097981,16814.3013
850,40,6,124788.18,1,1,0,65612.12,0,False,False,True,0.4727871159610912,11230.936199999998
584,41,3,0.0,2,1,1,160095.48,0,False,False,False,0.21490027163444672,0.0
604,71,2,0.0,2,1,1,49506.82,0,False,False,False,0.12738044050276653,0.0
586,51,2,138553.57,1,1,1,92406.22,0,False,False,True,0.5137856606580797,12469.8213
467,39,5,0.0,2,1,1,7415.96,0,False,True,True,0.10145959719343621,0.0
520,35,9,105387.89,1,1,1,25059.06,0,False,False,True,0.20943315373926683,9484.910100000001
683,40,4,95053.1,1,1,1,116816.54,1,False,True,True,0.3458328448910956,8554.778999999999
557,36,3,0.0,1,0,1,144078.02,0,False,False,True,0.3751178366886316,0.0
613,32,0,0.0,2,0,1,126675.62,0,False,True,False,0.1392501362951839,0.0
786,34,3,137361.96,1,0,0,183682.09,0,False,False,True,0.26621345587685835,12362.5764
593,32,10,158537.42,1,1,0,166850.57,0,False,True,True,0.27072275878693464,14268.367800000002
670,29,9,0.0,2,1,0,27359.19,0,False,True,False,0.11822934048414309,0.0
657,48,5,143595.87,1,0,0,101314.65,1,True,False,False,0.9231551390370218,12923.628299999998
718,32,9,169947.41,2,1,1,27979.16,0,True,False,True,0.1624562348356837,15295.2669
623,24,7,148167.83,2,1,1,109470.34,0,False,False,False,0.18247135405327874,13335.1047
496,31,5,0.0,2,1,0,93713.13,0,False,False,True,0.08869518895649031,0.0
429,39,6,48023.83,1,1,0,74870.99,0,False,False,False,0.5062350549637076,4322.1447
606,36,1,155655.46,1,1,1,192387.51,1,False,False,True,0.3015573865368453,14008.991399999999
499,46,6,0.0,2,1,0,73457.55,0,False,False,False,0.4271476833470698,0.0
642,62,7,0.0,2,1,1,61120.75,0,False,False,True,0.16686692831198102,0.0
641,52,4,0.0,1,1,0,90964.54,1,False,False,False,0.8903736272509568,0.0
673,32,8,121240.76,1,1,0,116969.73,0,False,False,True,0.27526832556566094,10911.668399999999
570,36,3,0.0,2,1,0,92118.75,0,False,False,False,0.16056351448601444,0.0
472,37,1,0.0,2,1,1,48357.9,0,False,False,False,0.1523628887585839,0.0
550,35,9,129847.75,2,1,0,197325.4,0,True,False,True,0.27663757799345795,11686.2975
625,55,8,118772.71,4,0,0,135853.62,1,True,False,False,0.9641465814607766,10689.5439
516,46,2,0.0,2,1,1,169122.54,0,False,False,True,0.23804083931138048,0.0
682,32,2,105163.88,2,1,1,164170.46,0,True,False,True,0.1669443575386114,9464.7492
620,28,8,0.0,2,1,1,199909.32,0,False,False,True,0.06076980912205019,0.0
626,39,0,0.0,2,1,1,83295.09,0,False,False,False,0.1900943190679659,0.0
623,29,1,0.0,2,0,0,39382.06,0,False,False,False,0.13373166387519808,0.0
569,35,4,93934.63,1,1,0,184748.23,0,False,False,False,0.4123037591591181,8454.1167
724,69,5,117866.92,1,1,1,62280.91,0,False,False,False,0.3188879826008852,10608.022799999999
678,55,5,0.0,1,0,1,196794.11,1,False,False,False,0.6222659873112542,0.0
713,26,4,122857.46,2,1,0,144682.17,1,False,True,False,0.31607287585960137,11057.171400000001
631,32,10,0.0,2,0,1,196342.66,0,False,False,True,0.0842876832823089,0.0
846,37,6,127103.97,1,1,1,41516.44,0,False,False,False,0.2716306495908776,11439.3573
660,43,1,0.0,1,0,1,112026.1,1,False,False,False,0.6543182281330452,0.0
567,54,9,96402.96,1,0,0,52035.29,1,False,False,True,0.8125095012808035,8676.2664
731,31,1,132512.26,1,1,1,185466.85,0,False,False,True,0.19694761025644725,11926.1034
693,47,8,107604.66,1,1,1,80149.27,0,False,True,True,0.41995130155955507,9684.419399999999
772,34,9,0.0,2,1,0,170980.86,0,False,False,True,0.09501245822953183,0.0
657,38,7,0.0,2,1,0,185827.74,0,False,False,True,0.1051905396874343,0.0
774,34,4,120875.23,2,0,1,113407.26,0,True,False,True,0.23961511304606659,10878.7707
667,37,9,71786.9,2,1,1,67734.79,0,False,False,False,0.1942223840907308,6460.821
516,37,8,113143.12,1,0,0,3363.36,0,False,False,False,0.3421181845840619,10182.880799999999
551,49,1,150777.72,2,1,1,135757.27,0,False,True,True,0.3820829030174314,13569.994799999999
542,35,2,174894.53,1,1,1,22314.55,0,False,True,True,0.23598419769104204,15740.5077
623,28,7,0.0,1,0,0,129526.57,0,False,False,True,0.3382963167367864,0.0
701,43,2,160416.56,1,0,1,37266.43,0,False,False,False,0.5119550252766372,14437.490399999999
583,48,3,91246.53,1,1,0,60017.46,1,False,False,True,0.7576387414889636,8212.1877
731,46,10,0.0,2,1,0,153015.42,0,False,True,True,0.33129835557778614,0.0
461,35,5,0.0,1,1,1,54209.02,0,False,False,False,0.3163189047973466,0.0
702,23,7,98775.23,1,1,0,114603.96,0,True,False,False,0.4668095034679237,8889.7707
565,47,10,139756.12,1,1,0,165849.49,1,True,False,False,0.9241421796558749,12578.050799999997
711,42,3,177626.77,3,0,1,16392.72,1,False,True,True,0.8755165845679808,15986.409299999998
664,54,8,0.0,1,1,1,162719.69,1,False,False,True,0.5353847275878174,0.0
518,50,4,0.0,1,0,0,107112.25,1,False,True,True,0.8530229793246007,0.0
728,42,8,0.0,2,0,1,41823.22,0,False,True,True,0.14115128806050625,0.0
585,37,6,152496.82,1,1,1,99907.29,0,True,False,True,0.4136660289058496,13724.7138
573,52,8,0.0,2,0,1,178229.04,0,False,False,True,0.28162388650321996,0.0
568,26,1,112930.28,2,1,0,22095.73,0,True,False,True,0.28273799261298255,10163.725199999999
602,26,8,113674.2,1,1,0,197861.16,1,True,False,False,0.5924145075418363,10230.678
603,44,9,0.0,1,1,0,138328.24,0,False,False,True,0.6761087615353518,0.0
687,38,0,144450.58,1,0,1,137276.83,0,False,False,True,0.2147012584321797,13000.552199999998
741,52,1,171236.3,2,0,0,21834.4,1,False,False,True,0.5925613993280444,15411.266999999996
469,37,9,96776.49,1,1,1,119890.86,0,False,True,True,0.22037017766953657,8709.8841
477,58,8,145984.92,1,1,1,24564.7,0,True,False,False,0.7135285312276612,13138.6428
737,43,8,96353.8,1,0,0,10209.8,0,True,False,True,0.703456731605944,8671.842
835,25,7,0.0,2,1,1,83449.65,0,False,False,True,0.05649978212504351,0.0
717,33,0,115777.23,1,1,1,81508.1,0,True,False,False,0.5019737159949647,10419.9507
562,51,7,122822.0,2,0,0,32626.21,0,False,False,False,0.7024595835806622,11053.98
758,61,2,0.0,2,1,1,43982.41,0,False,True,True,0.18306996303117995,0.0
408,40,3,0.0,2,0,0,124874.23,0,False,False,True,0.17316059060012773,0.0
650,32,4,79450.09,1,1,1,118324.75,0,False,True,False,0.24172644955922423,7150.5081
582,33,2,122394.0,1,1,1,22113.93,0,True,False,True,0.4103905038220962,11015.46
706,43,1,0.0,2,1,0,31962.77,0,False,True,False,0.287378766884321,0.0
567,41,0,134378.89,1,1,1,105746.94,0,True,False,True,0.5843398032438707,12094.100100000001
720,29,2,0.0,2,1,0,39925.52,0,False,False,True,0.08166778947668925,0.0
631,31,2,88161.85,2,1,0,127630.88,0,False,True,False,0.2599650822449457,7934.566500000001
623,41,2,142412.13,1,1,0,28778.98,0,False,True,True,0.45773787874623784,12817.0917
514,35,3,121030.9,1,1,0,10008.68,0,False,False,True,0.31784869684533273,10892.780999999999
650,35,3,165982.43,2,1,1,24482.16,0,True,False,False,0.15778718435112293,14938.418699999998
673,35,6,0.0,2,1,0,98618.79,0,False,True,False,0.14388544379575444,0.0
504,32,8,206663.75,1,0,0,16281.94,0,False,False,False,0.396009171975631,18599.7375
723,37,3,94661.53,2,1,0,121239.65,0,True,False,True,0.33411580235941907,8519.537699999999
645,25,0,174400.36,1,1,0,42669.37,0,False,False,True,0.3090180341905608,15696.032399999996
664,41,7,123428.69,1,1,1,164924.11,0,False,True,True,0.3068018007296158,11108.5821
760,43,6,175735.5,1,1,1,157337.29,0,False,True,True,0.37836550021809495,15816.195
766,36,5,78381.13,1,0,1,153831.6,0,False,True,True,0.20713933056335354,7054.3017
634,37,5,115345.86,2,0,0,168781.8,0,False,False,True,0.26357759645025924,10381.1274
640,31,10,118613.34,1,1,0,168469.65,0,True,False,False,0.5398695512523128,10675.200599999998
784,28,2,109960.06,2,1,1,170829.87,0,True,False,True,0.1640613096180574,9896.4054
547,42,1,142703.4,1,1,0,86207.49,1,True,False,False,0.7060848209166686,12843.306
608,40,8,121729.42,1,0,0,61164.45,0,True,False,False,0.7070421500584158,10955.647799999999
547,35,4,0.0,1,1,1,133287.73,0,False,False,False,0.3278347889205873,0.0
612,43,4,139496.35,2,1,1,77128.23,0,False,False,False,0.4344790733945145,12554.6715
573,28,8,0.0,2,0,0,77660.03,0,False,True,True,0.07462804679526078,0.0
615,32,5,138521.83,1,1,1,56897.1,0,False,True,True,0.22680734604022684,12466.964699999999
710,33,2,0.0,2,1,0,72945.32,0,False,False,False,0.1481189177089988,0.0
674,38,10,83727.68,1,1,0,45418.12,0,True,False,False,0.4967985534374782,7535.4911999999995
702,38,9,0.0,2,1,1,158527.45,0,False,True,False,0.11718434524216487,0.0
616,37,9,0.0,1,1,0,111312.96,0,False,False,True,0.404625051055229,0.0
688,32,6,124179.3,1,1,1,138759.15,0,False,True,True,0.19914232258721548,11176.136999999999
605,36,7,128829.25,1,1,0,190588.59,0,False,False,True,0.33510995286074674,11594.6325
676,33,6,171490.78,1,0,0,79099.64,0,False,False,True,0.3019959878781041,15434.1702
708,33,3,0.0,2,1,0,138613.21,0,False,True,True,0.08163530532434224,0.0
745,38,7,0.0,2,1,1,194230.82,0,False,True,False,0.10864694245840707,0.0
661,20,8,0.0,1,1,0,110252.53,0,False,True,True,0.33768687944410125,0.0
726,31,9,0.0,2,1,1,106117.3,0,False,False,True,0.06573709447581196,0.0
475,40,7,160818.08,1,0,1,169642.13,1,False,False,True,0.4005993901389893,14473.627199999999
751,54,9,156367.6,2,0,1,116179.92,0,True,False,True,0.4730771875722564,14073.084
645,59,8,121669.93,2,0,0,91.75,1,True,False,False,0.7321806732488028,10950.293699999998
775,42,6,133970.22,2,0,1,187839.9,0,False,False,True,0.24320622206830378,12057.319800000001
540,41,3,0.0,2,1,0,121098.65,0,False,False,True,0.14362582899048754,0.0
591,34,3,96127.27,1,0,0,30972.06,0,False,False,False,0.34938326666208036,8651.4543
596,60,7,121907.97,1,0,1,30314.04,0,False,True,True,0.3980352530511692,10971.7173
573,41,5,0.0,2,0,1,14479.29,0,False,True,True,0.13398309668845254,0.0
577,31,6,0.0,1,1,1,196395.25,0,False,True,True,0.36091892088202526,0.0
830,40,8,77701.64,1,0,1,19512.38,0,True,False,False,0.400495097374169,6993.1476
663,67,9,0.0,3,1,1,72318.77,0,False,False,True,0.5553112000692686,0.0
421,34,2,0.0,2,1,1,96615.23,0,False,False,True,0.07677713539973474,0.0
718,34,5,113922.44,2,1,0,30772.22,0,False,True,True,0.16792453626142495,10253.0196
655,61,2,183997.7,2,1,1,161217.18,0,True,False,False,0.39134064132572277,16559.793
712,23,2,0.0,2,0,1,66795.78,0,False,False,True,0.06443299828142328,0.0
663,28,4,0.0,2,1,1,123969.64,0,False,False,True,0.06627386377586206,0.0
640,47,6,89799.46,2,0,1,13783.77,1,False,False,False,0.5015738207451358,8081.9514
577,29,2,0.0,1,1,1,168924.41,0,False,True,True,0.3287857148487817,0.0
546,36,7,85660.96,1,0,0,134778.01,0,False,True,False,0.3791947535236595,7709.486400000001
802,37,9,115569.21,1,0,1,119782.89,0,True,False,True,0.4989169271439365,10401.2289
590,45,2,81828.22,1,1,0,52167.97,0,False,False,False,0.7567393491231968,7364.5398
594,18,1,132694.73,1,1,0,167689.56,0,True,False,True,0.4284171978277074,11942.525700000002
577,51,2,108867.0,1,0,0,140800.66,1,False,True,True,0.8252892725371745,9798.029999999999
541,39,7,0.0,2,1,0,19823.02,0,False,False,True,0.08758712274788795,0.0
781,27,5,0.0,2,0,0,72969.9,0,False,False,False,0.10791455861811886,0.0
806,34,2,96152.68,2,1,0,143711.02,0,True,False,True,0.2108138632250802,8653.7412
723,49,0,153855.52,1,1,1,180862.26,1,True,False,False,0.7786074756620949,13846.996799999997
535,45,2,0.0,2,1,0,125658.28,0,False,False,True,0.3548250690211735,0.0
768,36,3,141334.95,1,0,1,125870.5,0,False,False,False,0.2616941161064843,12720.145499999999
653,41,1,104584.11,1,1,0,15126.32,1,True,False,True,0.746605573998237,9412.569899999999
803,50,8,98173.02,1,0,0,22457.25,1,True,False,False,0.909578141599194,8835.5718
545,44,1,0.0,2,1,1,82614.89,0,False,True,False,0.26168264416823683,0.0
581,38,3,135157.05,1,1,1,32919.42,0,True,False,False,0.5875546224591686,12164.134499999998
513,49,5,171601.27,1,1,0,126223.84,0,True,False,False,0.7274641242327321,15444.1143
731,29,5,179539.2,1,0,0,112010.02,0,False,False,True,0.33786702435937577,16158.528000000002
727,39,5,80615.46,2,0,0,180962.32,0,True,False,True,0.21891547061901853,7255.3914
560,47,1,0.0,1,0,0,128882.66,1,False,True,True,0.8199237466302103,0.0
766,27,5,126285.73,1,1,0,177614.17,1,True,False,True,0.5597126881701124,11365.7157
630,23,4,137964.51,1,0,1,174570.55,0,True,False,False,0.4087927604093771,12416.8059
652,41,9,159434.03,1,1,0,178373.93,0,True,False,True,0.5711713645561096,14349.062699999999
729,40,5,113574.61,2,1,0,103396.08,0,True,False,True,0.44329888967156256,10221.714899999999
629,33,6,0.0,2,1,1,59129.72,0,False,False,False,0.10972627608172653,0.0
667,33,9,124573.33,2,0,0,683.37,0,True,False,True,0.30391145950577675,11211.5997
671,31,6,105864.6,2,1,0,145567.34,0,True,False,False,0.3468887917124085,9527.814
768,47,5,104552.61,1,1,0,48137.08,1,True,False,False,0.8983658328838442,9409.7349
732,35,3,0.0,2,1,0,90876.95,0,False,False,False,0.15321674756635248,0.0
546,30,5,0.0,2,0,1,198543.09,0,False,False,False,0.09619653978698217,0.0
630,55,2,0.0,1,1,1,106202.07,1,False,False,True,0.630739936152999,0.0
765,46,8,119492.88,2,0,1,166896.01,1,True,False,False,0.6615124143233702,10754.359199999999
704,33,0,130499.09,2,1,1,74804.36,0,False,False,False,0.17114658513384648,11744.918099999999
470,48,6,140576.11,1,1,1,116971.05,0,False,True,False,0.5518566223632114,12651.849899999997
688,34,9,91025.58,2,0,1,163783.0,0,True,False,False,0.18590363315961034,8192.302199999998
685,33,1,0.0,3,0,1,70221.13,1,False,False,False,0.659343220556621,0.0
567,38,1,125877.65,2,1,1,107841.77,0,False,False,False,0.2195310139740921,11328.9885
720,64,3,45752.78,2,1,0,79623.28,1,False,True,True,0.6548784840316136,4117.7502
609,39,3,121778.71,1,1,1,138399.67,0,False,False,True,0.29232144876108146,10960.0839
521,49,2,127948.57,1,1,1,182765.14,0,True,False,False,0.8076309680665755,11515.3713
556,30,7,0.0,2,1,1,186648.19,0,False,False,False,0.10769216003464809,0.0
662,30,5,115286.68,2,1,1,149587.92,0,True,False,True,0.1734944051519116,10375.8012
704,41,9,62078.21,2,1,0,129050.67,0,True,False,True,0.2744986925809614,5587.0389
750,38,1,0.0,2,1,0,47764.99,0,False,False,False,0.17619262978078776,0.0
619,32,4,175406.13,2,1,1,172792.43,1,False,True,False,0.3905104724315177,15786.5517
468,26,1,131643.25,1,1,0,64436.16,0,False,True,True,0.31224678321679605,11847.892499999998
435,44,3,151739.65,1,1,0,167461.5,0,True,False,True,0.6753523641068061,13656.568499999998
529,43,6,93616.35,2,0,0,98348.66,0,False,False,True,0.41981153192862936,8425.4715
702,60,5,138597.54,2,1,1,41536.59,1,True,False,False,0.6029754054964929,12473.7786
608,41,5,0.0,2,1,1,72462.25,0,False,False,False,0.22464362964733087,0.0
576,40,9,0.0,2,1,0,112465.19,1,False,False,True,0.172441117597555,0.0
666,27,1,85225.21,1,0,1,64511.44,0,False,False,False,0.21634890004606466,7670.2689
730,36,8,148749.29,2,1,0,91830.75,0,False,False,False,0.27026534340164743,13387.436099999999
647,52,7,130013.12,1,1,1,190806.36,1,True,False,True,0.7416403659645125,11701.1808
516,27,1,0.0,1,0,1,112311.15,0,False,True,False,0.33534608039328684,0.0
711,81,6,0.0,2,1,1,72276.24,0,False,False,False,0.10976094917684615,0.0
736,54,7,111729.47,2,0,1,84920.49,0,False,False,True,0.41827942594784373,10055.6523
768,36,5,180169.44,2,1,0,17348.56,0,False,False,False,0.3087123761010017,16215.2496
427,40,8,0.0,2,1,1,82870.75,0,False,True,True,0.1230898580811805,0.0
686,47,6,0.0,1,1,0,32080.69,1,False,True,False,0.8563037242513764,0.0
690,42,5,0.0,2,0,1,120512.08,0,False,False,False,0.2824395897346128,0.0
647,29,2,0.0,2,1,0,179032.68,0,False,True,False,0.1393370443663067,0.0
714,35,3,0.0,2,1,1,95623.28,0,False,False,True,0.07262819698630306,0.0
736,36,8,103914.17,1,1,1,110035.88,1,True,False,False,0.5763731201314671,9352.2753
608,34,4,88772.87,1,1,1,168822.01,0,False,False,False,0.278786887557387,7989.5583
809,39,5,0.0,1,1,0,77705.75,0,False,False,False,0.4979266518763595,0.0
745,40,6,131184.67,1,1,1,49815.62,0,False,False,False,0.3807996758637177,11806.6203
781,38,2,117810.79,1,0,1,65632.33,1,False,False,True,0.23151580267517752,10602.971099999999
527,31,4,0.0,1,1,0,169361.89,0,False,False,True,0.3768418112755104,0.0
595,32,0,92466.21,1,1,0,4721.3,0,True,False,False,0.4258718903029704,8321.9589
850,38,2,102741.15,2,0,1,23974.85,0,True,False,False,0.24370537525783664,9246.7035
569,37,9,178755.84,1,1,0,199929.17,0,False,False,True,0.3742465463363289,16088.025599999999
728,43,7,0.0,2,1,0,40023.7,0,False,False,True,0.2503357536531979,0.0
473,32,5,146602.25,2,1,1,72946.95,0,True,False,False,0.14922805809002068,13194.2025
738,29,2,0.0,2,1,1,170421.13,0,False,False,True,0.05915656975262953,0.0
659,35,6,0.0,2,1,1,58879.11,0,False,False,True,0.06774939784721164,0.0
597,38,6,115702.67,2,1,1,25059.05,0,False,True,True,0.16005807406385614,10413.2403
445,61,2,137655.31,1,0,1,29909.84,0,True,False,False,0.7381248819364885,12388.977899999998
671,29,3,0.0,2,1,0,158043.11,0,False,False,False,0.13814885827658935,0.0
656,34,6,59877.33,1,1,0,14032.62,1,False,True,False,0.4971200551392416,5388.959699999999
658,31,5,100082.14,1,0,1,49809.88,0,False,False,True,0.18272439746598046,9007.3926
698,52,10,107304.39,3,1,0,28806.32,1,True,False,True,0.9390057848460859,9657.3951
655,38,9,0.0,1,0,1,90490.33,0,False,True,True,0.2887746148621673,0.0
772,41,10,96032.22,1,1,1,75825.57,0,False,True,True,0.25892532329849555,8642.8998
681,33,10,0.0,1,0,0,158336.36,0,False,True,True,0.360956828316981,0.0
688,29,9,144553.5,2,1,0,143454.95,0,True,False,True,0.2923446277759421,13009.814999999999
633,40,5,86172.81,2,1,1,117279.49,0,True,False,True,0.2771478145063762,7755.5529
735,73,9,0.0,1,1,1,114283.33,0,False,False,True,0.31577068097343164,0.0
521,29,2,87212.8,1,1,1,994.86,0,True,False,False,0.24761060087416492,7849.152
541,36,5,0.0,2,1,0,124795.84,0,False,False,True,0.09098263001986098,0.0
612,36,2,130700.92,2,0,0,77592.8,0,True,False,False,0.2890698437371446,11763.0828
562,62,3,0.0,2,1,0,105986.01,0,False,False,True,0.6001391869905073,0.0
703,32,6,0.0,2,0,0,33606.52,0,False,False,False,0.12494732693348136,0.0
710,23,6,0.0,2,1,1,134188.11,0,False,True,True,0.060573834073638616,0.0
731,40,5,171325.98,1,1,1,159718.27,1,False,True,False,0.48119880350924155,15419.338200000002
703,58,4,92930.92,1,0,1,85148.78,0,False,True,True,0.4465256905012066,8363.7828
618,40,0,0.0,1,1,0,119059.13,0,False,False,False,0.5634685836563834,0.0
689,29,1,77556.79,2,1,1,122998.26,0,False,False,False,0.13002101288962092,6980.111099999998
718,33,7,102874.28,1,0,0,117841.06,0,False,False,True,0.28092037101454137,9258.6852
608,37,5,146093.39,2,0,0,160593.41,0,False,False,True,0.2733168703150136,13148.4051
749,34,2,0.0,1,0,0,174189.04,1,False,True,True,0.4892589085840655,0.0
753,51,4,79811.72,2,0,1,68260.27,1,False,True,True,0.42955002682052007,7183.0548
630,39,10,105473.74,1,0,0,58854.88,1,False,True,True,0.3908873907317713,9492.6366
693,43,1,121927.92,1,1,0,87994.95,1,True,False,False,0.8859878507742297,10973.5128
838,40,6,61671.19,1,0,1,150659.35,1,False,True,False,0.5344616179625217,5550.4071
756,39,5,149363.12,2,1,1,109098.39,0,True,False,False,0.22807514149974925,13442.680799999998
775,27,4,152309.37,1,1,0,104112.0,0,False,False,False,0.34211067293458186,13707.843299999997
635,33,5,0.0,2,1,0,122949.71,0,False,False,False,0.13571052632049635,0.0
705,36,1,111629.29,1,1,1,21807.16,0,False,True,True,0.1827243761770086,10046.6361
481,40,3,0.0,1,1,1,32319.93,0,False,False,True,0.40114271829916776,0.0
727,49,7,96296.78,1,1,0,190457.87,1,False,True,False,0.8233361179830755,8666.7102
595,20,4,95830.43,1,1,0,177738.98,0,False,False,True,0.28504680605541255,8624.7387
535,38,0,135919.33,1,1,0,80425.65,0,False,False,False,0.44065584797247603,12232.739699999998
578,59,10,185966.64,1,0,0,9445.42,1,False,False,True,0.8499572163672745,16736.997600000002
597,29,5,0.0,2,1,1,174825.57,0,False,False,False,0.1103641950010687,0.0
449,21,7,0.0,2,0,0,175743.92,0,False,False,False,0.16710611128755623,0.0
850,43,8,92244.83,2,1,0,54949.73,0,True,False,False,0.406749768156987,8302.0347
494,35,9,112727.06,2,1,0,183752.91,0,False,False,False,0.31777793500860907,10145.4354
676,34,8,100359.54,1,0,0,46038.28,0,False,False,False,0.34060497156957836,9032.3586
818,43,10,105301.5,1,1,1,78941.59,0,True,False,True,0.6685774095924333,9477.135
712,45,6,112994.65,1,0,0,198398.68,0,False,True,True,0.6390781275670382,10169.518499999998
672,40,4,89025.88,2,1,0,188892.19,0,True,False,True,0.3296288788618106,8012.3292
636,35,9,95478.17,1,0,0,169286.74,0,False,False,True,0.2930378595257792,8593.0353
698,37,8,0.0,2,0,0,145004.39,0,False,False,True,0.10625347700337986,0.0
597,43,7,119127.46,2,1,0,55809.92,0,True,False,False,0.6178591324842319,10721.4714
717,28,4,128206.79,1,1,1,54272.12,0,False,False,True,0.1900492416948268,11538.611099999998
614,49,1,0.0,2,1,0,192440.54,0,False,False,True,0.33290804160643667,0.0
708,23,4,71433.08,1,1,0,103697.57,0,True,False,False,0.32446072833115625,6428.9772
507,36,9,118214.32,3,1,0,119110.03,1,True,False,True,0.862010686891908,10639.2888
581,27,5,102258.11,2,1,0,194681.6,0,False,False,False,0.2379344848117041,9203.2299
579,39,2,151963.26,2,1,0,158948.63,0,False,True,False,0.3738298405433927,13676.6934
504,46,2,163764.84,1,1,1,165122.55,1,False,True,False,0.6032367226725253,14738.8356
737,32,7,128551.36,2,0,1,189402.71,0,False,False,False,0.20933099108326508,11569.6224
540,31,10,118158.74,1,1,1,158027.57,0,False,True,False,0.31485065732030526,10634.2866
609,32,7,118520.41,1,0,0,3815.48,0,False,False,True,0.2767889282866787,10666.836899999998
778,24,4,0.0,2,1,1,162809.2,0,False,False,True,0.05689319367791572,0.0
621,40,10,163823.37,1,0,0,89519.47,0,False,False,True,0.4382218059693815,14744.103299999999
665,63,7,104469.58,1,1,1,25165.36,1,True,False,True,0.758545238174113,9402.2622
608,47,6,0.0,1,1,1,126012.57,0,False,False,False,0.6490771734781715,0.0
680,36,7,0.0,2,1,0,20109.21,0,False,True,True,0.07835896460710283,0.0
663,46,2,141726.88,1,1,1,58257.23,0,True,False,False,0.7546225254577631,12755.4192
627,35,2,137852.96,1,1,1,172269.21,1,True,False,False,0.5243442835265841,12406.766399999999
607,26,1,0.0,1,1,0,29818.2,0,False,False,True,0.29320950172863325,0.0
681,43,8,154100.3,1,0,0,114659.81,0,False,False,False,0.6039041832675235,13869.026999999998
766,45,6,0.0,2,0,0,147184.74,0,False,False,False,0.3824753221251895,0.0
694,30,2,0.0,3,0,1,15039.41,0,False,False,True,0.20731888570171467,0.0
411,54,9,0.0,1,0,1,76621.49,0,False,False,False,0.6143404687322357,0.0
742,39,8,140004.96,1,1,1,92985.78,0,False,False,True,0.23546236412567156,12600.4464
673,43,8,127132.96,1,0,1,6009.27,1,False,True,True,0.398280146935448,11441.966400000001
529,61,1,0.0,2,1,1,191370.97,0,False,False,True,0.33198244527925974,0.0
519,38,7,125328.56,1,1,0,188225.67,0,False,False,False,0.44193166581942117,11279.570399999999
573,35,9,0.0,2,1,0,11743.89,0,False,False,True,0.0835148804824101,0.0
453,28,3,139986.65,1,1,0,136846.75,0,True,False,False,0.47474332389488455,12598.798499999997
798,39,6,119787.76,1,1,1,164248.33,0,True,False,False,0.5956893218666982,10780.8984
693,34,10,107556.06,2,0,0,154631.35,0,False,True,False,0.2717442191455131,9680.045399999999
637,44,2,0.0,2,1,0,149665.65,0,False,False,False,0.3489089500962521,0.0
672,47,1,0.0,1,0,0,91574.92,0,False,False,True,0.7698712752567246,0.0
597,28,0,142705.95,1,1,0,127233.39,0,False,False,False,0.3202692668320595,12843.5355
543,42,7,0.0,1,1,1,56650.47,0,False,False,True,0.4582397826236733,0.0
695,56,4,0.0,2,1,0,84644.76,0,False,True,False,0.5680051739959435,0.0
584,35,6,161613.94,2,1,1,148238.16,0,False,False,True,0.17047533961159517,14545.2546
652,58,3,116353.2,2,0,1,193502.9,0,True,False,False,0.5111911759537513,10471.788
601,38,4,60013.81,1,1,1,38020.05,0,False,False,True,0.3341550148151321,5401.242899999999
628,28,4,0.0,2,1,1,176750.81,0,False,True,True,0.06670178053865654,0.0
607,32,9,144272.07,2,1,0,176580.63,0,True,False,True,0.27546037338715346,12984.4863
646,46,8,0.0,2,1,0,133059.15,0,False,False,False,0.3987394114525419,0.0
572,30,6,117696.67,1,1,0,100843.82,0,False,False,True,0.29672549499455,10592.7003
801,58,1,79954.61,2,1,1,30484.19,0,False,True,True,0.30373280806484804,7195.9149
597,26,8,149989.39,1,1,0,42330.58,0,False,False,False,0.3193457717982831,13499.0451
613,40,7,124339.9,1,0,0,193309.58,0,False,False,True,0.44791073922453334,11190.590999999999
529,29,4,135759.4,1,0,0,112813.79,1,True,False,True,0.510919211821194,12218.346
794,37,9,0.0,2,1,0,68008.85,0,False,True,False,0.12229610148430867,0.0
557,34,3,83074.0,1,1,0,132673.22,0,False,False,True,0.28707984627121796,7476.66
499,28,4,141792.61,1,1,1,22001.91,0,False,False,False,0.2399677546464084,12761.334899999998
544,26,6,0.0,1,1,0,100200.4,1,False,False,False,0.3915268950972879,0.0
739,30,6,0.0,1,0,0,122604.44,0,False,False,False,0.43031605555972596,0.0
458,43,1,106870.12,2,1,0,100564.37,0,True,False,False,0.6187091274344282,9618.3108
528,31,9,120962.59,1,1,0,5419.31,0,False,False,True,0.28980090301268413,10886.6331
773,51,4,0.0,2,0,0,123587.83,1,False,True,True,0.504054767504372,0.0
646,30,5,0.0,2,1,0,13935.32,0,False,False,False,0.13628223700882108,0.0
564,31,0,110527.17,1,1,1,87060.77,0,False,False,True,0.17216029759868245,9947.4453
624,52,0,133723.43,1,0,0,4859.59,1,True,False,False,0.9449144681130329,12035.108699999999
682,52,5,112670.48,1,1,0,21085.17,1,False,False,False,0.8370609751207033,10140.3432
726,44,2,0.0,2,1,1,26733.86,0,False,False,False,0.2587577073262643,0.0
560,24,1,116084.32,1,1,0,89734.7,0,False,False,True,0.27345088514090693,10447.588800000001
382,36,0,0.0,1,1,1,179540.73,1,False,True,True,0.618089838758168,0.0
457,38,6,0.0,2,1,0,173219.09,0,False,True,False,0.20788591300634754,0.0
673,37,10,0.0,2,1,1,37411.35,0,False,False,False,0.25000852604321194,0.0
584,40,4,82441.75,1,0,0,80852.11,0,False,False,False,0.5359152262262807,7419.7575
629,39,10,0.0,2,1,1,43174.49,1,False,False,False,0.31899299403418996,0.0
584,37,10,134171.8,4,1,1,70927.11,1,True,False,False,0.8473868013645978,12075.462
724,30,10,0.0,2,1,1,54265.55,0,False,False,True,0.06331317169282383,0.0
644,31,5,0.0,2,1,1,41872.17,0,False,False,True,0.06201076600685699,0.0
676,48,2,124442.38,1,1,0,15068.53,1,True,False,False,0.929311595379,11199.8142
499,31,4,0.0,1,1,0,25950.49,0,False,False,True,0.3545455344520565,0.0
598,60,4,0.0,1,1,0,197727.14,1,False,False,True,0.8560016354879768,0.0
655,37,4,108862.76,1,1,0,79555.08,1,True,False,False,0.6529656657755757,9797.6484
559,28,3,141099.43,1,1,1,15607.27,0,False,False,True,0.21788273426930918,12698.9487
543,67,0,128843.67,1,1,1,134612.48,0,False,False,False,0.4118774778411855,11595.9303
679,39,0,86843.61,1,0,1,159830.58,0,False,False,True,0.23276684500226924,7815.9249
594,32,4,120074.97,2,1,1,162961.79,0,True,False,False,0.2671008102195736,10806.747299999999
586,27,5,130231.8,2,1,1,192427.16,0,False,False,True,0.14727270513947466,11720.862
776,31,5,0.0,2,1,0,92647.94,0,False,False,False,0.11990441101219043,0.0
699,39,2,109724.38,1,1,1,180022.39,0,False,False,True,0.2857807252596521,9875.1942
847,35,5,111743.43,1,1,1,183584.14,0,True,False,False,0.502825523107261,10056.9087
582,35,8,121309.17,2,1,1,28750.67,0,True,False,True,0.21366795758842907,10917.8253
648,38,10,82697.28,1,1,0,74846.67,0,False,False,True,0.3647029427940971,7442.7552
618,49,9,44301.43,3,1,1,89729.3,1,False,False,False,0.8870620377055262,3987.1286999999998
543,31,4,138317.94,1,0,0,61843.73,0,False,False,False,0.3493110826569992,12448.6146
642,49,4,120688.61,1,1,0,24770.22,1,True,False,True,0.9204773701345118,10861.974900000001
462,27,4,176913.52,1,1,0,80587.27,0,False,False,True,0.32775872093238173,15922.216799999998
640,47,6,89047.14,1,1,0,116286.25,0,False,True,True,0.7339049083203552,8014.2426
740,40,4,114318.78,2,1,0,129333.69,1,True,False,True,0.445188501040755,10288.690200000001
773,50,4,0.0,2,1,0,129372.94,0,False,False,False,0.42202466714433257,0.0
583,32,7,94753.55,2,1,1,18149.03,0,True,False,False,0.1670129210377417,8527.8195
589,46,10,0.0,2,0,1,168369.37,0,False,True,False,0.3256374231441656,0.0
509,35,8,0.0,2,0,1,67431.28,0,False,False,True,0.08077333578033469,0.0
612,32,9,106520.73,2,1,0,177092.16,0,True,False,True,0.31869063154301797,9586.865699999998
505,37,0,134006.39,1,1,1,93736.69,0,False,True,True,0.21763224082191923,12060.575100000002
546,25,3,132837.7,1,1,0,131647.31,0,True,False,False,0.48465425194458056,11955.393
681,41,0,120549.29,2,1,0,175722.31,0,False,False,False,0.38286616891542025,10849.436099999999
762,20,1,139432.55,1,1,1,85606.83,0,False,False,True,0.15941694101077014,12548.929499999998
786,29,7,80895.44,2,1,0,64945.57,0,False,True,True,0.13355443943688836,7280.589599999999
629,34,6,0.0,2,1,0,190347.72,0,False,True,True,0.08513518535147624,0.0
787,39,7,171646.76,1,0,1,100791.36,0,False,True,False,0.28525181699822644,15448.2084
713,42,0,109121.71,1,0,1,167873.49,0,False,True,True,0.3227010038206917,9820.9539
541,39,6,109844.81,1,1,0,25289.23,0,False,False,False,0.48480934676977533,9886.032899999998
451,31,7,140931.82,1,0,1,20388.77,0,False,False,False,0.22761279560545222,12683.8638
644,49,10,0.0,2,1,1,145089.64,0,False,True,True,0.27201789645666297,0.0
686,32,6,0.0,2,1,1,179093.26,0,False,False,True,0.07080555104455169,0.0
847,41,3,101543.51,4,1,0,16025.17,1,True,False,False,0.7143821862856495,9138.915899999998
765,37,7,102708.77,1,1,0,9087.81,0,True,False,True,0.5135371306760503,9243.7893
678,37,8,149000.91,2,1,1,21472.42,0,True,False,False,0.1929199460996613,13410.0819
539,20,0,83459.86,1,1,1,146752.67,0,False,False,True,0.17015278902440267,7511.3874
800,40,3,75893.11,2,1,0,132562.23,0,False,False,False,0.31492450835425506,6830.3799
799,39,7,167395.6,2,0,1,139537.43,0,True,False,False,0.19022969564498507,15065.604000000001
629,61,6,0.0,2,1,1,133672.61,0,False,False,False,0.2896734844422905,0.0
734,52,6,71283.09,2,0,1,38984.37,0,True,False,False,0.4166133687634296,6415.478099999999
542,31,3,0.0,2,1,1,115217.59,0,False,False,False,0.08953654050538856,0.0
414,60,3,0.0,2,1,1,93844.82,0,False,True,True,0.26153611852443526,0.0
675,38,1,104016.88,1,0,0,22068.83,1,False,False,False,0.44196462364966266,9361.5192
683,38,5,127616.56,1,1,0,123846.07,0,False,False,False,0.4377287705549592,11485.490399999999
748,32,5,154737.88,2,1,1,172638.13,0,False,False,True,0.11928043775937267,13926.409200000002
596,29,2,0.0,2,1,1,1591.19,0,False,True,True,0.06969358929511803,0.0
642,35,4,125476.31,1,1,1,91775.51,0,False,False,True,0.19982422628663826,11292.8679
499,21,3,176511.08,1,1,1,153920.22,0,False,False,False,0.2730942972224672,15885.997199999998
649,47,8,110783.28,1,1,1,71420.16,0,False,True,False,0.4851678984461514,9970.4952
739,42,2,141642.92,2,1,0,172149.76,0,False,False,True,0.3165015567426661,12747.862800000003
616,31,1,0.0,2,1,1,54706.75,0,False,False,True,0.06785359397184426,0.0
560,33,9,0.0,1,0,1,183358.21,0,False,True,False,0.3435746865439129,0.0
427,42,1,75681.52,1,1,1,57098.0,0,True,False,True,0.4567710867843165,6811.3368
435,54,3,0.0,1,1,0,156910.46,1,False,False,True,0.8752283704440758,0.0
633,29,7,0.0,1,1,1,130224.73,0,False,False,True,0.2620308134631165,0.0
443,35,6,161111.45,1,0,0,13946.66,0,False,False,True,0.31335794747140805,14500.0305
727,62,5,0.0,2,0,1,38652.96,0,False,False,True,0.16522803014530185,0.0
674,45,6,72494.69,1,0,1,140041.78,0,False,False,False,0.6109838367699879,6524.5221
661,31,3,133964.3,1,1,1,166187.1,0,False,False,False,0.28815151847386816,12056.786999999998
619,34,1,0.0,1,1,0,139919.38,0,False,True,True,0.41656794436905265,0.0
562,27,3,0.0,2,1,0,28137.03,0,False,False,False,0.1294446041994196,0.0
633,61,3,157201.48,1,0,1,50368.63,0,False,False,True,0.42850509383206814,14148.1332
551,48,5,95679.29,1,0,0,94978.1,0,False,True,False,0.795135477687987,8611.1361
720,29,7,106230.92,1,1,1,69903.93,1,True,False,False,0.5046694342799019,9560.7828
688,32,5,0.0,2,0,1,177607.77,0,False,False,False,0.12943891408663638,0.0
635,36,9,81231.85,2,1,0,196731.08,0,True,False,False,0.23054885633398914,7310.8665
561,31,1,81480.27,2,1,1,65234.6,0,False,False,False,0.14574697461328115,7333.2243
850,33,8,73059.38,1,1,1,186281.0,0,False,False,True,0.19364729389771218,6575.3442
636,36,5,117559.05,2,1,1,111573.3,0,False,False,True,0.1321840054480774,10580.3145
461,74,1,186445.31,2,1,1,196767.83,0,True,False,False,0.22387622425738982,16780.0779
771,38,5,137657.71,2,1,0,72985.61,0,True,False,False,0.3427113087670879,12389.193899999998
713,36,8,133889.35,1,1,1,143265.65,0,False,False,True,0.1981309084371272,12050.0415
658,45,9,134562.8,1,1,1,159268.67,0,True,False,False,0.7627514898036609,12110.651999999998
586,56,9,100781.75,2,1,1,54448.41,0,True,False,False,0.63225314199956,9070.3575
737,30,8,174356.13,1,0,0,31928.5,0,False,False,True,0.2806815615350329,15692.0517
742,27,5,190125.43,2,0,0,21793.59,0,True,False,True,0.22566865289435192,17111.288699999997
824,26,7,146266.0,1,1,0,21903.62,1,False,False,True,0.36169678535681593,13163.939999999999
701,41,9,164046.1,1,1,0,49405.93,0,True,False,True,0.5747649918963541,14764.149
623,43,4,123536.52,2,0,0,154908.52,0,False,True,False,0.479373948938481,11118.2868
744,36,10,0.0,2,1,1,182867.84,0,False,False,True,0.09370290368179585,0.0
698,38,1,171848.38,1,0,0,16957.45,0,False,True,False,0.42702411968434134,15466.3542
616,40,9,0.0,2,0,0,93717.55,0,False,False,True,0.1308112308732138,0.0
662,39,5,139562.05,2,1,0,61636.22,0,False,False,False,0.3007818994292327,12560.584499999997
594,37,2,0.0,2,0,1,95864.5,0,False,False,True,0.09776315682341964,0.0
685,40,2,168001.34,2,1,1,167400.29,0,False,False,True,0.23048406792533047,15120.120599999998
742,27,0,0.0,2,0,1,131534.96,0,False,False,True,0.09178567129178976,0.0
678,83,6,123356.63,1,0,1,92934.41,0,True,False,True,0.3944547048162568,11102.0967
651,47,2,0.0,2,1,1,119808.64,0,False,True,True,0.2178509192848162,0.0
585,50,2,125845.66,1,1,0,9439.31,1,True,False,True,0.9175496636605093,11326.1094
579,40,10,45408.85,2,1,0,18732.91,0,True,False,True,0.23585314920440204,4086.7965
722,37,0,125977.81,1,0,0,160162.42,0,True,False,False,0.5857183559907797,11338.0029
613,51,7,147262.11,1,1,1,53630.9,1,True,False,False,0.7836704457382537,13253.589899999997
694,42,8,133767.19,1,1,0,36405.21,0,False,False,True,0.5570472024460111,12039.0471
550,49,0,108806.96,3,1,0,61446.92,1,True,False,True,0.9624660592600243,9792.6264
741,42,6,106036.52,1,1,0,194686.78,1,False,False,True,0.5873218464547836,9543.2868
668,69,9,0.0,1,0,1,134483.07,0,False,True,False,0.346613586524856,0.0
529,27,1,0.0,2,1,1,37769.98,0,False,False,False,0.10057178676889594,0.0
636,31,6,0.0,2,1,1,2382.61,0,False,False,True,0.0662505790402273,0.0
563,61,1,82182.1,1,1,0,106826.92,1,False,True,True,0.8365891901800196,7396.389000000001
767,35,9,0.0,2,1,0,39511.61,0,False,False,False,0.1146097428019647,0.0
644,50,9,76817.0,4,1,0,196371.13,1,False,False,True,0.9141841522691643,6913.529999999999
780,71,9,142550.25,2,1,1,122506.78,0,True,False,True,0.269836281795098,12829.5225
635,41,10,0.0,2,1,1,61994.2,0,False,True,False,0.22653682250130575,0.0
641,35,2,103711.56,1,0,1,192464.21,1,True,False,True,0.4999230228378195,9334.0404
593,40,2,0.0,1,1,1,5194.95,0,False,True,False,0.4435009047044852,0.0
540,35,7,128369.75,2,1,0,198256.15,0,True,False,False,0.3681034985930912,11553.2775
663,35,5,0.0,2,1,1,62634.94,0,False,True,True,0.06157557578363141,0.0
630,34,9,0.0,2,1,1,114006.35,0,False,False,True,0.07210453366401522,0.0
605,19,8,166133.28,1,1,1,107994.99,0,True,False,True,0.2466159104275481,14951.995199999998
710,62,9,148214.36,1,1,0,48571.14,1,True,False,False,0.9319870128037877,13339.292399999998
755,78,5,121206.96,1,1,1,76016.49,0,False,False,False,0.27123764497523234,10908.6264
641,25,10,0.0,2,1,1,180808.39,0,False,True,True,0.0558988386584,0.0
737,50,4,127552.85,2,1,0,4225.11,0,True,False,True,0.5933791811592929,11479.7565
695,49,9,159458.53,1,1,0,135841.35,0,False,False,True,0.7352116231428013,14351.2677
466,47,5,102085.72,1,1,1,183536.24,1,True,False,False,0.8113154870696307,9187.7148
558,58,2,142537.18,1,1,1,88791.83,0,True,False,True,0.6935030324210948,12828.3462
665,29,1,182781.74,2,1,1,63732.9,0,False,True,True,0.23607135930902298,16450.3566
737,45,10,0.0,2,1,0,1364.54,0,False,False,True,0.2839423168603209,0.0
654,29,7,0.0,2,1,1,149184.15,0,False,False,True,0.06742886049716561,0.0
619,28,3,0.0,2,1,0,53394.12,0,False,False,False,0.13674968063202428,0.0
845,43,3,152063.59,2,1,0,97910.06,0,True,False,False,0.4109489733108673,13685.7231
727,28,2,110997.76,1,1,0,101433.76,0,False,False,False,0.3452901604473837,9989.7984
582,50,2,148942.0,1,1,1,116944.3,0,False,False,True,0.5061001936026898,13404.78
716,41,9,0.0,1,1,1,113267.48,0,False,False,True,0.3580552509331642,0.0
660,36,0,84438.57,1,1,1,181449.51,0,False,True,False,0.30867965115363716,7599.471299999999
664,34,7,93920.47,1,0,0,179913.98,0,False,False,False,0.38381051023076723,8452.8423
801,43,4,158713.08,2,0,0,98586.14,0,False,False,True,0.3904607721829143,14284.177199999998
615,42,4,0.0,3,0,1,120321.09,0,False,True,True,0.4771938284741972,0.0
718,63,7,123204.88,1,1,1,100538.8,0,True,False,True,0.7715737445714036,11088.4392
667,40,8,72945.29,2,1,0,98931.5,0,False,False,True,0.23460489904272894,6565.076099999999
670,37,0,178742.71,1,1,1,194493.57,0,False,True,True,0.26813537571682594,16086.8439
590,43,8,0.0,2,1,1,143628.31,0,False,False,True,0.20657065168408095,0.0
739,40,8,0.0,1,1,0,167030.51,0,False,True,False,0.6321584264768801,0.0
373,42,7,0.0,1,1,0,77786.37,1,False,False,True,0.7100008153917337,0.0
418,46,9,0.0,1,1,1,81014.5,1,False,False,False,0.64577448820242,0.0
837,29,9,0.0,2,1,1,41866.26,0,False,False,False,0.09613532465110651,0.0
645,43,9,140121.17,1,1,0,11302.7,1,True,False,True,0.8585225015985971,12610.905300000002
552,39,2,132906.88,1,0,1,149384.43,0,True,False,True,0.5458579581398404,11961.619200000001
580,45,2,179334.83,2,1,1,169303.65,0,True,False,True,0.2961439471690095,16140.134699999999
684,35,3,137179.39,1,1,1,37264.11,0,False,False,True,0.19562707560529502,12346.1451
634,35,3,0.0,2,1,1,19515.48,0,False,True,True,0.07865967462259732,0.0
607,49,9,119960.29,2,1,0,103068.22,0,False,False,False,0.6455224374078842,10796.426099999999
802,29,9,127414.55,1,1,1,134459.12,0,False,False,True,0.17292122432862173,11467.3095
736,36,6,0.0,1,1,0,70496.66,0,False,False,False,0.4701503837084471,0.0
629,40,9,137409.19,1,1,0,175877.7,1,False,False,False,0.6079220273792691,12366.8271
737,28,8,0.0,2,1,0,106390.01,0,False,False,True,0.0652962126335948,0.0
718,39,2,0.0,1,1,1,52138.49,0,False,True,False,0.3834501194170397,0.0
561,43,4,0.0,4,0,0,18522.91,1,False,False,True,0.8290396480977003,0.0
641,31,9,112494.99,1,1,1,32231.6,0,False,False,True,0.18351034490436446,10124.5491
677,30,1,78133.15,1,0,1,174225.88,0,False,False,True,0.19537563174012298,7031.983499999999
641,36,1,0.0,2,1,0,102021.39,0,False,True,False,0.16125011203318157,0.0
658,32,5,145553.07,1,1,1,31484.76,0,False,True,False,0.24718456179160472,13099.7763
659,48,4,123593.22,2,1,0,82469.06,1,True,False,True,0.7532640141316063,11123.389799999999
567,47,2,0.0,1,0,0,110900.43,1,False,False,False,0.8318722682280079,0.0
584,26,0,146286.22,1,1,0,105105.35,0,False,False,False,0.32561757935170027,13165.7598
709,35,1,111827.27,2,1,0,12674.68,0,False,True,False,0.27225359474663136,10064.4543
690,26,2,0.0,2,1,1,93255.85,0,False,True,False,0.12907524126412806,0.0
627,70,1,94416.78,1,0,1,145299.5,0,False,False,True,0.272193060812965,8497.5102
765,45,2,91549.78,1,1,1,47139.44,0,False,True,True,0.4433744622628541,8239.4802
645,38,7,59568.57,1,1,1,167723.25,0,False,False,False,0.36586037988855247,5361.1713
716,23,2,94464.81,2,0,1,185900.88,0,False,False,False,0.161869082703136,8501.8329
771,57,4,0.0,1,0,0,85876.67,1,False,False,False,0.9009355232706118,0.0
687,44,8,95368.14,2,1,1,1787.85,0,True,False,True,0.5300280333602233,8583.132599999999
717,33,10,102185.42,2,1,0,23231.93,0,True,False,False,0.2968305116005906,9196.6878
524,32,1,144875.71,1,0,0,187740.04,0,False,False,True,0.26812186080420214,13038.813899999997
679,39,5,0.0,2,1,1,100060.54,0,False,True,True,0.07301014539513816,0.0
538,32,2,0.0,1,1,1,80130.54,0,False,False,False,0.3436132014512394,0.0
752,37,5,113291.05,2,1,1,132467.54,0,True,False,False,0.3770573574937166,10196.1945
846,61,0,0.0,2,1,1,96202.44,0,False,True,True,0.20978537331807076,0.0
532,39,0,0.0,2,1,0,94977.3,0,False,True,False,0.1755588142981857,0.0
670,43,9,111677.88,1,1,0,178827.3,1,True,False,True,0.8590837811739318,10051.0092
597,35,8,131101.04,1,1,1,192852.67,0,True,False,False,0.5359023228004353,11799.0936
627,52,1,76101.81,2,0,1,177238.35,0,True,False,True,0.35356121305593674,6849.162899999999
700,40,2,0.0,2,1,0,199753.97,0,False,True,False,0.20763983157682084,0.0
766,52,7,92510.9,2,0,1,66193.61,0,False,False,False,0.5236586680836622,8325.981
488,34,2,0.0,2,1,1,181270.84,0,False,False,False,0.10791776332785019,0.0
694,39,5,77652.4,1,1,1,25407.59,0,False,False,True,0.25753855251056806,6988.7159999999985
639,31,3,98360.03,1,0,0,20973.8,0,False,False,False,0.3463449341147026,8852.402699999999
705,46,4,115518.07,1,0,0,76544.9,1,True,False,False,0.9054651028502387,10396.6263
810,69,3,27288.43,1,1,1,110509.9,0,True,False,True,0.26814379897891827,2455.9586999999997
638,36,6,0.0,1,1,0,164247.51,0,False,False,False,0.4652568237317841,0.0
595,43,5,0.0,2,0,0,105149.8,0,False,True,False,0.33590175892128693,0.0
575,36,7,0.0,1,1,1,55868.97,1,False,False,True,0.37079339351248436,0.0
850,31,6,131996.66,2,1,1,178747.43,0,False,False,True,0.10727044282980067,11879.699400000001
419,27,2,121580.42,1,0,1,134720.51,0,False,True,False,0.3219949185961621,10942.237799999999
640,55,10,132436.34,1,1,0,978.66,0,False,False,True,0.6872910880746967,11919.2706
570,34,10,0.0,2,0,1,183387.12,0,False,True,True,0.08186566273750615,0.0
640,46,5,107978.4,2,1,0,155876.06,0,True,False,False,0.7465445806067378,9718.056
689,40,4,78119.59,4,1,0,119259.34,1,True,False,False,0.885170330347796,7030.763099999998
725,26,6,98684.15,1,0,0,133720.57,0,False,False,True,0.26810426618488814,8881.573499999999
751,44,10,0.0,2,1,0,170634.49,0,False,False,False,0.36527014530958235,0.0
544,53,9,0.0,1,1,0,125692.07,1,False,True,False,0.8828968766761958,0.0
768,43,2,129264.05,2,0,0,19150.14,0,True,False,False,0.5065686914554811,11633.7645
648,37,6,131753.41,1,1,0,86894.67,0,True,False,True,0.6103205804435806,11857.8069
577,33,6,0.0,2,1,0,57975.8,0,False,True,False,0.1189236886511564,0.0
639,27,2,0.0,1,1,1,82938.99,0,False,True,False,0.3599890198364364,0.0
686,26,1,57422.62,1,1,1,79189.4,0,True,False,True,0.15980345829808149,5168.0358
657,28,7,0.0,2,0,1,5177.62,0,False,False,False,0.13525844010677418,0.0
613,34,5,144094.2,1,1,0,44510.26,0,False,False,True,0.32542235034761235,12968.478
701,33,9,147510.34,1,1,0,190611.92,0,False,False,True,0.29991380175495796,13275.9306
578,28,8,161592.76,1,1,0,177834.79,0,False,True,False,0.3846822682855352,14543.348399999999
689,40,1,0.0,2,1,1,119446.64,0,False,False,False,0.20795788359838507,0.0
687,72,4,0.0,2,1,1,50267.69,0,False,True,False,0.1011871959013718,0.0
499,53,1,75225.53,2,0,0,144849.1,1,False,True,False,0.801027692295511,6770.297699999999
693,39,0,0.0,2,0,0,81901.6,0,False,True,False,0.17573824031086127,0.0
737,70,9,87542.89,2,1,1,42576.86,0,False,False,False,0.2613781194020582,7878.8601
651,32,8,144581.96,1,1,1,87609.5,0,False,False,False,0.2574574672969179,13012.376399999997
753,33,5,122568.05,2,1,1,82820.85,0,False,False,True,0.11365594878147826,11031.1245
523,24,5,172231.93,1,0,1,155144.12,0,False,True,False,0.3168904308106515,15500.873699999998
458,28,2,171932.26,2,1,1,9578.24,0,True,False,False,0.15252679551866685,15473.903400000001
643,39,7,0.0,2,1,1,170392.59,0,False,False,True,0.08903594251137122,0.0
638,34,7,0.0,2,0,0,3946.29,0,False,True,False,0.13554172302934017,0.0
685,38,4,111798.06,2,1,1,102184.66,0,True,False,True,0.2822219250762535,10061.825399999998
684,38,4,0.0,3,1,0,75609.84,0,False,False,True,0.5100698064921734,0.0
670,27,5,79336.61,1,1,1,26170.08,0,False,False,False,0.22358795816241817,7140.294900000001
701,63,3,120916.52,3,0,0,144727.45,1,True,False,True,0.9633680069253342,10882.4868
705,31,3,142905.51,1,1,1,58134.97,0,False,False,False,0.23867984320941318,12861.495900000002
593,27,10,0.0,3,0,0,94620.0,1,False,True,True,0.6744413405054863,0.0
651,33,1,96834.78,1,1,0,108764.69,0,False,False,False,0.33154613987545983,8715.1302
741,37,9,105261.76,2,1,1,149503.54,0,False,False,True,0.14240978467221985,9473.558399999998
596,54,1,123544.0,1,1,1,120314.75,1,True,False,True,0.8027966017026311,11118.96
581,41,2,127913.71,2,1,1,44205.95,0,True,False,True,0.3313685286574838,11512.233900000001
689,28,5,95328.6,1,1,0,6129.61,1,False,True,False,0.38546702307203107,8579.574
544,30,4,73218.89,1,0,1,126796.69,0,False,False,True,0.21057805602093674,6589.7001
718,41,1,0.0,2,0,1,27509.52,1,False,False,False,0.2952337544138575,0.0
583,35,8,149995.72,2,1,0,42143.55,0,True,False,True,0.24002518982896354,13499.6148
663,28,8,123674.28,2,1,1,87985.2,0,True,False,True,0.17811150025865974,11130.6852
666,33,2,124125.26,1,1,0,81884.8,0,True,False,True,0.5236546475642394,11171.2734
524,29,3,159035.45,1,1,0,2705.31,1,False,True,True,0.40455411337163455,14313.1905
599,27,5,0.0,2,1,0,30546.4,0,False,False,True,0.07881155783886482,0.0
667,27,7,156811.74,1,1,1,149402.59,0,False,False,True,0.18239294759020624,14113.056599999998
727,52,4,0.0,2,1,1,118429.02,0,False,False,True,0.248421777349637,0.0
689,55,4,0.0,2,1,1,58442.25,0,False,True,False,0.26620077948945076,0.0
639,39,6,150555.83,1,1,0,30414.17,0,False,False,True,0.41483714839001423,13550.024699999998
678,28,2,109137.12,1,1,1,58814.41,0,False,False,True,0.18847794777610224,9822.340799999998
523,36,8,158351.02,2,1,0,155304.53,0,False,False,True,0.28001638702507853,14251.591799999998
650,47,9,0.0,1,1,0,187943.6,0,False,False,False,0.7952455840044094,0.0
744,35,7,0.0,2,1,1,43036.6,0,False,True,True,0.05052961266380764,0.0
697,40,4,0.0,2,0,1,26543.28,0,False,False,True,0.13810396590409854,0.0
800,46,6,0.0,2,1,0,171928.04,0,False,True,False,0.4087131870905155,0.0
664,24,7,0.0,1,0,1,35611.35,0,False,False,True,0.2475527553777454,0.0
740,39,9,0.0,2,1,0,19047.23,0,False,False,True,0.08497556951478889,0.0
835,56,2,0.0,2,1,1,39820.13,0,False,False,False,0.2732222614637027,0.0
559,52,2,0.0,1,1,0,129013.59,1,False,False,True,0.8903010959746274,0.0
676,36,1,82729.49,1,1,0,113810.12,0,False,True,True,0.3324321005689764,7445.6541
613,45,9,142765.24,2,1,0,34749.65,0,True,False,False,0.65311683515419,12848.871599999999
713,25,4,121172.97,1,1,1,56268.98,0,False,False,False,0.22738875825465396,10905.5673
751,28,10,132932.14,2,1,1,46630.47,0,True,False,False,0.1974348582014343,11963.892600000001
523,22,8,123374.46,1,1,1,124906.59,0,False,False,True,0.17919670635209647,11103.7014
775,74,0,161371.5,1,1,1,134869.93,0,True,False,False,0.3101783239778602,14523.434999999998
608,45,4,0.0,2,0,0,36697.48,1,False,True,True,0.2596277165750634,0.0
673,51,8,79563.36,2,1,1,172200.91,0,False,False,True,0.33151024784627636,7160.7024
616,46,2,0.0,2,1,0,137136.46,0,False,False,True,0.25348547020622886,0.0
650,48,7,138232.24,1,1,0,57594.78,0,True,False,False,0.9192570941644373,12440.901599999997
655,41,5,0.0,1,0,0,36548.0,1,False,False,False,0.6168003708968434,0.0
782,53,1,81571.05,1,1,0,182960.46,1,True,False,False,0.904506251560189,7341.3945
781,35,1,0.0,2,0,0,42117.9,0,False,True,True,0.0865533896513454,0.0
593,33,0,95927.04,1,1,0,199478.05,0,False,False,False,0.31755510396898656,8633.433599999998
505,35,8,116932.59,1,1,0,91092.84,0,False,True,True,0.28084784984100464,10523.9331
707,40,1,0.0,2,1,0,14090.4,1,False,False,True,0.09842460592810358,0.0
692,36,3,79551.12,1,0,1,178267.07,0,False,False,False,0.364030561533388,7159.600799999999
813,30,1,116416.94,1,0,1,85808.22,0,True,False,True,0.3609185418192547,10477.524599999999
850,37,4,88141.1,1,1,0,109659.12,0,False,True,True,0.3373616380564979,7932.6990000000005
753,32,6,177729.13,1,1,1,161642.08,0,False,False,True,0.19447988236564587,15995.6217
850,32,5,0.0,1,1,1,3830.59,0,False,True,False,0.28376091578654894,0.0
671,32,6,123912.78,2,1,1,146636.44,0,False,True,True,0.12127507012384832,11152.1502
791,33,3,0.0,1,1,1,144413.92,1,False,False,False,0.31311435824591327,0.0
624,80,3,0.0,1,1,1,65801.44,0,False,False,True,0.3392929034848561,0.0
649,35,4,108306.44,1,1,1,192486.24,0,False,False,False,0.30468649885571397,9747.579600000001
732,48,4,102962.62,1,1,0,120852.85,1,True,False,False,0.9294236037284196,9266.635799999998
664,36,0,103502.22,1,1,1,146191.82,0,False,False,False,0.2817619851921188,9315.1998
789,43,8,119654.44,2,0,1,148412.24,1,True,False,True,0.5372466097256846,10768.899599999999
680,33,10,183768.47,1,1,0,164119.35,0,False,False,True,0.3301885521061705,16539.162299999996
701,37,1,0.0,2,1,0,163457.55,0,False,False,True,0.09286648134353442,0.0
684,25,1,0.0,2,0,1,144978.47,0,False,False,False,0.12469451297800614,0.0
586,52,6,140900.97,1,1,1,67288.89,0,False,False,False,0.5646995921774373,12681.0873
522,25,5,94049.92,2,1,0,103269.0,0,True,False,False,0.2728220950999797,8464.4928
739,27,8,98926.4,1,1,1,106969.98,0,False,True,False,0.20859698944400318,8903.376
835,18,2,142872.36,1,1,1,117632.63,0,True,False,True,0.27719718943113814,12858.5124
790,29,3,46057.96,2,1,1,189777.66,0,False,True,True,0.06611665178624122,4145.216399999999
671,48,6,119769.77,1,0,1,66032.65,0,False,False,False,0.5474169041514808,10779.2793
560,44,5,143244.97,1,1,0,98661.27,0,False,False,False,0.7143100586085481,12892.047299999998
651,28,10,79562.98,1,1,1,74687.37,0,False,False,True,0.17447696526918327,7160.668199999998
682,69,6,0.0,2,0,1,149604.18,0,False,False,True,0.09094232008108148,0.0
808,41,0,0.0,1,1,1,79888.78,0,False,False,True,0.3509847321132802,0.0
644,26,8,96659.64,2,1,1,138775.69,0,False,True,True,0.11360569424120064,8699.3676
688,29,1,0.0,2,1,0,154695.57,0,False,False,True,0.07347666018511949,0.0
617,26,2,165947.99,2,0,1,168834.38,0,False,False,False,0.24182784729323414,14935.3191
738,33,4,92676.3,1,1,0,105817.63,0,False,False,True,0.2975010730361228,8340.866999999998
663,45,5,83195.12,1,1,1,48682.1,0,False,False,True,0.4443619087645263,7487.560799999999
515,48,5,129387.94,1,0,1,147955.91,1,False,False,True,0.552224423986263,11644.9146
845,28,9,0.0,2,1,1,56185.98,0,False,False,False,0.09169039171680766,0.0
639,38,9,130233.14,1,1,1,81861.1,0,False,True,True,0.19668502122482884,11720.9826
557,32,3,123502.53,1,1,1,69826.8,0,False,False,False,0.24231119028806625,11115.2277
543,37,8,140894.06,2,1,1,118059.19,0,True,False,True,0.24474017742571508,12680.4654
585,44,7,163867.86,1,1,1,112333.22,0,True,False,True,0.5074100646942672,14748.107399999999
610,27,2,0.0,2,1,0,14546.76,0,False,False,False,0.14425221780558373,0.0
727,18,2,93816.7,2,1,0,126172.11,0,True,False,False,0.28752454560304874,8443.502999999999
540,40,8,0.0,2,1,0,3560.0,0,False,True,False,0.20986373986978324,0.0
418,35,7,0.0,2,1,1,88878.15,0,False,False,True,0.0899939114708512,0.0
660,32,0,114668.89,1,1,0,84605.0,0,False,False,False,0.33404825947581657,10320.2001
850,38,5,146756.68,1,1,0,78268.61,0,True,False,True,0.5499864574213212,13208.1012
618,46,6,150213.71,1,1,0,120668.46,1,False,False,False,0.7462005747596292,13519.2339
642,18,5,111183.53,2,0,1,10063.75,0,True,False,True,0.19636040157377074,10006.517699999999
850,40,9,99816.46,1,1,1,163989.66,1,False,False,False,0.4822796784091549,8983.4814
739,34,9,0.0,1,1,0,60584.33,0,False,False,True,0.4022322568409763,0.0
508,41,5,0.0,2,1,1,94170.84,0,False,False,False,0.2146984558276484,0.0
667,41,6,0.0,2,0,0,167181.77,0,False,False,True,0.12920263479562222,0.0
741,60,5,0.0,1,1,1,38914.51,0,False,False,False,0.5792707845340648,0.0
592,29,7,0.0,2,1,1,91196.67,0,False,False,True,0.07363464897786667,0.0
651,45,6,86714.06,1,1,0,85869.89,1,True,False,False,0.766302076872835,7804.265399999998
773,52,2,0.0,2,1,0,57337.79,0,False,True,True,0.4760498194932938,0.0
850,41,8,132838.07,1,1,1,175347.28,0,False,True,True,0.24847793647238808,11955.4263
550,42,10,128707.31,1,1,0,63092.65,1,True,False,False,0.7501764923158909,11583.657899999998
783,40,6,0.0,2,1,0,109742.55,0,False,False,True,0.12389628244109145,0.0
777,29,2,0.0,2,1,0,124489.88,0,False,False,True,0.08674083938601361,0.0
659,29,6,123192.12,1,1,1,56971.41,1,False,False,True,0.2087406169326596,11087.290799999999
727,46,3,115248.11,4,1,0,130752.01,1,True,False,True,0.9463859033565296,10372.3299
603,38,8,59360.77,1,1,1,191457.06,0,False,False,True,0.3395458975568829,5342.4693
644,37,9,0.0,2,1,1,96442.86,0,False,True,True,0.07965004717026543,0.0
647,35,6,112668.7,1,0,1,122584.29,0,False,False,False,0.2592136540034925,10140.182999999999
648,37,7,138503.51,2,1,0,57215.85,0,True,False,False,0.40547441942428747,12465.315900000001
721,57,1,0.0,1,1,1,195940.96,0,False,True,True,0.5252976436526453,0.0
524,29,7,0.0,2,1,1,105448.74,0,False,False,True,0.06984002455749509,0.0
626,34,3,0.0,2,1,1,37870.29,0,False,False,False,0.1144485472593019,0.0
569,43,7,0.0,2,1,0,52534.81,0,False,False,True,0.270518789139376,0.0
578,36,1,157267.95,2,1,0,141533.19,0,False,True,True,0.2543389123164605,14154.115500000002
769,40,9,133871.05,1,1,1,50568.02,0,False,False,False,0.4073890580935349,12048.394499999999
694,31,4,141989.27,2,1,0,26116.82,0,True,False,True,0.2524815388580753,12779.034299999998
664,41,5,0.0,1,1,1,152054.33,0,False,False,False,0.5163478347510427,0.0
646,38,7,0.0,2,1,0,1528.4,0,False,False,True,0.09476840625180388,0.0
779,29,3,46388.16,3,1,0,127939.26,1,False,False,False,0.7152700548129077,4174.9344
782,72,5,148666.99,1,1,0,2605.65,1,True,False,False,0.8477700315587213,13380.0291
769,34,7,115101.5,1,0,0,57841.89,1,True,False,True,0.5846534667834423,10359.135
655,67,6,148363.38,1,1,1,186995.17,0,True,False,True,0.5003165996431401,13352.7042
623,46,4,0.0,1,1,0,5549.11,1,False,True,True,0.7476968773318166,0.0
705,39,8,144102.32,1,1,1,11682.36,0,False,True,False,0.2637679078375822,12969.2088
686,41,5,128876.71,3,1,1,106939.34,1,False,False,True,0.8972631778295791,11598.903900000001
678,36,6,118448.15,2,1,0,53172.02,0,True,False,True,0.3526314653629668,10660.333499999999
738,39,5,0.0,2,1,1,114388.98,0,False,False,True,0.0849153166781734,0.0
703,28,9,0.0,2,0,1,2151.17,0,False,False,True,0.06380400355630216,0.0
554,42,1,0.0,2,0,1,183492.9,0,False,True,True,0.18334043735832173,0.0
582,38,9,135979.01,4,1,1,76582.95,1,False,False,False,0.8862322268879863,12238.1109
644,37,6,117271.8,2,1,0,104217.96,1,False,False,True,0.2432418720931049,10554.462
724,29,4,0.0,1,1,0,8982.75,0,False,False,True,0.39166340090611385,0.0
593,33,1,0.0,2,0,0,9984.4,0,False,False,True,0.07149130697867881,0.0
710,30,10,0.0,2,1,0,19500.1,0,False,True,False,0.13668071326840342,0.0
631,35,8,129205.49,1,1,1,79146.36,0,False,False,True,0.19039625495838422,11628.4941
739,41,8,0.0,1,1,0,191694.77,1,False,True,False,0.6696413946886031,0.0
644,18,7,0.0,1,0,1,59645.24,1,False,True,True,0.39361402656929373,0.0
652,35,7,104015.54,2,1,1,55207.88,0,True,False,True,0.19442654558313469,9361.3986
554,37,3,0.0,2,1,0,166177.3,0,False,True,True,0.10940379029396313,0.0
483,30,9,0.0,2,0,0,136356.97,0,False,False,False,0.1376119711356011,0.0
669,42,1,103873.39,1,1,0,148611.52,0,True,False,False,0.7010936151090488,9348.6051
841,52,3,112383.03,1,1,0,85516.37,1,True,False,False,0.9076034996374658,10114.472699999998
662,34,2,117731.79,2,0,1,55120.79,0,False,False,True,0.145612140840616,10595.861099999998
821,45,0,135827.33,2,1,1,131778.58,0,True,False,True,0.4979637541668874,12224.4597
783,38,9,114135.17,1,1,0,153269.98,0,False,False,True,0.34416391044246225,10272.1653
850,28,9,0.0,2,1,1,164864.67,0,False,False,False,0.10769638107708861,0.0
559,62,6,118756.62,1,1,1,20367.68,0,False,False,True,0.4765498363933617,10688.0958
602,34,8,98382.72,1,1,0,39542.0,0,False,True,True,0.2834517087735474,8854.444800000001
563,41,2,100520.92,1,1,1,19412.8,1,True,False,True,0.641260408821013,9046.8828
695,35,7,79858.13,2,1,1,127977.66,0,False,True,False,0.13535608122963688,7187.2317
546,20,6,0.0,1,0,1,20508.85,0,False,False,False,0.2893038392319694,0.0
719,76,10,95052.29,1,1,0,176244.87,0,True,False,False,0.5460288551276019,8554.7061
539,42,1,177728.55,1,1,0,105013.63,0,True,False,True,0.5033667449485058,15995.5695
632,71,3,83116.68,1,1,1,27597.76,0,False,False,True,0.27650423031383203,7480.5012
772,34,7,111565.91,1,1,1,121073.23,0,True,False,True,0.4664234289811639,10040.9319
708,40,8,83015.71,1,1,0,101089.76,0,False,True,True,0.4346860305892003,7471.4139000000005
668,28,1,124511.01,1,0,0,114258.18,0,True,False,False,0.5757394143746131,11205.990899999999
738,67,1,130652.52,1,0,1,22762.23,0,False,False,False,0.377507083777246,11758.7268
785,55,5,0.0,2,1,1,7008.65,0,False,False,True,0.21840292178365317,0.0
597,61,5,0.0,2,1,1,81299.17,0,False,False,True,0.217932909228011,0.0
531,37,7,121854.45,1,1,0,147521.35,0,False,False,True,0.33331023031503837,10966.9005
509,26,10,0.0,2,1,1,6177.83,0,False,False,True,0.08093003670965201,0.0
508,35,1,86893.28,1,0,0,59374.82,0,False,False,True,0.27874689959833626,7820.395199999999
749,32,7,79523.13,1,0,1,157648.12,0,True,False,False,0.2643702295033172,7157.081700000001
621,55,7,131033.76,1,0,1,75685.59,1,True,False,False,0.8218176807613582,11793.038399999998
659,33,7,89939.62,1,1,0,136540.09,0,False,False,False,0.34995389404451993,8094.5658
634,59,3,95727.05,1,0,0,97939.4,1,True,False,False,0.9260837812170203,8615.4345
675,39,7,0.0,2,0,1,36267.21,0,False,False,True,0.09684527406652504,0.0
770,31,3,155047.56,2,1,1,186064.34,0,False,False,True,0.1225542168374659,13954.2804
736,29,9,0.0,2,0,0,176152.7,0,False,False,False,0.12191654722701806,0.0
524,44,10,118569.03,2,0,0,82117.2,0,False,False,True,0.45036494257673254,10671.2127
674,28,5,0.0,1,1,1,151925.25,0,False,False,True,0.24696773067887123,0.0
700,44,9,0.0,2,1,0,142287.65,0,False,True,True,0.2904427067369516,0.0
741,35,1,0.0,2,1,0,36557.55,0,False,False,False,0.1492927937021699,0.0
455,40,1,0.0,3,0,1,129975.34,0,False,False,True,0.49829857756501894,0.0
608,37,2,130461.02,1,1,0,21967.15,0,False,True,True,0.3578256276737125,11741.4918
776,36,1,0.0,2,1,0,53477.76,0,False,False,True,0.07391050745821934,0.0
635,33,1,0.0,3,0,0,178067.33,1,False,False,True,0.6649242185457034,0.0
746,37,4,0.0,2,0,1,171039.56,0,False,False,False,0.1525055563934838,0.0
692,47,3,0.0,2,1,0,150802.41,1,False,True,False,0.45519375727370864,0.0
683,35,9,61172.04,1,0,0,82951.12,0,False,True,True,0.344251546323307,5505.4836
591,35,2,90194.34,2,1,0,57064.57,0,True,False,False,0.3145409036060292,8117.490599999999
581,24,3,95508.2,1,1,1,45755.0,0,False,False,False,0.21610408387454622,8595.738
684,35,3,99967.76,1,1,1,176882.08,0,True,False,True,0.39711522805534133,8997.098399999999
561,37,4,101470.29,1,0,1,88838.14,0,False,True,True,0.2619034133760291,9132.326099999998
718,33,4,70541.06,1,0,0,88592.8,0,True,False,False,0.31811401698552116,6348.6954000000005
590,31,8,112211.61,1,1,0,26261.42,0,False,False,True,0.2728945169786692,10099.0449
573,47,8,154543.98,1,1,0,29586.73,0,False,False,False,0.7399650198391059,13908.958200000001
350,40,0,111098.85,1,1,1,172321.21,1,False,False,False,0.5099721137200212,9998.8965
504,44,0,131873.07,2,1,1,158036.72,1,True,False,False,0.639735813611998,11868.5763
813,27,1,137275.36,1,0,1,115733.16,0,False,True,True,0.16677969797657555,12354.782399999996
641,31,3,153316.14,1,1,0,59927.99,0,False,True,True,0.3567214687917698,13798.4526
662,22,9,0.0,2,1,1,44377.65,0,False,False,False,0.10736625608816483,0.0
497,44,2,121250.04,1,0,1,79691.4,0,False,True,True,0.4378396719295482,10912.5036
716,31,8,109578.04,2,1,1,51503.51,0,False,False,True,0.12738574740094255,9862.0236
526,37,5,53573.18,1,1,0,62830.97,0,False,False,False,0.4764264951737075,4821.5862
760,34,6,58003.41,1,1,0,90346.1,0,True,False,False,0.3649846442567965,5220.3069
669,31,6,113000.66,1,1,0,40467.82,0,False,False,False,0.3409760491998691,10170.0594
655,27,10,0.0,2,1,0,51620.94,0,False,False,True,0.06971357081985992,0.0
547,49,2,0.0,1,0,0,65466.93,1,False,False,False,0.8657948960281567,0.0
648,40,5,139973.65,1,1,1,667.66,1,True,False,False,0.6081105241388955,12597.628499999999
790,31,2,151290.16,1,1,1,172437.12,0,False,False,False,0.2500203678686485,13616.114399999999
744,50,1,121498.11,2,0,1,106061.47,1,True,False,False,0.7004802768562653,10934.8299
761,32,4,103515.39,2,1,1,177622.38,0,False,True,False,0.16801206888598982,9316.3851
750,35,3,0.0,1,1,0,191520.5,0,False,False,False,0.5573331194464416,0.0
680,34,9,0.0,2,1,1,95686.6,0,False,False,True,0.06461408499426623,0.0
704,38,6,106687.76,1,1,0,173776.5,0,False,True,True,0.3879532623406047,9601.8984
521,41,2,0.0,2,1,1,113089.43,0,False,False,False,0.19660706100182915,0.0
452,35,8,0.0,2,1,1,149614.81,0,False,False,False,0.12504898054046373,0.0
695,31,5,106089.2,1,0,0,99537.68,0,False,False,False,0.3480668583815266,9548.028
850,71,10,69608.14,1,1,0,97893.4,1,False,True,True,0.7455444863400151,6264.7326
625,31,5,0.0,2,0,1,90.07,0,False,False,True,0.08300885035577826,0.0
608,40,7,96202.32,1,0,0,161154.85,0,True,False,False,0.5839175924946329,8658.2088
715,38,0,0.0,2,1,1,332.81,0,False,False,False,0.20991430153048227,0.0
834,33,5,0.0,2,1,0,66285.18,0,False,True,True,0.07023429916421564,0.0
469,33,1,127818.52,1,1,0,163477.22,0,False,False,True,0.24592418575403382,11503.6668
480,40,7,0.0,1,1,0,170332.67,1,False,False,False,0.6577707625857278,0.0
527,58,3,137318.42,1,1,1,126144.96,0,True,False,True,0.7377611488065662,12358.6578
834,34,5,0.0,2,0,0,53437.1,0,False,True,True,0.06653357910795203,0.0
583,40,4,55776.39,2,1,0,26920.43,0,False,False,False,0.3393945734493417,5019.8751
696,32,4,84421.62,1,0,1,52314.71,0,True,False,True,0.19744016080080481,7597.9457999999995
606,32,5,83161.65,1,1,1,116885.59,0,False,False,True,0.18055575900954154,7484.548499999999
713,39,10,0.0,2,1,1,126263.97,0,False,False,False,0.22582813952716715,0.0
821,42,3,87807.29,2,1,1,64613.81,0,True,False,True,0.2567744470770244,7902.6561
550,30,4,0.0,2,1,0,89216.29,0,False,False,False,0.12534079533836034,0.0
675,39,6,0.0,2,0,0,83419.15,0,False,False,False,0.1924431543263805,0.0
748,39,3,0.0,2,1,1,123998.52,0,False,True,True,0.06453991190966288,0.0
606,40,9,95293.86,2,0,1,96985.58,0,True,False,True,0.3155153890651937,8576.4474
726,30,7,92847.59,1,1,0,146154.06,0,True,False,True,0.3452319877322933,8356.283099999999
547,30,6,0.0,2,1,1,18471.86,0,False,False,True,0.06516094032874645,0.0
758,35,5,0.0,2,1,0,95009.6,0,False,True,True,0.07739788481043003,0.0
596,37,2,0.0,1,0,1,121175.86,0,False,False,True,0.3740247916670781,0.0
720,34,3,0.0,2,1,1,77047.78,0,False,True,True,0.06815484538474854,0.0
674,37,3,0.0,1,1,0,158049.9,0,False,False,True,0.3956191450159302,0.0
756,32,4,0.0,2,1,0,147040.25,0,False,False,False,0.12376500447096354,0.0
649,78,4,68345.86,2,1,1,142566.75,0,True,False,True,0.17323277472468457,6151.127399999999
613,28,7,76656.4,2,1,1,185483.24,0,True,False,True,0.09796940025667275,6899.075999999999
643,62,9,0.0,2,0,0,155870.82,0,False,False,True,0.5087787170647239,0.0
600,31,8,0.0,2,1,1,121555.51,0,False,False,True,0.07194050892416078,0.0
735,39,1,60374.98,1,1,0,40223.74,0,False,True,True,0.384820086621762,5433.7482
585,34,1,0.0,1,1,1,75503.6,0,False,False,False,0.33654735265108016,0.0
724,33,4,88046.88,1,0,1,186942.49,1,True,False,True,0.4358415449824763,7924.2192
635,29,2,0.0,2,0,0,117173.8,0,False,True,True,0.074545800027195,0.0
472,19,9,0.0,2,1,0,3453.4,0,False,False,True,0.08384082692040914,0.0
590,36,1,0.0,2,1,0,48876.84,0,False,False,True,0.07998800760048912,0.0
651,63,8,129968.67,1,1,1,11830.53,0,False,True,False,0.37999470311561545,11697.1803
686,39,4,157731.6,2,1,0,162820.6,0,True,False,False,0.35878746766767344,14195.844000000001
606,32,6,0.0,2,0,1,36540.63,0,False,False,True,0.06645336137859759,0.0
781,33,3,89276.48,1,1,0,6959.0,0,False,False,True,0.2981585866392334,8034.883199999999
593,45,4,138825.19,1,0,0,10828.78,0,False,False,True,0.63738748089145,12494.2671
793,63,4,103729.79,2,1,1,80272.06,0,False,False,True,0.28627956241387464,9335.681099999998
791,31,10,75499.24,1,1,0,22184.14,0,False,False,False,0.35640953009547693,6794.931600000001
850,68,5,169445.4,1,1,1,186335.07,0,False,False,True,0.2566692128051169,15250.086
698,57,9,111359.55,2,1,0,105715.01,0,False,False,False,0.7269280266921188,10022.3595
846,34,10,142388.61,2,0,1,68393.64,1,False,False,False,0.15839932668321727,12814.974899999997
765,42,4,123311.39,2,1,1,82868.34,0,False,False,True,0.258513214429393,11098.025099999999
574,52,7,115532.52,1,1,0,196257.67,0,False,True,True,0.7088480329582468,10397.926800000001
617,51,10,167273.71,1,0,0,93439.75,1,True,False,False,0.9118520296464784,15054.6339
581,25,5,77886.53,2,1,0,150319.49,0,False,False,True,0.16233130977608937,7009.787699999999
710,37,6,135795.63,1,0,1,46523.6,0,True,False,True,0.4843059066659802,12221.6067
550,32,8,97514.07,1,1,1,199138.84,0,False,False,True,0.24968461134270079,8776.266300000001
533,51,6,127545.56,2,0,0,79559.02,1,True,False,True,0.7553877251044819,11479.1004
779,49,9,106160.37,1,0,0,116893.87,0,False,False,True,0.7409847028649372,9554.4333
763,23,2,0.0,2,1,0,153983.99,0,False,False,False,0.13652890183979977,0.0
563,36,4,143680.47,2,1,1,63531.19,0,False,True,False,0.21665177942532132,12931.2423
678,38,3,124483.53,1,1,0,126253.31,0,False,True,True,0.36832160144045345,11203.517699999999
644,31,5,86006.3,1,1,1,73922.95,0,False,True,False,0.22821816663378666,7740.566999999999
682,43,7,111094.05,2,1,1,64679.3,0,True,False,False,0.5631659025316609,9998.4645
625,22,9,0.0,2,1,0,157072.91,0,False,False,True,0.0875080967360642,0.0
733,36,1,0.0,2,0,1,108377.82,0,False,True,True,0.07137554571224629,0.0
512,30,6,0.0,2,1,0,88827.31,0,False,False,False,0.12422511758650351,0.0
642,41,7,115171.71,1,1,1,37674.47,0,False,False,False,0.38724526339144383,10365.4539
737,22,10,111543.26,2,0,0,106327.85,0,True,False,False,0.30448208760268686,10038.893399999999
575,57,8,137936.94,1,1,1,84475.13,0,False,False,False,0.5387692867842246,12414.3246
543,37,3,122304.65,2,0,0,33998.7,0,True,False,False,0.3625334704270448,11007.4185
521,41,8,120586.54,1,0,1,20491.15,0,True,False,True,0.6604918714774974,10852.788599999998
637,32,3,0.0,2,1,1,197827.06,0,False,False,True,0.06688727844373667,0.0
714,40,9,46520.69,1,1,1,96687.25,0,False,False,True,0.3446684791885539,4186.8621
726,56,2,105473.74,1,1,1,46044.7,0,False,True,False,0.509070428317421,9492.6366
680,34,7,0.0,2,1,0,98949.85,0,False,True,False,0.12194257565341754,0.0
812,39,5,115730.71,3,1,1,185599.34,1,True,False,True,0.8755913750905884,10415.7639
757,30,3,145396.49,1,0,1,198341.15,0,False,True,True,0.22669214341349433,13085.684099999999
710,62,3,131078.42,2,1,0,119348.76,1,False,True,True,0.7204159170223495,11797.0578
516,47,9,128298.74,1,0,0,149614.17,1,True,False,False,0.9056888449755195,11546.8866
803,40,6,165526.71,1,1,0,12328.08,0,False,False,False,0.5264241342873127,14897.403899999998
560,38,5,83714.41,1,1,1,33245.97,0,False,False,False,0.29270187485525373,7534.296899999999
679,36,3,0.0,2,1,1,2243.41,0,False,False,False,0.15546168911733432,0.0
526,32,7,125540.05,1,0,0,86786.41,0,False,False,True,0.2793902700389024,11298.604500000001
485,41,2,100254.76,2,1,1,12706.67,0,False,False,True,0.2616162571023741,9022.928399999999
625,36,3,0.0,2,1,0,41295.1,1,False,False,False,0.15926730166345104,0.0
773,43,7,138150.57,1,1,1,177357.16,0,False,True,True,0.3803363254760703,12433.5513
530,45,1,0.0,1,0,1,190663.89,1,False,False,False,0.7760277812779063,0.0
616,43,7,95984.21,1,0,1,115262.54,1,True,False,False,0.792978899420525,8638.5789
651,23,10,0.0,2,1,1,170099.23,0,False,False,True,0.05871678786433552,0.0
586,38,2,136858.42,1,0,1,189143.94,0,True,False,True,0.5084452905565265,12317.2578
607,29,7,102609.0,1,1,0,163257.44,0,True,False,True,0.45853436965321825,9234.81
724,39,3,0.0,2,0,1,95562.81,0,False,True,True,0.07960959649974464,0.0
733,64,3,0.0,2,1,1,75272.63,0,False,False,True,0.12730309883229374,0.0
667,70,3,77356.92,2,1,1,20881.96,0,True,False,True,0.2052453172304463,6962.122799999999
700,32,8,110923.15,2,1,1,161845.81,1,False,False,False,0.23180660653475677,9983.083499999999
659,78,2,151675.65,1,0,1,49978.67,0,False,True,True,0.25244871192883617,13650.8085
710,22,8,0.0,3,1,0,107292.91,0,False,True,True,0.3128405244984997,0.0
760,37,7,0.0,1,0,0,32863.24,1,False,False,True,0.43699757160940644,0.0
677,25,3,0.0,2,1,0,179608.96,0,False,False,False,0.13596847596734282,0.0
798,29,8,80204.11,2,1,0,70223.22,0,True,False,False,0.182726182235733,7218.3699
758,35,7,0.0,2,1,0,77951.84,0,False,False,True,0.08048068652664055,0.0
715,45,4,0.0,2,1,1,55043.93,0,False,False,True,0.18885723381201966,0.0
752,32,9,115587.49,2,0,1,101677.46,0,True,False,True,0.21396767958745508,10402.874099999999
586,46,8,106968.96,1,1,1,79366.98,1,True,False,True,0.7865091432395203,9627.2064
818,36,4,0.0,2,1,1,8037.03,0,False,False,True,0.06248570084490637,0.0
490,41,0,139659.04,1,1,1,176254.12,0,True,False,False,0.6074953660308698,12569.313600000001
610,69,5,86038.21,3,0,0,192743.06,1,True,False,False,0.9117400034502378,7743.438899999999
627,24,5,102773.2,2,1,0,56793.02,1,True,False,True,0.3535264485823997,9249.588
533,35,8,0.0,2,1,1,187900.12,0,False,False,False,0.1158479207217558,0.0
708,51,8,70754.18,1,1,1,92920.04,1,False,False,False,0.5705643667681776,6367.8762
681,59,4,122781.51,1,0,1,140166.95,0,False,False,True,0.46433775922172765,11050.3359
690,21,8,0.0,2,1,1,155782.89,0,False,False,True,0.06373929967171627,0.0
656,68,7,153545.11,1,1,1,186574.68,0,True,False,True,0.4623606804335197,13819.0599
673,40,1,121629.22,1,1,1,3258.6,0,False,True,True,0.29213511624876665,10946.6298
806,36,8,167983.17,2,1,1,106714.28,0,True,False,True,0.14089610766732524,15118.4853
648,43,7,81153.82,1,1,1,144532.85,1,False,True,False,0.5664330788833537,7303.843800000001
501,35,6,99760.84,1,1,1,13591.52,0,False,False,True,0.21998355347286203,8978.4756
556,43,4,125890.72,1,1,1,74854.97,0,True,False,False,0.7213858739140407,11330.164799999999
627,27,2,0.0,2,1,0,125451.01,0,False,False,False,0.14056114298791902,0.0
652,31,2,119148.55,1,0,0,149740.22,0,False,False,True,0.2686579889854762,10723.369499999999
807,60,1,72948.58,2,1,1,17355.36,0,True,False,False,0.35992399418489834,6565.3722
708,21,8,133974.36,2,1,0,50294.09,0,True,False,True,0.2496353211776415,12057.692399999998
619,27,1,154483.98,1,1,0,156394.74,0,False,False,True,0.26053380744648913,13903.5582
601,40,10,98627.13,2,0,0,77977.69,0,False,False,True,0.22573719718846672,8876.4417
445,64,2,136770.67,1,0,1,43678.06,0,False,False,True,0.34524751261863157,12309.3603
800,39,4,95252.72,1,1,0,13906.34,0,True,False,True,0.4967107993333855,8572.7448
554,33,3,117413.95,1,1,1,12766.74,0,False,False,True,0.2343332667640272,10567.2555
714,54,4,137986.58,2,0,1,51308.54,1,True,False,True,0.6104954802722904,12418.7922
656,44,10,143571.52,1,0,0,127444.14,0,False,False,True,0.6609392085751804,12921.4368
520,49,5,121197.64,1,1,0,72577.33,1,False,False,True,0.7808439397668474,10907.7876
480,39,5,121626.9,1,1,1,82438.13,0,False,True,True,0.25329843447686057,10946.420999999998
660,30,1,84440.1,2,1,1,60485.98,0,True,False,True,0.09752185846671345,7599.609
532,36,4,0.0,2,1,1,132798.78,0,False,False,True,0.07491596014324338,0.0
679,42,1,0.0,2,0,0,71823.15,0,False,False,True,0.18293666882061543,0.0
780,26,3,140356.7,1,1,0,117144.15,0,False,False,False,0.34064425662775294,12632.103
747,29,7,0.0,2,1,1,141706.43,0,False,False,True,0.06072593793342583,0.0
705,39,3,92224.56,1,1,1,54517.25,0,False,False,False,0.3197678939273528,8300.2104
732,43,9,0.0,2,1,0,183147.17,0,False,False,False,0.3457100791222642,0.0
515,40,10,121355.99,1,1,0,138360.29,0,False,True,True,0.45118005005783407,10922.0391
816,40,9,109003.26,1,1,1,79580.56,0,True,False,False,0.6260213758317429,9810.293399999999
641,48,3,147341.43,1,1,1,157458.61,1,False,False,False,0.6338832098015722,13260.728699999998
509,18,7,102983.91,1,1,0,171770.58,0,False,False,True,0.2956386817525322,9268.5519
601,49,4,96252.98,2,1,0,104263.82,0,True,False,False,0.7752146318390757,8662.768199999999
527,39,4,0.0,2,1,0,167183.07,1,False,False,True,0.15356664771315015,0.0
455,27,5,155879.09,2,0,0,70774.97,0,False,False,False,0.2386191156359155,14029.1181
803,34,4,142929.16,2,1,1,114869.56,0,True,False,True,0.1818917230001923,12863.624399999999
553,32,7,64082.09,1,0,1,109159.58,0,False,False,True,0.26244491452421115,5767.388099999999
724,28,5,0.0,1,1,0,59351.68,0,False,False,False,0.3926169616050313,0.0
610,45,1,0.0,2,1,1,199657.46,0,False,False,False,0.20356519003871124,0.0
559,39,2,0.0,2,1,1,121151.1,0,False,True,False,0.1321169238858164,0.0
825,35,6,118336.95,1,1,0,26342.33,1,True,False,False,0.6868826104668346,10650.325499999999
819,28,8,168253.21,1,1,1,102799.14,0,False,True,False,0.2587168817525909,15142.788899999998
772,42,0,101979.16,1,1,0,90928.48,0,True,False,False,0.6277942781950839,9178.1244
685,23,5,164902.43,1,0,0,141152.28,0,False,True,True,0.29304585527781873,14841.218699999998
506,43,2,0.0,2,1,0,105568.6,0,False,False,True,0.3064347254987933,0.0
642,22,10,111812.52,2,1,1,183045.46,0,True,False,True,0.15625478596942646,10063.1268
627,40,10,0.0,2,1,1,194792.42,0,False,True,True,0.12338639894122544,0.0
600,30,2,119755.0,1,1,1,21852.91,0,True,False,True,0.33950466013969555,10777.95
653,46,0,119556.1,1,1,0,78250.13,1,False,False,True,0.7303480492044518,10760.048999999999
762,35,3,119349.69,3,1,1,47114.18,1,False,True,False,0.7392596485194666,10741.472099999999
569,30,3,139528.23,1,1,1,33230.37,0,False,True,False,0.24761901234250985,12557.540700000001
756,40,1,94773.11,1,1,0,114279.63,0,False,False,True,0.47308188689969666,8529.5799
673,31,1,108345.22,1,0,1,38802.03,0,False,False,True,0.1600617468664565,9751.069800000001
637,36,9,166939.88,1,1,1,72504.76,0,False,False,False,0.29598351848148996,15024.589199999999
644,33,7,174571.36,1,0,1,43943.09,0,False,False,True,0.20217815385759877,15711.422399999998
658,35,9,71829.34,1,1,1,68141.92,0,False,True,True,0.21600879703886622,6464.640599999999
649,36,8,0.0,2,0,1,109179.89,0,False,False,False,0.13615826806522568,0.0
603,39,9,76769.68,1,0,0,48224.72,0,False,False,False,0.4410075829009592,6909.271199999999
820,39,1,104614.29,1,1,0,61538.43,1,False,False,False,0.5029410621324931,9415.286099999998
712,27,10,0.0,1,1,0,94544.88,0,False,True,True,0.3340936123712704,0.0
645,31,1,128927.93,1,1,1,2850.01,0,True,False,False,0.4347746931855911,11603.5137
705,31,9,110941.93,2,1,0,163484.8,0,True,False,False,0.3649171312201187,9984.773699999998
590,29,10,99250.08,1,1,1,129629.41,0,False,True,False,0.26870556349413627,8932.5072
631,36,1,0.0,2,0,0,133141.34,0,False,False,True,0.08112922119171075,0.0
604,34,7,0.0,2,1,1,188078.55,0,False,False,True,0.07237906465530998,0.0
643,48,8,0.0,2,1,0,174729.3,0,False,True,True,0.3127319577057063,0.0
690,30,5,0.0,2,0,1,78700.03,0,False,True,False,0.11349778753908293,0.0
558,31,7,0.0,1,1,0,198269.08,0,False,False,True,0.40815518367884507,0.0
637,51,1,104682.83,1,1,0,55266.96,1,True,False,True,0.926390924396692,9421.4547
648,45,5,118886.55,1,0,0,51636.7,0,True,False,False,0.8765253529297017,10699.7895
652,28,8,156823.7,2,1,0,198251.52,0,False,True,True,0.20679552855849098,14114.133000000002
808,39,3,124216.93,1,0,1,171442.36,0,True,False,True,0.46793564941865384,11179.523699999998
551,26,2,144258.52,1,1,0,49778.79,0,False,False,False,0.32850140387354215,12983.266799999998
711,26,9,128793.63,1,1,0,19262.05,0,True,False,True,0.47112171698093946,11591.4267
467,28,10,126315.26,1,1,0,32349.29,1,True,False,True,0.5784544428053884,11368.373399999999
789,40,4,0.0,2,1,0,137402.27,0,False,True,False,0.18303585017323157,0.0
602,33,5,0.0,2,0,1,64038.34,0,False,True,True,0.07360252760410528,0.0
576,39,1,0.0,2,1,1,68814.23,0,False,False,True,0.09318177453655535,0.0
584,38,1,115341.55,1,0,1,173632.92,0,False,False,True,0.2967385613720142,10380.7395
593,32,6,99162.29,1,1,0,128384.11,0,False,False,True,0.2870083948265039,8924.606099999999
705,48,1,156848.13,2,1,1,99475.95,1,True,False,False,0.6105583996779608,14116.3317
595,64,2,105736.32,1,1,1,89935.73,1,True,False,False,0.7040051673349077,9516.268800000002
699,41,1,200117.76,2,1,0,94142.35,0,True,False,False,0.26789324918840207,18010.5984
516,46,6,62212.29,1,0,1,171681.86,1,False,False,False,0.7160110917029633,5599.1061
838,31,2,0.0,2,1,0,8222.96,0,False,False,True,0.08412598484192271,0.0
587,39,10,0.0,2,1,1,170409.45,0,False,False,True,0.11545297351940269,0.0
750,38,5,151532.4,1,1,1,46555.15,0,False,False,True,0.22049421734030225,13637.916
581,39,1,121523.51,1,0,0,161655.55,1,True,False,True,0.6891790265709539,10937.115899999999
484,41,5,0.0,1,1,1,74267.35,0,False,False,True,0.4123547284077501,0.0
576,26,8,0.0,2,0,1,34101.06,0,False,True,True,0.08484796484629534,0.0
567,46,1,68238.51,2,1,1,109572.58,0,True,False,False,0.47441593418190076,6141.465899999999
638,30,9,136808.53,2,1,1,106642.97,0,False,True,True,0.10206972088228138,12312.7677
646,24,0,92398.08,1,1,1,18897.29,0,True,False,True,0.18947092497423856,8315.8272
658,40,5,143566.12,1,1,1,189607.71,0,False,False,False,0.43463681577524615,12920.950799999999
590,38,9,0.0,2,1,1,148750.16,0,False,True,False,0.13513336149012273,0.0
546,25,7,127728.24,2,1,1,105279.74,0,False,True,True,0.12880468001459713,11495.5416
603,34,9,0.0,2,1,0,167916.35,0,False,False,False,0.14362269252376522,0.0
619,38,10,119658.49,1,1,1,8646.58,0,False,True,False,0.3093384937800327,10769.2641
678,34,6,0.0,2,1,1,124592.84,0,False,False,False,0.10299499199898249,0.0
459,26,4,149879.66,1,0,0,50016.17,0,False,False,True,0.28192653283852304,13489.169399999999
671,28,8,119859.52,2,1,0,125422.66,0,True,False,True,0.3101414099137024,10787.356800000001
501,43,6,104533.24,1,0,0,81123.59,1,False,True,True,0.5961967558761977,9407.991600000001
719,37,10,145382.61,1,1,0,80408.59,0,False,True,True,0.3295368050495977,13084.4349
681,37,6,121231.39,1,1,1,146366.08,0,False,True,False,0.2876599918007424,10910.8251
706,24,2,141078.57,1,1,1,24402.87,0,False,True,True,0.16844097365852576,12697.0713
763,32,1,108465.65,2,1,0,60552.44,1,True,False,False,0.37243850413071605,9761.9085
716,39,1,70657.61,2,1,1,76476.05,0,False,False,True,0.16168041342993753,6359.184899999999
507,40,3,120105.43,1,1,0,92075.01,1,True,False,True,0.6793652081111091,10809.4887
678,55,4,129646.91,1,1,1,184125.1,1,True,False,True,0.733668968318723,11668.2219
775,30,10,191091.74,2,1,1,96170.38,0,False,False,False,0.21899879071952777,17198.2566
544,38,8,0.0,1,1,1,98208.62,0,False,False,True,0.3644497426079068,0.0
756,27,8,0.0,2,1,1,157932.75,0,False,False,True,0.055708883818896694,0.0
757,43,5,131433.33,2,1,1,3497.43,1,True,False,False,0.6230912911324925,11828.999699999998
742,33,1,137937.95,1,1,1,51387.1,0,True,False,True,0.4008325124845596,12414.4155
591,49,3,0.0,2,1,0,50123.44,0,False,False,True,0.3357178611072863,0.0
667,24,4,0.0,2,0,0,180329.83,0,False,False,True,0.08962149331817093,0.0
787,32,4,0.0,2,1,1,13238.93,0,False,False,True,0.05901082957770388,0.0
718,43,0,93143.39,1,1,0,167554.86,0,False,False,False,0.6604260501945097,8382.9051
521,38,6,0.0,2,1,0,51454.06,0,False,False,True,0.08625393606887875,0.0
607,40,1,112544.45,1,1,1,19842.22,0,False,True,True,0.31923351167734854,10129.000499999998
633,34,3,123034.43,2,1,1,38315.04,0,False,False,False,0.18351771963052915,11073.098699999999
588,37,2,0.0,2,0,1,187816.59,0,False,True,True,0.11922366183111542,0.0
724,33,9,119278.44,1,1,1,197148.24,0,True,False,False,0.5253260823014395,10735.0596
720,44,4,0.0,2,1,0,163471.01,0,False,False,True,0.22093670334011847,0.0
521,39,7,0.0,2,0,1,653.58,0,False,False,True,0.1183753557265066,0.0
620,36,7,169312.72,1,1,0,45414.09,0,False,True,True,0.35110351197106565,15238.144799999998
505,33,3,106506.77,3,1,0,45445.78,1,True,False,False,0.8541135904234717,9585.6093
728,43,8,128412.61,1,0,1,139024.31,0,False,True,False,0.47883585834252523,11557.1349
486,62,9,118356.89,2,1,0,168034.83,1,True,False,True,0.8258438732317525,10652.1201
584,42,3,137479.13,1,1,0,25669.1,0,True,False,True,0.6739655423843313,12373.1217
687,40,1,0.0,2,1,0,8207.36,0,False,True,False,0.21145686908488964,0.0
771,50,3,105229.72,1,1,1,16281.68,1,False,False,True,0.550851427773347,9470.6748
678,41,2,148088.11,1,1,0,14083.12,0,False,False,True,0.4725165492037576,13327.9299
751,48,4,0.0,1,0,1,30165.06,1,False,False,False,0.7273492651606989,0.0
670,33,8,126679.69,1,1,1,39451.09,0,False,False,True,0.18937993157335775,11401.1721
675,31,2,90826.27,2,1,0,60270.87,0,False,True,True,0.16282497493294606,8174.364300000001
684,24,8,143582.89,1,1,1,22527.27,0,False,True,True,0.17359325736727865,12922.4601
637,21,10,125712.2,1,0,0,175072.47,0,False,False,False,0.32878934648653624,11314.098
760,32,2,0.0,1,1,1,114565.35,0,False,True,False,0.3180812739699178,0.0
662,37,4,155187.3,1,1,0,48930.8,0,False,True,True,0.35492338259605105,13966.857
680,49,10,0.0,2,1,0,187008.45,0,False,False,True,0.3429149153582934,0.0
604,40,5,155455.43,1,0,1,113581.85,0,False,True,True,0.31658186194009064,13990.988699999998
764,40,9,100480.53,1,1,0,124095.69,0,False,False,False,0.5626371757922636,9043.2477
521,77,6,0.0,2,1,1,49054.1,0,False,False,False,0.16066577235737597,0.0
684,56,3,127585.98,3,1,1,80593.49,1,True,False,False,0.909877065099955,11482.7382
795,40,2,101891.1,1,1,1,183044.86,0,False,False,False,0.37786454485729953,9170.199
678,61,8,0.0,2,1,1,159938.82,0,False,True,False,0.2885627247515144,0.0
589,38,4,0.0,1,1,0,95483.48,1,False,False,True,0.4711471442183419,0.0
660,28,3,128929.88,1,1,1,198069.71,0,False,True,False,0.32987383092307665,11603.6892
646,39,6,121681.91,2,0,1,61793.47,0,True,False,True,0.3100104033077673,10951.3719
706,56,3,139603.22,1,1,1,86383.61,0,True,False,False,0.7577390526144903,12564.289799999999
730,27,7,0.0,2,1,0,144099.48,0,False,False,False,0.13384946839388825,0.0
606,36,10,0.0,2,0,1,155641.46,0,False,False,False,0.14500799861427457,0.0
690,36,10,91760.11,1,1,1,135784.94,0,False,True,False,0.2616933458987617,8258.4099
645,41,2,93925.3,1,1,0,123982.14,1,True,False,True,0.6645737401817171,8453.277
579,38,4,175739.36,1,1,1,193130.55,0,False,False,False,0.37624799571900297,15816.542399999998
481,28,10,0.0,2,1,0,145215.96,0,False,False,False,0.16902070598641472,0.0
492,45,9,170295.04,2,0,0,164741.81,0,True,False,True,0.4779671817554172,15326.5536
739,58,2,101579.28,1,1,1,72168.53,0,False,False,True,0.4610813195886031,9142.1352
624,55,7,118793.6,1,1,1,95022.02,1,False,False,True,0.5086944217025979,10691.423999999999
682,44,3,115282.3,1,0,0,23766.4,0,False,False,True,0.6226332077613241,10375.407
701,34,6,107980.37,1,1,1,119374.74,0,False,True,False,0.26391493339058586,9718.2333
718,44,1,133866.22,1,0,1,139049.24,0,False,False,False,0.5492473399686189,12047.959799999999
496,34,1,102723.35,2,1,0,180844.81,0,False,False,False,0.2662540468211535,9245.1015
543,41,5,0.0,2,0,1,143980.29,0,False,True,True,0.13082818277544514,0.0
616,44,7,193213.02,2,1,1,137392.77,0,False,True,False,0.5317819040601754,17389.1718
635,53,8,117005.55,1,0,1,123646.57,1,True,False,True,0.8047140949138302,10530.4995
652,31,1,132862.59,1,0,0,158054.49,0,False,True,True,0.29560335391613785,11957.6331
688,26,0,0.0,2,1,0,105784.85,0,False,False,True,0.09090768093361166,0.0
678,49,3,204510.94,1,0,1,738.88,1,False,False,False,0.6488153601476239,18405.9846
757,36,1,65349.71,1,0,0,64539.64,0,True,False,True,0.29099891306052905,5881.4739
667,36,8,139753.35,1,1,0,79871.16,0,False,False,True,0.32490665164695115,12577.801500000001
725,29,6,0.0,2,1,1,190776.83,0,False,False,False,0.10824827295080175,0.0
632,50,5,107959.39,1,1,1,6985.34,1,True,False,False,0.8241500758549678,9716.3451
694,38,5,195926.39,1,1,1,85522.84,0,False,False,False,0.3183013914664334,17633.375099999997
803,36,1,0.0,2,1,1,149370.93,0,False,False,True,0.05973000452742682,0.0
814,31,6,87772.52,1,1,0,188516.45,0,False,False,False,0.34397221808403117,7899.5268
611,38,4,71018.6,2,1,0,2444.29,0,False,False,True,0.17419675792904626,6391.674
755,38,4,111096.91,1,1,1,19762.88,0,True,False,True,0.48398589567901695,9998.7219
425,40,9,166776.6,2,0,1,172646.88,0,True,False,True,0.189298941652911,15009.894
850,34,6,101266.51,1,1,0,33501.98,0,False,False,False,0.3541362364274309,9113.9859
677,18,8,134796.87,2,1,1,114858.9,0,False,True,True,0.1145355554673474,12131.718299999999
797,46,8,0.0,1,0,0,162668.33,0,False,False,False,0.7733575197595498,0.0
692,43,10,118588.83,1,1,1,161241.65,1,True,False,False,0.7492149494453108,10672.9947
735,28,5,160454.15,2,0,1,114957.22,0,True,False,True,0.18309265035233327,14440.8735
609,77,1,0.0,1,0,1,18708.76,0,False,False,True,0.32377126349809177,0.0
700,42,8,0.0,2,1,1,105305.72,0,False,False,False,0.25675234763673294,0.0
526,36,5,91132.18,1,0,0,58111.71,0,False,True,False,0.40088329059838235,8201.8962
693,57,9,0.0,2,1,1,135502.77,0,False,True,False,0.3388709125736393,0.0
748,20,7,0.0,2,0,0,10792.42,0,False,False,False,0.1205527205053466,0.0
657,36,8,0.0,2,0,1,123866.43,0,False,True,True,0.07863265702045281,0.0
739,25,5,113113.12,1,1,0,129181.27,0,True,False,False,0.5696120530685403,10180.1808
784,23,2,0.0,1,1,1,6847.73,0,False,True,True,0.25758751189180323,0.0
744,41,7,190409.34,2,1,1,138361.48,0,True,False,True,0.21681568296053855,17136.840599999996
645,44,10,0.0,2,0,1,166707.22,0,False,False,True,0.22019172733173925,0.0
669,33,9,0.0,2,0,1,107221.03,0,False,False,False,0.10899704624662658,0.0
615,34,1,83503.11,2,1,1,73124.53,1,False,False,True,0.1894067634202868,7515.2798999999995
724,53,1,139687.66,2,1,1,12913.92,0,True,False,False,0.6141303456002917,12571.8894
850,47,9,137301.87,1,1,0,44351.77,0,False,False,False,0.7030242677934797,12357.1683
625,39,10,129845.26,1,1,1,96444.88,0,True,False,False,0.6063476304413407,11686.0734
635,46,8,0.0,2,1,1,60739.16,0,False,True,True,0.20583907387077408,0.0
724,37,6,125489.4,1,1,0,118570.53,0,True,False,True,0.6089889186220314,11294.045999999998
550,47,2,0.0,2,1,1,97057.28,0,False,False,True,0.24523237384247143,0.0
645,45,6,155417.61,1,0,1,3449.22,0,False,False,True,0.4597366164030325,13987.584899999998
714,29,4,0.0,2,1,1,37605.9,0,False,True,True,0.05683615240511077,0.0
520,46,10,85216.61,1,1,0,117369.52,1,False,False,False,0.7998441103661058,7669.4949
633,25,1,0.0,1,1,0,100598.98,0,False,False,True,0.2868269043216771,0.0
537,37,6,0.0,1,1,1,17802.42,0,False,False,True,0.35432801145636944,0.0
764,38,4,113607.47,1,1,0,91094.46,0,False,True,True,0.3734092925417464,10224.6723
795,33,9,104552.72,1,1,1,120853.83,1,True,False,False,0.5795340262886267,9409.7448
573,44,9,0.0,2,1,0,107124.17,0,False,True,True,0.27603257659657443,0.0
702,44,9,0.0,1,0,0,59207.41,1,False,True,True,0.72612585129537,0.0
740,33,2,126524.11,1,1,0,136869.31,0,True,False,True,0.5194782473830157,11387.169899999999
479,34,5,117593.48,2,0,0,113308.29,0,False,False,True,0.1858427147616889,10583.413199999999
627,33,4,83199.05,1,0,0,159334.93,0,True,False,False,0.38498332668992596,7487.914500000001
479,35,4,125920.98,1,1,1,20393.44,0,False,True,True,0.2356081604025644,11332.8882
623,48,5,118469.38,1,1,1,158590.25,0,False,False,True,0.514299294429125,10662.244200000001
512,40,8,153537.57,2,0,0,23101.13,0,True,False,False,0.3120223104144888,13818.3813
609,41,6,0.0,1,0,1,112585.19,0,False,False,True,0.4384670777185867,0.0
518,42,7,151027.05,2,1,0,119377.36,0,False,False,True,0.4183931073336874,13592.4345
833,34,3,144751.81,1,0,0,166472.81,0,False,False,False,0.3341957208832999,13027.6629
758,26,4,155739.76,1,1,0,171552.02,0,False,False,True,0.2870913460775707,14016.578399999999
611,27,7,0.0,2,1,1,157474.1,0,False,False,True,0.072383271598397,0.0
583,33,7,122531.86,1,1,0,13549.24,0,False,False,True,0.31125085666617663,11027.8674
610,50,1,113957.01,2,1,0,196526.55,1,True,False,True,0.7279069583254466,10256.1309
637,33,7,103377.81,1,1,0,84419.78,0,False,False,False,0.3498980148785308,9304.0029
683,32,9,0.0,2,1,1,24991.92,0,False,False,False,0.11723240663660756,0.0
774,40,9,93017.47,2,1,0,191608.97,0,False,False,True,0.2490841420088267,8371.5723
677,58,1,90022.85,1,0,1,2988.28,0,False,False,False,0.5912816266421913,8102.056500000001
741,35,6,74371.49,1,0,0,99595.67,0,False,True,True,0.3095856829633554,6693.4341
498,42,3,152039.7,1,1,1,53445.17,1,True,False,True,0.6207176905148191,13683.573
655,46,7,137145.12,1,1,0,115146.4,1,True,False,False,0.9058720079180154,12343.0608
613,40,4,0.0,1,0,0,151325.24,0,False,False,True,0.5122720849707533,0.0
602,35,7,90602.42,2,1,1,51695.41,0,True,False,True,0.1325361653436064,8154.2178
659,36,6,123841.49,2,1,0,96833.0,0,False,False,True,0.22849287435404592,11145.734100000001
673,47,1,183579.54,2,0,1,34047.54,0,True,False,True,0.3373616000218233,16522.1586
606,30,8,180307.73,2,1,1,1914.41,0,False,True,True,0.17658261393025512,16227.6957
775,30,4,0.0,2,1,0,49337.84,0,False,False,True,0.07570146217347898,0.0
841,28,4,0.0,2,1,1,179436.6,0,False,True,True,0.04439190634962048,0.0
714,33,3,35016.6,1,1,0,53667.08,0,True,False,True,0.29701642698494857,3151.4939999999997
597,53,4,88381.21,1,1,0,69384.71,1,False,False,False,0.8585037112042302,7954.308900000001
726,36,2,0.0,1,1,0,195192.4,0,False,True,True,0.4598274906452274,0.0
644,28,7,155060.41,1,1,0,29179.52,0,False,False,True,0.31957628799536314,13955.436899999999
800,29,2,0.0,2,0,0,167773.55,0,False,False,False,0.12426572277828045,0.0
771,39,5,0.0,2,1,0,96270.64,0,False,False,True,0.09129806866859168,0.0
516,35,10,57369.61,1,1,1,101699.77,0,False,False,True,0.246072337101636,5163.2649
709,36,7,0.0,1,0,1,42085.58,1,False,False,False,0.3524804141065583,0.0
772,42,3,75075.31,2,1,0,92888.52,1,True,False,True,0.24957476639569084,6756.777899999999
792,28,4,130142.79,1,1,0,38190.78,0,False,False,False,0.3569891630014541,11712.851099999998
