CreditScore,Age,Tenure,Balance,NumOfProducts,HasCrCard,IsActiveMember,EstimatedSalary,Exited,Geography_Germany,Geography_Spain,Gender_Male,churn_probability,estimated_ltv,expected_revenue_retained,net_expected_value,naive_target,ds_optimized_target
608,41,1,83807.86,1,0,1,112542.58,0,False,True,False,0.4631389015795599,7542.707399999999,873.3303050430044,823.3303050430044,False,True
502,42,8,159660.8,3,1,0,113931.57,1,False,False,False,0.9211264422224512,14369.471999999998,3309.025154993782,3259.025154993782,True,True
850,43,2,125510.82,1,1,1,79084.1,0,False,True,False,0.3978688748308115,11295.9738,1123.5790964810815,1073.5790964810815,False,True
645,44,8,113755.78,2,1,0,149756.71,1,False,True,True,0.5072898362117916,10238.0202,1298.4108975977535,1248.4108975977535,True,True
376,29,4,115046.74,4,1,0,119346.88,1,True,False,False,0.8818191423394469,10354.2066,2282.63439590436,2232.63439590436,True,True
501,44,4,142051.07,2,0,1,74940.5,0,False,False,True,0.4230035024332983,12784.5963,1351.9822530239467,1301.9822530239467,False,True
684,27,2,134603.88,1,1,1,71725.73,0,False,False,True,0.1930729241673985,12114.3492,584.7382061072461,534.7382061072461,False,True
528,31,6,102016.72,2,0,0,80181.12,0,False,False,True,0.1724895206110274,9181.5048,395.9283403599618,345.9283403599618,False,True
616,45,3,143129.41,2,0,1,64327.26,0,True,False,True,0.5462720676819286,12881.6469,1759.2209718028764,1709.2209718028764,True,True
653,58,1,132602.88,1,1,0,5097.67,1,True,False,True,0.9278492712912476,11934.2592,2768.298425530217,2718.298425530217,True,True
756,36,2,136815.64,1,1,1,170041.95,0,True,False,True,0.4240863706869355,12313.407600000002,1305.4870849682325,1255.4870849682325,False,True
574,43,3,141349.43,1,1,1,100187.43,0,True,False,False,0.696488914679872,12721.4487,2215.0869995546673,2165.0869995546673,True,True
411,29,0,59697.17,2,1,1,53483.21,0,False,False,True,0.1217341026954002,5372.7453,163.5115820266072,113.51158202660719,False,True
533,36,7,85311.7,1,0,1,156731.91,0,False,False,True,0.2338732952323615,7678.052999999999,448.92288901967964,398.92288901967964,False,True
553,41,9,110112.54,2,0,0,81898.81,0,True,False,True,0.4204905852198999,9910.1286,1041.7789436546168,991.7789436546168,False,True
475,45,0,134264.04,1,1,0,27822.99,1,False,False,False,0.7852396713099381,12083.7636,2372.1626393627485,2322.1626393627485,True,True
490,31,3,145260.23,1,0,1,114066.77,0,False,True,True,0.1920102777307678,13073.420700000002,627.5577848745422,577.5577848745422,False,True
804,33,7,76548.6,1,0,1,98453.45,0,False,True,True,0.17474569946939,6889.374,300.9721196340573,250.97211963405732,False,True
582,41,6,70349.48,2,0,1,178074.04,0,True,False,True,0.2000917902647399,6331.4532,316.71795144135405,266.71795144135405,False,True
465,51,8,122522.32,1,0,0,181297.65,1,False,False,False,0.7729242068038154,11027.0088,2130.7605075396727,2080.7605075396727,True,True
556,61,2,117419.35,1,1,1,94153.83,0,False,False,False,0.5702751911864076,10567.7415,1506.6302010802583,1456.6302010802583,True,True
834,49,2,131394.56,1,0,0,194365.76,1,False,False,False,0.7233879065069334,11825.5104,2138.607802907992,2088.607802907992,True,True
660,61,5,155931.11,1,1,1,158338.39,0,False,True,False,0.5459831975396313,14033.799899999998,1915.5547357583393,1865.5547357583393,True,True
776,32,4,109421.13,2,1,1,126517.46,0,True,False,False,0.2802622270597922,9847.9017,689.9987155769784,639.9987155769784,False,True
829,27,9,112045.67,1,1,1,119708.21,1,True,False,False,0.5505294185708065,10084.110299999998,1387.89984506572,1337.89984506572,True,True
637,39,9,137843.8,1,1,1,117622.8,1,True,False,False,0.6491487092057061,12405.942,2013.325308945214,1963.325308945214,True,True
550,38,2,103391.38,1,0,1,90878.13,0,True,False,True,0.4616460428782386,9305.2242,1073.929982506206,1023.929982506206,False,True
776,37,2,103769.22,2,1,0,194099.12,0,True,False,False,0.310669368393299,9339.2298,725.353155811469,675.353155811469,False,True
698,44,10,116363.37,2,1,0,198059.16,0,True,False,True,0.5115472511043307,10472.7033,1339.3206461865632,1289.3206461865632,True,True
585,36,5,146050.97,2,0,0,86424.57,0,True,False,True,0.2335426249660366,13144.5873,767.4553555343068,717.4553555343068,False,True
655,41,8,125561.97,1,0,0,164040.94,1,True,False,True,0.7284179263368761,11300.5773,2057.8857708188934,2007.8857708188934,True,True
601,42,1,98495.72,1,1,0,40014.76,1,True,False,True,0.6723657772398802,8864.6148,1490.0659049835363,1440.0659049835363,True,True
619,43,1,125211.92,1,1,1,113410.49,0,False,False,True,0.4789092915707185,11269.0728,1349.2159178267132,1299.2159178267132,False,True
656,45,5,127864.4,1,1,0,87107.57,0,False,False,True,0.6903253297907296,11507.795999999998,1986.0307672161093,1936.0307672161093,True,True
725,19,0,75888.2,1,0,0,45613.75,0,True,False,True,0.2329195767556237,6829.937999999999,397.7065670567877,347.7065670567877,False,True
614,51,4,40685.92,1,1,1,46775.28,0,False,False,True,0.5601430518345686,3661.7328,512.773546398685,462.77354639868497,True,True
742,35,5,136857.0,1,0,0,84509.57,0,True,False,True,0.5228996192091718,12317.13,1610.1556466874665,1560.1556466874665,True,True
687,27,9,152328.88,2,0,0,126494.82,0,True,False,False,0.2300782835475977,13709.5992,788.5702630153797,738.5702630153797,False,True
555,33,1,56084.69,2,0,0,178798.13,0,False,True,True,0.1673749120816465,5047.6221000000005,211.211326302219,161.211326302219,False,True
684,56,8,78707.16,1,1,1,99398.36,0,False,True,True,0.4199228731676019,7083.644400000001,743.6460772363985,693.6460772363985,False,True
603,26,4,109166.37,1,1,1,92840.67,0,True,False,True,0.3262152055900402,9824.9733,801.2639212440389,751.2639212440389,False,True
751,36,6,169831.46,2,1,1,27758.36,0,True,False,False,0.1700891968253136,15284.8314,649.9461741090834,599.9461741090834,False,True
581,34,1,101633.04,1,1,0,110431.51,0,True,False,False,0.5676277857018529,9146.973599999998,1298.0190926103262,1248.0190926103262,True,True
735,43,10,123180.01,2,1,1,196673.28,0,True,False,True,0.3816744161719027,11086.2009,1057.8298140179804,1007.8298140179804,False,True
661,35,5,150725.53,2,0,1,113656.85,0,True,False,False,0.1976399774756064,13565.2977,670.2612829694738,620.2612829694738,False,True
675,21,8,98373.26,1,1,0,18203.0,0,False,False,False,0.3108655100360104,8853.5934,688.0692069856137,638.0692069856137,False,True
738,58,2,133745.44,4,1,0,28373.86,1,True,False,True,0.9463592261487104,12037.0896,2847.852699734672,2797.852699734672,True,True
657,37,0,163607.18,1,0,1,44203.55,0,False,True,False,0.2498845873349318,14724.6462,919.8655348349679,869.8655348349679,False,True
604,25,5,157780.84,2,1,1,58426.81,0,True,False,False,0.1544716407593385,14200.2756,548.3849677917,498.3849677917,False,True
735,21,1,178718.19,2,1,0,22388.0,0,False,False,False,0.2135163113815263,16084.6371,858.5830958756126,808.5830958756126,False,True
757,33,5,77253.22,1,0,1,194239.63,0,False,True,True,0.2401352661817609,6952.7898,417.402507332208,367.402507332208,False,True
416,41,10,122189.66,2,1,0,98301.61,0,True,False,False,0.4989562294513722,10997.0694,1371.764070709766,1321.764070709766,False,True
665,34,1,96645.54,2,0,0,171413.66,0,False,False,False,0.2377703733754444,8698.098599999998,517.0375379446074,467.0375379446074,False,True
506,34,4,90307.62,1,1,1,159235.29,0,False,False,False,0.2825029433137345,8127.685799999999,574.0237902073111,524.0237902073111,False,True
750,22,3,121681.82,1,1,0,128643.35,1,False,True,True,0.3236376927631255,10951.3638,886.0685282104035,836.0685282104035,False,True
635,28,3,81623.67,2,1,1,156791.36,0,True,False,False,0.1144014418744365,7346.130299999999,210.10197462937165,160.10197462937165,False,True
808,45,7,118626.55,2,1,0,147132.46,0,False,False,True,0.4671391584926262,10676.3895,1246.8399016923775,1196.8399016923775,False,True
515,35,10,176273.95,1,0,1,121277.78,0,False,True,True,0.2038979145793909,15864.6555,808.692542992616,758.692542992616,False,True
773,41,9,102827.44,1,0,1,64595.25,0,False,True,True,0.2389041063713431,9254.4696,552.7326974321903,502.7326974321903,False,True
814,29,8,97086.4,2,1,1,197276.13,0,True,False,True,0.1549359007869831,8737.775999999998,338.44879885872047,288.44879885872047,False,True
738,31,9,82674.15,1,1,0,41970.72,0,False,False,True,0.2656381342202547,7440.673499999999,494.13165647052296,444.13165647052296,False,True
622,46,4,107073.27,2,1,1,30984.59,1,False,True,False,0.4918755778497721,9636.5943,1185.0013474540801,1135.0013474540801,False,True
582,32,1,88938.62,1,1,1,10054.53,0,True,False,True,0.2257937763259508,8004.475799999999,451.84020459792146,401.84020459792146,False,True
785,36,2,99806.85,1,0,1,36976.52,0,True,False,False,0.4898141309070803,8982.6165,1099.953123554775,1049.953123554775,False,True
605,33,5,150092.8,1,0,0,71862.79,0,False,True,True,0.3012935873229551,13508.352,1017.4949582253038,967.4949582253038,False,True
479,35,9,92833.89,1,1,0,99449.86,1,True,False,True,0.5464315830090272,8355.050099999999,1141.3658130656825,1091.3658130656825,True,True
685,30,3,90536.81,1,0,1,63082.88,0,True,False,True,0.2246490037334526,8148.3129,457.62759377336,407.62759377336,False,True
538,39,7,108055.1,2,1,0,27231.26,0,True,False,True,0.4046778185065037,9724.959,983.8687982962975,933.8687982962975,False,True
562,42,2,100238.35,1,0,0,86797.41,0,False,False,True,0.5823690555111167,9021.4515,1313.4535473485867,1263.4535473485867,True,True
675,36,9,106190.55,1,0,1,22994.32,0,False,True,True,0.1891532706546613,9557.1495,451.9415215151402,401.9415215151402,False,True
721,28,9,154475.54,2,0,1,101300.94,1,True,False,True,0.2455233405569421,13902.7986,853.3653888405945,803.3653888405945,False,True
628,30,9,132351.29,2,1,1,74169.13,0,True,False,False,0.1995343014099993,11911.6161,594.1939992944001,544.1939992944001,False,True
668,37,6,167864.4,1,1,0,115638.29,0,True,False,False,0.4755674026154777,15107.795999999998,1796.1938257411257,1746.1938257411257,False,True
524,31,8,107818.63,1,1,0,199725.39,1,True,False,False,0.6067316788506318,9703.6767,1471.8820138036897,1421.8820138036897,True,True
699,34,4,185173.81,2,1,0,120834.48,0,True,False,True,0.2252415252676055,16665.6429,938.4487065903099,888.4487065903099,False,True
828,34,8,129433.34,2,0,0,38131.77,0,False,False,True,0.1587923751874794,11649.0006,462.4431184585932,412.4431184585932,False,True
674,39,6,120193.42,1,0,0,100130.95,0,False,True,True,0.3434969362252525,10817.4078,928.9366092997874,878.9366092997874,False,True
684,48,10,126384.42,1,1,1,198129.36,0,True,False,False,0.6388893953215365,11374.5978,1816.77747761692,1766.77747761692,True,True
432,42,9,152603.45,1,1,0,110265.24,1,False,False,True,0.6920382633336787,13734.3105,2376.167096626377,2326.167096626377,True,True
625,56,0,148507.24,1,1,0,46824.08,1,True,False,True,0.9052883431387794,13365.651599999996,3024.942147983543,2974.942147983543,True,True
770,24,9,101827.07,1,1,0,167256.35,0,False,False,True,0.2840283471605748,9164.4363,650.7399237368434,600.7399237368434,False,True
795,33,9,130862.43,1,1,1,114935.21,0,True,False,False,0.545089345277231,11777.6187,1604.963616526968,1554.963616526968,True,True
687,38,9,122570.87,1,1,1,35608.88,0,False,False,True,0.2202734696851341,11031.3783,607.479993387574,557.479993387574,False,True
789,39,7,124828.46,2,1,1,124411.08,0,True,False,True,0.2958904170885525,11234.5614,831.0497646132382,781.0497646132382,False,True
589,50,5,144895.05,2,1,1,34941.23,0,True,False,False,0.5726529952021484,13040.554499999998,1866.9281483804634,1816.9281483804634,True,True
461,34,5,63663.93,1,0,1,167784.28,0,True,False,False,0.2554713127566346,5729.753699999999,365.946924877796,315.946924877796,False,True
637,40,2,133463.1,1,0,1,93165.34,0,False,False,True,0.3377005565055765,12011.679,1014.0876707165867,964.0876707165867,False,True
584,48,2,213146.2,1,1,0,75161.25,1,False,True,False,0.7352721754135311,19183.158000000003,3526.210578490371,3476.210578490371,True,True
579,35,1,129490.36,2,0,1,8590.83,1,False,True,False,0.3355806178614871,11654.1324,977.7252378578938,927.7252378578938,False,True
756,44,10,137452.09,1,1,0,189543.9,0,True,False,True,0.803120770646965,12370.6881,2483.7891400763096,2433.7891400763096,True,True
682,43,5,125851.93,1,1,1,193318.33,0,False,False,False,0.4403577258348121,11326.6737,1246.947067951244,1196.947067951244,False,True
691,31,5,40915.55,1,1,0,126213.84,1,False,False,False,0.4480689514697388,3682.3995,412.4922207144226,362.4922207144226,False,True
485,21,5,113157.22,1,1,1,54141.5,0,False,True,False,0.2486862569062383,10184.1498,633.1645233836038,583.1645233836038,False,True
635,29,8,138296.94,2,1,0,141075.51,0,False,True,False,0.2884587071615013,12446.7246,897.5915216278136,847.5915216278136,False,True
650,37,5,106967.18,1,0,0,24495.03,0,False,False,True,0.3440395251128926,9627.0462,828.0211007219693,778.0211007219693,False,True
735,44,9,120681.63,1,1,0,74836.34,0,False,False,True,0.6400475577991466,10861.3467,1737.944607436205,1687.944607436205,True,True
539,37,2,127609.59,1,1,0,98646.22,0,False,False,True,0.338358867172652,11484.8631,971.5013170372481,921.5013170372481,False,True
646,73,6,97259.25,1,0,1,104719.66,0,False,False,False,0.2969374076630626,8753.332499999999,649.7979652407085,599.7979652407085,False,True
631,33,4,123246.7,1,0,0,112687.57,0,True,False,False,0.6019811958875146,11092.203,1669.3244067417693,1619.3244067417693,True,True
717,22,6,101060.25,1,0,1,84699.56,0,False,True,False,0.2197769312778185,9095.4225,499.74101143130605,449.74101143130605,False,True
800,49,7,108007.36,1,0,0,47125.11,0,False,False,False,0.7521876163966987,9720.6624,1827.940470113253,1777.940470113253,True,True
683,29,0,133702.89,1,1,0,55582.54,1,False,True,True,0.3680345589501869,12033.2601,1107.1638934090954,1057.1638934090954,False,True
660,31,9,125189.75,2,1,1,139874.43,0,True,False,True,0.1805473259623867,11267.0775,508.56017850899326,458.56017850899326,False,True
704,24,7,113034.22,1,1,0,162503.48,1,True,False,False,0.5431721100284146,10173.0798,1381.4333051133603,1331.4333051133603,True,True
615,41,9,109013.23,1,1,0,196499.96,0,False,True,False,0.5001041716879957,9811.1907,1226.6543495741166,1176.6543495741166,True,True
682,24,9,57929.81,2,0,0,53134.3,0,True,False,True,0.1218814433011646,5213.6829,158.86279919165034,108.86279919165034,False,True
484,29,4,130114.39,1,1,0,164017.89,0,False,False,False,0.3314051711009322,11710.2951,970.2130878144769,920.2130878144769,False,True
628,27,5,95826.49,2,1,0,155996.96,0,True,False,True,0.2331085585458471,8624.3841,502.6044364741807,452.6044364741807,False,True
480,44,10,129608.57,1,1,0,5472.7,1,True,False,True,0.8803077100474175,11664.7713,2567.147027832459,2517.147027832459,True,True
578,30,4,169462.09,1,1,0,112187.11,0,False,False,True,0.3250673363692072,15251.5881,1239.4482797668245,1189.4482797668245,False,True
484,35,7,133868.21,1,1,1,27286.1,0,False,True,False,0.2690224739670799,12048.138899999998,810.3050333942531,760.3050333942531,False,True
606,36,5,190479.48,2,0,0,179351.89,0,True,False,True,0.2527679446872975,17143.1532,1083.309899955867,1033.309899955867,False,True
597,40,8,101993.12,1,0,1,94774.12,0,False,True,False,0.3630105661885033,9179.3808,833.0530553669691,783.0530553669691,False,True
754,55,3,161608.81,1,1,0,8080.85,1,True,False,False,0.8783653029575451,14544.7929,3193.910355515813,3143.910355515813,True,True
850,45,2,122311.21,1,1,1,19482.5,0,False,True,False,0.443555432277648,11008.0089,1220.6655365389242,1170.6655365389242,False,True
778,45,1,162150.42,2,1,0,174531.27,0,True,False,False,0.5504812482622019,14593.5378,2008.367226176407,1958.367226176407,True,True
730,39,1,99010.67,1,1,0,194945.8,0,False,False,False,0.4443260840217454,8910.960299999999,989.8430237430592,939.8430237430592,False,True
687,34,7,111388.18,2,1,0,148564.76,0,True,False,False,0.3626678010100326,10024.9362,908.930391729968,858.930391729968,False,True
715,41,8,56214.85,2,0,0,92982.61,1,False,False,False,0.4008323937279442,5059.336499999999,506.98648999253976,456.98648999253976,False,True
512,36,3,84327.77,2,1,0,17675.36,0,False,False,False,0.2672005996747129,7589.499299999999,506.97969104770334,456.97969104770334,False,True
601,32,8,93012.89,1,1,0,86957.42,0,False,False,True,0.2649793623593903,8371.160100000001,554.5461663765925,504.5461663765925,False,True
580,29,9,61710.44,2,1,0,128077.8,0,False,True,True,0.1558931002694278,5553.9396,216.4552157382864,166.4552157382864,False,True
807,35,3,174790.15,1,1,1,600.36,0,False,False,True,0.2158668938655014,15731.1135,848.956652072664,798.956652072664,False,True
721,37,3,107720.64,1,1,1,158591.12,0,True,False,True,0.480594381743698,9694.8576,1164.823523591298,1114.823523591298,False,True
521,35,6,96423.84,1,1,0,10488.44,0,False,False,True,0.3079046959247876,8678.1456,668.0104455397583,618.0104455397583,False,True
850,30,2,141040.01,1,1,1,5978.2,0,False,True,True,0.1613880498763368,12693.6009,512.1488737898784,462.1488737898784,False,True
759,42,4,105420.18,1,0,1,121409.06,0,False,False,True,0.3938320564525321,9487.816199999996,934.1515413224117,884.1515413224117,False,True
711,38,2,129022.06,2,1,1,14374.86,1,False,False,False,0.2731201293592343,11611.9854,792.8667386413849,742.8667386413849,False,True
512,33,3,176666.62,1,1,0,94670.77,0,False,True,True,0.3516687426720591,15899.9958,1397.8828828692551,1347.8828828692551,False,True
608,41,3,89763.84,1,0,0,199304.74,1,False,True,False,0.608684659488381,8078.7456,1229.352128657314,1179.352128657314,True,True
618,34,5,134954.53,1,1,1,151954.39,0,False,False,True,0.204877650829578,12145.9077,622.1062591922207,572.1062591922207,False,True
671,45,2,106376.85,1,0,1,158264.62,0,False,False,True,0.4798583436257814,9573.9165,1148.5309284253844,1098.5309284253844,False,True
689,33,2,161814.64,2,1,0,169381.9,0,True,False,True,0.21795532142401,14563.317599999998,793.5381421269853,743.5381421269853,False,True
676,34,1,63095.01,1,1,1,40645.81,0,False,False,False,0.2782792912752621,5678.5509,395.0557799806254,345.0557799806254,False,True
572,26,4,118287.01,2,0,0,60427.3,0,True,False,True,0.3003420273284237,10645.8309,799.3476087753944,749.3476087753944,False,True
668,47,7,106854.21,1,0,1,157959.02,1,True,False,True,0.752841623245844,9616.8789,1809.9966804086766,1759.9966804086766,True,True
695,46,7,49512.55,1,1,0,133007.34,0,False,False,True,0.7196296862458855,4456.1295,801.6907684890086,751.6907684890086,True,True
807,43,1,105799.32,2,1,0,34888.04,1,False,False,True,0.3372788971518834,9521.9388,802.8872543029321,752.8872543029321,False,True
726,31,9,114722.05,2,1,1,98178.57,0,False,False,False,0.1696124937745318,10324.9845,437.8115923070969,387.8115923070969,False,True
671,45,6,99564.22,1,1,1,108872.45,1,True,False,True,0.7545886857394702,8960.7798,1690.4257631206983,1640.4257631206983,True,True
670,37,4,170557.91,2,1,0,198252.88,0,False,False,True,0.2441071905242691,15350.211899999998,936.7742752153006,886.7742752153006,False,True
547,39,6,74596.15,3,1,1,85746.52,1,True,False,False,0.88882503891138,6713.653499999999,1491.8158333437555,1441.8158333437555,True,True
751,50,2,96888.39,1,1,0,77206.25,1,True,False,True,0.9241278139987024,8719.9551,2014.5882611824588,1964.5882611824588,True,True
594,29,3,130830.22,1,1,0,61048.53,0,True,False,False,0.5808944812726626,11774.7198,1709.9674375879877,1659.9674375879877,True,True
767,20,3,119714.25,2,0,1,150135.38,0,True,False,True,0.2097551885500912,10774.2825,564.990414319862,514.990414319862,False,True
585,67,5,113978.97,2,0,1,93146.11,0,False,False,False,0.3431243990267505,10258.1073,879.9517256161056,829.9517256161056,False,True
763,42,6,100160.75,1,1,0,33462.94,1,True,False,True,0.6718570408124304,9014.4675,1514.1083647624569,1464.1083647624569,True,True
539,43,3,116220.5,3,1,0,55803.96,1,True,False,False,0.930458756436222,10459.845,2433.1135928039084,2383.1135928039084,True,True
703,28,2,81173.83,2,0,1,162812.16,0,False,False,True,0.1137013257884981,7305.6447,207.66537203242862,157.66537203242862,False,True
725,39,5,116803.8,1,1,0,124052.97,0,True,False,False,0.6995754546351327,10512.342,1838.5441084825002,1788.5441084825002,True,True
703,37,8,105961.68,2,0,1,74158.8,0,False,False,True,0.1732711944403004,9536.5512,413.10240431627,363.10240431627,False,True
659,67,6,117411.6,1,1,1,45071.09,1,True,False,True,0.5850505528288389,10567.044,1545.5637334916662,1495.5637334916662,True,True
635,40,10,123497.58,1,1,0,131953.23,1,False,False,False,0.6067581533809555,11114.7822,1685.9961807258785,1635.9961807258785,True,True
772,26,7,152400.51,2,1,0,79414.0,0,True,False,True,0.2260358150269107,13716.0459,775.0794034882541,725.0794034882541,False,True
634,24,8,103097.85,1,1,1,157577.29,0,True,False,True,0.2930900996429632,9278.8065,679.8815804131937,629.8815804131937,False,True
739,54,8,126418.14,1,1,0,134420.75,1,True,False,True,0.9211676457571676,11377.6326,2620.1767591080006,2570.1767591080006,True,True
771,36,5,77846.9,1,0,0,99805.99,0,True,False,False,0.363159126054686,7006.221,636.093273826497,586.093273826497,False,True
544,37,2,79731.91,1,1,1,57558.95,0,True,False,True,0.354517224653788,7175.8719,635.9925476147761,585.9925476147761,False,True
671,34,6,37266.67,2,0,0,156917.12,0,True,False,False,0.1552752666115615,3354.0003,130.1983226994393,80.1983226994393,False,True
693,30,6,127992.25,1,1,1,50457.2,0,False,False,False,0.2456407149428376,11519.3025,707.4024254357041,657.4024254357041,False,True
850,38,3,54901.01,1,1,1,140075.55,0,True,False,True,0.2541126502226745,4941.090899999999,313.89842589753493,263.89842589753493,False,True
732,42,9,108748.08,2,1,1,65323.11,0,True,False,True,0.4434031259283562,9787.3272,1084.9328687409063,1034.9328687409063,False,True
726,48,6,99906.19,1,1,0,64323.24,0,False,True,False,0.7465177762847718,8991.5571,1678.089302907388,1628.089302907388,True,True
557,32,6,184686.41,2,1,0,14956.44,0,False,False,False,0.277945837970205,16621.7769,1154.9884272560741,1104.9884272560741,False,True
682,26,0,110654.02,1,0,1,111879.21,0,False,False,False,0.2058446660390508,9958.8618,512.4946453375151,462.49464533751507,False,True
738,31,9,79019.8,1,1,1,18606.23,0,False,True,True,0.1789296235921792,7111.782,318.12711908240885,268.12711908240885,False,True
531,36,9,99240.51,1,1,0,123137.01,0,False,True,False,0.3794092465635847,8931.6459,847.1872603729325,797.1872603729325,False,True
791,35,7,52436.2,1,1,0,161051.75,0,True,False,False,0.3448758755888667,4719.258,406.8895587199409,356.8895587199409,False,True
733,34,3,100337.96,3,1,0,48559.19,1,True,False,True,0.776755453896515,9030.4164,1753.6062974141332,1703.6062974141332,True,True
811,34,1,149297.19,2,1,1,186339.74,0,True,False,False,0.1794460400640411,13436.7471,602.7927646092471,552.7927646092471,False,True
712,28,4,145605.44,1,0,1,93883.53,0,True,False,True,0.3455375509737373,13104.4896,1132.0233107862025,1082.0233107862025,False,True
646,35,6,84026.86,1,0,1,164255.69,0,False,False,True,0.1984471001491844,7562.4174,375.1849507869337,325.1849507869337,False,True
479,35,4,138718.92,1,1,1,47251.79,1,True,False,True,0.4840331405857502,12484.7028,1510.752476390927,1460.752476390927,False,True
807,42,7,118274.71,1,1,1,25885.72,0,False,False,True,0.3509543123115656,10644.7239,933.9529390177468,883.9529390177468,False,True
799,22,8,174185.98,2,0,1,192633.85,0,False,False,False,0.2058298458902462,15676.738200000002,806.685151941934,756.685151941934,False,True
675,40,7,113208.86,2,1,0,34577.36,0,False,False,True,0.2455772894393765,10188.7974,625.5343120347417,575.5343120347417,False,True
602,29,5,103907.28,1,1,0,161229.84,0,False,True,True,0.2974813224031284,9351.6552,695.485688888523,645.485688888523,False,True
475,32,8,119023.28,1,1,0,100816.29,0,False,False,False,0.3361129611200752,10712.0952,900.118509368036,850.118509368036,False,True
744,26,5,166297.89,1,1,1,181694.44,0,False,True,False,0.3462349347223965,14966.8101,1295.5081294940012,1245.5081294940012,False,True
703,42,9,63227.0,1,0,1,137316.32,0,True,False,True,0.3697233027967039,5690.43,525.971143483362,475.97114348336197,False,True
747,41,5,94521.17,2,1,0,194926.86,0,False,True,False,0.3603070386208004,8506.9053,766.2744641176479,716.2744641176479,False,True
750,34,9,112822.26,1,0,0,150401.53,1,False,True,False,0.3480914740502032,10154.0034,883.6305027541937,833.6305027541937,False,True
773,25,2,135903.33,1,1,0,73656.38,0,False,False,True,0.2883152844492576,12231.299699999998,881.6176630474046,831.6176630474046,False,True
714,31,4,125169.26,1,1,1,106636.89,0,False,False,False,0.23186458193673,11265.2334,653.0021581776718,603.0021581776718,False,True
511,58,0,149117.31,1,1,1,162599.51,0,False,False,True,0.4821634428919498,13420.5579,1617.725600648689,1567.725600648689,False,True
616,36,6,132311.71,1,0,0,15462.84,0,False,True,False,0.3777230871523038,11908.0539,1124.486720271008,1074.486720271008,False,True
553,33,4,118082.89,1,0,0,94440.45,0,False,False,True,0.2835650664426604,10627.4601,753.3941073433056,703.3941073433056,False,True
667,31,1,119266.69,1,1,1,28257.63,0,False,False,True,0.1757551626708579,10734.0021,471.63907129870756,421.63907129870756,False,True
629,35,7,156847.29,2,1,0,31824.29,0,True,False,True,0.2426293216472096,14116.2561,856.2544104353211,806.2544104353211,False,True
614,50,4,137104.47,1,1,0,127166.49,1,False,False,True,0.7831585868614781,12339.402300000002,2415.9272169958185,2365.9272169958185,True,True
438,31,8,78398.69,1,1,0,44937.01,0,True,False,True,0.3415443084899191,7055.882100000001,602.4740931577246,552.4740931577246,False,True
729,30,6,63669.42,1,1,0,145111.37,0,True,False,True,0.2757076849887642,5730.2478,394.96833883748974,344.96833883748974,False,True
806,59,0,135296.33,1,1,0,182822.5,0,True,False,False,0.7970000215728246,12176.6697,2426.20150339629,2376.20150339629,True,True
744,36,2,153804.44,1,1,1,87213.33,0,False,True,True,0.1734350784993045,13842.3996,600.1894153111854,550.1894153111854,False,True
559,49,2,147069.78,1,1,0,120540.83,1,False,False,True,0.7727905766261862,13236.2802,2557.2181520359427,2507.2181520359427,True,True
429,24,4,95741.75,1,1,0,46170.75,0,False,False,True,0.3048663515206236,8616.7575,656.7398552407424,606.7398552407424,False,True
525,57,2,145965.33,1,1,1,64448.36,0,False,True,False,0.5308883721074795,13136.8797,1743.5541696261985,1693.5541696261985,True,True
680,30,8,141441.75,1,1,1,16278.97,0,False,False,False,0.2461587269784564,12729.7575,783.3852252361144,733.3852252361144,False,True
749,40,1,139290.41,1,1,0,182855.42,1,False,False,True,0.4815170284279443,12536.1369,1509.0908470134752,1459.0908470134752,False,True
716,35,4,144428.87,1,1,0,134132.65,0,False,False,True,0.3317459320415311,12998.598299999998,1078.0580270667401,1028.0580270667401,False,True
644,46,9,95441.27,1,1,0,108761.05,1,False,False,False,0.7742218044770369,8589.7143,1662.586026322052,1612.586026322052,True,True
671,35,1,144848.74,1,1,1,179012.3,0,True,False,True,0.405925423433422,13036.3866,1322.950187661697,1272.950187661697,False,True
664,26,7,116244.14,2,1,1,95145.14,0,True,False,True,0.1778127588243188,10461.9726,465.0680526876078,415.0680526876078,False,True
667,40,1,146502.07,1,1,0,19162.89,0,False,True,False,0.5210995317215699,13185.1863,1717.6986016479145,1667.6986016479145,True,True
663,44,2,117028.6,2,0,1,144680.18,0,True,False,True,0.5534472676229296,10532.574,1457.3060753340776,1407.3060753340776,True,True
584,30,8,112013.81,1,1,0,177772.03,1,True,False,False,0.5967146280169993,10081.2429,1503.9062767556286,1453.9062767556286,True,True
626,37,6,108269.37,1,1,0,5597.94,0,False,True,False,0.3791090911189907,9744.2433,923.5328052763288,873.5328052763288,False,True
485,29,7,182123.79,1,1,0,116828.51,1,False,False,True,0.4045606895495304,16391.1411,1657.802836479912,1607.802836479912,False,True
659,32,3,150923.74,2,0,1,174652.51,0,True,False,False,0.1865174168472023,13583.1366,633.3728878286726,583.3728878286726,False,True
805,39,5,165272.13,1,1,0,14109.85,1,False,True,False,0.4947031636258178,14874.4917,1839.6145253289922,1789.6145253289922,False,True
716,39,10,115301.31,1,1,0,43527.4,1,True,False,False,0.720966128193201,10377.1179,1870.3876285418403,1820.3876285418403,True,True
642,40,6,129502.49,2,0,1,86099.23,1,True,False,False,0.3525366821058331,11655.2241,1027.223508353486,977.2235083534861,False,True
659,31,4,118342.26,1,0,0,161574.19,0,False,False,True,0.2869871697609589,10650.8034,764.1609808615996,714.1609808615996,False,True
630,34,9,106937.05,2,1,0,138275.01,0,True,False,False,0.343522147220935,9624.3345,826.543013253131,776.543013253131,False,True
643,59,3,170331.37,1,1,1,32171.79,0,True,False,True,0.473253068879326,15329.8233,1813.7214805256992,1763.7214805256992,False,True
654,32,1,114510.85,1,1,1,126143.23,0,True,False,False,0.4860856115950793,10305.9765,1252.3967225217536,1202.3967225217536,False,True
659,32,3,107594.11,2,1,1,102416.84,0,False,True,True,0.1414542827178648,9683.4699,342.4420722311335,292.4420722311335,False,True
762,39,2,81273.13,1,1,1,18719.67,0,False,True,True,0.216004928402554,7314.581700000001,394.996424100783,344.996424100783,False,True
568,32,7,169399.6,1,1,0,61936.22,0,False,True,False,0.3713520467871104,15245.964,1415.4049841606502,1365.4049841606502,False,True
613,45,1,187841.99,2,1,1,147224.27,0,False,False,False,0.4731313930807646,16905.7791,1999.6637041746685,1949.6637041746685,False,True
850,57,8,126776.3,2,1,1,132298.49,0,False,True,False,0.4387609919296785,11409.866999999998,1251.551140676426,1201.551140676426,False,True
522,34,9,126436.29,1,1,0,174248.52,1,False,True,True,0.3180745212085941,11379.2661,904.8636541156715,854.8636541156715,False,True
737,41,1,101960.74,1,1,1,123547.28,0,False,False,True,0.3128772899736455,9176.4666,717.7770003354182,667.7770003354182,False,True
643,45,2,150842.93,1,0,1,2319.96,1,True,False,False,0.7853268015387792,13575.863699999998,2665.372404411854,2615.372404411854,True,True
648,50,9,102535.57,1,1,1,189543.19,0,False,False,False,0.6077088211658199,9228.2013,1402.0148333759719,1352.0148333759719,True,True
443,29,9,99027.61,2,1,0,10940.4,0,True,False,False,0.2513690305342415,8912.4849,560.0806722410165,510.0806722410165,False,True
540,42,9,87271.41,2,1,0,172572.64,0,True,False,False,0.3932870237794537,7854.4269,772.2610447485702,722.2610447485702,False,True
460,35,8,102742.91,2,1,1,189339.6,0,True,False,False,0.2532414241295324,9246.8619,585.4221190712784,535.4221190712784,False,True
636,34,2,40105.51,2,0,1,53512.16,0,True,False,True,0.0670002681912295,3609.4959,60.459298333785824,10.459298333785824,False,True
593,29,2,152265.43,1,1,0,34004.44,0,False,False,False,0.3304421904806257,13703.8887,1132.0857500326733,1082.0857500326733,False,True
801,42,4,141947.67,1,1,1,10598.29,0,False,True,True,0.3551130092679117,12775.2903,1134.1679456760405,1084.1679456760405,False,True
640,75,1,106307.91,2,0,1,113428.77,0,True,False,False,0.4150940441730693,9567.711899999998,992.87505651345,942.87505651345,False,True
611,31,0,107884.81,2,1,1,183487.98,0,True,False,True,0.1684620669800886,9709.6329,408.926206987968,358.926206987968,False,True
802,31,1,125013.72,1,1,1,187658.09,0,True,False,True,0.4153044136047146,11251.2348,1168.1718677357396,1118.1718677357396,False,True
717,35,7,58469.37,2,1,1,172459.39,0,True,False,True,0.1100938571827152,5262.2433,144.83516558272498,94.83516558272498,False,True
745,45,10,117231.63,3,1,1,122381.02,1,True,False,True,0.9103724642001078,10550.8467,2401.3000774191437,2351.3000774191437,True,True
572,35,4,152390.26,1,1,0,128123.66,0,False,True,True,0.3392044667051028,13715.1234,1163.0577796729192,1113.0577796729192,False,True
629,30,2,34013.63,1,1,0,19570.63,0,False,True,False,0.4752847334511552,3061.2267,363.7385790357649,313.7385790357649,False,True
690,36,7,101583.11,2,1,0,123775.15,0,False,False,True,0.2162677961617033,9142.4799,494.3059948564174,444.3059948564174,False,True
492,30,10,77168.87,2,0,1,146700.22,0,True,False,False,0.1029016703784002,6945.198299999998,178.6681265448063,128.6681265448063,False,True
709,28,8,124695.72,2,1,0,145251.35,0,True,False,True,0.3005214538943813,11222.6148,843.1591290481502,793.1591290481502,False,True
705,44,3,105934.96,1,1,0,82463.69,0,True,False,True,0.8632573638112389,9534.1464,2057.6055218636034,2007.6055218636034,True,True
544,21,10,161525.96,2,1,0,9262.77,0,False,False,False,0.2406989795626776,14537.336399999997,874.7805092598421,824.7805092598421,False,True
712,29,7,147199.07,1,1,1,84932.4,0,True,False,False,0.4027694964492853,13247.9163,1333.9641442883196,1283.9641442883196,False,True
752,38,3,183102.29,1,1,1,71557.12,0,True,False,True,0.3514884473343777,16479.2061,1448.0626413480513,1398.0626413480513,False,True
648,46,9,127209.0,2,1,0,77405.95,1,False,True,True,0.5809941538424561,11448.81,1662.9229196132624,1612.9229196132624,True,True
594,24,0,97378.54,1,1,1,71405.17,0,False,True,False,0.2195564735023362,8764.068599999999,481.05199883713914,431.05199883713914,False,True
645,37,2,136925.09,2,0,1,153400.24,0,True,False,False,0.2871919672395389,12323.2581,884.7851841348955,834.7851841348955,False,True
557,33,3,54503.55,1,1,1,371.05,0,False,False,True,0.2627221344257249,4905.3195000000005,322.18400227003247,272.18400227003247,False,True
547,32,8,155726.85,1,1,0,67789.99,0,True,False,True,0.4280030472392703,14015.4165,1499.660242581887,1449.660242581887,False,True
616,66,1,135842.41,1,1,0,183840.51,1,False,False,False,0.7917286065391174,12225.8169,2419.882244509848,2369.882244509848,True,True
605,52,1,63349.75,1,1,0,108887.44,0,False,False,True,0.816252073637938,5701.477499999999,1163.4607080437613,1113.4607080437613,True,True
593,38,4,129499.42,1,1,1,154071.27,0,True,False,False,0.5740200563230582,11654.9478,1672.5434481495759,1622.5434481495759,True,True
443,36,6,70438.01,2,0,1,56937.43,0,False,True,True,0.1369842119187576,6339.420899999999,217.1001440019502,167.1001440019502,False,True
538,49,9,141434.04,1,0,0,173779.25,1,False,True,False,0.8005174553523724,12729.0636,2547.459400522627,2497.459400522627,True,True
668,37,10,152958.29,2,1,1,159585.61,0,True,False,True,0.2043245007736833,13766.2461,703.1953404775412,653.1953404775412,False,True
537,41,3,138306.34,1,1,0,106761.47,0,True,False,False,0.6827221395845264,12447.5706,2124.5580081653616,2074.5580081653616,True,True
745,31,3,124328.84,1,1,1,140451.52,0,False,True,False,0.2676325905497126,11189.5956,748.6751144079165,698.6751144079165,False,True
693,41,9,181461.48,3,1,1,187929.43,1,True,False,False,0.892016699030058,16331.5332,3642.0000837909497,3592.0000837909497,True,True
487,61,5,110368.03,1,0,0,11384.45,1,True,False,False,0.9075316657557364,9933.1227,2253.6558475217794,2203.6558475217794,True,True
556,39,9,89588.35,1,1,1,94898.1,0,False,False,False,0.3532890545108855,8062.951500000001,712.1381280005315,662.1381280005315,False,True
756,60,3,115924.89,1,1,0,93524.19,1,True,False,False,0.9334852089162132,10433.2401,2434.8188286053787,2384.8188286053787,True,True
535,40,7,111756.5,1,1,0,8128.32,1,True,False,True,0.7312925916046591,10058.085,1838.8507615574867,1788.8507615574867,True,True
648,26,9,162923.85,1,1,0,98368.24,0,False,False,True,0.3069125803212111,14663.1465,1125.0760319857338,1075.0760319857338,False,True
492,39,10,124576.65,2,1,0,148584.61,0,True,False,True,0.3864600233582199,11211.8985,1083.2376390499976,1033.2376390499976,False,True
702,45,0,80793.58,1,1,1,27474.81,0,False,False,True,0.4622310805371835,7271.422200000001,840.2693351370161,790.2693351370161,False,True
486,40,9,71340.09,1,1,0,76192.21,0,True,False,False,0.499409501749299,6420.6081,801.6281730371284,751.6281730371284,False,True
568,40,1,99282.63,1,0,0,134600.94,1,True,False,True,0.7013968707608949,8935.4367,1566.8218350655143,1516.8218350655143,True,True
619,57,3,137946.39,1,1,1,72467.99,1,True,False,True,0.7798154186674288,12415.1751,2420.3862421089843,2370.3862421089843,True,True
724,41,2,127892.57,2,0,1,199645.45,0,True,False,True,0.2907875969554925,11510.331300000002,836.7653947221477,786.7653947221477,False,True
548,33,0,101084.36,1,1,0,42749.85,0,True,False,False,0.5565374613718284,9097.5924,1265.7877447229098,1215.7877447229098,True,True
545,37,8,114754.08,1,1,0,136050.44,1,True,False,False,0.6678435581581964,10327.8672,1724.3498947583323,1674.3498947583323,True,True
762,51,3,99286.98,1,0,1,85578.63,0,False,False,False,0.6075492609360545,8935.8282,1357.2389546903887,1307.2389546903887,True,True
627,30,4,79871.02,2,1,0,129826.89,0,True,False,False,0.1974619753749195,7188.391799999999,354.85851114921826,304.85851114921826,False,True
516,35,10,104088.59,2,0,0,119666.0,0,False,False,True,0.1962790103258679,9367.9731,459.68412220683814,409.68412220683814,False,True
800,38,2,168190.33,2,1,0,68052.08,0,False,False,False,0.2800091187989725,15137.1297,1059.6335871106887,1009.6335871106887,False,True
464,42,3,85679.25,1,1,1,164104.74,0,True,False,False,0.5251454699281777,7711.1325,1012.3665750977359,962.3665750977359,True,True
534,34,7,121551.58,2,1,1,70179.0,0,False,False,False,0.1776623943343656,10939.6422,485.8907566033167,435.8907566033167,False,True
745,46,2,122220.19,1,1,1,118024.1,0,False,False,True,0.4972198977827783,10999.8171,1367.3319835228142,1317.3319835228142,False,True
553,47,3,116528.15,1,0,0,145704.19,1,False,True,True,0.7634976697023633,10487.5335,2001.8018470438676,1951.8018470438676,True,True
748,26,1,77780.29,1,0,1,183049.41,0,False,False,False,0.2475538496927978,7000.226099999998,433.23322994374996,383.23322994374996,False,True
501,40,4,125832.2,1,1,1,100433.83,0,False,False,True,0.3367856923463638,11324.898,953.5159034204876,903.5159034204876,False,True
675,38,6,68065.8,1,0,0,138777.0,1,False,False,False,0.5130954297343,6125.922,785.7956452772006,735.7956452772006,True,True
778,47,6,127299.34,2,1,0,124694.99,0,False,True,False,0.6349543312121518,11456.9406,1818.6585141025873,1768.6585141025873,True,True
494,38,7,174937.64,1,1,0,40084.32,0,True,False,False,0.4111324542716646,15744.387600000002,1618.257178748091,1568.257178748091,False,True
592,31,7,110071.1,1,0,0,43921.36,0,False,True,True,0.2838236185406352,9906.399,702.9175027218324,652.9175027218324,False,True
590,44,3,139432.37,1,1,0,62222.81,0,False,True,False,0.6471811370077971,12548.9133,2030.354994426567,1980.354994426567,True,True
758,39,6,127357.76,1,0,1,56577.0,0,False,False,False,0.3128755449776009,11462.1984,896.5603927603462,846.5603927603462,False,True
514,43,1,95556.31,1,0,1,199273.98,1,True,False,True,0.7324886589452579,8600.0679,1574.86305072729,1524.86305072729,True,True
468,29,1,111681.98,2,1,1,195711.16,0,True,False,True,0.1470330960593154,10051.3782,369.4713141022771,319.4713141022771,False,True
509,25,3,108738.71,2,1,0,106920.57,0,False,True,False,0.2865079033548553,9786.4839,700.9762458512619,650.9762458512619,False,True
662,32,4,133950.37,1,1,1,48725.68,1,False,False,False,0.2568195924948221,12055.5333,774.0242873534395,724.0242873534395,False,True
608,33,9,89968.69,1,1,0,68777.26,0,False,False,True,0.2878022416044342,8097.1821,582.596789764825,532.596789764825,False,True
816,38,5,130878.75,3,1,0,71905.77,1,True,False,False,0.9032410660982312,11779.0875,2659.838887791087,2609.838887791087,True,True
631,27,10,134169.62,1,1,1,176730.02,0,False,True,True,0.2190116096832386,12075.2658,661.1558500527399,611.1558500527399,False,True
703,37,1,149762.08,1,1,0,20629.4,1,False,False,True,0.3928280863457125,13478.587199999998,1323.6919041049537,1273.6919041049537,False,True
774,26,2,93844.69,1,1,0,28415.36,0,False,False,True,0.2827017579554587,8446.022099999998,596.9263238501636,546.9263238501636,False,True
621,46,6,141078.37,1,0,0,34580.8,1,True,False,True,0.8508305761753518,12697.0533,2700.760293742038,2650.760293742038,True,True
605,31,1,117992.59,1,1,1,183598.77,0,True,False,False,0.4992423596337941,10619.3331,1325.4052286453134,1275.4052286453134,False,True
611,40,8,100812.33,2,1,0,147358.27,0,False,False,False,0.3859714537200995,9073.1097,875.4903351677341,825.4903351677341,False,True
658,29,4,80262.6,1,1,1,20612.82,0,False,False,True,0.1934529777527505,7223.634,349.358376874003,299.358376874003,False,True
788,34,6,156478.62,1,0,1,181196.76,0,False,True,True,0.1932557300921614,14083.0758,680.4087739180625,630.4087739180625,False,True
486,37,9,115217.99,2,1,0,144995.33,0,True,False,True,0.4116075822014102,10369.6191,1067.0534615251408,1017.0534615251408,False,True
730,35,0,155470.55,1,1,1,53718.28,0,False,False,False,0.2425102434464595,13992.349499999997,848.3220209082363,798.3220209082363,False,True
542,39,3,135096.77,1,1,1,14353.43,1,False,False,True,0.3528947176566495,12158.7093,1072.6860713731946,1022.6860713731946,False,True
714,55,9,180075.22,1,1,1,100127.71,0,True,False,False,0.4889699127431701,16206.769799999998,1981.1557037386608,1931.1557037386608,False,True
591,29,1,97541.24,1,1,1,196356.17,0,False,True,True,0.2575415866637876,8778.7116,565.2208285819495,515.2208285819495,False,True
710,41,2,156067.05,1,1,1,9983.88,0,False,False,False,0.3656557782949462,14046.034499999998,1284.0034192637913,1234.0034192637913,False,True
639,38,4,81550.94,2,0,1,118974.77,0,False,False,False,0.1944042521212122,7339.5846,356.7116137608416,306.7116137608416,False,True
673,38,2,170061.92,2,0,0,134901.34,1,False,False,False,0.3473435354914197,15305.572800000002,1329.0729422683273,1279.0729422683273,False,True
765,36,8,92310.54,2,1,1,72924.56,0,True,False,True,0.1553751475669373,8307.9486,322.7121849258825,272.7121849258825,False,True
622,32,6,169089.38,2,1,0,101057.95,0,False,False,False,0.2767664583961008,15218.0442,1052.9610492373308,1002.9610492373308,False,True
806,40,5,80613.93,1,1,1,142838.64,0,False,False,True,0.3022968544773964,7255.253699999999,548.3100929863729,498.31009298637287,False,True
757,26,8,121581.56,2,1,1,127059.04,0,True,False,True,0.181821119199489,10942.3404,497.38714454744604,447.38714454744604,False,True
774,60,5,85891.55,1,1,0,74135.48,1,False,False,True,0.8191021330992246,7730.239500000001,1582.963915954471,1532.963915954471,True,True
638,44,9,77637.35,2,1,1,111346.22,0,False,True,True,0.3234695799959391,6987.3615,565.0497224211988,515.0497224211988,False,True
691,30,7,116927.89,1,1,0,21198.39,0,True,False,True,0.5030599794890535,10523.5101,1323.4891937647117,1273.4891937647117,True,True
684,40,6,137326.65,1,1,0,186976.6,0,True,False,False,0.6783133475398253,12359.3985,2095.8862425284237,2045.8862425284237,True,True
524,31,10,67238.98,2,1,1,161811.23,0,True,False,False,0.1308101655566993,6051.508199999999,197.89969737743084,147.89969737743084,False,True
632,38,6,86569.76,2,1,0,98090.91,0,True,False,False,0.3853514824162458,7791.278399999999,750.5951703394188,700.5951703394188,False,True
734,34,6,133598.4,1,1,1,13107.24,0,False,False,True,0.1931061249826265,12023.856,580.4700598772758,530.4700598772758,False,True
605,51,3,136188.78,1,1,1,67110.59,1,False,False,False,0.6126598561869231,12256.9902,1877.3414633041314,1827.3414633041314,True,True
779,37,7,120092.52,2,1,0,135925.72,0,True,False,True,0.3728822594489757,10808.3268,1007.5583295117293,957.5583295117293,False,True
698,48,4,101238.24,2,0,1,177815.87,1,False,False,True,0.4731044830230821,9111.4416,1077.665966940751,1027.665966940751,False,True
707,58,6,89685.92,1,0,1,126471.13,0,False,False,True,0.4771077864665612,8071.7328,962.7716422893845,912.7716422893845,False,True
850,35,1,211774.31,1,1,0,188574.12,1,False,False,False,0.5365750429366194,19059.6879,2556.7382133252663,2506.7382133252663,True,True
850,56,7,131317.48,1,1,1,119175.45,0,False,False,True,0.4170902199379218,11818.5732,1232.352823835107,1182.352823835107,False,True
527,37,5,93722.73,2,1,1,139093.73,0,False,True,True,0.1532586288099026,8435.045699999999,323.18588448271623,273.18588448271623,False,True
696,32,8,101160.99,1,1,1,115916.55,0,True,False,True,0.34976443477689,9104.4891,796.1066209984641,746.1066209984641,False,True
661,48,3,120320.54,1,0,0,96463.25,0,False,False,True,0.7306553356258968,10828.848599999998,1978.0390020687553,1928.0390020687553,True,True
572,48,3,152827.99,1,1,0,38411.79,1,True,False,False,0.9151091020987426,13754.519099999998,3146.721405850251,3096.721405850251,True,True
673,30,1,64097.75,1,1,1,77783.35,0,False,False,True,0.2283898153453488,5768.7975,329.38364894742745,279.38364894742745,False,True
519,57,2,119035.35,2,1,1,29871.79,0,False,True,False,0.4545206283318862,10713.1815,1217.3404967033848,1167.3404967033848,False,True
702,26,4,135219.57,1,0,1,59747.63,0,False,True,False,0.2470496041390662,12169.7613,751.6336779079819,701.6336779079819,False,True
729,32,6,93694.42,1,1,1,79919.13,0,False,False,True,0.1786439361058767,8432.4978,376.60364954903645,326.60364954903645,False,True
543,35,10,59408.63,1,1,0,76773.53,0,False,True,True,0.3792404134166923,5346.776699999999,506.9284515386844,456.9284515386844,False,True
550,40,7,114354.95,1,1,0,54018.93,0,False,False,False,0.5688169440873481,10291.9455,1463.5582470058835,1413.5582470058835,True,True
639,35,10,128173.9,2,1,0,59093.39,0,True,False,True,0.3115163488848639,11535.650999999998,898.3859703825071,848.3859703825071,False,True
564,62,5,114931.35,3,0,1,18260.98,1,True,False,False,0.9291391034475268,10343.8215,2402.712258682813,2352.712258682813,True,True
745,28,1,111071.36,1,1,0,73275.96,1,True,False,False,0.6229579903275284,9996.4224,1556.837802192272,1506.837802192272,True,True
833,37,8,151226.18,2,1,1,136129.49,0,False,False,True,0.1261790705128841,13610.356199999998,429.3355236663173,379.3355236663173,False,True
597,42,4,64740.12,1,1,1,106841.12,0,False,False,False,0.520970195273078,5826.6108,758.8726415640563,708.8726415640563,True,True
721,51,0,169312.13,1,1,0,109078.35,1,False,True,True,0.8361202419919593,15238.0917,3185.219229924917,3135.219229924917,True,True
842,44,2,112652.08,2,1,0,126644.98,0,False,True,False,0.4428018317663158,10138.6872,1122.357315966425,1072.357315966425,False,True
479,30,7,143964.36,2,1,0,41879.99,0,True,False,False,0.2326539118168974,12956.792399999998,753.6121091148615,703.6121091148615,False,True
508,49,7,122451.46,2,1,1,75808.1,0,False,False,True,0.4397829067755376,11020.6314,1211.6713278984407,1161.6713278984407,False,True
721,36,3,65253.07,2,1,0,28737.78,0,True,False,False,0.2080780263443573,5872.7763,305.4989254164793,255.49892541647932,False,True
674,47,6,106901.94,1,1,1,2079.2,1,True,False,True,0.7802554001817431,9621.1746,1876.7433594353556,1826.7433594353556,True,True
685,25,10,128509.63,1,1,0,121562.33,0,False,True,False,0.3532600827845915,11565.8667,1021.4397569793875,971.4397569793875,False,True
574,33,3,129834.67,1,1,0,193131.42,0,True,False,True,0.4867693398550057,11685.1203,1421.9895736393316,1371.9895736393316,False,True
590,51,3,154962.99,3,0,1,191932.27,1,False,True,False,0.8643698531597174,13946.6691,3013.770080508542,2963.770080508542,True,True
587,40,5,138241.9,2,1,0,159418.1,0,True,False,True,0.3793556222096247,12441.771,1179.9639447736663,1129.9639447736663,False,True
598,41,3,91536.93,1,1,0,191468.78,1,True,False,True,0.6352479075023478,8238.323699999999,1308.3444729379999,1258.3444729379999,True,True
584,29,7,105204.01,1,0,1,138490.03,0,True,False,False,0.4725093221315882,9468.3609,1118.4721976390585,1068.4721976390585,False,True
650,61,1,152968.73,1,0,1,82970.69,0,False,True,True,0.3720775295322167,13767.185699999998,1280.615110966815,1230.615110966815,False,True
607,36,8,158261.68,1,1,1,76744.72,0,False,True,True,0.2112071279718184,14243.551199999998,752.0848852678868,702.0848852678868,False,True
689,38,6,121021.05,1,1,1,12182.15,0,False,True,False,0.2932010202647344,10891.8945,798.3786450039622,748.3786450039622,False,True
687,63,1,137715.66,1,1,1,37938.74,0,False,True,False,0.4292165978201274,12394.4094,1329.9715586644515,1279.9715586644515,False,True
737,31,5,121192.22,2,1,1,74890.58,0,True,False,True,0.1981322802094993,10907.2998,540.272045075654,490.272045075654,False,True
601,44,1,100486.18,2,1,1,62678.53,0,False,False,True,0.397195948370511,9043.756199999998,898.0358301726719,848.0358301726719,False,True
745,35,9,92566.53,2,1,0,161519.77,0,False,False,True,0.1751604952404711,8330.9877,364.81498284356826,314.81498284356826,False,True
848,40,3,110929.96,1,1,1,30876.84,0,False,True,True,0.270639543201861,9983.6964,675.4957582905162,625.4957582905162,False,True
439,32,3,138901.61,1,1,0,75685.97,0,False,True,False,0.3559425721822419,12501.1449,1112.4224177322287,1062.4224177322287,False,True
755,30,4,123217.66,2,0,1,144183.1,0,False,False,True,0.1053623779956152,11089.5894,292.1063775447419,242.10637754474192,False,True
607,33,2,108431.87,2,0,1,109291.39,1,False,True,False,0.2777514636782599,9758.8683,677.6349885420931,627.6349885420931,False,True
547,30,9,72392.41,1,1,0,77077.14,0,True,False,False,0.3234758370975234,6515.3169,526.8868970457853,476.8868970457853,False,True
647,51,1,119741.77,2,0,0,54954.51,1,True,False,False,0.7960736234272859,10776.7593,2144.7734561886755,2094.7734561886755,True,True
760,51,2,100946.71,1,0,0,179614.8,1,False,False,False,0.8012841191224223,9085.2039,1819.957401014774,1769.957401014774,True,True
621,53,9,170491.84,1,1,0,35588.07,1,False,True,True,0.7826626004611238,15344.2656,3002.3457041655415,2952.3457041655415,True,True
519,47,6,157296.02,2,0,0,147278.43,1,False,True,False,0.762636297349567,14156.641799999998,2699.0922213140266,2649.0922213140266,True,True
713,38,7,144606.22,1,1,1,56594.36,1,True,False,False,0.5434043179514161,13014.5598,1768.0419978892296,1718.0419978892296,True,True
700,38,8,134811.3,1,1,0,1299.75,0,False,False,True,0.3404204909005097,12133.016999999998,1032.5819008110573,982.5819008110573,False,True
666,34,9,115897.12,1,1,1,25095.03,0,False,False,False,0.270095061016774,10430.7408,704.3228932065384,654.3228932065384,False,True
630,32,4,82034.0,1,0,0,146326.45,0,False,True,True,0.2983086380677924,7383.059999999999,550.6076433431987,500.6076433431987,False,True
779,26,4,174318.13,2,0,1,38296.21,0,False,True,False,0.2230135559558313,15688.631699999998,874.6943858745946,824.6943858745946,False,True
611,41,2,114206.84,1,1,0,164061.6,0,True,False,False,0.7056326407341416,10278.6156,1813.2316672297857,1763.2316672297857,True,True
646,39,9,111574.41,1,1,1,30838.51,0,True,False,True,0.5709022688192792,10041.6969,1433.2068857513807,1383.2068857513807,True,True
683,57,5,162448.69,1,0,0,9221.78,1,True,False,False,0.914781915470494,14620.3821,3343.615285587131,3293.615285587131,True,True
484,34,4,148249.54,1,0,1,33738.27,0,True,False,False,0.4311227156096023,13342.458600000002,1438.0592461351732,1388.0592461351732,False,True
762,26,7,123709.46,2,1,1,169654.57,0,False,True,False,0.2011027952823067,11133.8514,559.762159699456,509.762159699456,False,True
702,37,10,150525.8,1,1,1,94728.49,0,False,False,True,0.1947264738986576,13547.321999999998,659.5055609574274,609.5055609574274,False,True
698,51,2,111018.98,1,1,0,86410.28,0,True,False,False,0.928965691642234,9991.7082,2320.488529675095,2270.488529675095,True,True
495,30,10,129755.99,1,0,0,172749.65,0,False,False,True,0.2495418434038175,11678.0391,728.5398510889644,678.5398510889644,False,True
605,64,2,129555.7,1,1,1,13601.79,0,False,False,False,0.4698248511729166,11660.013,1369.5409680998184,1319.5409680998184,False,True
667,38,1,87202.38,1,1,1,77866.91,0,False,True,True,0.2159383850300197,7848.2142,423.68267492941703,373.68267492941703,False,True
688,26,8,146133.39,1,1,1,175296.76,0,True,False,True,0.3026571305809173,13152.005100000002,995.1370312378978,945.1370312378978,False,True
754,39,6,170184.99,2,1,0,89593.26,0,False,True,True,0.2697338003661418,15316.6491,1032.8544926544114,982.8544926544114,False,True
612,62,8,140745.33,1,1,0,193437.89,1,True,False,False,0.921509396636685,12667.079699999998,2918.2082428739495,2868.2082428739495,True,True
546,42,7,139070.51,1,1,1,86945.0,0,False,True,True,0.3454120450550597,12516.3459,1080.824158483878,1030.824158483878,False,True
593,35,9,114193.24,1,1,0,71154.1,0,False,False,True,0.3182598260609612,10277.3916,817.720215744096,767.720215744096,False,True
656,40,10,167878.5,1,0,1,151887.16,0,False,True,False,0.4104455329658469,15109.065,1550.362059135156,1500.362059135156,False,True
535,53,5,141616.55,2,1,1,75888.65,0,True,False,False,0.6047698093486569,12745.489499999998,1927.0218137425766,1877.0218137425766,True,True
678,36,3,145747.67,2,0,1,89566.74,0,True,False,True,0.1730177657995749,13117.2903,567.3810652626089,517.3810652626089,False,True
477,48,2,129120.64,1,0,1,26475.79,0,False,True,False,0.5641538638861927,11620.8576,1638.987929177807,1588.987929177807,True,True
850,35,7,110349.82,1,0,0,126355.8,0,False,True,True,0.2713181093077364,9931.4838,673.6478518091034,623.6478518091034,False,True
427,29,1,141325.56,1,1,1,93839.3,0,False,False,True,0.1839390758187747,12719.300399999998,584.8940901593428,534.8940901593428,False,True
752,49,2,78653.84,1,1,0,7698.6,0,False,False,True,0.7606459920974588,7078.845599999999,1346.1238835791823,1296.1238835791823,True,True
799,28,3,142253.65,1,1,0,45042.56,0,False,True,False,0.3553730234070034,12802.8285,1137.4449680515875,1087.4449680515875,False,True
583,54,6,115988.86,1,1,0,57553.98,1,True,False,False,0.9352736694953084,10438.9974,2440.829851037496,2390.829851037496,True,True
839,33,10,75592.43,1,1,0,62674.42,0,False,True,False,0.3234509516209888,6803.318699999998,550.134976923967,500.134976923967,False,True
540,44,3,164113.04,2,1,1,12120.79,0,True,False,True,0.3676564973245259,14770.1736,1357.5875726627958,1307.5875726627958,False,True
850,31,6,67996.23,2,0,0,50129.87,1,False,False,True,0.1968146343795837,6119.660699999999,301.10969579940183,251.10969579940183,False,True
682,48,1,138778.15,1,0,1,168840.23,0,False,False,True,0.4491831569858586,12490.033499999998,1402.578169597283,1352.578169597283,False,True
744,43,10,147832.15,1,0,1,24234.11,0,False,False,False,0.5365676048892306,13304.8935,1784.7437096503231,1734.7437096503231,True,True
785,36,4,135438.4,1,0,0,190627.01,0,False,False,False,0.3588101003621747,12189.455999999998,1093.424982680078,1043.424982680078,False,True
752,48,5,116060.08,1,1,0,156618.38,1,False,True,True,0.7695103083722346,10445.4072,2009.4621288863898,1959.4621288863898,True,True
706,29,5,112564.62,1,1,0,42334.38,0,False,False,False,0.351317361186199,10130.8158,889.7828683798629,839.7828683798629,False,True
583,27,1,125406.58,1,1,1,110784.42,0,False,False,False,0.2242741027980082,11286.5922,632.8225848254993,582.8225848254993,False,True
660,39,5,135134.99,1,1,0,173683.0,1,True,False,False,0.6798614174663313,12162.1491,2067.1439816407164,2017.1439816407164,True,True
819,39,9,133102.92,1,1,0,27046.46,1,False,False,False,0.4977027418043153,11979.2628,1490.5279850886097,1440.5279850886097,False,True
673,34,8,42157.08,1,1,0,20598.59,1,False,False,False,0.4569700974893644,3794.1372,433.45181154300604,383.45181154300604,False,True
578,38,7,82259.29,1,1,0,8996.97,0,False,False,True,0.361152898756068,7403.336099999999,668.4340732451107,618.4340732451107,False,True
668,42,3,150461.07,1,1,0,108139.23,0,False,False,True,0.6234946904474846,13541.4963,2110.7627609410647,2060.7627609410647,True,True
459,48,4,133994.52,1,1,1,19287.06,1,True,False,True,0.8005265252775069,12059.5068,2413.4887687911164,2363.4887687911164,True,True
729,31,8,164870.81,2,1,1,9567.39,0,False,True,True,0.142637845373631,14838.372899999998,529.1283848266191,479.12838482661914,False,True
498,25,8,121702.73,1,1,1,132210.49,0,True,False,True,0.3263125380926623,10953.2457,893.5453511798848,843.5453511798848,False,True
549,25,6,193858.2,1,0,1,21600.11,0,False,True,True,0.2242063946735854,17447.238,977.9455822479944,927.9455822479944,False,True
601,54,1,131039.97,2,1,1,199661.5,0,True,False,False,0.4757679117095644,11793.5973,1402.7537897411391,1352.7537897411391,False,True
544,64,9,113829.45,1,1,1,124341.49,0,False,False,True,0.4119973843460123,10244.6505,1055.1923023847667,1005.1923023847667,False,True
632,41,3,81877.38,1,1,1,33642.21,0,True,False,False,0.5518894763705601,7368.9642,1016.7134484328508,966.7134484328508,True,True
694,57,8,116326.07,1,1,1,117704.65,0,False,True,True,0.4383728820262568,10469.3463,1147.3693776154819,1097.3693776154819,False,True
559,31,3,127070.73,1,0,1,160941.78,0,False,False,False,0.2608760729169759,11436.365699999998,745.8685430646004,695.8685430646004,False,True
695,46,3,122549.64,1,1,1,56297.85,0,False,True,True,0.458709500185065,11029.4676,1264.8303925258422,1214.8303925258422,False,True
640,42,5,176099.13,1,1,1,8404.73,0,False,False,False,0.4940764979786395,15848.9217,1957.6449325684166,1907.6449325684166,False,True
624,48,3,122388.38,2,0,0,30020.09,0,True,False,False,0.7031783724114428,11014.9542,1936.3693916356465,1886.3693916356465,True,True
640,32,6,118879.35,2,1,1,19131.71,0,False,True,False,0.200718463570946,10699.141500000002,536.8788108520367,486.87881085203674,False,True
593,38,4,88736.44,2,1,0,67020.03,0,False,True,False,0.3377351376105212,7986.2796,674.3118099255246,624.3118099255246,False,True
739,45,7,102703.62,1,0,1,147802.94,1,True,False,True,0.7602619746431164,9243.3258,1756.837281244416,1706.837281244416,True,True
482,55,5,97318.25,1,0,1,78416.14,0,False,False,True,0.5622769626469616,8758.642499999998,1231.1957254526474,1181.1957254526474,True,True
591,58,5,128468.69,1,0,1,137254.55,0,False,True,True,0.4660089516933018,11562.1821,1347.0200899270146,1297.0200899270146,False,True
651,41,4,133432.59,1,0,1,151303.48,0,True,False,False,0.6255221498530239,12008.9331,1877.9634125382847,1827.9634125382847,True,True
749,40,8,141782.57,2,0,0,86333.63,0,True,False,False,0.3159268291401473,12760.4313,1007.840649767422,957.840649767422,False,True
583,24,9,135125.28,1,0,0,89801.9,0,False,False,True,0.2674433658207294,12161.2752,813.1130930400411,763.1130930400411,False,True
661,42,2,178820.91,1,0,0,29358.57,1,False,True,True,0.6922676758623878,16093.8819,2785.3185546291875,2735.3185546291875,True,True
715,31,2,112212.14,2,1,1,181600.72,0,False,False,False,0.1685942795678236,10099.0926,425.66231029643467,375.66231029643467,False,True
769,45,5,126674.81,1,1,0,124118.71,1,True,False,False,0.8829794830511685,11400.7329,2516.6533106116126,2466.6533106116126,True,True
625,51,7,136294.97,1,1,0,38867.46,1,False,False,False,0.815232863488206,12266.5473,2500.0231201231304,2450.0231201231304,True,True
641,36,5,66392.64,1,1,0,31106.67,0,False,False,False,0.4448384865456752,5975.3376,664.5150336458668,614.5150336458668,False,True
716,27,1,122552.34,2,1,0,67611.36,0,True,False,True,0.2961913672249372,11029.7106,816.7262656773457,766.7262656773457,False,True
767,43,1,76408.85,2,1,0,77837.63,0,False,False,True,0.3275423483303825,6876.7965,563.1105186500388,513.1105186500388,False,True
745,36,8,145071.24,1,0,0,6078.46,0,True,False,True,0.4375494060692159,13056.411599999998,1428.2062852438048,1378.2062852438048,False,True
796,45,2,109730.22,1,1,1,123882.73,0,False,False,False,0.5196014161887779,9875.7198,1282.8594984908887,1232.8594984908887,True,True
445,62,1,64119.38,1,1,1,76569.64,1,False,True,True,0.583520047359663,5770.744199999999,841.836232221125,791.836232221125,True,True
543,57,1,106138.33,2,1,1,120657.32,1,True,False,False,0.6969349310698325,9552.4497,1664.3589683043854,1614.3589683043854,True,True
742,33,0,181656.51,1,1,1,107667.91,0,True,False,True,0.2764074812568106,16349.085900000002,1129.7524136175591,1079.7524136175591,False,True
669,30,7,95128.86,1,0,0,19799.26,0,False,False,True,0.2629748059814888,8561.5974,562.8711037891549,512.8711037891549,False,True
594,49,2,126615.94,2,0,1,123214.74,0,False,True,False,0.5359366215575643,11395.4346,1526.8076801760435,1476.8076801760435,True,True
659,36,2,76190.48,2,1,1,149066.14,0,True,False,True,0.1289372876993939,6857.1432,221.03536139358562,171.03536139358562,False,True
750,40,5,168286.81,3,1,0,20451.99,1,True,False,True,0.9043461723581516,15145.8129,3424.264480841929,3374.264480841929,True,True
626,35,4,88109.81,1,1,1,32825.5,0,True,False,True,0.2924773712327564,7929.8829,579.8278261938967,529.8278261938967,False,True
686,34,3,123971.51,2,1,0,147794.63,0,False,False,False,0.2753817892524294,11157.4359,768.1386654028225,718.1386654028225,False,True
540,48,0,148116.48,1,0,0,116973.48,0,False,False,True,0.7202717873885435,13330.483200000002,2400.392740304238,2350.392740304238,True,True
634,35,6,116269.01,1,1,0,129964.94,0,True,False,True,0.5753732121302991,10464.2109,1505.206659485472,1455.206659485472,True,True
632,38,1,120599.21,1,1,0,92816.86,0,False,True,True,0.3791684299963795,10853.9289,1028.8667950763327,978.8667950763327,False,True
501,41,3,144260.5,1,1,0,172114.67,0,False,False,False,0.5917300086199674,12983.445,1920.6735054417181,1870.6735054417181,True,True
650,25,3,86605.5,3,1,0,16649.31,1,False,True,False,0.7979011705209218,7794.495,1554.8091710298681,1504.8091710298681,True,True
554,37,4,58629.97,1,0,0,182038.6,0,True,False,False,0.3798548778867724,5276.6973,501.0948021342404,451.0948021342404,False,True
672,56,2,209767.31,2,1,1,150694.42,1,False,True,False,0.6280524796551556,18879.0579,2964.2597819120638,2914.2597819120638,True,True
459,42,6,129634.25,2,1,1,177683.02,1,False,True,False,0.4320807181514399,11667.0825,1260.2803463330242,1210.2803463330242,False,True
776,38,2,169824.46,1,1,0,169291.7,0,False,False,False,0.500473488393085,15284.2014,1912.3343979901185,1862.3343979901185,True,True
694,36,3,97530.25,1,1,1,117140.41,0,False,False,True,0.2077085900324122,8777.7225,455.8020910426951,405.8020910426951,False,True
787,42,10,145988.65,2,1,1,79510.37,0,False,False,False,0.3880036322702132,13138.9785,1274.492845580059,1224.492845580059,False,True
673,40,5,137494.28,1,1,0,81753.92,0,False,False,False,0.5437476777000725,12374.4852,1682.1493975584792,1632.1493975584792,True,True
591,24,6,147360.0,1,1,1,25310.82,0,False,False,True,0.2040210667033689,13262.4,676.4522487616899,626.4522487616899,False,True
657,31,3,125167.02,1,0,0,98820.39,0,False,True,True,0.2922198616711978,11265.0318,822.9665085794111,772.9665085794111,False,True
738,43,9,121152.05,2,1,0,64166.7,1,True,False,True,0.5865338867882186,10903.6845,1598.8451125243635,1548.8451125243635,True,True
545,60,7,128981.07,1,0,1,176924.21,1,True,False,False,0.8111025041863915,11608.2963,2353.8795495669056,2303.8795495669056,True,True
816,67,6,151858.98,1,1,1,72814.31,0,False,True,True,0.2601504877906831,13667.3082,888.8892237539008,838.8892237539008,False,True
525,36,2,114628.4,1,0,1,168290.06,0,False,False,True,0.2666330893617291,10316.556,687.6837994633206,637.6837994633206,False,True
692,28,8,95059.02,2,1,0,44420.18,0,False,False,False,0.1875362719277794,8555.3118,401.10782003793497,351.10782003793497,False,True
618,24,7,128736.39,1,0,1,37147.61,0,False,False,False,0.2395844683729333,11586.2751,693.9728900640137,643.9728900640137,False,True
546,24,8,156325.38,1,1,1,125381.02,0,False,False,True,0.178318569898917,14069.284200000002,627.2036595113573,577.2036595113573,False,True
635,29,7,105405.97,1,1,1,149853.89,0,False,False,True,0.1877857323418691,9486.5373,445.3590885672394,395.3590885672394,False,True
611,49,2,88915.37,3,0,0,161435.02,1,False,False,False,0.9222896971356792,8002.383299999999,1845.128917530154,1795.128917530154,True,True
844,18,2,160980.03,1,0,0,145936.28,0,False,False,True,0.2522592604277764,14488.202699999998,913.6958245074283,863.6958245074283,False,True
450,46,5,177619.71,1,1,0,54227.06,0,False,True,False,0.6327208708682698,15985.773899999997,2528.6331958778137,2478.6331958778137,True,True
727,38,2,62276.99,1,1,1,59280.79,0,False,True,True,0.3062916167127159,5604.929099999999,429.1856988997868,379.1856988997868,False,True
460,46,4,127559.97,2,1,1,126952.5,0,True,False,True,0.5893477734166434,11480.3973,1691.486646673361,1641.486646673361,True,True
758,47,9,95523.16,1,1,0,73294.48,0,True,False,False,0.8850557537459551,8597.0844,1902.224753414898,1852.224753414898,True,True
490,35,7,107749.03,1,1,1,3937.37,0,False,False,False,0.2586944743459176,9697.4127,627.1667702354814,577.1667702354814,False,True
815,37,2,110777.26,2,1,0,2383.59,0,True,False,True,0.3483081146372566,9969.9534,868.1539179438265,818.1539179438265,False,True
838,39,5,166733.92,2,1,0,14279.44,0,False,True,False,0.2973180394091178,15006.0528,1115.3925494414254,1065.3925494414254,False,True
803,31,9,157120.86,2,1,0,141300.53,0,False,False,True,0.1821772791855019,14140.8774,644.0366425069385,594.0366425069385,False,True
664,36,2,127160.78,2,1,0,78140.75,0,True,False,False,0.3914504027485266,11444.4702,1119.9856172583777,1069.9856172583777,False,True
633,37,9,156091.97,1,1,0,72008.61,0,False,False,False,0.4032790947005443,14048.277300000002,1416.3441379115518,1366.3441379115518,False,True
664,58,5,98668.18,1,1,1,60887.58,0,False,False,True,0.4485420086721267,8880.136199999999,995.7785321075164,945.7785321075164,False,True
600,43,5,134022.06,1,1,0,194764.83,0,False,False,False,0.6156522664945983,12061.9854,1856.4971624836883,1806.4971624836883,True,True
693,35,5,124151.09,1,1,0,88705.14,1,False,False,False,0.399328553856603,11173.5981,1115.4841926619715,1065.4841926619715,False,True
663,36,6,77253.5,1,0,0,35817.97,1,True,False,False,0.3449212462067851,6952.8150000000005,599.5434036113072,549.5434036113072,False,True
742,21,1,114292.48,1,1,0,31520.4,0,True,False,False,0.5772147681224193,10286.3232,1484.3544151800656,1434.3544151800656,True,True
710,43,2,140080.32,3,1,1,157908.19,1,True,False,True,0.8638524092414694,12607.2288,2722.69624318461,2672.69624318461,True,True
710,27,2,135277.96,1,1,0,142200.15,0,False,True,False,0.371811649511074,12175.0164,1131.7032326270944,1081.7032326270944,False,True
720,60,9,115920.62,2,0,0,157552.08,1,True,False,True,0.765684836013781,10432.8558,1997.0698705946058,1947.0698705946058,True,True
684,41,2,119782.72,2,0,0,120284.67,0,False,True,True,0.2495784095265643,10780.4448,672.64156679323,622.64156679323,False,True
531,63,1,114715.71,1,0,1,24506.95,1,False,False,False,0.597048140068645,10324.4139,1541.0430290734664,1491.0430290734664,True,True
742,36,2,129748.54,2,0,0,47271.61,1,True,False,False,0.3019204146949556,11677.368599999998,881.4089925644632,831.4089925644632,False,True
717,31,4,129722.57,1,0,0,41176.6,0,False,False,True,0.2807495768929815,11675.0313,819.4400244218291,769.4400244218291,False,True
767,36,3,139180.2,1,0,0,123880.19,0,False,False,True,0.298864461978854,12526.218,935.9103507999592,885.9103507999592,False,True
636,49,6,113599.74,2,1,0,158887.09,1,True,False,True,0.7692503817150985,10223.9766,1966.1994755490587,1916.1994755490587,True,True
648,33,7,134944.0,1,1,1,117036.38,0,False,False,True,0.203811341125094,12144.96,618.8201463776553,568.8201463776553,False,True
622,58,7,116922.25,1,1,0,120415.61,1,True,False,False,0.9304194440653776,10523.0025,2447.7015339871446,2397.7015339871446,True,True
692,28,9,118945.09,1,0,0,16064.25,1,False,True,True,0.3194149092061435,10705.0581,854.8387902644978,804.8387902644978,False,True
679,35,8,119182.73,1,0,0,121210.09,0,False,True,False,0.362249912345065,10726.4457,971.4135036497748,921.4135036497748,False,True
774,28,1,71264.02,2,0,1,68759.57,0,False,False,False,0.1424695657159649,6413.7618,228.44146456291134,178.44146456291134,False,True
747,58,7,116313.57,1,1,1,190696.35,1,True,False,True,0.7692978170299414,10468.2213,2013.2949485690835,1963.2949485690835,True,True
792,36,5,92140.15,1,0,1,67468.67,0,False,True,True,0.1865794028086739,8292.6135,386.80771863828676,336.80771863828676,False,True
714,42,2,177640.09,1,0,1,47166.55,0,True,False,True,0.4334150646357743,15987.6081,1732.317549508232,1682.317549508232,False,True
704,48,8,167997.6,1,1,1,173498.45,0,False,True,True,0.424909947516545,15119.784,1606.1366564753741,1556.1366564753741,False,True
698,36,2,82275.35,2,1,1,93249.26,0,False,False,True,0.1443263884519695,7404.781499999999,267.1763427927393,217.17634279273932,False,True
850,48,6,111962.99,1,1,0,111755.8,0,True,False,False,0.859171397299518,10076.6691,2164.396467692969,2114.396467692969,True,True
743,34,1,131736.88,1,1,1,108543.21,0,True,False,False,0.5197446870534086,11856.3192,1540.5647280523299,1490.5647280523299,True,True
761,36,8,108239.11,2,0,0,99444.02,0,True,False,True,0.3234828156063121,9741.5199,787.8035713842299,737.8035713842299,False,True
702,46,9,98444.19,1,0,1,109563.28,0,False,False,False,0.558709289408716,8859.9771,1237.5378774296241,1187.5378774296241,True,True
488,32,3,114540.38,1,1,0,92568.07,0,True,False,True,0.5255179495321378,10308.6342,1354.3430768152175,1304.3430768152175,True,True
683,35,6,187530.66,2,1,1,37976.36,0,False,False,False,0.2540931232415566,16877.7594,1072.130649816385,1022.1306498163849,False,True
601,42,9,133636.16,1,0,1,103315.74,0,True,False,False,0.6297503738668655,12027.2544,1893.5419887479757,1843.5419887479757,True,True
671,44,0,84745.03,2,0,1,34673.98,0,True,False,False,0.4084178977272625,7627.0527,778.7562073972604,728.7562073972604,False,True
614,31,7,120599.38,2,1,1,46163.44,0,True,False,False,0.2364358508459915,10853.9442,641.5653829904786,591.5653829904786,False,True
850,39,4,127771.35,2,0,1,151738.54,0,False,False,True,0.1490422361279782,11499.4215,428.47487363453735,378.47487363453735,False,True
598,53,10,167772.96,1,1,1,136886.86,0,True,False,True,0.4860274659256955,15099.5664,1834.7009984921942,1784.7009984921942,False,True
657,37,6,95845.6,1,1,0,122218.23,0,False,False,False,0.3956119967232151,8626.104,853.1475568455281,803.1475568455281,False,True
681,65,7,134714.7,2,0,1,190419.81,0,False,True,True,0.2369878047220121,12124.323,718.3291728776501,668.3291728776501,False,True
421,28,8,122384.22,3,1,1,89017.38,1,True,False,True,0.7834475671498883,11014.5798,2157.336436872076,2107.336436872076,True,True
745,25,5,157993.15,2,1,0,146041.45,0,False,False,True,0.2016167587854612,14219.3835,716.7165032993668,666.7165032993668,False,True
580,42,2,123331.36,1,0,0,103516.08,1,True,False,False,0.7266728206169896,11099.8224,2016.4848129389104,1966.4848129389104,True,True
497,27,9,75263.16,1,1,1,164825.04,0,False,True,True,0.2054817036981214,6773.6844,347.9670527063468,297.9670527063468,False,True
720,43,6,137824.03,2,1,0,172557.77,0,False,False,False,0.4753209104193188,12404.1627,1473.989476888339,1423.989476888339,False,True
659,36,4,132578.92,2,1,0,84320.94,0,True,False,True,0.2983851153530418,11932.1028,890.0904675955883,840.0904675955883,False,True
841,36,5,156021.31,1,0,0,122662.98,0,False,False,False,0.3402606892995177,14041.9179,1194.478165935309,1144.478165935309,False,True
732,69,9,137453.43,1,0,1,110932.24,1,False,True,False,0.4540201165306413,12370.8087,1404.1490018880677,1354.1490018880677,False,True
464,33,8,164284.72,2,1,1,3710.34,0,True,False,True,0.1334472520566782,14785.624799999998,493.275249875268,443.275249875268,False,True
630,31,2,112373.49,2,1,1,131167.98,0,True,False,False,0.239664850009078,10113.6141,605.9694515815492,555.9694515815492,False,True
732,29,1,154333.82,1,1,1,138527.56,0,True,False,False,0.3389025994177788,13890.0438,1176.8429874617004,1126.8429874617004,False,True
634,37,3,111432.77,2,1,1,167032.49,0,True,False,True,0.2762111078186329,10028.9493,692.5267991024757,642.5267991024757,False,True
559,34,2,137390.11,2,1,0,9677.0,0,False,False,True,0.2083752791149023,12365.109899999998,644.1458066747354,594.1458066747354,False,True
686,56,5,111642.08,1,1,1,80553.87,0,True,False,False,0.7812235335230201,10047.7872,1962.3919551178433,1912.3919551178433,True,True
507,36,4,83543.37,1,0,0,140134.43,0,False,False,True,0.3172865764664863,7518.903299999999,596.4117717098915,546.4117717098915,False,True
732,50,6,145338.76,1,0,0,91936.1,1,True,False,True,0.9105389141787232,13080.4884,2977.5734261658463,2927.5734261658463,True,True
818,31,1,186796.37,1,0,0,178252.63,0,False,False,False,0.3725458378560112,16811.6733,1565.779728827508,1515.779728827508,False,True
660,35,8,58641.43,1,0,1,198674.08,0,True,False,True,0.3254581256685934,5277.7287,429.4199226223355,379.4199226223355,False,True
640,44,3,137148.68,1,1,0,92381.01,0,False,False,True,0.6688999528434316,12343.3812,2064.121775652125,2014.121775652125,True,True
505,49,7,80001.23,1,0,0,135180.11,0,False,False,True,0.7630976159223359,7200.110699999999,1373.5968273867252,1323.5968273867252,True,True
714,21,6,86402.52,2,0,0,27330.59,0,True,False,True,0.1707783243456151,7776.2268,332.00274565886616,282.00274565886616,False,True
611,51,1,122874.74,1,1,1,149648.45,0,False,True,True,0.4913141058037301,11058.7266,1358.327092701731,1308.327092701731,False,True
705,25,0,97544.29,1,0,1,59887.15,0,False,False,True,0.1538138675636118,8778.986099999998,337.5824513320471,287.5824513320471,False,True
646,46,1,170826.55,2,1,0,45041.32,0,True,False,True,0.5066730666963717,15374.389499999996,1947.4472691373735,1897.4472691373735,True,True
667,48,1,97133.92,2,0,0,113316.77,1,True,False,False,0.7657536435485361,8742.0528,1673.5646959234205,1623.5646959234205,True,True
511,41,8,153895.65,1,1,1,39087.42,0,True,False,False,0.5644783540072206,13850.608499999998,1954.5921720196043,1904.5921720196043,True,True
567,49,5,134956.02,1,1,0,93953.84,1,True,False,False,0.9161801048923928,12146.0418,2781.990462587847,2731.990462587847,True,True
741,39,7,143637.58,2,0,1,174227.66,0,False,True,True,0.1522908719907882,12927.382199999998,492.18057694904843,442.18057694904843,False,True
456,32,9,147506.25,1,1,1,135399.21,0,False,True,True,0.1950379201963276,13275.5625,647.3095248590898,597.3095248590898,False,True
667,43,8,190227.46,1,1,0,97508.04,1,False,False,True,0.7401511194958137,17120.4714,3167.9340182515148,3117.9340182515148,True,True
548,32,2,172448.77,1,1,0,188083.77,1,False,False,False,0.4718445042553341,15520.3893,1830.802598777073,1780.802598777073,False,True
725,41,7,113980.21,1,1,1,116704.25,0,False,False,True,0.3190016509205599,10258.2189,818.0971911511224,768.0971911511224,False,True
678,25,10,76968.12,2,0,1,131501.72,0,True,False,False,0.0971436805967175,6927.1308,168.23174547172104,118.23174547172104,False,True
545,38,1,88293.13,2,1,1,24302.95,0,False,False,True,0.1772498465426404,7946.3817,352.1237342235615,302.1237342235615,False,True
636,48,1,170833.46,1,1,0,110510.28,1,False,False,False,0.774079236457618,15375.0114,2975.369271259793,2925.369271259793,True,True
603,44,6,108122.39,2,1,0,108488.33,1,True,False,True,0.6760166677017894,9731.0151,1644.5821003144488,1594.5821003144488,True,True
629,45,7,129818.39,3,1,0,9217.55,1,True,False,False,0.9046107683598424,11683.6551,2642.290054315598,2592.290054315598,True,True
722,35,2,163943.89,2,1,1,15068.18,0,False,False,False,0.2173147548222976,14754.950100000002,801.6170908491839,751.6170908491839,False,True
645,38,5,101430.3,2,0,1,4400.32,0,False,False,False,0.225300956553757,9128.727,514.1777313045271,464.17773130452713,False,True
501,39,9,117301.66,1,0,0,182025.95,0,False,False,False,0.4865771108759689,10557.149399999998,1284.2168135344918,1234.2168135344918,False,True
502,32,1,173340.83,1,0,1,122763.95,0,True,False,False,0.3343630518726728,15600.674699999998,1304.0723009911983,1254.0723009911983,False,True
574,33,3,134348.57,1,1,0,63163.99,0,False,False,False,0.3621966051773831,12091.3713,1094.8634091998103,1044.8634091998103,False,True
518,45,9,105525.65,2,1,1,73418.29,0,False,False,False,0.4486329076858393,9497.3085,1065.2012818861092,1015.2012818861092,False,True
565,36,6,106192.1,1,1,0,149575.59,0,False,False,True,0.3207039116537606,9557.289,766.2649917763646,716.2649917763646,False,True
643,45,4,45144.43,1,1,0,60917.24,1,False,False,False,0.7918870122047249,4062.9987,804.3589752836704,754.3589752836704,True,True
515,65,7,92113.61,1,1,1,142548.33,0,False,False,True,0.3750412830805918,8290.224900000001,777.2941458806679,727.2941458806679,False,True
739,38,0,128366.44,1,1,0,12796.43,0,False,True,True,0.3566891543886001,11552.9796,1030.205631048187,980.2056310481869,False,True
733,74,3,106545.53,1,1,1,134589.58,0,True,False,True,0.3740160825240998,9589.097699999998,896.6191891737137,846.6191891737137,False,True
542,43,8,145618.37,1,0,1,10350.74,0,False,False,False,0.5171344950453726,13105.653299999998,1694.346350383805,1644.346350383805,True,True
788,37,8,141541.25,1,0,0,66013.27,0,False,True,True,0.298992268354644,12738.7125,952.1941365731644,902.1941365731644,False,True
435,32,2,57017.06,2,1,1,5907.11,0,True,False,True,0.0909969188299246,5131.535399999999,116.73847756667114,66.73847756667114,False,True
728,35,8,125884.95,2,1,0,54359.02,1,True,False,False,0.4289329437440909,11329.6455,1214.9145489729983,1164.9145489729983,False,True
728,32,5,61825.5,1,1,1,156124.93,0,True,False,True,0.1645255523027944,5564.295,228.86717701266934,178.86717701266934,False,True
523,40,2,102967.41,1,1,0,128702.1,1,False,False,False,0.5874830397302355,9267.0669,1361.0611579488625,1311.0611579488625,True,True
657,25,2,171770.55,1,1,0,22745.5,0,True,False,True,0.3582991650036124,15459.349499999997,1384.768004337253,1334.768004337253,False,True
727,40,1,93051.64,2,1,0,71865.31,1,True,False,True,0.4307145702259872,8374.6476,901.7706854570238,851.7706854570238,False,True
643,36,7,161064.64,2,0,1,84294.82,0,False,False,True,0.1688592687369598,14495.817599999998,611.9382899200879,561.9382899200879,False,True
645,48,7,90612.34,1,1,1,149139.13,0,False,False,False,0.6046832865504895,8155.1106,1232.8147699476835,1182.8147699476835,True,True
568,28,5,145105.64,2,1,0,185489.11,0,False,False,True,0.228460297033942,13059.5076,745.8947463532558,695.8947463532558,False,True
685,33,6,174912.72,1,1,1,43932.54,0,False,False,True,0.2044099414755378,15742.144799999998,804.4627243168603,754.4627243168603,False,True
516,46,1,104947.72,1,1,0,115789.25,1,False,False,False,0.8039086045129865,9445.2948,1898.2884404704419,1848.2884404704419,True,True
685,31,10,135213.71,1,1,1,125777.28,0,False,True,True,0.1792119773642986,12169.2339,545.2181175569139,495.21811755691385,False,True
604,36,6,116229.85,2,1,1,79633.38,0,False,False,True,0.1460383663106266,10460.6865,381.91539173690666,331.91539173690666,False,True
648,53,6,111201.41,1,1,1,121542.29,0,False,True,False,0.5260054605764127,10008.1269,1316.0823498854213,1266.0823498854213,True,True
756,27,1,131899.0,1,1,0,93302.29,0,True,False,True,0.4654874325361704,11870.91,1381.4398544419878,1331.4398544419878,False,True
569,35,10,124525.52,1,1,1,193793.78,0,False,False,True,0.2454596376785569,11207.2968,687.7347529710125,637.7347529710125,False,True
646,45,3,47134.75,1,1,1,57236.44,0,False,False,False,0.6094522046923455,4242.1275000000005,646.343489365257,596.343489365257,True,True
572,19,1,138657.08,1,1,1,16161.82,0,True,False,False,0.4317909143570766,12479.137199999996,1347.0945154938518,1297.0945154938518,False,True
785,34,9,70302.48,1,1,1,68600.36,0,False,False,False,0.2548344642871282,6327.2232,403.09863364927224,353.09863364927224,False,True
714,36,1,101609.01,2,1,1,447.73,0,True,False,False,0.2515477719340554,9144.8109,575.0892016633161,525.0892016633161,False,True
639,38,5,130170.82,1,1,1,149599.62,0,True,False,True,0.5069494190156939,11715.3738,1484.7754853654205,1434.7754853654205,True,True
520,61,8,133802.29,2,1,1,90304.01,0,True,False,True,0.5348977730760462,12042.2061,1610.337306453195,1560.337306453195,True,True
764,24,7,106234.02,1,0,0,115676.38,0,False,False,False,0.3290890195303057,9561.0618,786.610113357665,736.610113357665,False,True
661,39,6,132628.98,1,0,0,38812.67,0,False,True,True,0.3485983330162076,11936.6082,1040.2704300968985,990.2704300968985,False,True
564,41,9,103522.75,2,1,1,34338.21,0,True,False,True,0.3729953541218881,9317.0475,868.8038579082381,818.8038579082381,False,True
708,42,8,192390.52,2,1,0,823.36,0,True,False,False,0.2649143984472461,17315.1468,1146.7579246369396,1096.7579246369396,False,True
775,52,8,109922.61,1,1,1,96823.32,1,False,False,True,0.4930987206116931,9893.0349,1219.5607130392073,1169.5607130392073,False,True
850,44,5,128605.32,1,0,1,171096.2,0,True,False,False,0.6768622209805946,11574.4788,1958.581856815202,1908.581856815202,True,True
724,37,10,68598.56,1,1,0,157862.82,0,False,False,False,0.4502058837359023,6173.8704,694.8781948757321,644.8781948757321,False,True
710,35,1,106518.52,1,1,1,127951.81,0,False,True,True,0.1783453136500945,9586.6668,427.434274326237,377.434274326237,False,True
675,29,8,121326.42,1,1,0,133457.52,0,True,False,False,0.5928312059605907,10919.377799999998,1618.3369773783252,1568.3369773783252,True,True
745,36,8,67226.37,1,1,0,130789.6,0,False,False,True,0.3809880168588836,6050.373299999999,576.2799312057348,526.2799312057348,False,True
697,25,5,82931.85,2,1,1,128373.88,0,False,True,False,0.1372199530536737,7463.8665,256.04785268222196,206.04785268222196,False,True
715,38,5,118590.41,1,1,1,5684.17,1,False,False,False,0.3206627011350635,10673.1369,855.6192269845795,805.6192269845795,False,True
659,67,4,145981.87,1,1,1,131043.2,0,False,False,True,0.2968689966980983,13138.368299999998,975.0935538677747,925.0935538677747,False,True
684,48,3,73309.38,1,0,0,21228.34,1,False,False,False,0.7948947635045813,6597.8442,1311.1479512497683,1261.1479512497683,True,True
635,48,8,130796.33,2,1,1,43250.3,0,False,False,False,0.5031751702888045,11771.6697,1480.8029764702653,1430.8029764702653,True,True
789,33,8,151607.56,1,1,0,4389.4,0,True,False,True,0.4291184946207365,13644.680399999996,1463.7961782072666,1413.7961782072666,False,True
571,66,9,111577.01,1,0,1,189271.9,0,True,False,False,0.6757167106516995,10041.9309,1696.375129084915,1646.375129084915,True,True
694,39,0,107042.74,1,1,1,102284.2,0,False,True,True,0.2201774260335399,9633.8466,530.2888867974925,480.2888867974925,False,True
665,42,2,156371.61,2,0,1,156774.94,1,False,True,False,0.5298101061465164,14073.4449,1864.0633340790373,1814.0633340790373,True,True
706,44,4,129605.99,1,0,0,69865.49,0,False,False,False,0.6529359802855146,11664.5391,1904.0493179593036,1854.0493179593036,True,True
531,27,8,132576.25,1,0,0,7222.92,0,False,True,True,0.2828626621195338,11931.8625,843.769597698559,793.769597698559,False,True
629,37,6,129101.3,1,1,1,23971.33,0,False,False,False,0.2884618282698051,11619.116999999998,837.9179331751932,787.9179331751932,False,True
850,31,1,108822.4,1,1,1,132173.31,0,True,False,False,0.3935684324836586,9794.016,963.653881209968,913.653881209968,False,True
685,35,4,137948.51,1,1,0,113639.64,0,False,True,True,0.326993007808289,12415.3659,1014.9344596703663,964.9344596703663,False,True
642,32,7,100433.8,1,1,1,39768.59,0,False,True,True,0.1945192304243149,9039.042,439.56687340326505,389.56687340326505,False,True
529,63,4,96134.11,3,1,0,108732.96,1,False,True,True,0.9611415252704744,8652.069899999999,2078.9659151081896,2028.9659151081896,True,True
683,43,4,115888.04,1,1,1,117349.19,1,True,False,False,0.7434391945492469,10429.923599999998,1938.5035000985451,1888.5035000985451,True,True
663,42,5,124626.07,1,1,1,78004.5,0,False,False,False,0.4555522251653496,11216.3463,1277.4078787975338,1227.4078787975338,False,True
563,34,6,139810.34,1,1,1,152417.79,0,False,False,False,0.2810576278390053,12582.9306,884.1321564247079,834.1321564247079,False,True
544,37,3,84496.71,1,0,0,79972.09,0,False,False,True,0.3286519523847548,7604.7039,624.8251960107399,574.8251960107399,False,True
649,70,9,116854.71,2,0,1,107125.79,0,True,False,True,0.4640983697926942,10516.923900000002,1220.2218093059562,1170.2218093059562,False,True
638,48,10,138333.03,1,1,1,47679.14,0,False,False,False,0.5516644554317005,12449.972699999998,1717.0518524212594,1667.0518524212594,True,True
635,43,5,78992.75,2,0,0,153265.31,0,True,False,True,0.3366122205996167,7109.3475,598.2733122473334,548.2733122473334,False,True
750,38,7,97257.41,2,0,1,179883.04,0,False,True,False,0.2082292647907576,8753.1669,455.6663770444487,405.6663770444487,False,True
730,34,5,122453.37,2,1,0,138882.98,0,False,False,True,0.1866762448217721,11020.8033,514.3305437408485,464.3305437408485,False,True
750,36,8,112940.07,1,0,1,9855.81,0,False,True,False,0.2404165051553047,10164.6063,610.9347807313981,560.9347807313981,False,True
586,43,8,132558.26,1,1,0,67046.83,1,False,False,False,0.6499516022301915,11930.2434,1938.520203206542,1888.520203206542,True,True
652,48,8,133297.24,1,1,0,77764.37,0,False,False,False,0.7596643432217373,11996.751599999998,2278.376106252081,2228.376106252081,True,True
594,27,0,197041.8,1,0,0,151912.49,0,False,False,True,0.2833260626372135,17733.761999999995,1256.1092408013587,1206.1092408013587,False,True
749,44,0,71497.79,2,0,0,151083.8,0,True,False,False,0.4024036409397299,6434.801099999999,647.3468478407447,597.3468478407447,False,True
614,35,6,128100.28,1,0,0,69454.24,1,True,False,False,0.6332022080979498,11529.0252,1825.051053464227,1775.051053464227,True,True
773,25,1,124532.78,2,0,1,11723.57,0,False,False,True,0.1360781196681467,11207.9502,381.28919713755715,331.28919713755715,False,True
551,31,9,82293.82,2,1,1,91565.25,0,True,False,True,0.0770867762005196,7406.443800000001,142.7347189130815,92.73471891308151,False,True
566,36,1,142120.91,1,1,0,79616.37,0,False,False,True,0.3304213608116098,12790.8819,1056.5951508446472,1006.5951508446472,False,True
569,34,0,151839.26,1,1,0,102299.81,1,False,True,True,0.3847489085500529,13665.5334,1314.4497651010734,1264.4497651010734,False,True
659,31,7,149620.88,2,1,1,104533.51,0,False,True,True,0.1330705181974023,13465.8792,447.97788078190524,397.97788078190524,False,True
722,49,3,168197.66,1,1,0,140765.57,1,False,False,False,0.7877798238165874,15137.7894,2981.311266626151,2931.311266626151,True,True
655,37,5,93147.0,2,1,0,66214.13,0,False,False,True,0.2035098560690818,8383.23,426.5174826735022,376.5174826735022,False,True
615,35,2,97440.02,2,1,1,139816.1,0,False,False,False,0.1756561569842791,8769.6018,385.1086376176042,335.1086376176042,False,True
752,42,3,65046.08,2,0,1,140139.28,0,True,False,False,0.2854489191622578,5854.147199999999,417.7649977141894,367.7649977141894,False,True
661,28,7,95357.49,1,0,0,102297.15,0,False,True,False,0.3316391156717123,8582.1741,711.5461572661683,661.5461572661683,False,True
838,43,9,123105.88,2,1,0,145765.83,0,False,True,True,0.391949827361387,11079.5292,1085.6548892963617,1035.6548892963617,False,True
587,62,7,121286.27,1,0,1,6776.92,0,False,True,True,0.3854821878270543,10915.7643,1051.9581760421136,1001.9581760421136,False,True
811,28,4,167738.82,2,1,1,9903.42,0,True,False,False,0.1846290106284703,15096.4938,696.812678563209,646.812678563209,False,True
759,38,1,104091.29,1,0,0,91561.91,0,False,False,False,0.4206865864011375,9368.2161,985.2707129442942,935.2707129442942,False,True
648,42,8,121980.56,2,1,0,4027.02,0,True,False,False,0.4228320840961382,10978.2504,1160.4891240903157,1110.4891240903157,False,True
725,39,1,50880.98,2,1,1,184023.54,0,True,False,True,0.1668423828279028,4579.2882,191.0048387359245,141.0048387359245,False,True
646,42,3,175159.9,2,0,0,67124.48,1,False,False,False,0.5046349167474721,15764.391,1988.8155349648994,1938.8155349648994,True,True
601,26,7,105514.69,2,1,0,50070.59,0,True,False,False,0.2989494734447472,9496.3221,709.730122864179,659.730122864179,False,True
521,52,5,116497.31,3,0,0,53793.1,1,True,False,True,0.9528013478438428,10484.7579,2497.472864734095,2447.472864734095,True,True
564,42,7,99824.45,1,1,1,36721.4,0,False,False,True,0.3691815341679866,8984.200499999999,829.200230965698,779.200230965698,False,True
719,35,3,122964.88,1,1,1,138231.7,0,False,True,True,0.1889742413268444,11066.8392,522.8368854265455,472.83688542654545,False,True
676,37,5,89634.69,1,1,1,169583.18,1,False,False,False,0.3478085689106709,8067.1221,701.4535482071615,651.4535482071615,False,True
541,40,7,95710.11,2,1,0,49063.42,0,True,False,True,0.3857439905852547,8613.9099,830.6909948419582,780.6909948419582,False,True
778,41,7,139706.31,1,1,0,63337.19,0,True,False,True,0.6416409720607475,12573.5679,2016.929082406953,1966.929082406953,True,True
850,45,5,103909.86,1,1,0,60083.11,1,True,False,False,0.8179887838629806,9351.8874,1912.4347502873827,1862.4347502873827,True,True
625,49,6,173434.9,1,1,0,165580.93,1,False,False,True,0.6994874954500658,15609.141,2729.5997360542337,2679.5997360542337,True,True
485,32,6,102238.01,2,1,1,194010.12,0,False,True,True,0.1341873432478414,9201.4209,308.6785561690404,258.6785561690404,False,True
547,48,1,179380.74,2,0,1,69263.1,0,False,False,False,0.5183019021594831,16144.2666,2091.901021937453,2041.9010219374532,True,True
718,25,4,108691.95,1,1,0,63030.97,0,False,False,False,0.3417243577281851,9782.2755,835.7104530894152,785.7104530894152,False,True
737,35,0,133377.8,1,0,1,64050.19,0,True,False,True,0.4064958473971012,12004.002,1219.8942412866245,1169.8942412866245,False,True
730,39,1,116537.6,1,0,0,145679.6,0,False,False,True,0.3857441210347348,10488.384,1011.458116788694,961.458116788694,False,True
645,29,1,130131.08,2,0,1,196474.35,0,False,False,True,0.1534356955040468,11711.7972,449.251937246087,399.251937246087,False,True
521,30,2,107316.09,1,1,0,64299.82,0,False,False,True,0.2883521067811663,9658.448099999998,696.2584644678881,646.2584644678881,False,True
523,30,1,83181.29,1,1,1,138176.78,0,False,False,True,0.1643531190242021,7486.316099999999,307.59985025902506,257.59985025902506,False,True
580,67,3,153946.14,1,1,1,7418.92,0,False,True,True,0.2654602025662244,13855.1526,919.4979039454876,869.4979039454876,False,True
630,39,7,135483.17,1,1,0,140881.2,1,False,True,False,0.5022782058387398,12193.4853,1531.1304798512622,1481.1304798512622,True,True
670,38,4,119624.54,2,1,1,110472.12,0,False,False,False,0.2237052791967371,10766.2086,602.114425188328,552.114425188328,False,True
588,34,6,121132.26,2,1,0,86460.28,0,False,True,True,0.1848474537763964,10901.9034,503.7972712015596,453.7972712015596,False,True
812,25,5,54817.55,1,1,0,131660.31,0,True,False,True,0.2893331187621112,4933.5795,356.8619858489543,306.8619858489543,False,True
631,40,3,107949.45,1,1,0,52449.62,1,True,False,True,0.7155336493641922,9715.4505,1737.9329378705415,1687.9329378705415,True,True
625,49,2,80816.45,1,1,1,20018.79,0,False,True,False,0.5808308173455822,7273.4805,1056.1654059405384,1006.1654059405384,True,True
607,38,3,98205.77,1,1,0,176318.27,0,True,False,True,0.5219569263006963,8838.5193,1153.3315917193456,1103.3315917193456,True,True
600,50,6,94684.27,1,1,1,50488.91,0,False,True,False,0.5249838086528262,8521.5843,1118.4234453925321,1068.4234453925321,True,True
602,22,7,141604.76,1,1,0,30379.6,0,False,True,False,0.3432884783725599,12744.4284,1093.7538582910095,1043.7538582910095,False,True
581,47,1,122949.14,1,0,0,180251.68,1,False,False,False,0.7596838946602682,11065.422599999998,2101.5558342074373,2051.5558342074373,True,True
640,33,8,81677.22,2,0,0,34925.56,0,True,False,True,0.1384529181743896,7350.9498,254.4401127908614,204.4401127908614,False,True
850,38,7,80293.98,1,0,0,126555.74,0,False,False,True,0.342614644001308,7226.458199999999,618.9726008958331,568.9726008958331,False,True
490,48,8,155413.06,1,1,0,187921.3,0,False,True,False,0.6657893074331017,13987.175399999998,2328.127955627829,2278.127955627829,True,True
613,38,9,67111.65,1,1,0,78566.64,1,True,False,True,0.5358171227858182,6040.048499999999,809.090352189199,759.090352189199,True,True
812,34,5,103818.43,1,1,1,166038.27,0,False,False,True,0.1758012164750769,9343.6587,410.6566414469839,360.6566414469839,False,True
512,36,4,152169.12,2,0,0,38629.3,1,False,False,True,0.2078689259995468,13695.2208,711.7027097556635,661.7027097556635,False,True
650,26,4,214346.96,2,1,0,128815.33,0,True,False,True,0.2125665894459373,19291.2264,1025.1675505193566,975.1675505193566,False,True
844,40,7,113348.14,1,1,0,31904.31,1,False,False,True,0.4784688595677266,10201.3326,1220.2549937982678,1170.2549937982678,False,True
686,47,5,170935.94,1,1,0,173179.79,1,True,False,False,0.7887000062551454,15384.2346,3033.386481312656,2983.386481312656,True,True
695,52,8,103023.26,1,1,1,22485.64,0,True,False,True,0.7644506182677739,9272.0934,1772.0143830666366,1722.0143830666366,True,True
535,31,7,111855.04,2,1,1,36278.89,0,False,False,False,0.1613669599202211,10066.9536,406.1184245224814,356.1184245224814,False,True
743,32,6,140348.56,2,1,1,163254.39,0,True,False,False,0.2555844289994315,12631.3704,807.0953977910802,757.0953977910802,False,True
658,29,3,145512.84,1,1,0,20207.02,0,False,False,True,0.3367102866060558,13096.155599999998,1102.4025763783754,1052.4025763783754,False,True
677,41,8,146720.98,2,1,1,4195.84,0,True,False,False,0.2864080693880282,13204.8882,945.4966339616886,895.4966339616886,False,True
664,32,10,107209.73,1,1,1,112340.2,0,False,False,True,0.1815878329401817,9648.8757,438.02960716804466,388.02960716804466,False,True
766,38,7,130933.74,1,0,1,2035.94,0,True,False,False,0.5600639656069724,11784.0366,1649.9535672634258,1599.9535672634258,True,True
688,36,0,89772.3,1,1,0,177383.68,1,False,True,True,0.3941466210203802,8079.507,796.1275958901272,746.1275958901272,False,True
712,36,2,100749.5,3,0,0,70758.37,1,False,False,True,0.798462183538498,9067.454999999998,1810.0049796092674,1760.0049796092674,True,True
628,51,3,123981.31,2,1,1,40546.15,0,False,False,False,0.5265816428707925,11158.3179,1468.9413428641426,1418.9413428641426,True,True
539,34,4,91622.42,1,1,1,136603.42,0,True,False,False,0.3684670766985593,8246.0178,759.5965182925713,709.5965182925713,False,True
732,36,7,126195.81,1,1,1,133172.48,0,False,False,True,0.1982020503382278,11357.6229,562.7760364371022,512.7760364371022,False,True
715,41,4,94267.9,1,0,1,152821.12,1,False,False,True,0.404184796885698,8484.110999999999,857.2871703226789,807.2871703226789,False,True
756,39,3,100717.85,3,1,1,73406.04,1,True,False,False,0.8769524738815855,9064.6065,1987.3072737345249,1937.3072737345249,True,True
790,26,4,141581.71,2,0,0,98309.27,0,False,False,False,0.2256868385696644,12742.353899999998,718.9453919067083,668.9453919067083,False,True
850,39,2,148586.64,1,1,1,176791.27,0,False,False,False,0.2962575070961876,13372.797600000002,990.4479199694703,940.4479199694703,False,True
512,32,2,123403.85,2,1,0,80120.19,0,True,False,False,0.3177187503235136,11106.3465,882.1736326599822,832.1736326599822,False,True
514,46,3,106511.85,1,1,0,55072.32,0,False,False,False,0.7592211834578942,9586.0665,1819.4861882090188,1769.4861882090188,True,True
420,34,1,135549.9,1,0,0,149471.13,1,True,False,False,0.6256616746455037,12199.491,1908.1884922206877,1858.1884922206877,True,True
679,38,7,110555.37,2,1,0,46522.68,0,True,False,True,0.3993245097744292,9949.9833,993.3180508840643,943.3180508840643,False,True
713,52,0,185891.54,1,1,1,46369.57,1,False,False,False,0.6059457649945723,16730.238599999997,2534.40430675468,2484.40430675468,True,True
833,59,1,130854.59,1,1,1,30722.52,1,True,False,True,0.7765977243961669,11776.9131,2286.480978467852,2236.480978467852,True,True
690,42,3,92578.14,2,0,0,70810.6,0,False,False,False,0.3813868340671545,8332.0326,794.4318836645806,744.4318836645806,False,True
731,21,8,132312.06,1,1,0,106663.46,1,True,False,False,0.5754405568456192,11908.0854,1713.098823385297,1663.098823385297,True,True
608,62,8,144976.5,1,0,0,175836.03,1,False,False,False,0.8519721452130361,13047.885,2779.108643485749,2729.108643485749,True,True
479,48,5,87070.23,1,0,1,85646.41,0,False,True,True,0.4777700589496045,7836.320699999999,935.9898506967514,885.9898506967514,False,True
731,47,1,115414.19,3,0,0,191734.67,1,False,False,False,0.8966811844669631,10387.2771,2328.51898335364,2278.51898335364,True,True
617,61,7,91070.43,1,1,1,101839.77,0,False,True,True,0.4192524469643095,8196.338699999998,859.0837640308167,809.0837640308167,False,True
756,29,2,117412.19,2,1,0,4888.91,0,False,True,True,0.1706321649605484,10567.0971,450.77166388033316,400.77166388033316,False,True
848,31,4,90018.45,2,1,0,193132.98,0,True,False,True,0.1658297237552214,8101.6605,335.8740306683972,285.8740306683972,False,True
698,56,1,112414.81,2,0,0,93982.02,1,True,False,True,0.7558470371938287,10117.3329,1911.7890241921616,1861.7890241921616,True,True
779,33,1,158456.76,1,1,1,197000.92,1,True,False,True,0.2976309935338567,14261.1084,1061.1369654965072,1011.1369654965072,False,True
612,58,1,149641.53,1,1,1,115161.28,0,True,False,False,0.7885843375352846,13467.7377,2655.111753063369,2605.111753063369,True,True
663,33,8,122528.18,1,1,0,196260.3,0,False,True,False,0.3368420531358228,11027.5362,928.6344836594025,878.6344836594025,False,True
549,45,3,143734.01,2,1,1,96404.38,0,True,False,False,0.590579747381482,12936.0609,1909.9438946083667,1859.9438946083667,True,True
675,32,2,155663.31,1,1,0,97658.66,0,False,False,False,0.350577023826039,14009.6979,1227.8695486209772,1177.8695486209772,False,True
571,34,1,101736.66,1,0,1,195651.66,0,True,False,False,0.4882095915548343,9156.2994,1117.5482975569435,1067.5482975569435,False,True
500,37,9,125822.21,1,1,0,111698.0,0,False,True,True,0.3005204919962612,11323.9989,850.7734301982802,800.7734301982802,False,True
733,31,6,157791.07,2,0,0,177994.81,0,True,False,True,0.2189895599737584,14201.1963,777.4784322094915,727.4784322094915,False,True
468,42,9,181627.14,2,1,0,172668.39,0,True,False,True,0.2850507563573806,16346.442599999998,1164.8914567206266,1114.8914567206266,False,True
727,57,1,109679.72,1,0,1,753.37,0,False,True,False,0.508223960989894,9871.1748,1254.1918891199061,1204.1918891199061,True,True
618,37,5,96652.86,1,1,0,98686.4,1,False,False,False,0.4160312383234533,8698.757399999999,904.7387032493256,854.7387032493256,False,True
617,40,5,190008.32,2,1,1,107047.92,0,False,False,True,0.2507521247081808,17100.7488,1072.0122739252183,1022.0122739252183,False,True
765,43,4,148962.76,1,0,1,173878.87,1,True,False,True,0.7017309415268771,13406.648400000002,2351.9650011129506,2301.9650011129506,True,True
614,30,3,131344.52,2,1,0,54776.64,0,True,False,False,0.2932980987049939,11821.0068,866.769704804701,816.769704804701,False,True
593,29,5,101713.84,3,1,0,134594.99,0,True,False,False,0.6376780260579148,9154.2456,1459.365316064338,1409.365316064338,True,True
700,27,6,137963.07,1,0,0,8996.79,0,False,False,False,0.3309019610957952,12416.6763,1027.1756344904206,977.1756344904206,False,True
826,29,4,129938.07,1,0,1,190200.53,0,False,True,False,0.2898472262670608,11694.4263,847.3992564598915,797.3992564598915,False,True
652,45,2,151421.44,1,0,1,115333.43,0,True,False,True,0.7005591708600528,13627.9296,2386.7927652787926,2336.7927652787926,True,True
755,45,7,135643.0,1,0,0,143619.52,1,True,False,False,0.8887275952617363,12207.87,2712.367737091973,2662.367737091973,True,True
538,39,2,122773.5,2,1,1,58467.08,0,False,True,True,0.1914495671247775,11049.615,528.8610021613621,478.8610021613621,False,True
729,34,3,152303.8,1,1,0,12128.69,0,False,False,True,0.3400220066713878,13707.342,1165.1994832427486,1115.1994832427486,False,True
700,54,1,79415.67,1,0,1,139735.54,0,False,True,True,0.4440134917654956,7147.4103,793.386651095917,743.386651095917,False,True
434,58,9,125801.03,2,1,0,60891.8,1,True,False,False,0.8351807638112766,11322.0927,2363.9985072820195,2313.9985072820195,True,True
755,41,6,104817.41,1,1,0,126013.58,1,False,False,True,0.5292378196067393,9433.5669,1248.1500943175768,1198.1500943175768,True,True
747,32,5,67495.04,2,0,1,77370.37,0,True,False,False,0.1047776517266299,6074.553599999999,159.11936537388644,109.11936537388644,False,True
850,36,0,164850.54,1,1,1,62722.44,0,False,False,False,0.2601941502439689,14836.5486,965.0957888825867,915.0957888825867,False,True
712,49,5,154776.42,2,0,0,196257.68,0,True,False,False,0.5869798084372055,13929.877799999998,2044.1392506494203,1994.1392506494203,True,True
622,28,1,143124.63,2,1,0,81723.8,0,True,False,False,0.2817090028919025,12881.2167,907.1886781478808,857.1886781478808,False,True
653,38,8,102133.38,1,1,1,166520.96,0,False,False,False,0.334973695261472,9192.0042,769.7699034332427,719.7699034332427,False,True
699,26,6,79932.41,1,0,0,150242.44,0,False,True,True,0.2859625456402923,7193.9169,514.2976974621799,464.29769746217994,False,True
693,40,0,120711.73,1,0,0,27345.18,1,True,False,True,0.7364985420014534,10864.0557,2000.3402958181448,1950.3402958181448,True,True
647,43,3,122717.53,2,1,1,87000.39,0,True,False,False,0.553866531237294,11044.577699999998,1529.3054849199425,1479.3054849199425,True,True
478,36,3,92363.3,2,1,0,44912.7,0,False,True,False,0.3245777626693323,8312.697,674.5291485020176,624.5291485020176,False,True
705,40,5,203715.15,1,1,0,179978.68,1,False,True,False,0.6918176084835301,18334.3635,3171.008877409431,3121.008877409431,True,True
807,31,1,93460.47,2,0,0,172782.69,0,True,False,False,0.2498252514042883,8411.4423,525.3476718175413,475.34767181754125,False,True
651,24,7,40224.7,1,1,1,178341.33,0,True,False,False,0.2292539788524021,3620.222999999999,207.48763177074485,157.48763177074485,False,True
673,43,5,168069.73,1,1,1,146992.24,1,False,False,False,0.5411398937153163,15126.275700000002,2046.3578061516434,1996.3578061516434,True,True
584,47,7,130538.77,1,1,0,92915.84,0,True,False,True,0.8900725783877189,11748.4893,2614.2520408528817,2564.2520408528817,True,True
756,37,3,132623.6,1,1,1,58974.0,0,False,False,True,0.2254010080264782,11936.124,672.6035953822598,622.6035953822598,False,True
670,35,3,103465.02,2,1,1,174627.06,0,False,False,False,0.1881363129971328,9311.8518,437.9743662069286,387.9743662069286,False,True
765,50,9,126547.8,1,1,1,79579.94,1,False,False,False,0.5812019628509298,11389.302,1654.8711694755052,1604.8711694755052,True,True
528,30,2,128262.72,2,1,0,50771.16,0,False,False,True,0.186081514395451,11543.644799999998,537.0147265067932,487.0147265067932,False,True
701,40,5,169742.64,1,1,1,153537.55,1,False,False,True,0.3857390393015422,15276.8376,1473.2181648474195,1423.2181648474195,False,True
639,27,3,150795.81,1,0,1,85208.93,0,True,False,True,0.3169745570058792,13571.622899999998,1075.4647891445861,1025.4647891445861,False,True
785,61,4,129855.72,2,1,0,170214.82,1,False,True,False,0.7594240989886927,11687.0148,2218.8501710893793,2168.8501710893793,True,True
363,28,6,146098.43,3,1,0,100615.14,1,False,True,False,0.8619040321807659,13148.858699999995,2833.2635830262852,2783.2635830262852,True,True
718,28,4,65643.3,1,1,0,28760.99,0,True,False,True,0.2702773798372537,5907.897,399.1927303770929,349.1927303770929,False,True
584,38,9,104584.16,1,1,0,176678.72,0,False,False,True,0.3802196734233347,9412.5744,894.7114911102101,844.7114911102101,False,True
772,30,6,99785.28,2,0,0,197238.03,0,True,False,True,0.2290178898954817,8980.6752,514.1838210351707,464.1838210351707,False,True
399,46,2,127655.22,1,1,0,139994.68,1,True,False,True,0.8824520236367593,11488.9698,2534.616162377904,2484.616162377904,True,True
463,35,2,101257.16,1,1,1,118113.64,0,False,False,True,0.2178358164605004,9113.1444,496.29231272410925,446.29231272410925,False,True
780,76,10,121313.88,1,0,1,64872.33,0,False,False,True,0.2583581911265999,10918.2492,705.2047783953617,655.2047783953617,False,True
752,30,4,81523.38,1,1,1,36885.85,0,True,False,True,0.1611307145060186,7337.1042,295.5582105377775,245.55821053777748,False,True
697,47,6,128252.66,1,1,1,168053.4,0,False,False,False,0.5564434910064479,11542.7394,1605.7205518784178,1555.7205518784178,True,True
505,29,3,145541.56,2,1,1,58019.95,0,True,False,True,0.1552801049677897,13098.7404,508.493446064457,458.493446064457,False,True
693,44,5,124601.58,2,1,1,46998.13,1,True,False,True,0.5626296267639049,11214.1422,1577.352160115839,1527.352160115839,True,True
725,33,7,115182.84,2,1,1,177279.41,0,True,False,False,0.2799916897491384,10366.4556,725.6303550383545,675.6303550383545,False,True
791,37,2,163789.49,2,1,0,75832.53,0,False,False,True,0.2307065712677457,14741.0541,850.2145120708362,800.2145120708362,False,True
536,46,1,65733.41,1,1,0,61094.53,0,False,False,True,0.7362674249955167,5916.0069,1088.9407916296773,1038.9407916296773,True,True
500,47,8,128486.11,1,1,0,179227.12,0,False,True,False,0.7011573739962131,11563.7499,2027.0021283582432,1977.0021283582432,True,True
707,53,6,109663.47,1,1,1,52110.45,0,False,True,False,0.4922768232459152,9869.7123,1214.6576543487838,1164.6576543487838,False,True
531,42,6,88324.31,2,1,0,75248.75,0,True,False,False,0.3861575569226697,7949.1879,767.4097447458117,717.4097447458117,False,True
557,28,7,146445.24,2,1,0,184317.74,0,False,False,False,0.281824715643871,13180.0716,928.617482708965,878.617482708965,False,True
775,36,2,109949.05,2,0,1,71682.54,0,True,False,True,0.2305135920355193,9895.4145,570.2568852688406,520.2568852688406,False,True
772,30,4,78653.05,1,1,0,1790.48,0,False,True,True,0.2945792144081716,7078.7745,521.3149577956494,471.31495779564943,False,True
587,46,9,107850.82,1,1,0,139431.0,1,True,False,True,0.8908410440159726,9706.5738,2161.753584452522,2111.753584452522,True,True
667,39,4,83765.35,2,1,0,118358.54,0,True,False,False,0.338678404572669,7538.8815,638.3140896706025,588.3140896706025,False,True
771,66,7,143773.07,1,1,1,130827.88,0,False,False,False,0.3678165129448516,12939.5763,1189.8474584124615,1139.8474584124615,False,True
523,63,6,116227.27,1,1,1,119404.63,0,True,False,True,0.7532074875981384,10460.4543,1969.7231256095358,1919.7231256095358,True,True
662,33,0,103471.52,1,1,1,162703.0,0,True,False,True,0.3480784061116491,9312.4368,810.3645395898665,760.3645395898665,False,True
746,24,3,137492.35,2,0,1,170142.09,0,False,False,True,0.1122090141413908,12374.3115,347.1273235233687,297.1273235233687,False,True
579,36,9,129829.59,1,1,1,60906.12,0,False,False,True,0.2340068845653635,11684.6631,683.5729023067156,633.5729023067156,False,True
519,21,1,146329.57,2,1,1,194867.27,0,False,False,False,0.1767994488089191,13169.6613,582.0972147100382,532.0972147100382,False,True
696,30,4,114027.7,1,1,1,193716.56,0,True,False,True,0.3683564798645822,10262.493,945.063949028729,895.063949028729,False,True
693,25,6,146580.69,1,0,1,14633.35,0,True,False,True,0.3339005468038501,13192.2621,1101.225882192427,1051.225882192427,False,True
587,38,0,132122.42,2,0,0,31730.32,0,True,False,False,0.3903203423562906,11891.0178,1160.3265346651863,1110.3265346651863,False,True
626,44,10,81553.93,1,1,0,20063.63,1,False,False,False,0.7165269863000568,7339.8537,1314.8008128860804,1264.8008128860804,True,True
548,32,5,175214.71,1,1,1,155165.61,0,True,False,True,0.2771867824299934,15769.3239,1092.7620382343487,1042.7620382343487,False,True
588,40,10,125534.51,1,1,0,121504.18,1,True,False,False,0.7253833002149732,11298.1059,2048.8643359800653,1998.8643359800653,True,True
693,68,4,97705.99,1,1,1,61569.07,0,False,False,True,0.280780217079623,8793.5391,617.2629543490381,567.2629543490381,False,True
499,55,4,126817.65,2,1,0,123269.71,0,True,False,False,0.8222154985806164,11413.588499999998,2346.107339780372,2296.107339780372,True,True
628,46,1,46870.43,4,1,0,31272.14,1,False,False,False,0.921806936616374,4218.338699999999,972.1234686643243,922.1234686643243,True,True
733,42,9,120094.93,1,1,0,184056.45,0,False,False,True,0.5511821016749244,10808.543699999998,1489.3689581528158,1439.3689581528158,True,True
559,36,1,104356.94,2,0,1,54184.06,0,True,False,False,0.2239403489113823,9392.1246,525.8189149857942,475.8189149857942,False,True
704,27,5,147004.34,1,1,0,64381.33,1,True,False,True,0.4286071579566548,13230.3906,1417.6600284306103,1367.6600284306103,False,True
744,38,6,73023.17,2,1,0,78770.86,0,True,False,True,0.2111246419285301,6572.0853,346.88228892156405,296.88228892156405,False,True
665,40,1,173432.55,1,0,1,116766.79,0,False,True,False,0.3764315603938961,15608.929499999998,1468.9234219408288,1418.9234219408288,False,True
638,42,7,165679.92,1,0,0,32916.29,0,False,False,False,0.5761287094151664,14911.1928,2147.6915659261804,2097.6915659261804,True,True
837,31,9,104678.62,1,0,1,50972.6,0,False,True,True,0.1611390656769748,9421.0758,379.5258380209895,329.5258380209895,False,True
534,55,8,116973.26,3,1,0,122066.5,1,False,False,False,0.9717325684383064,10527.5934,2557.5013435140404,2507.5013435140404,True,True
837,38,2,126732.85,1,1,1,79577.38,0,True,False,True,0.4578411044703885,11405.9565,1305.5289303753018,1255.5289303753018,False,True
658,44,6,148481.09,1,1,0,130529.13,0,False,False,False,0.6858147076406753,13363.298099999998,2291.1865948916725,2241.1865948916725,True,True
554,38,4,137654.05,2,1,1,172629.67,0,False,False,False,0.2298187370283738,12388.864499999998,711.7982981514137,661.7982981514137,False,True
724,30,7,115315.04,1,1,0,15216.53,0,True,False,True,0.4775014243813061,10378.3536,1238.919656683214,1188.919656683214,False,True
723,42,2,99095.73,1,1,1,17512.53,0,False,False,True,0.3729654908488909,8918.615699999998,831.583970560781,781.583970560781,False,True
585,39,7,165610.41,2,0,0,131852.01,0,True,False,False,0.2973132979556135,14904.9369,1107.8589863898296,1057.8589863898296,False,True
562,32,6,161628.66,1,1,0,91482.5,0,False,True,True,0.3417218068373828,14546.5794,1242.720848967863,1192.720848967863,False,True
719,32,9,146605.27,1,1,1,77119.45,0,False,False,True,0.173092168530963,13194.474299999998,570.9650423032649,520.9650423032649,False,True
635,37,5,113488.68,1,1,0,95611.74,1,True,False,True,0.632523172757759,10213.981199999998,1615.1449487780255,1565.1449487780255,True,True
743,42,7,77002.2,2,1,1,80428.42,0,False,False,True,0.2018194068889408,6930.197999999999,349.66211249573087,299.66211249573087,False,True
790,46,8,182364.53,1,0,0,139266.48,1,False,True,True,0.7936769676751534,16412.807699999998,3256.616861592852,3206.616861592852,True,True
669,45,7,149364.58,1,0,1,173454.07,0,False,False,True,0.450936326627467,13442.8122,1515.4630882527247,1465.4630882527247,False,True
583,59,7,127450.14,1,0,1,67552.71,0,False,False,True,0.4542057838980719,11470.5126,1302.4932917989279,1252.4932917989279,False,True
520,63,5,162278.32,1,1,1,34765.33,0,False,True,False,0.4637458678521769,14605.0488,1693.2577576948488,1643.2577576948488,False,True
579,37,5,152212.88,2,0,0,120219.14,0,False,True,True,0.2390599204009448,13699.159200000002,818.7299769779677,768.7299769779677,False,True
698,39,9,161993.89,1,0,0,90212.38,0,False,True,False,0.4216358885980971,14579.450100000002,1536.804849546279,1486.804849546279,False,True
548,39,7,131468.44,1,1,0,164975.82,0,False,True,True,0.3766802931874835,11832.1596,1114.2353367922744,1064.2353367922744,False,True
672,40,10,102980.44,1,1,0,1285.81,1,True,False,True,0.7113967824650196,9268.2396,1648.34895763872,1598.34895763872,True,True
653,31,9,143321.97,1,1,0,83679.46,0,True,False,True,0.5313627745988493,12898.9773,1713.5090919038935,1663.5090919038935,True,True
734,37,2,130404.92,1,0,0,34548.74,0,False,True,False,0.3470354837738771,11736.4428,1018.2405262206092,968.2405262206092,False,True
641,30,2,87505.47,2,0,1,7278.57,0,False,False,True,0.1314567649358472,7875.4923,258.8216850087937,208.82168500879368,False,True
824,30,0,133634.02,1,1,1,162053.92,0,False,False,True,0.1624363730907502,12027.061799999998,488.40807443257734,438.40807443257734,False,True
534,33,3,151233.62,1,0,0,199336.63,0,False,True,False,0.3524533735734548,13611.0258,1199.3129902513328,1149.3129902513328,False,True
653,55,2,70263.83,1,0,1,62347.71,0,False,True,True,0.4800718079912677,6323.744699999999,758.9628878510491,708.9628878510491,False,True
683,30,10,57657.49,1,0,0,79240.9,0,False,False,True,0.286168258005929,5189.1741,371.2442281716211,321.2442281716211,False,True
618,42,8,153572.31,2,1,1,76679.6,0,True,False,True,0.2944630742590096,13821.5079,1017.4809267822969,967.4809267822969,False,True
538,37,1,134752.08,1,1,0,162511.55,0,False,False,True,0.3254394664715878,12127.687199999998,986.7070129755759,936.7070129755759,False,True
643,34,3,83132.09,1,1,1,21360.88,0,False,True,True,0.2183840211875787,7481.888099999998,408.4812023383731,358.4812023383731,False,True
593,32,9,134096.53,2,1,0,53931.05,1,True,False,False,0.2940209560821214,12068.6877,887.1117740526348,837.1117740526348,False,True
718,31,0,118100.59,2,1,0,103165.15,0,False,False,False,0.2467751625782622,10629.0531,655.7465767013704,605.7465767013704,False,True
811,52,10,76915.4,1,0,0,146359.81,1,True,False,True,0.7560463373472167,6922.385999999999,1308.4111452509123,1258.4111452509123,True,True
823,46,3,81576.75,1,1,1,28370.95,1,False,True,False,0.6103698513034557,7341.907499999999,1120.3197472646814,1070.3197472646814,True,True
710,33,10,118327.17,2,1,1,192928.82,0,False,False,True,0.114052077387037,10649.4453,303.64783987115436,253.64783987115436,False,True
591,30,8,124857.69,2,0,0,50485.7,0,False,True,True,0.1754755796682546,11237.1921,492.9631993977578,442.9631993977578,False,True
748,27,2,90971.85,1,1,1,131662.47,0,True,False,False,0.2896613565435498,8187.466499999999,592.8981632612173,542.8981632612173,False,True
850,37,7,153147.75,1,1,1,152235.3,0,False,False,False,0.2576457179123593,13783.2975,887.8018948967818,837.8018948967818,False,True
542,38,8,65942.26,1,1,1,68093.23,1,False,False,True,0.3817190033815489,5934.8034,566.3568097783569,516.3568097783569,False,True
607,27,5,100912.19,1,0,0,7631.27,0,False,True,False,0.3524420439767315,9082.0971,800.2282163797865,750.2282163797865,False,True
756,41,2,124439.49,2,0,1,47093.11,0,True,False,True,0.3276640510354131,11199.5541,917.4228165490674,867.4228165490674,False,True
700,44,2,58781.76,1,1,0,16874.92,0,False,False,False,0.6946391608877407,5290.3584,918.7225299428526,868.7225299428526,True,True
635,50,7,159453.64,2,0,0,54560.79,1,False,True,True,0.6929802566750451,14350.8276,2486.2100484368307,2436.2100484368307,True,True
687,26,2,142721.52,1,1,1,153605.75,0,True,False,True,0.2724325368844404,12844.9368,874.8446796360764,824.8446796360764,False,True
613,46,8,167795.6,1,0,1,44390.38,0,False,False,False,0.5558742499638726,15101.604,2098.6481991878545,2048.6481991878545,True,True
781,38,3,128345.69,2,1,0,63218.85,0,False,False,False,0.3095614335506292,11551.1121,893.9447051950048,843.9447051950048,False,True
703,20,3,165260.98,1,1,1,41626.78,0,False,True,True,0.1784589667772288,14873.488200000002,663.5768341363263,613.5768341363263,False,True
593,62,3,118233.81,1,0,1,24765.53,1,True,False,False,0.8121127309052728,10641.0429,2160.431602299791,2110.431602299791,True,True
849,37,7,143452.74,2,1,1,17294.12,0,True,False,True,0.2295649966085601,12910.7466,740.9638748607448,690.9638748607448,False,True
778,38,3,145018.49,2,1,1,126702.41,0,False,False,True,0.142412992511435,13051.664099999998,464.6816354337662,414.6816354337662,False,True
539,38,8,82407.51,1,1,0,13123.41,0,True,False,False,0.4680879475498078,7416.675899999998,867.9141499182807,817.9141499182807,False,True
489,28,1,79460.98,2,1,1,167973.63,0,True,False,True,0.0676255739486925,7151.488199999999,120.90587352807542,70.90587352807542,False,True
618,38,5,126473.99,1,1,0,91972.49,0,False,True,True,0.3775407617219063,11382.6591,1074.3544467586971,1024.3544467586971,False,True
710,30,10,133537.1,2,1,0,155593.74,0,True,False,False,0.2874758701321581,12018.339,863.7456153920626,813.7456153920626,False,True
625,52,5,164978.01,1,1,1,67788.49,0,False,False,True,0.5094580927662442,14848.0209,1891.111102266833,1841.111102266833,True,True
682,46,7,128029.72,1,1,1,62615.35,0,False,True,True,0.4220075128758144,11522.6748,1215.6638335062055,1165.6638335062055,False,True
727,43,2,97403.18,1,1,1,107415.02,1,False,True,True,0.4311080363843793,8766.286199999999,944.8041075163703,894.8041075163703,False,True
794,41,7,176845.41,3,1,0,166526.26,1,False,False,False,0.9209148494502352,15916.086899999998,3664.3401928375897,3614.3401928375897,True,True
670,42,3,81589.04,1,1,0,188227.8,0,False,True,True,0.5624842678187645,7343.013599999999,1032.5824070948074,982.5824070948074,True,True
460,40,6,119507.58,2,1,0,91560.63,1,True,False,False,0.4484175542683543,10755.6822,1205.7591766529179,1155.7591766529179,False,True
643,30,5,94443.77,1,1,1,165614.4,0,False,False,True,0.1956437043339249,8499.9393,415.73990281637714,365.73990281637714,False,True
615,32,7,92199.84,1,1,1,2755.53,0,False,False,True,0.18056572035909,8297.9856,374.5829368483389,324.5829368483389,False,True
717,41,3,135756.96,1,1,1,103706.41,0,False,False,False,0.3733989270351738,12218.126399999996,1140.5588220350323,1090.5588220350323,False,True
648,54,9,120633.42,1,0,0,5924.38,1,False,False,False,0.8410969658146903,10857.0078,2282.949079601606,2232.949079601606,True,True
535,48,5,134542.73,1,1,1,58203.67,1,True,False,True,0.7896409846672734,12108.8457,2390.41021043302,2340.41021043302,True,True
709,49,4,154344.49,2,1,1,38794.57,0,False,False,True,0.3925633404139295,13891.004099999998,1363.2747427998975,1313.2747427998975,False,True
664,43,9,189026.53,2,1,1,56099.86,0,False,False,True,0.3552939980964367,17012.3877,1511.0998107749108,1461.0998107749108,False,True
431,37,0,120764.08,1,1,1,117023.08,0,False,False,True,0.235512751632714,10868.7672,639.9333175318471,589.9333175318471,False,True
647,22,3,97975.82,2,0,1,62083.0,0,True,False,False,0.19908894860667,8817.8238,438.8828173352179,388.8828173352179,False,True
555,41,10,113270.2,2,1,1,185387.14,0,True,False,True,0.3600378450537384,10194.318,917.5850711281341,867.5850711281341,False,True
850,39,3,124548.99,2,1,1,120380.12,0,True,False,True,0.2692997727852193,11209.4091,754.6728309216426,704.6728309216426,False,True
625,43,8,201696.07,1,1,0,133020.9,1,False,False,True,0.7539272292999593,18152.6463,3421.4435823552894,3371.4435823552894,True,True
608,44,7,114203.47,1,1,1,77830.36,1,True,False,True,0.7583274753593752,10278.3123,1948.5816543535532,1898.5816543535532,True,True
652,50,8,125437.64,1,1,1,17160.94,1,True,False,True,0.7972396244179335,11289.3876,2250.086782533119,2200.086782533119,True,True
611,43,8,64897.75,1,1,0,114996.33,0,False,False,False,0.7113260861283887,5840.7975,1038.6779063858692,988.6779063858692,True,True
528,46,9,135555.66,1,1,0,133146.03,1,True,False,False,0.9085685758889042,12200.0094,2771.1362915973114,2721.1362915973114,True,True
632,44,3,107764.75,1,1,0,185667.72,0,False,False,True,0.6613517069084393,9698.8275,1603.5840305338775,1553.5840305338775,True,True
429,27,6,117307.44,2,1,1,24020.49,0,False,False,False,0.175578600942708,10557.6696,463.4252143958399,413.4252143958399,False,True
457,41,8,73700.12,3,1,1,185750.02,1,False,False,True,0.8468739783935366,6633.0108,1404.3310612308237,1354.3310612308237,True,True
768,44,6,60603.4,1,1,1,178045.97,0,False,True,False,0.531019834792014,5454.3060000000005,724.0861677562727,674.0861677562727,True,True
715,35,4,40169.88,2,1,1,199857.47,0,False,True,False,0.1100395873888697,3615.2892,99.45623296485921,49.45623296485921,False,True
668,32,10,92041.87,1,1,1,43595.9,0,True,False,False,0.3301777124657248,8283.7683,683.7789169725214,633.7789169725214,False,True
625,26,3,130483.95,1,1,0,122810.53,0,True,False,True,0.48554476950333,11743.5555,1425.5054870992658,1375.5054870992658,False,True
571,23,10,151097.28,1,0,1,17163.75,0,False,False,False,0.2213814937149544,13598.7552,752.6281847100009,702.6281847100009,False,True
582,46,8,67563.31,1,1,0,44506.09,1,False,True,False,0.7716175698919479,6080.697899999999,1172.9933342112674,1122.9933342112674,True,True
716,35,8,112808.18,1,0,1,17848.3,0,False,False,False,0.2539591164559709,10152.7362,644.5949787406379,594.5949787406379,False,True
725,66,4,86459.8,1,1,1,141476.56,0,False,False,True,0.3063065133553943,7781.382,595.8719973766063,545.8719973766063,False,True
630,40,0,118633.08,1,0,1,60032.46,1,False,False,False,0.4522460830745512,10676.9772,1207.1552794440722,1157.1552794440722,False,True
627,55,2,159441.27,1,1,0,100686.11,1,False,False,False,0.8508087124929034,14349.7143,3052.2154870560007,3002.2154870560007,True,True
775,38,4,125212.65,2,1,1,15795.88,1,True,False,False,0.417025396066337,11269.1385,1174.8792365722265,1124.8792365722265,False,True
794,45,8,88656.37,2,1,0,116547.31,0,False,True,True,0.4722008191460673,7979.073299999998,941.9312370716284,891.9312370716284,False,True
831,32,2,146033.62,1,1,0,191260.74,0,False,False,False,0.3392886720483472,13143.0258,1114.8199425947914,1064.8199425947914,False,True
561,29,9,120268.13,1,1,1,173870.39,0,False,False,True,0.2105841153690476,10824.1317,569.8475496706413,519.8475496706413,False,True
487,46,4,135070.58,2,1,1,44244.49,1,True,False,False,0.663182425541325,12156.3522,2015.4697844326554,1965.4697844326554,True,True
684,27,9,122550.05,2,0,1,137835.82,0,False,False,False,0.1967148766690998,11029.5045,542.4169043596952,492.4169043596952,False,True
757,29,8,130306.49,1,1,0,77469.38,0,False,False,True,0.2877637823718195,11727.5841,843.6934896749026,793.6934896749026,False,True
662,41,4,90350.77,1,1,0,75884.65,1,False,True,False,0.6019332902290101,8131.569299999999,1223.665565868552,1173.665565868552,True,True
359,44,6,128747.69,1,1,0,146955.71,1,False,False,False,0.797463003668655,11587.2921,2310.109190613019,2260.109190613019,True,True
572,23,2,126873.52,1,0,1,67040.12,0,False,True,True,0.1950199831944729,11418.6168,556.7146141100314,506.71461411003145,False,True
721,69,2,108424.19,1,1,1,178418.35,0,False,False,True,0.2771636902478909,9758.1771,676.1530937821157,626.1530937821157,False,True
444,40,5,84350.07,1,1,0,143835.76,0,False,False,False,0.6031747538332976,7591.506300000001,1144.751235931607,1094.751235931607,True,True
685,30,4,84958.6,2,0,1,194343.72,0,True,False,False,0.1208316329129872,7646.274000000001,230.9779432800296,180.9779432800296,False,True
673,29,4,99097.36,1,1,1,9796.69,0,True,False,False,0.4045815172965832,8918.7624,902.0916060499289,852.0916060499289,False,True
503,30,10,136622.55,2,0,0,47310.24,0,True,False,True,0.227295218076048,12296.0295,698.7071766680049,648.7071766680049,False,True
485,30,5,156771.68,1,1,1,141148.21,0,True,False,False,0.3219376332293104,14109.4512,1135.5908313731134,1085.5908313731134,False,True
799,28,7,167658.33,2,1,1,111138.25,0,True,False,True,0.1726065610817802,15089.2497,651.125875005321,601.125875005321,False,True
607,24,2,109483.54,2,0,1,127560.77,0,True,False,False,0.2278736602877759,9853.5186,561.3393375239202,511.3393375239202,False,True
521,40,9,134504.78,1,1,0,18082.06,0,True,False,False,0.6951549432306016,12105.4302,2103.7874108657525,2053.7874108657525,True,True
535,44,2,114427.86,1,1,1,136330.26,0,False,False,False,0.5837791640769353,10298.5074,1503.0135103030332,1453.0135103030332,True,True
724,45,5,83888.54,1,0,1,34121.81,0,False,True,True,0.4360893605163258,7549.9686,823.1152446730849,773.1152446730849,False,True
520,32,5,110029.77,1,1,0,56246.69,0,True,False,True,0.575751905855914,9902.6793,1425.371620013727,1375.371620013727,True,True
696,41,9,127523.75,1,0,1,191417.42,0,False,True,True,0.294844758433793,11477.1375,845.9934584247318,795.9934584247318,False,True
657,30,1,139762.13,2,1,1,23317.88,0,True,False,True,0.1769152554603529,12578.5917,556.3361909842437,506.3361909842437,False,True
603,42,8,91611.12,1,0,0,144675.3,1,False,True,False,0.6674487487832421,8245.0008,1375.7788669192075,1325.7788669192075,True,True
726,42,2,109471.79,1,0,1,175161.05,0,False,False,False,0.4876489288384171,9852.4611,1201.1355254592931,1151.1355254592931,False,True
591,39,4,150500.64,1,1,0,14928.8,0,False,False,False,0.4648422695747183,13545.057600000002,1574.078829076072,1524.078829076072,False,True
792,59,9,101609.77,1,0,0,161479.19,1,True,False,False,0.9367575662800468,9144.8793,2141.6337192481947,2091.6337192481947,True,True
601,26,8,78892.23,1,1,1,23703.52,0,False,False,False,0.2285012837646088,7100.300699999999,405.6069562661875,355.6069562661875,False,True
820,29,3,82344.84,1,0,1,115985.38,0,False,False,False,0.2195956385510805,7411.035599999999,406.8577737266975,356.8577737266975,False,True
755,62,1,127706.33,2,0,1,142377.69,0,False,False,True,0.3711887678665694,11493.5697,1066.570993832884,1016.5709938328839,False,True
552,41,9,124349.34,1,1,0,135635.25,0,False,False,False,0.6014311386350087,11191.4406,1682.7202157560164,1632.7202157560164,True,True
576,28,1,119336.29,2,0,1,58976.85,0,True,False,True,0.1991060799979127,10740.2661,534.6130703263675,484.6130703263675,False,True
504,56,9,104217.3,1,0,0,55857.48,1,True,False,True,0.9245246826119984,9379.557,2167.907989616537,2117.907989616537,True,True
558,39,10,144757.02,1,1,0,22878.16,1,True,False,True,0.6931078770685499,13028.1318,2257.4751935168165,2207.4751935168165,True,True
705,24,7,100169.51,1,1,0,121408.55,0,False,False,False,0.3366558977241067,9015.2559,758.7597670567624,708.7597670567624,False,True
637,33,2,145731.83,1,0,1,109219.43,0,False,False,True,0.1858881701021951,13115.864699999998,609.521022097744,559.521022097744,False,True
697,56,5,110802.03,1,1,1,50230.31,1,False,True,True,0.4632854711301857,9972.1827,1154.9918400914466,1104.9918400914466,False,True
555,46,4,120392.99,1,1,0,177719.88,1,True,False,False,0.9159617690014256,10835.3691,2481.1959621548463,2431.1959621548463,True,True
594,26,6,135067.52,2,0,0,131211.86,0,True,False,False,0.2882519040040419,12156.0768,876.0030707048402,826.0030707048402,False,True
632,31,3,136556.44,1,1,0,82152.83,1,False,True,True,0.3556227371753099,12290.0796,1092.6579368636094,1042.6579368636094,False,True
687,35,3,99587.43,1,1,1,1713.1,1,False,False,False,0.3116063319706247,8962.868699999999,698.2216598853303,648.2216598853303,False,True
521,34,7,70731.07,1,1,1,20243.97,1,False,True,False,0.412393606800607,6365.7963,656.3034240787397,606.3034240787397,False,True
686,35,2,109342.82,2,0,1,86043.27,0,True,False,True,0.2081062173179647,9840.8538,511.9857148742797,461.9857148742797,False,True
465,25,2,78247.31,2,1,1,10472.31,0,False,False,True,0.114253182242894,7042.2579000000005,201.15009381254004,151.15009381254004,False,True
817,55,10,117561.49,1,1,0,95941.55,1,False,False,False,0.8356904940091715,10580.5341,2210.5129422274713,2160.5129422274713,True,True
578,23,10,88980.32,1,1,1,125222.36,0,False,False,True,0.175515769810277,8008.2288,351.3926106622077,301.3926106622077,False,True
616,41,1,103560.57,1,1,0,236.45,1,True,False,False,0.6462367529366492,9320.4513,1505.8045460040428,1455.8045460040428,True,True
517,37,5,113308.84,1,0,1,31517.16,0,False,False,True,0.273572040817174,10197.7956,697.4579385320993,647.4579385320993,False,True
806,32,3,63763.49,1,1,0,156593.09,0,False,False,False,0.3797354283022008,5738.714099999999,544.7982641668447,494.79826416684466,False,True
633,29,7,169988.35,1,1,0,4272.0,0,False,False,False,0.3447249116842651,15298.9515,1318.4824261748388,1268.4824261748388,False,True
624,35,0,180303.24,2,1,0,163587.9,0,True,False,False,0.2643285741318692,16227.291599999997,1072.3342126625146,1022.3342126625146,False,True
819,49,1,120656.86,4,0,0,166164.3,1,True,False,False,0.9552720165328432,10859.1174,2593.352744116221,2543.352744116221,True,True
568,31,1,61592.14,2,1,1,61796.64,0,True,False,False,0.075646373971794,5543.2926,104.83249626366955,54.832496263669555,False,True
806,48,4,164701.68,1,1,1,21439.49,0,False,False,True,0.4540731220131394,14823.151199999997,1682.698635864203,1632.698635864203,False,True
726,26,1,80780.16,1,1,1,19225.85,0,False,True,False,0.2348225064897,7270.214399999999,426.80249203137754,376.80249203137754,False,True
755,30,6,154221.37,2,0,1,62688.55,0,True,False,False,0.1901869935271397,13879.9233,659.9452207035739,609.9452207035739,False,True
756,26,5,101641.14,2,0,1,154460.68,0,False,False,False,0.1738190625622866,9147.7026,397.511272632648,347.511272632648,False,True
649,45,5,92786.66,1,1,0,173365.9,1,False,False,False,0.7876097891595272,8350.7994,1644.2928386868764,1594.2928386868764,True,True
595,32,8,131081.66,2,1,1,69428.79,0,True,False,True,0.1752985988494459,11797.3494,517.0147049893378,467.0147049893378,False,True
646,30,5,98014.74,1,1,1,12757.14,0,False,False,True,0.1755737487678074,8821.3266,387.19834506679416,337.19834506679416,False,True
574,26,8,97460.1,1,1,1,43093.67,0,False,False,True,0.1714195670033021,8771.409,375.89778319721677,325.89778319721677,False,True
850,36,1,104077.19,2,0,1,68594.0,0,False,False,True,0.1281161046743642,9366.9471,300.0141937857081,250.01419378570807,False,True
710,51,4,93656.95,1,0,1,141400.51,1,False,True,False,0.649981257084508,8429.125499999998,1369.6933971532703,1319.6933971532703,True,True
596,30,6,121345.88,4,1,0,41921.75,1,False,True,True,0.7591092843737742,10921.1292,2072.5826428913824,2022.5826428913824,True,True
609,39,8,141675.23,1,0,1,175664.25,0,False,False,False,0.4007992059625714,12750.7707,1277.6246929927051,1227.6246929927051,False,True
504,43,7,102365.49,1,1,0,194690.77,1,True,False,False,0.8468266542360994,9212.8941,1950.431071633625,1900.431071633625,True,True
685,57,7,101868.51,1,0,1,113483.96,0,True,False,True,0.7558049409632668,9168.165899999998,1732.3362716977335,1682.3362716977335,True,True
631,35,9,112392.45,2,1,0,24472.23,0,False,False,True,0.1970429188513708,10115.3205,498.2880691092768,448.2880691092768,False,True
595,25,7,106570.34,2,0,1,177025.79,0,True,False,False,0.2425045048618391,9591.3306,581.4852195298015,531.4852195298015,False,True
630,50,1,81947.76,1,0,1,63606.22,1,False,False,True,0.5159947407881339,7375.298399999999,951.4037965357845,901.4037965357845,True,True
661,31,7,144162.3,2,1,1,14490.79,0,False,False,False,0.1829321479970654,12974.607,593.3681819819401,543.3681819819401,False,True
796,39,5,86350.87,2,0,0,105080.53,0,True,False,True,0.2248947982246546,7771.578299999999,436.946883416401,386.946883416401,False,True
710,47,5,158623.14,1,0,0,83499.89,1,False,False,True,0.7292277037829082,14276.0826,2602.6287333532828,2552.6287333532828,True,True
606,48,4,132403.56,1,0,0,36091.91,1,True,False,True,0.9150575855492892,11916.3204,2726.029843463935,2676.029843463935,True,True
549,43,3,134985.66,1,1,0,6101.41,0,True,False,False,0.8187292898266538,12148.7094,2486.6260548430982,2436.6260548430982,True,True
528,37,6,103772.45,1,1,0,197111.99,0,False,False,True,0.3297956673966908,9339.5205,770.0333491156439,720.0333491156439,False,True
535,33,2,133040.32,1,1,1,110299.78,0,False,False,True,0.2085495185005094,11973.6288,624.2736302359581,574.2736302359581,False,True
539,38,8,71460.67,2,1,1,10074.05,0,False,True,True,0.1909387517069877,6431.4603,307.0037503337622,257.0037503337622,False,True
850,39,6,133214.13,1,0,1,20769.88,0,False,True,True,0.1849231978924294,11989.2717,554.2736157913008,504.2736157913008,False,True
646,37,7,96558.66,1,0,0,163427.18,0,False,False,False,0.4038436663925326,8690.2794,877.3785737178746,827.3785737178746,False,True
744,54,6,93806.31,2,0,1,140068.77,0,False,False,True,0.4435271558167258,8442.5679,936.1270321191469,886.1270321191469,False,True
544,64,3,124043.8,1,1,1,111402.97,1,False,False,False,0.5080528450353424,11163.942,1417.9681237273876,1367.9681237273876,True,True
723,52,5,131694.97,1,0,1,92873.5,1,True,False,True,0.8129443716824776,11852.5473,2408.8654044088366,2358.8654044088366,True,True
787,35,1,106266.8,1,1,1,16607.15,0,False,False,False,0.2503284978213738,9564.012,598.5361892763982,548.5361892763982,False,True
569,41,4,139840.36,1,1,1,163524.7,0,False,True,False,0.450307262650554,12585.6324,1416.8504186925306,1366.8504186925306,False,True
661,35,8,124098.54,1,1,0,86678.48,0,True,False,True,0.5858753965811843,11168.868599999998,1635.8913300970337,1585.8913300970337,True,True
415,32,5,145807.59,1,1,1,3064.65,0,False,False,True,0.244486861659393,13122.683099999998,802.0809019174386,752.0809019174386,False,True
611,26,2,107508.93,2,1,1,120801.65,0,False,False,False,0.1608172891205266,9675.8037,389.00913027409024,339.00913027409024,False,True
661,32,1,145980.23,1,0,1,56636.28,0,True,False,False,0.4274247463855384,13138.2207,1403.9001626636827,1353.9001626636827,False,True
850,37,3,212778.2,1,0,1,69372.88,0,False,False,False,0.3148141974973288,19150.038,1507.1759612533378,1457.1759612533378,False,True
573,47,4,152522.47,1,0,1,164038.07,1,True,False,False,0.8107235058340657,13727.0223,2782.2049109296004,2732.2049109296004,True,True
764,33,9,168964.77,1,0,1,118982.51,0,False,True,False,0.2607284288838904,15206.829299999998,991.2131779236277,941.2131779236277,False,True
607,36,4,98266.3,1,1,1,46416.36,0,False,True,False,0.2684012813854364,8843.967,593.4330188326285,543.4330188326285,False,True
558,38,8,113000.92,1,1,1,152872.39,0,False,False,True,0.2661930803100577,10170.0828,676.8014168850841,626.8014168850841,False,True
530,23,1,137060.88,2,1,1,165227.23,0,True,False,True,0.1307198523133444,12335.4792,403.12300480958294,353.12300480958294,False,True
654,37,5,112146.12,1,1,0,75927.35,0,True,False,True,0.6268082986522185,10093.1508,1581.6176702470696,1531.6176702470696,True,True
530,33,4,129307.32,1,1,1,172930.28,0,False,False,False,0.3050450231108885,11637.6588,887.5024744006587,837.5024744006587,False,True
656,69,6,163975.09,1,1,1,36108.5,0,False,True,True,0.2766296853353171,14757.7581,1020.6084948644318,970.6084948644318,False,True
602,42,6,158414.85,1,1,1,131886.46,0,True,False,False,0.5705469643918996,14257.3365,2033.6200150972074,1983.6200150972074,True,True
701,48,1,92072.68,1,1,1,133992.36,0,True,False,False,0.7318554834527152,8286.5412,1516.1376540192107,1466.1376540192107,True,True
653,30,2,88243.29,2,1,1,96658.26,0,False,True,False,0.1756544737980222,7941.8961,348.7573951010162,298.7573951010162,False,True
652,48,4,59486.31,1,1,0,163944.18,1,False,False,True,0.8113346415402848,5353.7679,1085.9243400090959,1035.9243400090959,True,True
592,38,8,119278.01,2,0,1,19370.73,0,False,False,False,0.2596513732861367,10735.0209,696.8407297350948,646.8407297350948,False,True
628,34,4,158741.43,2,1,1,126192.54,0,False,False,True,0.1592171853668451,14286.728699999998,568.6731829284314,518.6731829284314,False,True
658,40,7,140596.95,1,0,1,135459.02,1,False,False,False,0.4581330228163021,12653.7255,1449.2723783006809,1399.2723783006809,False,True
515,37,2,90432.92,1,1,1,188366.04,1,True,False,True,0.565927189160845,8138.962799999999,1151.51508502217,1101.51508502217,True,True
571,35,1,104783.81,2,0,1,178512.52,0,False,False,False,0.1950843090653169,9430.5429,459.9377364393325,409.9377364393325,False,True
760,42,0,77992.97,2,1,1,97906.38,0,True,False,True,0.2243680412765019,7019.3673,393.7304230253319,343.7304230253319,False,True
720,43,10,110822.9,1,0,0,72861.94,0,True,False,False,0.8453357660940561,9974.061,2107.857624125962,2057.857624125962,True,True
632,42,4,119624.6,2,1,1,195978.86,0,True,False,True,0.3511993584905369,10766.214,945.2718625429593,895.2718625429593,False,True
694,31,6,109052.59,2,1,1,19448.93,1,True,False,True,0.2666955685125684,9814.7331,654.3864559759057,604.3864559759057,False,True
559,40,5,139129.44,1,0,1,32635.54,0,False,True,False,0.365089012146902,12521.6496,1142.8791707284126,1092.8791707284126,False,True
773,42,8,152324.66,2,1,0,171733.22,0,True,False,False,0.3396685844710687,13709.219400000002,1164.1477869503285,1114.1477869503285,False,True
524,37,9,127480.58,2,1,0,179634.69,0,True,False,False,0.4692519991872545,11473.2522,1345.9616330073916,1295.9616330073916,False,True
713,53,6,115029.4,1,0,0,191521.32,1,False,False,True,0.8276818258409366,10352.646,2142.1742358912174,2092.1742358912174,True,True
676,40,8,114005.78,1,1,1,67998.45,0,False,False,True,0.3043425177675938,10260.5202,780.6781378183139,730.6781378183139,False,True
651,42,1,116646.76,1,1,0,44731.8,1,True,False,False,0.7520348591193214,10498.2084,1973.754668774819,1923.754668774819,True,True
717,49,1,110864.38,2,1,1,124532.9,1,False,True,False,0.5017771464156291,9977.7942,1251.6572752996037,1201.6572752996037,True,True
594,23,5,156267.59,1,1,0,160968.44,0,False,False,True,0.2841589367151215,14064.0831,999.1087248922775,949.1087248922775,False,True
716,44,3,109528.28,1,1,0,27341.63,1,False,False,False,0.6864492957029406,9857.5452,1691.6762399749757,1641.6762399749757,True,True
668,35,6,102482.76,1,1,1,53994.64,0,False,False,False,0.2563719113508791,9223.4484,591.1582738885519,541.1582738885519,False,True
678,23,10,115563.71,1,1,1,91633.53,0,True,False,True,0.3106557449763462,10400.7339,807.7619345013095,757.7619345013095,False,True
613,40,9,95624.36,2,1,1,60706.33,0,False,False,False,0.2916777484360571,8606.1924,627.5587054598766,577.5587054598766,False,True
715,28,7,160376.61,1,0,0,196853.11,0,False,False,True,0.2596908154227346,14433.8949,937.0874840767625,887.0874840767625,False,True
618,41,8,37702.79,1,1,1,195775.48,0,True,False,True,0.4078887187064005,3393.2510999999995,346.0172108570209,296.0172108570209,False,True
721,35,6,118273.83,1,0,1,3086.89,0,False,False,False,0.2455681113215035,10644.6447,653.4963236668631,603.4963236668631,False,True
445,34,7,131082.17,2,1,1,70618.0,0,True,False,False,0.214790982190527,11797.3953,633.4935309442268,583.4935309442268,False,True
690,38,1,94456.0,2,0,1,55034.02,0,False,False,True,0.1721504920777035,8501.039999999999,365.8645547930601,315.8645547930601,False,True
538,33,6,93791.38,1,1,1,199249.29,0,False,False,True,0.3050563586200676,8441.2242,643.7622791868984,593.7622791868984,False,True
747,61,7,155973.13,1,0,1,147554.26,0,False,False,True,0.3855734475260338,14037.5817,1353.1296927493406,1303.1296927493406,False,True
675,36,7,89409.95,1,1,1,149399.7,0,True,False,True,0.3019190486494201,8046.8955,607.3777584853249,557.3777584853249,False,True
632,39,5,97854.37,2,1,0,93536.38,0,False,True,False,0.3092970630014904,8806.8933,680.986557964376,630.986557964376,False,True
521,29,3,60280.62,1,1,0,154271.41,0,False,True,True,0.3332391695308383,5425.2558,451.97693432109094,401.97693432109094,False,True
591,36,7,135216.8,1,1,1,122022.89,0,False,True,True,0.2340857179313744,12169.512,712.177238348619,662.177238348619,False,True
706,28,6,124923.35,2,1,1,50299.14,0,True,False,False,0.2510982619340183,11243.1015,705.7808113494385,655.7808113494385,False,True
769,27,7,188614.07,1,1,0,171344.09,0,True,False,True,0.4053751698755531,16975.2663,1720.337865011313,1670.337865011313,False,True
771,32,5,62321.62,1,1,1,40920.59,0,False,False,True,0.2202378382071313,5608.9458,308.8255244032422,258.8255244032422,False,True
601,48,8,120782.7,1,1,0,63940.68,1,True,False,False,0.9257162312662608,10870.443,2515.736381538676,2465.736381538676,True,True
670,42,1,115961.58,2,0,1,29483.87,0,False,False,False,0.425726236619293,10436.5422,1110.7774585311092,1060.7774585311092,False,True
517,28,2,115062.61,1,1,0,179056.23,0,False,False,True,0.2707973069329468,10355.6349,701.0695106252089,651.0695106252089,False,True
834,49,8,160602.25,2,1,0,129273.94,0,False,False,False,0.5664247520325901,14454.2025,2046.804516722836,1996.804516722836,True,True
571,42,4,108825.34,3,1,0,55558.51,1,False,False,False,0.8997525604377874,9794.280599999998,2203.107261874037,2153.107261874037,True,True
576,36,8,166287.85,1,1,1,23305.85,0,True,False,False,0.3734508700753169,14965.9065,1397.2577009727102,1347.2577009727102,False,True
718,31,1,152663.77,1,0,1,17128.64,0,False,False,False,0.21378725418291,13739.7393,734.3452845340045,684.3452845340045,False,True
636,31,9,80844.69,2,1,1,74641.9,0,True,False,False,0.0838622709094682,7276.0221,152.54593412336942,102.54593412336942,False,True
566,40,2,97001.36,2,1,0,154486.01,0,True,False,False,0.4317642342789121,8730.1224,942.3386532992946,892.3386532992946,False,True
574,39,2,122524.61,2,1,0,88463.63,0,False,False,False,0.3124054839659697,11027.2149,861.240601907813,811.240601907813,False,True
619,35,8,132292.63,1,1,0,65682.93,0,False,False,False,0.3850649481708738,11906.3367,1146.178231072618,1096.178231072618,False,True
760,49,9,91502.99,1,1,0,117232.9,1,True,False,False,0.9207306010148036,8235.2691,1895.6160669904102,1845.6160669904102,True,True
739,29,3,59385.98,2,1,1,105533.96,0,True,False,True,0.0976441188672436,5344.7382,130.4705630287744,80.4705630287744,False,True
685,21,6,97956.5,1,1,1,164966.27,0,True,False,False,0.3506893758747316,8816.085,772.9268365771457,722.9268365771457,False,True
697,27,8,141223.68,2,1,0,90591.15,0,False,False,True,0.1848659570963532,12710.1312,587.417642277055,537.417642277055,False,True
656,18,10,151762.74,1,0,1,127014.32,0,False,False,True,0.1662294881329105,13658.646599999996,567.6174582265794,517.6174582265794,False,True
712,43,1,141749.74,2,0,1,90905.26,0,True,False,True,0.5186422317299754,12757.476599999998,1654.1415337667343,1604.1415337667343,True,True
689,38,5,75075.14,1,1,1,8651.92,1,False,True,True,0.3054237292739231,6756.7626,515.9189077776422,465.9189077776422,False,True
697,25,4,165686.11,2,1,0,15467.98,0,False,False,False,0.2468008797287196,14911.7499,920.0582484036618,870.0582484036618,False,True
680,32,5,92961.61,1,1,0,116957.6,0,False,False,True,0.2963290951702018,8366.5449,619.8126699794667,569.8126699794667,False,True
736,46,5,130812.91,1,1,1,77981.54,1,True,False,True,0.7927802519796259,11773.1619,2333.3825644197327,2283.3825644197327,True,True
657,57,8,107174.58,1,1,1,126369.55,1,True,False,True,0.7459286482330385,9645.7122,1798.753265647732,1748.753265647732,True,True
350,54,1,152677.48,1,1,1,191973.49,1,False,True,True,0.6601823506125646,13740.9732,2267.8869967200635,2217.8869967200635,True,True
617,30,3,132005.77,1,1,0,142940.39,0,False,False,True,0.2825156900477544,11880.519299999998,839.1082770412909,789.1082770412909,False,True
516,33,7,127305.5,1,1,1,120037.36,0,False,False,False,0.2495243965488899,11457.495,714.7311314592308,664.7311314592308,False,True
504,32,8,170291.22,2,0,1,15658.99,0,True,False,True,0.142597712842571,15326.2098,546.3706160063495,496.37061600634945,False,True
583,47,5,102562.23,1,1,0,92708.1,0,False,True,True,0.6994826045087181,9230.6007,1614.1611547039993,1564.1611547039993,True,True
712,53,2,111061.01,2,0,0,26542.17,0,False,True,True,0.6061721015910803,9995.4909,1514.7469313218796,1464.7469313218796,True,True
631,34,4,124379.14,1,1,0,106892.91,0,False,False,False,0.3599189140939976,11194.1226,1007.2441126067694,957.2441126067694,False,True
506,41,3,57745.76,1,1,0,4035.46,0,True,False,False,0.3940551030001393,5197.1184,511.9877566039798,461.9877566039798,False,True
570,50,5,129293.74,1,1,0,177805.44,1,True,False,False,0.9355962530300912,11636.4366,2721.751620395554,2671.751620395554,True,True
698,40,8,150777.1,1,1,0,114732.62,0,True,False,False,0.6197809308983138,13569.939,2102.5973564133333,2052.5973564133333,True,True
634,31,9,108632.48,1,1,1,179485.96,1,False,True,True,0.2898389041662055,9776.9232,708.4331766012878,658.4331766012878,False,True
616,59,5,153861.1,1,1,1,17699.48,0,False,False,True,0.4490317743356277,13847.499,1554.4917615202075,1504.4917615202075,False,True
500,56,1,100374.58,1,1,0,118490.8,1,False,False,True,0.8357690731497408,9033.7122,1887.5243181238766,1837.5243181238766,True,True
669,47,9,61196.54,1,1,0,58170.24,0,False,False,False,0.805420217120364,5507.6886,1109.0009370108385,1059.0009370108385,True,True
581,31,6,116891.72,1,1,0,107137.3,0,True,False,True,0.5423493349588314,10520.2548,1426.4132985943636,1376.4132985943636,True,True
704,54,6,133656.91,3,1,0,145071.33,1,True,False,False,0.9624423896494854,12029.1219,2894.3342067052395,2844.3342067052395,True,True
748,44,2,92911.52,1,0,1,85495.24,0,False,False,True,0.44195813357564,8362.0368,923.9175442547044,873.9175442547044,False,True
680,31,9,119825.75,2,1,1,101139.3,0,False,True,False,0.1817111891549613,10784.3175,489.9077892874148,439.9077892874148,False,True
655,37,7,111852.84,2,1,0,10511.13,0,False,False,False,0.2808952561256194,10066.7556,706.9259731540034,656.9259731540034,False,True
690,32,0,106683.52,2,1,1,137916.49,0,True,False,True,0.1998530506923053,9601.5168,479.7231059383552,429.7231059383552,False,True
695,40,7,139022.24,1,0,1,193383.13,0,True,False,True,0.5372889609066843,12512.0016,1680.6400846316928,1630.6400846316928,True,True
700,40,4,148571.07,1,1,0,189826.96,1,True,False,False,0.6544612377245245,13371.3963,2187.7651431507816,2137.7651431507816,True,True
749,42,1,129776.72,2,0,1,143538.51,0,False,False,True,0.2717313815872203,11679.9048,793.4491670278015,743.4491670278015,False,True
559,24,3,114739.92,1,1,0,85891.02,1,False,True,True,0.3435098788291405,10326.5928,886.8216603614687,836.8216603614687,False,True
594,41,2,122545.65,2,1,1,42050.24,0,True,False,True,0.3781156477029952,11029.108499999998,1042.5696260160273,992.5696260160273,False,True
652,26,1,131908.35,1,1,1,179269.79,0,True,False,False,0.446722292928877,11871.7515,1325.8440127904587,1275.8440127904587,False,True
680,42,7,105722.69,1,1,1,90558.24,1,True,False,False,0.655953143445329,9515.0421,1560.355443877411,1510.355443877411,True,True
570,18,4,82767.42,1,1,0,71811.9,0,False,False,False,0.3362124383223251,7449.067799999999,626.1173120665794,576.1173120665794,False,True
712,42,1,87842.98,1,0,0,92223.59,0,False,False,False,0.6122284734439858,7905.868199999999,1210.0494048338378,1160.0494048338378,True,True
705,39,6,133261.13,1,1,1,78065.9,0,False,True,True,0.2199852653837163,11993.5017,659.5984135886382,609.5984135886382,False,True
620,41,0,97925.11,1,1,0,85000.32,0,False,False,True,0.4300932361432677,8813.2599,947.6308678406729,897.6308678406729,False,True
613,24,7,140453.91,1,1,0,129001.3,0,False,False,False,0.3630370654713504,12640.8519,1147.274444708486,1097.274444708486,False,True
613,20,0,117356.19,1,0,0,113557.7,1,True,False,False,0.6128436517753757,10562.0571,1618.2224108560085,1568.2224108560085,True,True
850,37,4,137204.77,1,1,1,28865.59,0,False,True,True,0.1718409269259617,12348.429299999998,530.491384247926,480.491384247926,False,True
675,36,3,54098.18,2,0,1,54478.52,0,False,True,True,0.0995276584869559,4868.8362,121.14596663563202,71.14596663563202,False,True
602,23,7,113758.48,2,0,0,84077.6,0,False,False,True,0.1805246409210767,10238.2632,462.0646969588684,412.0646969588684,False,True
541,37,9,118636.92,1,1,1,73551.44,0,False,False,True,0.2483180544467756,10677.3228,662.8430060990496,612.8430060990496,False,True
814,44,8,95488.82,2,0,0,107013.59,0,True,False,True,0.4327885893180722,8593.9938,929.8456133275647,879.8456133275647,False,True
683,30,8,110829.52,2,0,0,24938.84,0,False,False,True,0.1621701274989543,9974.6568,404.3978412535779,354.3978412535779,False,True
485,51,7,144244.59,2,1,0,51113.14,0,True,False,True,0.6308533597506057,12982.0131,2047.4366451153442,1997.4366451153442,True,True
696,31,8,122021.92,2,1,0,33828.64,0,True,False,False,0.3300017246176892,10981.9728,906.0174909261382,856.0174909261382,False,True
790,42,1,85839.62,1,1,0,198182.73,0,True,False,True,0.4465955708813257,7725.5658,862.5508672080614,812.5508672080614,False,True
654,29,4,96974.97,1,0,1,141404.07,0,False,False,False,0.2448987528093374,8727.747299999999,534.3536071512655,484.35360715126546,False,True
452,35,4,148172.44,1,1,1,4175.68,0,False,False,True,0.223896133564773,13335.5196,746.442819379312,696.442819379312,False,True
828,28,8,134766.85,1,1,0,79355.87,0,False,True,True,0.2929593243605283,12129.016500000002,888.327119749425,838.327119749425,False,True
850,30,5,123210.56,2,1,1,102180.27,0,True,False,True,0.2160898431171478,11088.950399999998,599.0523880674582,549.0523880674582,False,True
712,47,1,139887.01,1,1,1,95719.73,0,False,True,True,0.4477352095420756,12589.8309,1409.2276440276996,1359.2276440276996,False,True
634,44,9,149961.11,1,1,0,57121.51,0,False,False,True,0.6671807230535901,13496.4999,2251.151140493677,2201.151140493677,True,True
730,45,6,152880.97,1,0,0,162478.11,0,True,False,True,0.7905021826998785,13759.2873,2719.1866607611796,2669.1866607611796,True,True
685,43,9,108589.47,2,0,1,194808.51,0,True,False,True,0.389769094757223,9773.0523,952.3084369964989,902.3084369964989,False,True
707,35,3,56674.48,1,1,0,17987.4,1,False,True,False,0.5041821603321158,5100.7032,642.920889647234,592.920889647234,True,True
805,33,3,105663.56,2,0,1,33330.89,0,True,False,False,0.2573795451578194,9509.720399999998,611.901877782509,561.901877782509,False,True
595,30,5,100683.54,1,1,1,178361.04,0,False,True,False,0.3185268958934903,9061.5186,721.5843479347815,671.5843479347815,False,True
627,29,5,139541.58,2,1,0,80607.33,0,True,False,True,0.2758711529192426,12558.742199999995,866.1486724823859,816.1486724823859,False,True
631,37,2,121801.72,2,0,1,23146.62,0,True,False,False,0.2925042427506799,10962.1548,801.6191971724327,751.6191971724327,False,True
776,38,5,112281.7,1,0,1,89893.6,0,True,False,True,0.4513226786660173,10105.353,1140.1937462064184,1090.1937462064184,False,True
758,40,5,93499.82,2,0,0,123218.81,0,False,True,False,0.3384405584223777,8414.9838,711.9929540968154,661.9929540968154,False,True
637,33,0,132255.99,2,0,1,74588.41,0,False,False,True,0.1624277714848506,11903.039099999998,483.3460287275104,433.3460287275104,False,True
735,49,5,121973.28,1,1,0,148804.36,0,False,False,True,0.7525864101993708,10977.5952,2065.3972410474607,2015.3972410474607,True,True
614,32,7,99462.8,2,1,1,51117.06,0,True,False,True,0.1571047131683095,8951.652,351.58667996063105,301.58667996063105,False,True
672,21,3,165878.76,2,1,1,164537.17,0,True,False,False,0.1496883257914658,14929.0884,558.6775620471982,508.6775620471982,False,True
642,30,8,117494.27,1,0,0,61977.82,0,False,False,True,0.2719273674123693,10574.4843,718.8729193606076,668.8729193606076,False,True
633,29,0,138577.34,1,1,0,193362.99,0,True,False,False,0.5123028731004627,12471.9606,1597.355312143943,1547.355312143943,True,True
796,41,8,107525.07,1,1,0,18510.41,0,False,True,True,0.4223410801656355,9677.2563,1021.7757196954252,971.7757196954252,False,True
715,23,7,139224.92,2,1,0,65057.71,0,False,False,True,0.2087512810126115,12530.242800000002,653.9260589747631,603.9260589747631,False,True
695,42,7,121453.63,1,0,0,46374.64,0,False,False,False,0.5809205627559451,10930.8267,1587.4854994879274,1537.4854994879274,True,True
584,54,1,77354.37,1,0,0,138192.98,1,True,False,False,0.8985198574268937,6961.893299999999,1563.8498438343113,1513.8498438343113,True,True
850,39,7,79259.99,1,0,1,186910.74,0,False,False,False,0.3700489160251199,7133.3991000000005,659.9266511323915,609.9266511323915,False,True
529,30,2,116295.29,1,1,0,75285.47,0,False,False,True,0.2832694113152661,10466.576099999998,741.2152125833584,691.2152125833584,False,True
586,34,9,74309.81,1,1,0,15034.93,0,True,False,True,0.3119755475736774,6687.8829000000005,521.6139824590334,471.6139824590334,False,True
674,34,2,152797.9,1,1,0,175709.4,1,True,False,True,0.4045726569351789,13751.811,1390.9016784851049,1340.9016784851049,False,True
552,42,9,133701.07,2,1,0,101069.71,1,False,False,True,0.4240281253556223,12033.0963,1275.5928165781686,1225.5928165781686,False,True
601,33,7,114430.18,2,1,1,153012.13,0,True,False,False,0.2637205888215775,10298.7162,678.9958750925798,628.9958750925798,False,True
541,29,7,127504.57,1,0,0,86173.92,0,False,False,True,0.2765379855126785,11475.4113,793.3467809578567,743.3467809578567,False,True
744,41,2,84113.41,1,1,0,197548.63,0,True,False,False,0.4727537794562755,7570.206900000001,894.7109808102439,844.7109808102439,False,True
595,23,10,101126.66,2,0,0,37042.8,0,False,True,False,0.2088924498930973,9101.399399999998,475.3034045303914,425.3034045303914,False,True
724,33,5,103564.83,2,1,0,121085.72,0,True,False,True,0.2975037398015566,9320.8347,693.2457953305299,643.2457953305299,False,True
618,37,2,168178.21,2,0,1,101273.23,0,False,False,True,0.1911868325057457,15136.038899999998,723.4528334936878,673.4528334936878,False,True
523,39,1,143903.11,1,1,1,118711.75,1,True,False,False,0.6876126048164494,12951.279899999998,2226.3658269364805,2176.3658269364805,True,True
642,30,5,129753.69,1,1,0,582.53,0,True,False,False,0.5129605371924234,11677.8321,1497.5667568147314,1447.5667568147314,True,True
521,38,5,110641.18,1,0,1,136507.69,1,False,False,True,0.3047859287201626,9957.7062,758.7421830223802,708.7421830223802,False,True
662,36,4,166909.2,2,1,0,138871.12,1,False,False,False,0.3502638383873055,15021.828,1315.4007837184752,1265.4007837184752,False,True
758,34,1,154139.45,1,1,1,60728.89,0,False,False,False,0.2247414637055038,13872.5505,779.4343261746296,729.4343261746296,False,True
717,38,7,97459.06,1,0,0,189175.71,0,False,False,True,0.3762734625999635,8771.3154,825.1033042785959,775.1033042785959,False,True
766,43,6,112088.04,2,1,1,36706.56,0,True,False,True,0.5585365250494917,10087.923599999998,1408.6184481271894,1358.6184481271894,True,True
760,28,1,141038.57,2,0,0,16287.38,0,False,True,True,0.1707608998606951,12693.4713,541.8871453859767,491.88714538597674,False,True
607,39,2,84468.67,2,1,1,121945.42,0,True,False,True,0.1966509143834865,7602.180299999999,373.7439268257819,323.7439268257819,False,True
725,36,4,118520.26,1,0,0,131173.9,1,False,True,False,0.4032990795371078,10666.8234,1075.4800147012206,1025.4800147012206,False,True
600,37,1,142663.46,1,0,1,88669.89,0,False,False,True,0.2272106807713363,12839.7114,729.3298920253719,679.3298920253719,False,True
656,27,4,118627.16,2,1,1,160835.3,0,True,False,True,0.1739828743353114,10676.4444,464.3796210982848,414.3796210982848,False,True
640,34,1,137523.02,1,0,0,24761.36,0,False,True,True,0.3141591924121872,12377.0718,972.092720278914,922.092720278914,False,True
439,28,7,110976.23,2,1,0,138526.96,0,False,False,True,0.1983319882830956,9987.8607,495.2280678313977,445.2280678313977,False,True
549,38,8,107283.4,1,0,0,157442.75,0,False,False,False,0.4362906002164705,9655.505999999998,1053.1516270334328,1003.1516270334328,False,True
715,34,4,124314.45,1,0,0,97782.92,0,False,False,True,0.2818435953383145,11188.3005,788.3377096613654,738.3377096613654,False,True
657,41,5,95858.37,1,1,1,68255.88,0,False,False,False,0.3984800679312521,8627.2533,859.4471202610298,809.4471202610298,False,True
554,35,6,117707.18,2,0,0,95277.15,1,False,False,False,0.304736938297279,10593.6462,807.0688270981509,757.0688270981509,False,True
533,38,1,135289.33,2,0,1,152956.33,0,False,True,True,0.16178176027879,12176.0397,492.46528397260744,442.46528397260744,False,True
658,36,8,174060.46,1,1,1,94925.62,0,False,False,True,0.2052225781096459,15665.4414,803.7255678333951,753.7255678333951,False,True
713,40,3,114446.84,2,1,1,87308.18,0,True,False,True,0.3950353265694049,10300.2156,1017.2372583203196,967.2372583203196,False,True
669,25,1,157848.53,1,0,0,37543.93,1,False,False,True,0.2873644198962837,14206.3677,1020.6011532359505,970.6011532359505,False,True
697,74,3,108071.36,2,1,1,16445.79,0,True,False,False,0.3951714856683914,9726.4224,960.9011975115802,910.9011975115802,False,True
702,35,8,14262.8,2,1,0,54689.16,0,False,True,False,0.2085773195754724,1283.6519999999998,66.93517335692357,16.93517335692357,False,True
686,41,7,102749.72,1,0,1,194913.86,0,False,True,True,0.3156085057020578,9247.4748,729.6454257863589,679.6454257863589,False,True
629,36,1,161757.87,2,1,1,146371.72,0,False,True,True,0.1648854165328499,14558.2083,600.1090598793731,550.1090598793731,False,True
683,35,5,95698.79,1,0,1,182566.76,0,True,False,False,0.4899957384844628,8612.891099999999,1055.0699837576892,1005.0699837576892,False,True
555,37,9,124969.13,1,1,0,60194.05,0,False,False,True,0.342297901876322,11247.2217,962.4750974619598,912.4750974619598,False,True
647,44,4,93960.35,1,1,0,36579.53,1,True,False,True,0.8157964392618418,8456.4315,1724.681676640419,1674.681676640419,True,True
714,51,4,88308.87,3,0,0,5862.53,1,False,False,False,0.907879994513584,7947.798299999999,1803.9117692497678,1753.9117692497678,True,True
452,30,7,112935.87,1,1,1,99017.34,0,False,False,True,0.1792373579855385,10164.2283,455.4523566134604,405.4523566134604,False,True
683,24,8,98567.1,1,1,0,187987.01,0,False,True,False,0.3434718126343316,8871.039,761.7379613199621,711.7379613199621,False,True
577,26,1,180530.51,1,0,0,123454.62,0,False,False,False,0.3765330291781013,16247.745899999998,1529.4532452607687,1479.4532452607687,False,True
552,33,5,140931.57,1,0,1,10921.5,0,False,False,True,0.2034727520725598,12683.8413,645.2040240406486,595.2040240406486,False,True
769,31,7,148913.72,2,1,0,53817.23,0,True,False,False,0.2584508915893906,13402.234799999998,865.9548833375894,815.9548833375894,False,True
639,50,6,115335.32,2,1,1,53130.41,0,False,False,False,0.4999361945800469,10380.1788,1297.3567720831195,1247.3567720831195,False,True
850,33,7,134678.13,1,1,0,113177.95,0,True,False,False,0.5539502131305217,12121.0317,1678.6120233942024,1628.6120233942024,True,True
579,31,2,90547.48,2,1,1,18800.13,0,True,False,True,0.1195296165778087,8149.2732,243.51987524595302,193.51987524595302,False,True
510,32,9,103324.78,1,1,1,46127.7,0,False,False,True,0.1755696956108393,9299.2302,408.16575390728104,358.16575390728104,False,True
531,29,3,114590.58,1,0,0,75585.48,0,False,False,True,0.2850569655526248,10313.1522,734.9589678535941,684.9589678535941,False,True
628,36,3,91286.51,1,1,0,63085.94,0,True,False,False,0.4932792482093102,8215.785899999999,1013.1691730501626,963.1691730501626,False,True
633,32,5,163340.12,2,1,1,74415.2,0,False,True,True,0.1745913179168212,14700.6108,641.6497534385638,591.6497534385638,False,True
714,45,8,150900.29,2,0,1,139889.15,0,False,True,True,0.4092199271846083,13581.0261,1389.4066279335661,1339.4066279335661,False,True
604,23,9,124577.33,1,1,1,7267.25,0,False,True,True,0.2002271564935536,11211.9597,561.234702362829,511.234702362829,False,True
850,31,4,91292.7,1,1,1,162149.07,0,False,True,False,0.2431042073125545,8216.343,499.35688800576406,449.35688800576406,False,True
788,57,8,93716.72,1,1,1,180150.49,1,True,False,False,0.787752441913075,8434.5048,1661.0754381318882,1611.0754381318882,True,True
798,37,4,111723.08,1,1,1,83478.12,0,False,False,False,0.250657688585804,10055.0772,630.0956023759545,580.0956023759545,False,True
770,45,4,110765.68,1,1,0,26163.74,1,True,False,True,0.8737744619923707,9968.9112,2177.64500510743,2127.64500510743,True,True
569,25,9,173459.45,2,1,1,44381.06,0,True,False,True,0.1508714393018223,15611.3505,588.8267298450559,538.8267298450559,False,True
425,22,7,169649.73,2,0,1,136365.0,1,False,True,False,0.3997073674487796,15268.4757,1525.7305567506658,1475.7305567506658,False,True
725,45,8,116917.07,1,0,0,173464.43,1,True,False,True,0.8601081444519836,10522.5363,2262.62979298041,2212.62979298041,True,True
663,32,8,130627.66,1,1,0,47161.25,1,True,False,True,0.5551158635588853,11756.4894,1631.5534414254705,1581.5534414254705,True,True
700,46,5,56580.95,2,0,1,45424.13,0,False,True,False,0.393206468780398,5092.285499999999,500.5798998691558,450.5798998691558,False,True
696,38,6,142316.14,1,1,1,8018.49,0,True,False,True,0.4549836621372198,12808.4526,1456.9091675647487,1406.9091675647487,False,True
561,56,7,152759.0,2,1,0,133167.11,1,False,False,True,0.7470518070991312,13748.309999999998,2567.6749575147637,2517.6749575147637,True,True
350,39,0,109733.2,2,0,0,123602.11,1,True,False,True,0.625981235608825,9875.988,1545.545792774482,1495.545792774482,True,True
706,54,9,117444.51,1,1,1,186238.85,0,False,False,True,0.4681496363306167,10570.0059,1237.0861045243682,1187.0861045243682,False,True
464,34,5,76001.57,1,1,1,158668.87,0,False,True,False,0.3005003975399606,6840.141300000001,513.8662949698759,463.86629496987587,False,True
501,34,3,107747.57,1,1,0,9249.36,0,False,False,False,0.3475229655410647,9697.2813,842.5069887654779,792.5069887654779,False,True
587,36,1,134997.49,2,1,0,44688.08,0,False,False,False,0.2510218361920667,12149.7741,762.4646509752037,712.4646509752037,False,True
590,37,0,64345.21,1,0,1,61759.33,1,False,True,False,0.4085151132485961,5791.0689,591.4347918784807,541.4347918784807,False,True
518,35,8,141665.63,1,0,1,192776.64,0,True,False,False,0.4509258470133795,12749.9067,1437.3156195097656,1387.3156195097656,False,True
785,33,5,136624.6,2,1,1,169117.74,0,True,False,False,0.2709092504035511,12296.214,832.7895293854127,782.7895293854127,False,True
799,52,4,161209.66,1,1,1,89081.41,0,False,False,False,0.5534481593625993,14508.8694,2007.476765965585,1957.476765965585,True,True
698,38,10,95010.92,1,1,1,105227.86,0,False,True,True,0.1908247621707652,8550.982799999998,407.93481478407585,357.93481478407585,False,True
730,41,4,167545.32,1,1,0,128246.81,0,False,False,False,0.5655716527037262,15079.0788,2132.07487954143,2082.07487954143,True,True
740,36,4,109044.6,1,0,0,94554.74,1,True,False,False,0.6074357483092034,9814.014,1490.3457345017496,1440.3457345017496,True,True
785,47,9,122031.55,1,1,1,33823.5,1,False,False,False,0.5884388441550765,10982.8395,1615.6823452301796,1565.6823452301796,True,True
527,29,2,27755.97,1,1,0,97468.44,1,False,True,False,0.4905592136659893,2498.0373,306.3588033990778,256.3588033990778,False,True
544,29,1,118560.55,1,1,1,164137.36,0,False,False,False,0.2416025690588949,10670.4495,644.5020030533002,594.5020030533002,False,True
639,28,8,97840.72,1,1,1,178222.77,0,False,True,False,0.3055540810872577,8805.664799999999,672.6517040816026,622.6517040816026,False,True
565,38,2,158651.29,2,1,1,179445.28,0,True,False,False,0.2052737174426093,14278.6161,732.756151695723,682.756151695723,False,True
481,44,9,175303.06,1,1,0,65500.53,1,False,False,True,0.7011502532004138,15777.2754,2765.560160380665,2715.560160380665,True,True
731,25,8,96950.21,1,1,0,97877.92,0,False,True,True,0.2710802284352281,8725.5189,591.328914156975,541.328914156975,False,True
607,45,7,123859.6,1,0,1,113051.57,0,False,False,True,0.5029699099302465,11147.364,1401.697166759918,1351.697166759918,True,True
715,33,3,85227.84,1,1,1,68087.15,0,False,False,False,0.2263455377670792,7670.5056,434.04617874434814,384.04617874434814,False,True
656,36,8,97786.08,2,0,1,21478.36,0,False,False,True,0.1536396670348181,8800.7472,338.0359673664019,288.0359673664019,False,True
652,33,7,128135.99,1,1,0,158437.73,0,True,False,True,0.5118518181919485,11532.2391,1475.6993877898199,1425.6993877898199,True,True
634,36,2,85996.19,1,1,0,15887.68,0,False,True,True,0.3420376300973002,7739.657099999999,661.8134930624358,611.8134930624358,False,True
659,39,1,104502.11,1,1,0,20652.69,0,True,False,False,0.7020122289934234,9405.1899,1650.6395814513583,1600.6395814513583,True,True
529,35,5,95772.97,1,1,1,112781.5,0,False,True,True,0.2255305086038809,8619.5673,485.9938492785952,435.9938492785952,False,True
572,31,5,98108.79,1,0,1,119996.95,0,False,True,True,0.196280085472608,8829.791099999999,433.2780379533183,383.2780379533183,False,True
640,39,9,131607.28,4,0,1,6981.43,1,True,False,True,0.8885720025810895,11844.6552,2631.2072477366287,2581.2072477366287,True,True
770,55,9,63127.41,2,1,0,185211.28,1,False,True,True,0.7377648705891844,5681.4669,1047.8966730588088,997.8966730588088,True,True
589,36,9,140355.56,2,1,0,136329.96,0,True,False,False,0.3660261939838136,12632.0004,1155.9107572035027,1105.9107572035027,False,True
790,24,7,107418.27,1,0,1,160450.21,0,True,False,True,0.3548327966689279,9667.6443,857.599316042355,807.599316042355,False,True
667,39,7,167557.12,1,1,1,41183.02,0,False,True,True,0.2111090162107469,15080.1408,795.8884221518864,745.8884221518864,False,True
613,34,8,117300.02,1,1,0,139410.08,0,False,True,True,0.2869785297366043,10557.0018,757.4082137476713,707.4082137476713,False,True
665,23,9,143672.9,1,1,1,115147.33,0,False,False,False,0.2691821461296815,12930.561,870.1690401601901,820.1690401601901,False,True
634,31,8,76798.92,1,0,0,196021.73,0,True,False,False,0.2491024294094176,6911.9028,430.44294483043893,380.44294483043893,False,True
535,49,7,115309.75,1,1,0,111421.77,0,False,True,False,0.772774847090987,10377.8775,2004.9406745478736,1954.9406745478736,True,True
776,29,7,178171.04,2,1,1,115818.51,0,False,False,False,0.2189706067300828,16035.3936,877.8199664369217,827.8199664369217,False,True
850,45,5,127258.79,1,1,1,192744.23,1,True,False,False,0.6470417585375737,11453.2911,1852.6894035966857,1802.6894035966857,True,True
625,69,1,107569.96,1,1,1,182336.45,0,False,True,False,0.3091399321886783,9681.2964,748.2188281486237,698.2188281486237,False,True
535,20,9,134874.4,1,1,1,118825.56,0,True,False,True,0.3221722122449404,12138.695999999998,977.6876360222021,927.6876360222021,False,True
617,42,0,70105.87,1,1,1,120830.73,0,False,True,True,0.416023259255295,6309.528299999999,656.2276319323801,606.2276319323801,False,True
687,29,4,78939.15,1,1,0,122134.56,1,True,False,False,0.4586861162333771,7104.523499999999,814.6865729759396,764.6865729759396,False,True
757,30,6,105128.85,2,1,1,62972.13,0,True,False,True,0.2026365836706346,9461.5965,479.3163977075084,429.3163977075084,False,True
746,31,2,113836.27,1,1,1,174815.54,0,False,True,True,0.2152002330926482,10245.2643,551.1958163639468,501.19581636394685,False,True
543,48,1,100900.5,1,0,0,33310.72,1,True,False,True,0.9083279932609972,9081.045,2062.141845390703,2012.141845390703,True,True
428,40,3,129248.11,2,1,0,72876.43,1,True,False,False,0.4988790424760359,11632.3299,1450.7814005693408,1400.7814005693408,False,True
768,28,3,109118.05,2,0,1,50911.41,0,False,False,False,0.1781318905701523,9820.6245,437.34160219113915,387.34160219113915,False,True
658,35,5,126397.66,1,0,0,156361.58,1,False,False,False,0.3885801313469773,11375.7894,1105.101434806888,1055.101434806888,False,True
625,36,9,108546.16,3,1,0,133807.77,1,False,False,True,0.8968632410177925,9769.1544,2190.398869296807,2140.398869296807,True,True
717,36,2,148061.89,1,1,0,179128.69,1,False,False,True,0.3459681122388959,13325.5701,1152.555583001019,1102.555583001019,False,True
667,44,8,122277.87,1,1,1,91810.71,0,False,False,True,0.4348093999889353,11005.008299999998,1196.270263949063,1146.270263949063,False,True
729,36,8,152899.24,2,1,0,177130.33,0,True,False,True,0.2546924566305238,13760.931599999998,876.201368682151,826.201368682151,False,True
484,54,3,134388.11,1,0,0,49954.79,1,True,False,True,0.9112309141898102,12094.929899999996,2755.3185074596663,2705.3185074596663,True,True
632,40,3,109740.62,1,1,0,141896.74,0,False,True,False,0.5772062675032327,9876.6558,1425.2169074330386,1375.2169074330386,True,True
536,23,6,92366.72,2,1,0,120661.71,0,True,False,True,0.2266028703538951,8313.0048,470.93768723642694,420.93768723642694,False,True
573,26,4,129109.02,1,0,0,149814.68,1,False,False,False,0.3454479515720299,11619.8118,1003.5100459906254,953.5100459906254,False,True
666,74,7,105102.5,1,1,1,46172.47,0,True,False,True,0.3792654790687845,9459.225,896.8893753111058,846.8893753111058,False,True
726,30,5,111375.32,2,1,0,2704.09,0,True,False,True,0.2956460301886775,10023.7788,740.8726024273565,690.8726024273565,False,True
728,33,9,150412.14,2,1,0,170764.08,0,True,False,False,0.2784310834974576,13537.0926,942.2868400058538,892.2868400058538,False,True
701,30,3,156660.72,2,1,0,45742.42,0,False,False,True,0.1942098630637771,14099.464800000002,684.5637820201364,634.5637820201364,False,True
518,38,3,90957.81,1,0,1,162304.59,0,False,False,True,0.2983057228132575,8186.202899999998,610.497793295121,560.497793295121,False,True
739,37,7,104960.46,1,0,1,80883.82,0,False,False,True,0.1915905675447967,9446.4414,452.46226727616596,402.46226727616596,False,True
531,31,7,117052.82,1,1,0,118508.09,1,True,False,False,0.6295604859756918,10534.7538,1658.0661804905665,1608.0661804905665,True,True
452,44,3,88915.85,1,1,0,69697.74,0,False,True,True,0.624523218962851,8002.4265,1249.4252893234052,1199.4252893234052,True,True
684,45,6,148071.39,1,1,0,183575.01,0,False,False,True,0.7080527240368883,13326.4251,2358.9528984321405,2308.9528984321405,True,True
728,39,6,152182.83,1,0,0,161203.6,0,True,False,True,0.4986368063690713,13696.454699999998,1707.389107546664,1657.389107546664,False,True
734,22,5,130056.23,1,0,0,121894.31,1,False,False,True,0.3227243953727169,11705.060699999998,944.3771593021125,894.3771593021125,False,True
648,34,3,95039.73,2,1,1,147055.87,0,True,False,True,0.1457219507452316,8553.5757,311.61093421275245,261.61093421275245,False,True
516,43,2,112773.73,2,1,1,139366.58,0,False,False,False,0.4812170542392479,10149.6357,1221.0444482888768,1171.0444482888768,False,True
680,37,10,123806.28,1,1,0,81776.84,1,False,False,False,0.4095536351818291,11142.5652,1140.869520727636,1090.869520727636,False,True
604,53,8,144453.75,1,1,0,190998.96,1,False,False,True,0.817209470328991,13000.8375,2656.101881802071,2606.101881802071,True,True
624,27,9,94667.29,2,0,1,4470.52,0,True,False,True,0.0992605596136636,8520.056099999998,211.42638410645202,161.42638410645202,False,True
624,51,5,174397.21,2,1,1,172372.63,0,False,True,True,0.3987819038097914,15695.7489,1564.79515701561,1514.79515701561,False,True
565,58,3,108888.24,3,0,1,135875.51,1,True,False,False,0.919470612026866,9799.9416,2252.689575194886,2202.689575194886,True,True
565,55,4,118803.35,2,1,1,128124.7,1,False,False,True,0.4688229155684607,10692.3015,1253.1989908417563,1203.1989908417563,False,True
710,54,6,171137.62,1,1,1,167023.95,1,False,False,True,0.5230375982298413,15402.3858,2014.0067189603533,1964.0067189603533,True,True
707,33,8,136678.52,1,1,0,54290.62,0,False,False,True,0.3095094256095758,12301.0668,951.8240299132557,901.8240299132557,False,True
655,36,1,135515.76,1,1,0,86013.96,0,False,True,False,0.3770371352487167,12196.4184,1149.6256634576841,1099.6256634576841,False,True
705,24,5,177799.83,2,0,0,79886.06,0,False,True,False,0.3440931128308188,16001.9847,1376.543181723534,1326.543181723534,False,True
358,52,8,143542.36,3,1,0,141959.11,1,False,True,False,0.979585712970393,12918.8124,3163.771013896189,3113.771013896189,True,True
578,34,8,147487.23,2,1,0,66680.77,0,True,False,True,0.2479298271999916,13273.8507,822.7458775823719,772.7458775823719,False,True
800,40,5,97764.41,1,1,0,98640.15,1,False,False,False,0.5518309060871364,8798.7969,1213.8620164509216,1163.8620164509216,True,True
681,48,8,139480.18,1,1,1,163581.67,0,True,False,False,0.7502250078145788,12553.2162,2354.4341804357746,2304.4341804357746,True,True
488,39,9,140553.46,1,0,0,12440.44,0,False,True,False,0.3887122782020707,12649.8114,1229.2842520301315,1179.2842520301315,False,True
666,41,10,141162.08,1,1,0,50908.48,0,False,False,False,0.5635545240629071,12704.587199999998,1789.931898227925,1739.931898227925,True,True
582,26,4,65848.36,2,1,0,30149.21,0,False,True,True,0.1339697639032066,5926.3524,198.48800795880047,148.48800795880047,False,True
733,30,0,83319.28,1,0,0,57769.2,0,False,True,False,0.3432394586759531,7498.735199999999,643.4654527005787,593.4654527005787,False,True
694,33,4,129731.64,2,1,0,178123.86,0,False,False,False,0.2754360787833185,11675.8476,803.987419853905,753.987419853905,False,True
494,37,5,107106.33,2,1,0,172063.09,0,True,False,True,0.3818183900175133,9639.5697,920.1412458289009,870.1412458289009,False,True
476,69,1,105303.73,1,0,1,134260.34,0,False,True,False,0.4157661243000908,9477.3357,985.088783169972,935.088783169972,False,True
667,28,6,165798.1,1,1,0,147090.9,0,False,False,True,0.3107552639887492,14921.829000000002,1159.2592275224936,1109.2592275224936,False,True
531,45,1,126495.57,2,1,1,164741.5,0,False,True,False,0.5123471347712972,11384.6013,1458.2169641421465,1408.2169641421465,True,True
719,47,9,116393.59,1,1,0,63051.32,1,False,True,False,0.7558008318451925,10475.4231,1979.3333732275864,1929.3333732275864,True,True
845,41,2,81733.74,2,0,0,199761.29,0,True,False,False,0.1435985329477486,7356.0366,264.07901601748614,214.07901601748614,False,True
563,46,8,106171.68,1,1,0,163145.5,1,False,True,False,0.7707695880373193,9555.4512,1841.2627962336771,1791.2627962336771,True,True
695,28,0,96020.86,1,1,1,57992.49,0,False,True,True,0.1798953378014278,8641.8774,388.65836352788114,338.65836352788114,False,True
626,36,2,181671.16,2,1,1,57531.14,0,True,False,True,0.1572048429985063,16350.4044,642.5906891660215,592.5906891660215,False,True
613,29,6,185709.28,2,1,1,77242.19,0,False,False,False,0.2293006241150929,16713.8352,958.1232106792022,908.1232106792022,False,True
824,60,8,134250.17,3,0,0,153046.16,1,True,False,True,0.9271326158012994,12082.5153,2800.523503887055,2750.523503887055,True,True
584,44,5,95671.75,2,1,1,106564.88,0,False,False,False,0.4460671645624975,8610.457499999999,960.2105906527225,910.2105906527225,False,True
672,34,1,142151.75,2,1,1,168753.34,0,False,False,False,0.1782743233153319,12793.6575,570.1951583851552,520.1951583851552,False,True
603,43,5,127823.93,1,1,1,19483.35,0,False,False,True,0.4644498284012507,11504.1537,1335.7755529666535,1285.7755529666535,False,True
633,43,3,144164.29,1,1,1,158646.46,0,True,False,True,0.6872008397047098,12974.7861,2229.070975727249,2179.070975727249,True,True
842,58,1,63492.94,1,1,1,83172.19,0,False,False,True,0.4285336719785625,5714.3646,612.1994112655774,562.1994112655774,False,True
632,41,0,106134.46,1,0,1,105570.39,0,False,False,True,0.354511376742991,9552.1014,846.5821545256629,796.5821545256629,False,True
684,29,8,127269.75,1,0,1,79495.01,0,True,False,True,0.3878296212515537,11454.2775,1110.5770261337982,1060.5770261337982,False,True
785,32,3,124493.03,2,0,1,52583.79,1,True,False,False,0.2953882641241172,11204.3727,827.410050613162,777.410050613162,False,True
705,43,10,146547.78,1,0,1,10072.55,1,True,False,False,0.8066694922339985,13189.3002,2659.851523813944,2609.851523813944,True,True
639,43,6,99610.92,2,1,0,187296.78,0,False,False,True,0.4053935360779661,8964.982799999998,908.5865195425362,858.5865195425362,False,True
729,46,5,117837.43,1,1,0,104016.61,1,True,False,True,0.8950884728305398,10605.3687,2373.185818371952,2323.185818371952,True,True
556,48,8,168522.37,1,1,1,151310.16,0,False,True,False,0.556571419332285,15167.0133,2110.3815298531613,2060.3815298531613,True,True
570,32,9,117337.54,2,0,1,62810.91,0,False,False,True,0.1326641668040484,10560.3786,350.2459570260758,300.2459570260758,False,True
841,74,9,108131.53,1,0,1,60830.38,0,False,False,True,0.2430593312648578,9731.8377,591.353490835033,541.353490835033,False,True
705,35,4,136496.12,2,1,0,116672.02,0,True,False,True,0.287365629958974,12284.6508,882.5466039920035,832.5466039920035,False,True
553,32,3,116324.53,1,1,0,77304.49,0,False,False,True,0.2997575275890257,10469.2077,784.5559539919976,734.5559539919976,False,True
779,40,2,75470.23,1,1,1,52894.01,0,True,False,False,0.4161411245817858,6792.320699999999,706.6409936545356,656.6409936545356,False,True
696,28,4,172646.82,1,1,1,116471.43,0,False,False,True,0.1995566158963036,15538.2138,775.188340750311,725.188340750311,False,True
691,27,3,160358.68,2,1,0,142367.72,0,True,False,True,0.2194358916274789,14432.281199999998,791.7401233351252,741.7401233351252,False,True
706,30,3,98415.37,1,1,1,110520.48,0,False,False,True,0.1746434598660176,8857.383299999998,386.721016217871,336.721016217871,False,True
627,30,6,57809.32,1,1,0,188258.49,0,True,False,False,0.3167092687352186,5202.8388,411.9468179238056,361.9468179238056,False,True
716,18,3,128743.8,1,0,0,197322.13,0,True,False,False,0.4821798344556227,11586.942,1396.7474438517254,1346.7474438517254,False,True
501,24,4,130806.42,2,1,0,80241.14,0,True,False,True,0.2525857207020905,11772.5778,743.3962620336077,693.3962620336077,False,True
601,41,1,123971.16,1,0,1,172814.99,0,False,False,True,0.3662777424374222,11157.4044,1021.6772237733403,971.6772237733403,False,True
520,33,4,156297.58,2,1,1,166102.61,0,False,False,True,0.1637051033579741,14066.782199999998,575.7010084912775,525.7010084912775,False,True
765,51,3,123372.3,1,1,1,115429.32,0,False,False,True,0.5261839721455388,11103.507,1460.6218545014488,1410.6218545014488,True,True
667,37,5,92171.35,3,1,0,178106.34,1,True,False,False,0.8714152628270329,8295.4215,1807.1892266708799,1757.1892266708799,True,True
709,34,4,148375.19,2,1,1,21521.38,0,True,False,True,0.1767774549163887,13353.7671,590.1612403710511,540.1612403710511,False,True
782,34,6,147422.44,1,0,1,42143.61,0,False,True,True,0.1589256139058772,13268.0196,527.1570400613028,477.15704006130284,False,True
668,24,7,173962.32,1,0,0,106457.11,1,False,True,False,0.4901011077312786,15656.6088,1918.330329048821,1868.330329048821,False,True
579,64,6,145215.43,1,1,1,164083.72,0,True,False,False,0.7017006877469625,13069.3887,2292.699759805595,2242.699759805595,True,True
547,38,5,167539.97,1,0,1,159207.34,0,False,False,False,0.3477573822748451,15078.5973,1310.9233813561368,1260.9233813561368,False,True
840,39,1,94968.97,1,1,0,84487.62,0,False,False,False,0.4117206258460051,8547.207299999998,879.7653846978857,829.7653846978857,False,True
667,27,3,106116.5,2,1,0,3674.71,0,True,False,False,0.2833205461620734,9550.485,676.4621565781724,626.4621565781724,False,True
520,34,8,120018.86,2,1,1,343.38,0,True,False,True,0.2001470253313289,10801.6974,540.4819007847873,490.4819007847873,False,True
549,37,2,112541.54,2,0,0,47432.43,0,False,False,True,0.2154703572322873,10128.7386,545.6107311136144,495.6107311136144,False,True
567,35,5,166118.45,2,1,0,127827.18,0,False,False,False,0.3287257863824209,14950.6605,1228.6669074497745,1178.6669074497745,False,True
720,45,1,102882.4,2,1,1,35633.15,1,False,False,False,0.504938968427745,9259.416,1168.8599908208391,1118.8599908208391,True,True
712,37,1,106881.5,2,0,0,169386.81,0,False,False,False,0.3111341581743298,9619.335,748.2259243554666,698.2259243554666,False,True
689,26,4,120727.97,1,0,1,149073.88,0,True,False,True,0.3276208035838601,10865.5173,889.9423772950834,839.9423772950834,False,True
850,63,8,169832.57,1,0,0,184107.26,1,False,False,True,0.8217207724936609,15284.9313,3139.986388837134,3089.986388837134,True,True
469,38,9,113599.42,1,0,0,11950.29,0,True,False,True,0.5486893649399257,10223.9478,1402.4428563902377,1352.4428563902377,True,True
737,38,6,146282.79,2,1,0,198516.2,0,False,True,True,0.2198894788347648,13165.451099999998,723.7360452508952,673.7360452508952,False,True
445,38,6,119413.62,2,1,0,175756.36,0,True,False,False,0.4484772103994136,10747.2258,1204.9714615791515,1154.9714615791515,False,True
703,29,3,122084.63,1,0,1,82824.08,0,True,False,False,0.4694456969888954,10987.6167,1289.5223449945818,1239.5223449945818,False,True
588,35,1,103060.63,1,1,0,179866.01,1,True,False,False,0.5760666313283642,9275.4567,1335.8202738002765,1285.8202738002765,True,True
545,37,9,110483.86,1,1,1,127394.67,0,True,False,True,0.5018430605309605,9943.5474,1247.5250649376687,1197.5250649376687,True,True
744,31,9,120718.28,1,1,1,58961.49,0,False,False,True,0.1893610979830669,10864.6452,514.3352860671145,464.33528606711445,False,True
658,31,2,36566.96,1,1,0,103644.98,1,False,True,False,0.5044919281453967,3291.0264,415.0740635283509,365.0740635283509,True,True
629,28,8,108601.0,1,1,1,119647.7,0,True,False,True,0.3652815471221207,9774.09,892.5736792277122,842.5736792277122,False,True
661,44,1,141136.62,1,1,0,189742.78,1,True,False,True,0.8569904225177521,12702.295799999998,2721.436461146867,2671.436461146867,True,True
710,45,9,108231.37,1,1,1,188574.08,0,True,False,True,0.7105605532451135,9740.823299999998,1730.3611982777227,1680.3611982777227,True,True
569,34,6,144855.34,1,0,0,196555.32,0,False,True,False,0.354306018240385,13036.9806,1154.7701715657863,1104.7701715657863,False,True
640,63,2,68432.45,2,1,1,112503.24,1,False,False,True,0.2727314011220503,6158.9205,419.93275434107966,369.93275434107966,False,True
562,45,6,136855.24,1,1,0,46864.0,0,False,False,True,0.7069276000167869,12316.9716,2176.801793165731,2126.801793165731,True,True
721,55,3,44020.89,1,1,0,65864.4,1,False,False,False,0.879165866952489,3961.8801,870.7874382195785,820.7874382195785,True,True
456,32,9,133060.63,1,1,1,125167.92,0,True,False,True,0.3890324318205925,11975.4567,1164.710260540802,1114.710260540802,False,True
423,36,5,97665.61,1,1,0,118372.55,1,False,False,False,0.4490564760215336,8789.9049,986.7909297396026,936.7909297396026,False,True
594,28,5,185013.02,1,1,0,16481.12,0,True,False,True,0.3702814300409918,16651.1718,1541.4049264905589,1491.4049264905589,False,True
716,52,7,65971.61,2,1,0,14608.0,1,False,False,False,0.7459509299854946,5937.4449,1107.2606362231581,1057.2606362231581,True,True
595,41,9,150463.11,2,0,1,81548.38,0,True,False,False,0.2423401825004849,13541.6799,820.423294582287,770.423294582287,False,True
661,37,5,136425.18,1,1,0,81102.81,0,False,False,False,0.3992716770274589,12278.266199999998,1225.590984165891,1175.590984165891,False,True
655,38,3,250898.09,3,0,1,81054.0,1,False,True,True,0.7675059809271496,22580.8281,4332.730155259461,4282.730155259461,True,True
555,55,4,146798.81,1,1,1,74149.77,0,False,False,True,0.5265243196598438,13211.8929,1739.0957301478054,1689.0957301478054,True,True
611,40,7,128486.91,2,1,0,10109.47,0,True,False,False,0.4241765134904694,11563.8219,1226.275414041684,1176.275414041684,False,True
531,37,1,143407.29,2,0,1,84402.46,0,False,True,True,0.1736340882489952,12906.6561,560.258866066708,510.25886606670804,False,True
548,57,6,76165.65,1,1,1,133537.53,0,False,False,True,0.5350292386209533,6854.9085,916.8941188928252,866.8941188928252,True,True
755,33,6,90560.3,2,1,1,42607.69,0,True,False,False,0.1614920362711658,8150.427000000001,329.05726317737225,279.05726317737225,False,True
594,61,3,62391.22,1,1,1,192434.11,0,False,False,True,0.5225518485474413,5615.2098,733.559565242927,683.559565242927,True,True
637,55,1,123378.2,1,1,0,81431.99,1,True,False,False,0.947148499938292,11104.038,2629.293233739448,2579.293233739448,True,True
646,42,3,99836.47,1,0,1,22909.56,0,False,True,False,0.4690323348514518,8985.282299999999,1053.5969841171056,1003.5969841171056,False,True
593,74,5,161434.36,2,1,1,65532.17,0,True,False,True,0.2784082068719086,14529.092399999998,1011.2546406400686,961.2546406400686,False,True
722,48,10,138311.76,1,1,1,3472.63,1,True,False,False,0.8052701523231107,12448.058400000002,2506.0124709737447,2456.0124709737447,True,True
738,35,6,101744.84,1,0,0,85185.44,0,True,False,True,0.5107073606200937,9157.0356,1169.141370595059,1119.141370595059,True,True
404,54,4,125456.07,1,1,0,83715.66,1,True,False,False,0.9023289828384397,11291.0463,2547.059580765182,2497.059580765182,True,True
618,54,4,118449.21,1,1,1,133573.29,1,True,False,False,0.8158076945616412,10660.4289,2174.2149809868233,2124.2149809868233,True,True
765,32,9,178095.55,1,0,0,47247.56,0,False,True,False,0.3935321446322718,16028.599499999997,1576.9422841716896,1526.9422841716896,False,True
651,25,2,109175.14,2,1,0,114566.47,0,True,False,False,0.3420151718953954,9825.7626,840.1399711605867,790.1399711605867,False,True
704,32,7,127785.17,4,0,0,184464.7,1,False,False,True,0.8617187676369703,11500.6653,2477.584782330317,2427.584782330317,True,True
710,34,9,134260.36,2,1,0,147074.67,0,True,False,True,0.2639376093762023,12083.432399999998,797.3180651787366,747.3180651787366,False,True
743,37,8,69143.91,2,0,1,105780.18,0,False,False,True,0.1377497816006347,6222.9519,214.3025662840637,164.3025662840637,False,True
702,34,4,100054.77,1,1,0,109496.45,0,False,False,True,0.3057980255473932,9004.9293,688.4224000334674,638.4224000334674,False,True
614,38,2,116248.88,1,1,0,105140.92,0,False,False,True,0.3897107384004411,10462.3992,1019.3273294180461,969.3273294180461,False,True
609,43,6,86053.52,2,1,1,113276.46,1,False,True,False,0.5005622053284469,7744.8168,969.1906443182012,919.1906443182012,True,True
688,32,6,123157.95,1,1,0,172531.23,0,False,False,False,0.3645135996179728,11084.2155,1010.086822711582,960.086822711582,False,True
713,44,1,63438.91,1,1,0,64375.4,0,False,False,True,0.6784251103196942,5709.5019,968.367364094501,918.367364094501,True,True
736,57,9,95295.39,1,1,0,28434.44,1,True,False,True,0.8915729750197599,8576.5851,1911.6628732792863,1861.6628732792863,True,True
727,18,4,133550.67,1,1,1,46941.41,0,False,False,True,0.1820679193775356,12019.5603,547.0940839134569,497.09408391345687,False,True
850,38,1,106871.81,2,1,0,29333.01,0,False,False,False,0.2668877591795209,9618.4629,641.7625025330891,591.7625025330891,False,True
718,45,3,105266.32,2,1,1,193724.51,0,False,True,True,0.3446516482636913,9473.9688,816.3047406296965,766.3047406296965,False,True
643,51,2,105229.53,1,1,0,34967.75,1,False,False,False,0.8274596154824861,9470.6577,1959.1466947020615,1909.1466947020615,True,True
653,41,8,102768.42,1,1,0,55663.85,0,False,False,True,0.4628680256619407,9249.1578,1070.284852480435,1020.2848524804349,False,True
690,35,6,112689.95,1,1,0,176962.31,0,False,False,True,0.3265710679372583,10142.0955,828.0287396391655,778.0287396391655,False,True
819,38,9,122334.26,2,1,1,181507.44,0,False,False,True,0.1290683406398602,11010.0834,355.26329868611754,305.26329868611754,False,True
633,33,4,137847.41,2,1,0,98349.13,0,False,True,True,0.2126228764089089,12406.2669,659.4640384436593,609.4640384436593,False,True
850,49,5,122486.47,1,0,1,59748.19,0,False,False,True,0.4428794473467084,11023.7823,1220.5516531736066,1170.5516531736066,False,True
665,33,2,101286.11,1,1,1,159840.51,0,False,False,True,0.1845258237926516,9115.7499,420.52281494632035,370.52281494632035,False,True
836,57,4,101247.06,1,1,0,37141.62,1,False,True,True,0.8053681119322365,9112.2354,1834.6759548950217,1784.6759548950217,True,True
668,38,10,86977.96,1,0,1,37094.75,0,False,False,True,0.2250113987423043,7828.0164,440.3482298854244,390.3482298854244,False,True
745,55,9,110123.59,1,0,1,51548.14,1,False,False,False,0.5772245285051922,9911.1231,1430.235839588605,1380.235839588605,True,True
693,36,8,178111.82,1,0,0,58719.63,1,False,False,True,0.430249575595129,16030.0638,1724.23203667821,1674.23203667821,False,True
606,65,10,126306.64,3,0,0,7861.68,1,True,False,True,0.9571091109869972,11367.5976,2720.0078082484806,2670.0078082484806,True,True
660,35,6,100768.77,1,1,0,19199.61,0,False,False,False,0.3881377729568221,9069.1893,880.0237343564601,830.0237343564601,False,True
731,40,7,118991.79,1,1,1,156048.64,0,False,False,False,0.4334145039797179,10709.2611,1160.387271911447,1110.387271911447,False,True
683,72,3,140997.26,1,0,1,52876.41,0,False,False,True,0.2811914025315354,12689.7534,892.06238908133,842.06238908133,False,True
561,32,6,166824.59,1,1,0,139451.98,0,True,False,True,0.3910469593141693,15014.2131,1467.815594812492,1417.815594812492,False,True
700,34,2,76322.69,1,1,0,128136.29,0,False,False,False,0.367705105591288,6869.0421,631.4454626728756,581.4454626728756,False,True
767,77,8,149083.7,1,1,1,190146.83,0,False,True,True,0.2654512049735169,13417.533,890.4250756554817,840.4250756554817,False,True
787,33,1,126588.81,2,0,1,62163.53,0,False,False,True,0.1209990466060157,11392.9929,344.63531972227645,294.63531972227645,False,True
705,56,2,143249.67,1,1,0,88428.41,1,True,False,False,0.9217814830876327,12892.4703,2971.0100984493147,2921.0100984493147,True,True
773,43,8,81844.91,2,1,1,35908.46,0,True,False,True,0.2775844370542373,7366.0419,511.1746485323561,461.1746485323561,False,True
526,58,9,190298.89,2,1,1,191263.76,0,True,False,True,0.2617946662141265,17126.9001,1120.9327737405474,1070.9327737405474,False,True
661,35,2,117212.18,1,1,1,83052.03,0,True,False,True,0.4322090346345114,10549.0962,1139.853671217148,1089.853671217148,False,True
646,26,4,139848.17,1,1,0,164696.27,0,False,False,True,0.2875722581519663,12586.3353,904.8702160197016,854.8702160197016,False,True
757,34,9,101861.36,2,0,0,187011.96,0,True,False,False,0.326774878133751,9167.5224,748.9290037621081,698.9290037621081,False,True
699,35,2,167455.66,2,1,1,55324.49,0,False,True,True,0.1598300019852292,15071.0094,602.199865580352,552.199865580352,False,True
774,43,1,116360.07,1,1,0,17004.14,0,False,True,False,0.600172261787041,10472.4063,1571.3119438559643,1521.3119438559643,True,True
745,40,3,88466.82,1,0,0,116331.42,0,False,True,True,0.4486674466603542,7962.013800000001,893.074100480126,843.074100480126,False,True
634,46,5,123642.36,1,1,1,49725.16,1,True,False,False,0.792780978253208,11127.8124,2205.479500072545,2155.479500072545,True,True
713,38,9,72286.84,2,1,1,26136.89,0,False,False,True,0.1562234867149004,6505.8156,254.09029923904797,204.09029923904797,False,True
739,40,1,109681.61,1,1,1,193321.3,0,False,True,True,0.2611885694354934,9871.3449,644.5706132088384,594.5706132088384,False,True
556,37,9,145018.64,2,1,0,90928.02,1,True,False,True,0.4327798203993779,13051.677600000005,1412.1256719096464,1362.1256719096464,False,True
708,32,8,187487.63,1,1,1,120115.5,0,False,True,False,0.3301760478968902,16873.8867,1392.8383058164745,1342.8383058164745,False,True
480,35,2,165692.91,1,1,1,197984.58,0,False,False,True,0.3092190022209575,14912.3619,1152.7964168689555,1102.7964168689555,False,True
700,59,5,137648.41,1,1,0,142977.05,1,True,False,False,0.9296922651814464,12388.3569,2879.3398970593007,2829.3398970593007,True,True
525,47,6,118560.0,1,1,0,82522.61,1,False,True,False,0.7558334341792431,10670.4,2016.2612690165488,1966.2612690165488,True,True
845,33,8,164385.53,1,1,0,150664.97,0,False,False,True,0.305355544584304,14794.6977,1129.4107432859123,1079.4107432859123,False,True
613,37,9,108286.5,1,1,1,114153.44,0,False,False,True,0.2298057380344723,9745.785,559.9093286625724,509.9093286625724,False,True
773,47,2,118079.47,4,1,1,143007.49,1,True,False,True,0.9265516565400144,10627.1523,2461.651391967006,2411.651391967006,True,True
614,35,2,127283.78,1,1,1,31302.35,0,False,True,True,0.209297512321395,11455.5402,599.404016539434,549.404016539434,False,True
762,29,6,141389.06,1,1,0,54122.89,0,False,False,True,0.3155981819182466,12725.0154,1003.9979312804224,953.9979312804224,False,True
701,37,8,130091.5,1,1,1,120031.29,0,False,False,True,0.2278241797235142,11708.235,666.8547587212848,616.8547587212848,False,True
600,35,4,143744.77,2,1,0,104076.51,0,False,False,True,0.2311662561997442,12937.029299999998,747.6511574068493,697.6511574068493,False,True
850,28,9,97408.03,1,1,1,175853.64,0,False,True,True,0.1568922006618579,8766.722699999998,343.85760424881613,293.85760424881613,False,True
613,30,9,111927.45,1,1,1,175795.87,0,False,True,True,0.222653097888421,10073.4705,560.7223533281552,510.72235332815524,False,True
456,33,1,188285.68,1,0,0,58363.94,0,False,False,False,0.418159189330743,16945.711199999998,1771.5012145062228,1721.5012145062228,False,True
728,46,2,109705.52,1,1,0,20276.87,1,False,False,False,0.7407619957038739,9873.4968,1828.4777985359533,1778.4777985359533,True,True
673,34,1,127122.79,3,0,1,76703.1,0,True,False,False,0.3747267506972547,11441.0511,1071.816975816063,1021.816975816063,False,True
717,40,0,98241.04,1,1,0,110887.14,0,False,False,True,0.4346520749005186,8841.693599999999,960.7651172186588,910.7651172186588,False,True
741,37,8,170840.08,2,0,0,109843.16,0,True,False,False,0.2709814080004604,15375.6072,1041.625921979504,991.625921979504,False,True
498,41,4,87541.06,2,1,1,12577.21,1,True,False,False,0.5129690657188969,7878.6954,1010.3817546054426,960.3817546054426,True,True
850,26,4,62610.96,2,0,1,179365.1,0,False,False,False,0.1351417696708742,5634.9864,190.38050854182717,140.38050854182717,False,True
686,47,5,113328.93,1,1,0,124170.9,0,False,False,False,0.7658015285533538,10199.6037,1952.7180260246107,1902.7180260246107,True,True
666,35,2,104832.49,1,1,0,175015.12,0,False,True,True,0.3296229084202866,9434.9241,777.4917806416637,727.4917806416637,False,True
733,31,9,102289.85,1,1,1,115441.66,0,False,True,False,0.2331554462250439,9206.0865,536.612301473463,486.61230147346305,False,True
631,34,6,125227.82,2,0,1,128247.03,0,True,False,False,0.2498711749048414,11270.5038,704.0435065688699,654.0435065688699,False,True
714,49,5,140510.89,1,1,0,141914.94,0,True,False,False,0.9268432294717832,12645.9801,2930.210258929976,2880.210258929976,True,True
767,35,6,132253.22,1,1,0,115566.57,1,True,False,False,0.651851117924538,11902.7898,1939.711709387697,1889.711709387697,True,True
711,43,2,39043.29,2,1,1,175423.69,0,True,False,True,0.2040381567634185,3513.8961,179.2422208255412,129.2422208255412,False,True
631,55,9,99685.06,1,1,0,114474.98,0,False,True,True,0.7967437952930279,8971.6554,1787.027693364297,1737.027693364297,True,True
701,38,3,125385.49,2,0,1,52044.66,0,True,False,True,0.2848766273380154,11284.6941,803.6863989373003,753.6863989373003,False,True
790,46,2,131365.37,2,1,1,180290.68,0,False,True,True,0.3502204123469585,11822.883299999998,1035.153766113992,985.1537661139921,False,True
633,58,6,98308.51,1,1,1,132034.13,0,False,True,True,0.4452966983408255,8847.765899999999,984.9702357406355,934.9702357406355,False,True
757,44,5,140856.16,2,1,0,158735.1,0,False,True,True,0.4156180151554485,12677.0544,1317.2030469364113,1267.2030469364113,False,True
746,35,2,172274.01,1,1,0,22374.97,0,False,False,True,0.3596193346406302,15504.6609,1393.9439591716487,1343.9439591716487,False,True
565,38,0,122447.76,1,0,0,67339.34,0,False,True,True,0.3511322042448839,11020.2984,967.3954171570917,917.3954171570917,False,True
648,56,6,157559.59,2,1,0,140991.23,1,False,True,False,0.8279890914532273,14180.3631,2935.2964899114677,2885.2964899114677,True,True
632,41,3,126550.7,1,0,0,177644.52,1,True,False,True,0.7364230985734072,11389.562999999998,2096.8843189642575,2046.8843189642575,True,True
622,30,2,158584.82,3,1,0,142342.55,1,False,False,False,0.8717712137370843,14272.6338,3110.6178227627333,3060.6178227627333,True,True
835,28,2,163569.61,2,1,1,154559.28,0,False,False,True,0.1199794306221567,14721.264899999998,441.5622451849851,391.5622451849851,False,True
785,33,6,127211.45,1,0,0,191961.83,0,True,False,False,0.5763472405553629,11449.0305,1649.6542839272968,1599.6542839272968,True,True
681,42,3,118199.97,2,1,0,9452.88,1,True,False,True,0.4436260903248898,10637.9973,1179.8232877714336,1129.8232877714336,False,True
621,30,2,101014.08,2,1,1,165257.31,0,True,False,False,0.2017663939300047,9091.2672,458.5780497995327,408.5780497995327,False,True
756,38,6,119208.85,1,1,0,169763.89,1,False,True,True,0.3804219886937974,10728.7965,1020.3675252052633,970.3675252052633,False,True
625,58,10,53772.73,1,1,1,192072.1,1,False,False,False,0.6835718158690747,4839.545700000001,827.0442605325932,777.0442605325932,True,True
595,41,2,138878.81,1,0,1,112269.67,0,True,False,False,0.5829281920516536,12499.0929,1821.5184066206648,1771.5184066206648,True,True
539,37,1,130922.81,2,0,0,2186.83,0,False,True,False,0.3042755633177508,11783.0529,896.3237646875893,846.3237646875893,False,True
677,25,8,130866.19,1,1,0,42410.21,0,False,True,False,0.3443237547428811,11777.9571,1013.8576029681439,963.8576029681439,False,True
733,33,7,187257.94,1,0,1,190430.81,0,True,False,False,0.3906507810627481,16853.2146,1645.9303617270273,1595.9303617270273,False,True
679,36,6,147733.64,1,0,1,172501.38,0,False,False,True,0.232208529714893,13296.0276,771.8627550111594,721.8627550111594,False,True
696,33,2,163139.27,1,1,1,7035.36,0,False,False,True,0.1929779075181655,14682.534299999998,708.351186569423,658.351186569423,False,True
466,36,5,119540.15,1,0,1,80603.99,0,False,False,False,0.2814843919885508,10758.6135,757.0954449218286,707.0954449218286,False,True
686,41,4,129553.76,2,1,0,187599.8,0,False,False,False,0.3619280458924007,11659.8384,1055.005631883294,1005.005631883294,False,True
763,61,1,66101.89,1,1,1,143981.27,0,True,False,False,0.4415425318574466,5949.170099999999,656.7029071011546,606.7029071011546,False,True
572,43,2,140431.98,1,1,0,26450.57,1,False,False,True,0.7145421071162147,12638.8782,2257.7526651532976,2207.7526651532976,True,True
617,37,4,116471.43,2,1,0,175324.74,1,True,False,False,0.5019045414301193,10482.4287,1315.2946424368554,1265.2946424368554,True,True
659,56,9,123785.24,1,1,0,99504.03,1,False,False,False,0.8441869877922015,11140.6716,2351.2024999965315,2301.2024999965315,True,True
538,38,8,88758.95,2,0,0,28226.15,1,False,False,False,0.3499861990882557,7988.305499999999,698.9491697752019,648.9491697752019,False,True
665,25,5,153611.83,2,1,0,35321.65,0,True,False,True,0.2084818861288782,13825.0647,720.5688911274434,670.5688911274434,False,True
491,57,4,112044.72,1,1,1,41229.73,1,True,False,False,0.8213109015870264,10084.0248,2070.5298750284833,2020.5298750284833,True,True
726,27,7,123826.07,1,0,1,78970.58,0,False,True,False,0.2208740622804233,11144.3463,615.3742596852012,565.3742596852012,False,True
580,65,9,106804.26,3,1,0,107890.69,1,False,False,False,0.972984608213156,9612.3834,2338.1752741109112,2288.1752741109112,True,True
542,59,2,68892.77,2,1,0,7905.06,1,False,False,False,0.7105127486953982,6200.3493,1101.3568060036469,1051.3568060036469,True,True
473,33,5,125827.43,1,0,1,145698.73,0,False,False,False,0.2730281413650987,11324.4687,772.9746602770588,722.9746602770588,False,True
848,40,5,148495.64,1,0,0,158853.98,0,True,False,False,0.5290810561595493,13364.6076,1767.7401760414846,1717.7401760414846,True,True
572,37,1,133043.66,1,0,0,111243.09,0,False,False,True,0.3364716435030997,11973.9294,1007.2219261020213,957.2219261020213,False,True
702,45,9,74989.58,1,1,1,171014.69,0,False,False,True,0.4196004437231381,6749.062199999999,707.9773734587645,657.9773734587645,False,True
664,39,7,60263.23,1,1,0,170835.32,0,True,False,True,0.3776522406068595,5423.6907,512.0672363033965,462.0672363033965,False,True
630,50,3,129370.91,4,1,1,47775.34,1,True,False,True,0.9274036146475464,11643.3819,2699.528615195454,2649.528615195454,True,True
618,44,5,157955.83,2,0,0,139297.71,0,True,False,True,0.5624846827122881,14216.024699999998,1999.0740357023874,1949.0740357023874,True,True
619,30,7,70729.17,1,1,1,160948.87,0,False,False,False,0.2956211794148866,6365.6253,470.4534147248103,420.4534147248103,False,True
598,27,8,90721.52,2,1,0,109296.18,0,False,True,True,0.1900274781970145,8164.936799999999,387.89058743550027,337.89058743550027,False,True
689,45,0,57784.22,1,1,0,197804.0,1,False,True,False,0.7370746055264911,5200.5798,958.3038261485095,908.3038261485095,True,True
591,33,9,131765.72,1,1,0,118782.06,0,False,False,True,0.2902773710100633,11858.9148,860.5936527940827,810.5936527940827,False,True
749,47,9,110022.74,1,0,1,135655.29,1,True,False,True,0.7831277250815841,9902.0466,1938.6418068774587,1888.6418068774587,True,True
709,40,9,131569.63,1,1,1,103970.58,0,False,False,False,0.4003395468543603,11841.2667,1185.1318362149066,1135.1318362149066,False,True
607,61,2,164523.5,2,1,1,35786.76,0,True,False,True,0.3761310974522555,14807.115,1392.3541037629384,1342.3541037629384,False,True
650,25,2,114330.95,1,1,1,25325.07,0,True,False,False,0.4055949680681084,10289.7855,1043.3713053250463,993.3713053250463,False,True
651,45,10,135923.16,1,1,0,18732.84,0,False,True,False,0.6742850252708107,12233.0844,2062.14640594849,2012.1464059484902,True,True
714,45,0,124693.48,1,0,1,187194.15,0,False,True,True,0.4208297776109417,11222.4132,1180.6814128035242,1130.6814128035242,False,True
759,35,7,147936.42,1,1,1,106785.7,0,False,True,False,0.233492418754904,13314.2778,777.1957318741805,727.1957318741805,False,True
697,34,2,126558.92,1,1,0,73334.43,0,False,False,False,0.3560260226565658,11390.3028,1013.8110506844862,963.8110506844862,False,True
610,57,6,106938.11,2,0,1,186612.47,0,True,False,True,0.5696063341439096,9624.4299,1370.5340583910086,1320.5340583910086,True,True
488,33,4,140002.35,1,1,0,123613.81,0,True,False,False,0.4929784980224398,12600.2115,1552.9083350087683,1502.9083350087683,False,True
599,46,9,123444.72,1,1,1,31368.08,1,True,False,True,0.8007131954696212,11110.0248,2223.9858648386844,2173.9858648386844,True,True
781,32,6,147107.91,1,1,1,40066.95,0,False,False,True,0.1728596315819988,13239.711899999998,572.1529303214512,522.1529303214512,False,True
645,19,9,128514.84,1,0,0,175969.19,0,False,False,True,0.2791344166865913,11566.3356,807.1405852268388,757.1405852268388,False,True
597,40,9,106756.01,2,1,0,151167.94,0,True,False,False,0.4915541356772988,9608.040899999998,1180.7180600379088,1130.7180600379088,False,True
649,50,5,155393.32,1,1,1,87351.42,1,True,False,False,0.7764769857187735,13985.3988,2714.8350760747385,2664.8350760747385,True,True
630,36,2,110414.48,1,1,1,48984.95,0,False,False,False,0.2778731080224511,9937.303199999998,690.3273313863621,640.3273313863621,False,True
636,37,9,157098.52,1,1,1,153535.27,0,True,False,False,0.4108802784718072,14138.866799999998,1452.345382014947,1402.345382014947,False,True
593,38,5,85626.6,1,1,1,125079.65,0,True,False,False,0.3822354785902231,7706.394,736.414299698706,686.414299698706,False,True
545,45,6,93796.42,2,1,1,162321.26,0,True,False,True,0.5370605656215307,8441.6778,1133.4230635156796,1083.4230635156796,True,True
583,51,6,125268.03,2,1,0,165082.25,0,False,False,True,0.687423976418614,11274.1227,1937.52556426634,1887.52556426634,True,True
681,29,2,148143.84,1,1,1,52021.39,0,False,False,False,0.2401920795616002,13332.9456,800.6169825864218,750.6169825864218,False,True
762,29,10,115545.33,2,1,0,148256.43,0,False,True,True,0.1709028764192815,10399.0797,444.30815821083974,394.30815821083974,False,True
644,30,5,44928.88,1,1,1,10771.46,0,False,False,True,0.2388705385341187,4043.5992,241.4741796300329,191.4741796300329,False,True
850,35,3,162442.35,1,1,0,183566.78,0,False,False,True,0.3063345225361702,14619.8115,1119.6382438553276,1069.6382438553276,False,True
508,28,0,96213.82,2,1,0,147913.56,0,True,False,True,0.2194277620511504,8659.2438,475.0196220223248,425.0196220223248,False,True
439,29,6,156569.43,1,1,0,180598.66,0,False,False,False,0.3345459894212723,14091.248699999998,1178.542684630679,1128.542684630679,False,True
724,48,6,110463.25,2,1,1,80552.11,1,True,False,False,0.6955345577549985,9941.6925,1728.6976740809212,1678.6976740809212,True,True
640,33,7,154575.76,1,1,0,25722.28,1,False,False,True,0.353571470592934,13911.8184,1229.7055225774595,1179.7055225774595,False,True
651,26,5,147037.32,1,0,0,141763.26,0,True,False,True,0.3949586308163777,13233.3588,1306.6573181874658,1256.6573181874658,False,True
523,41,0,119276.31,1,0,0,122284.38,1,True,False,True,0.7636308972800316,10734.8679,2049.369201664902,1999.369201664902,True,True
717,25,7,108664.85,2,1,0,190011.85,0,False,False,False,0.2645281449446097,9779.8365,646.760501801646,596.760501801646,False,True
706,38,5,163034.82,2,1,1,135662.17,0,True,False,True,0.1827659917515985,14673.1338,670.4374627652253,620.4374627652253,False,True
714,49,4,93059.34,1,1,0,7571.51,1,True,False,False,0.9211776493062168,8375.3406,1928.7941415117298,1878.7941415117298,True,True
794,38,9,179581.31,1,1,0,23596.24,0,False,True,True,0.4337372521149932,16162.3179,1752.549838438742,1702.549838438742,False,True
518,46,4,113625.93,1,0,0,92727.42,1,True,False,True,0.8862297578401747,10226.3337,2265.720309635954,2215.720309635954,True,True
589,55,7,119961.48,1,1,0,65156.83,1,True,False,True,0.91849769506775,10796.5332,2479.14771473061,2429.14771473061,True,True
824,45,3,129209.48,1,0,0,60151.77,0,False,False,True,0.6315699763526159,11628.853199999998,1836.10863513301,1786.10863513301,True,True
719,42,5,137227.04,3,1,0,149097.38,1,True,False,False,0.9076126881061488,12350.4336,2802.3525597431253,2752.3525597431253,True,True
617,58,3,119024.75,2,1,0,35199.24,1,True,False,False,0.7682135845132407,10712.2275,2057.319671474078,2007.319671474078,True,True
651,35,7,74623.5,3,1,0,129451.29,1,False,False,True,0.8658641818333983,6716.115,1453.8108548935033,1403.8108548935033,True,True
637,45,2,157929.45,1,1,1,145134.49,1,False,True,False,0.5990362564285033,14213.6505,2128.622996425781,2078.622996425781,True,True
554,26,7,92606.86,2,1,0,192709.69,0,False,False,False,0.2576850143459613,8334.6174,536.9265010717746,486.9265010717746,False,True
731,35,2,127862.93,2,1,0,139083.7,0,True,False,True,0.3097681192448047,11507.6637,891.1768353126776,841.1768353126776,False,True
625,37,4,142711.81,1,1,0,35625.41,0,True,False,False,0.6273223616159624,12844.0629,2014.341967792992,1964.341967792992,True,True
669,43,1,163159.85,1,0,1,15602.8,0,False,False,True,0.4376294774835524,14684.3865,1606.5800977903828,1556.5800977903828,False,True
663,32,3,108586.86,1,1,1,182355.21,0,True,False,True,0.3998695362559809,9772.8174,976.9629904130952,926.9629904130952,False,True
518,41,5,110624.99,1,1,0,89327.67,0,True,False,False,0.7303896883821845,9956.2491,1817.9854194011016,1767.9854194011016,True,True
686,43,5,154846.24,2,1,1,151903.6,0,True,False,False,0.4994232659789199,13936.161599999998,1740.0108353705023,1690.0108353705023,False,True
709,45,4,122917.71,1,1,1,11.58,1,True,False,True,0.7891622328429452,11062.5939,2182.545325789686,2132.545325789686,True,True
707,31,2,82787.93,2,0,0,91423.69,0,False,False,False,0.2162898756139863,7450.913699999999,402.88929934588657,352.88929934588657,False,True
701,32,5,102500.34,1,0,0,106287.77,0,True,False,True,0.4784094437413743,9225.030599999998,1103.3354394607888,1053.3354394607888,False,True
620,39,9,159492.79,1,1,0,80582.34,1,True,False,True,0.583869377727877,14354.3511,2095.2665111111164,2045.2665111111164,True,True
648,54,7,118241.02,1,1,0,172586.89,1,False,True,False,0.8509460506374705,10641.6918,2263.876402327789,2213.876402327789,True,True
479,35,2,113090.4,1,1,0,195649.79,0,False,False,False,0.3563645700741008,10178.136,906.7817649489319,856.7817649489319,False,True
730,22,9,65763.57,1,1,1,145792.01,0,False,False,False,0.2704378835373903,5918.7213,400.1616154049178,350.1616154049178,False,True
737,43,1,125537.38,1,1,0,138510.01,1,True,False,False,0.8756441721194341,11298.3642,2473.3366915532133,2423.3366915532133,True,True
616,31,3,94263.91,2,1,0,168895.06,0,False,False,True,0.1747530905349603,8483.7519,370.6404659642103,320.6404659642103,False,True
639,29,4,133434.57,2,1,0,97983.44,0,False,True,True,0.1987136255898425,12009.1113,596.5935116337367,546.5935116337367,False,True
549,50,9,94748.76,2,0,1,13608.18,0,False,False,True,0.4225945985621226,8527.3884,900.9070694203252,850.9070694203252,False,True
622,38,4,98640.74,1,1,1,110457.99,0,False,False,False,0.2943621327240607,8877.6666,653.3122184972902,603.3122184972902,False,True
624,26,9,74681.9,2,0,0,31231.35,0,False,False,True,0.1315722975328292,6721.370999999999,221.0865562601324,171.0865562601324,False,True
614,41,7,179915.85,1,0,0,14666.35,1,False,True,False,0.6213485498415554,16192.426499999998,2515.2851810477428,2465.2851810477428,True,True
676,30,1,128207.23,1,1,1,55400.17,0,False,False,True,0.1788371331053463,11538.6507,515.8848027729994,465.88480277299936,False,True
697,42,9,132739.26,2,0,0,174667.65,0,False,False,True,0.3461869486795187,11946.5334,1033.9334862609892,983.9334862609892,False,True
623,27,4,120509.81,1,0,0,142170.44,0,False,False,True,0.2689632777433275,10845.8829,729.2860537010766,679.2860537010766,False,True
541,46,4,124547.13,2,1,0,94499.06,0,False,False,True,0.5595102625696673,11209.2417,1567.921441693466,1517.921441693466,True,True
762,34,4,88815.56,2,1,0,68562.26,1,True,False,True,0.3044864190070884,7993.400399999999,608.4704658714569,558.4704658714569,False,True
655,35,1,82231.51,2,1,0,88798.02,0,False,True,False,0.2444578890366822,7400.8359,452.2981803052235,402.2981803052235,False,True
602,32,7,184715.86,2,1,0,113781.99,0,True,False,True,0.2149608200238215,16624.427399999997,893.4001365826215,843.4001365826215,False,True
850,28,4,147972.19,1,1,0,60708.72,1,True,False,True,0.5599678844284114,13317.4971,1864.342669242126,1814.342669242126,True,True
672,52,8,170008.84,1,0,0,56407.42,1,False,False,True,0.8320863475689201,15300.7956,3182.8957814256505,3132.8957814256505,True,True
706,42,8,95386.82,1,1,1,75732.25,0,False,True,False,0.4292808453457649,8584.8138,921.324031299997,871.324031299997,False,True
541,51,7,90373.28,2,1,0,179861.79,0,True,False,True,0.6341654458365044,8133.5952,1289.5112565654129,1239.5112565654129,True,True
711,34,4,133467.77,2,1,1,42976.64,0,True,False,True,0.2069352816037053,12012.099299999998,621.4317878242928,571.4317878242928,False,True
531,31,3,96288.26,1,1,0,56794.73,0,False,False,True,0.2961567989429428,8665.9434,641.6195142911805,591.6195142911805,False,True
641,26,4,91547.84,2,0,1,28157.34,0,False,False,False,0.155063242627711,8239.3056,319.4033608341645,269.4033608341645,False,True
631,37,8,138292.64,2,0,0,152422.91,1,True,False,True,0.3936967836898596,12446.3376,1225.0207704595416,1175.0207704595416,False,True
702,32,8,71667.74,1,1,1,126082.18,0,False,True,True,0.1955488712984918,6450.096600000001,315.32727747405994,265.32727747405994,False,True
708,43,0,118994.84,1,1,0,181499.77,1,True,False,False,0.8562871007167877,10709.5356,2292.6092972368056,2242.6092972368056,True,True
654,37,2,145610.07,2,0,0,186300.59,0,True,False,True,0.3289387483418807,13104.9063,1077.6778688649067,1027.6778688649067,False,True
596,33,1,138162.81,1,1,0,85412.54,0,False,False,False,0.334219757012698,12434.6529,1038.9766676938102,988.9766676938102,False,True
549,31,9,135020.21,2,1,1,23343.18,0,True,False,False,0.1840138023780404,12151.818899999998,559.025600399584,509.02560039958405,False,True
815,25,8,135161.67,1,1,1,136071.05,0,True,False,False,0.4518360510062175,12164.5503,1374.0955924546247,1324.0955924546247,False,True
706,32,6,94486.47,1,1,1,146949.74,0,False,False,True,0.1921096187354336,8503.782299999999,408.41459386553214,358.41459386553214,False,True
850,46,9,117640.39,1,1,0,88920.68,0,False,False,True,0.67431124071235,10587.6351,1784.8403401226565,1734.8403401226565,True,True
732,33,8,111379.55,1,1,1,45098.62,0,False,True,False,0.230306372162778,10024.1595,577.1569521065117,527.1569521065117,False,True
580,57,0,136820.99,1,0,1,108528.74,0,False,True,False,0.57276315043515,12313.8891,1763.2354787562635,1713.2354787562635,True,True
593,46,7,98752.51,1,1,0,145560.38,0,False,False,False,0.7416891340449577,8887.725899999998,1647.9824315999851,1597.9824315999851,True,True
653,25,2,158266.42,3,1,1,199357.24,0,True,False,False,0.2880695040301518,14243.9778,1025.8139050656232,975.8139050656232,False,True
746,29,4,105599.67,1,1,1,43106.17,0,False,False,False,0.2285686560020868,9503.9703,543.0774295386875,493.0774295386875,False,True
684,39,4,139723.9,1,1,1,120612.11,0,False,True,False,0.2943108063477423,12575.150999999998,925.2507076886544,875.2507076886544,False,True
793,41,3,141806.46,1,1,0,102921.17,0,False,False,False,0.5381085207091861,12762.5814,1716.9134493961433,1666.9134493961433,True,True
798,49,5,132571.67,1,1,1,31686.33,1,True,False,False,0.7789608465653803,11931.4503,2323.5331566101904,2273.5331566101904,True,True
524,40,2,180516.9,1,1,0,180002.42,0,False,False,True,0.4893081390005186,16246.521,1987.3887389357112,1937.3887389357112,False,True
742,41,4,92805.72,1,0,1,73743.95,1,True,False,False,0.5928958786037366,8352.5148,1238.0429002241785,1188.0429002241785,True,True
537,39,3,135309.36,1,1,0,31728.86,1,True,False,True,0.6625100708617504,12177.842399999998,2016.9858078418067,1966.9858078418067,True,True
759,74,6,128917.84,1,1,1,48244.64,0,False,True,False,0.2473025790829978,11602.6056,717.3385722407083,667.3385722407083,False,True
774,52,2,56580.93,1,1,0,113266.28,1,False,False,False,0.8740100246361209,5092.2837,1112.6767505227792,1062.6767505227792,True,True
608,42,8,131390.75,2,1,0,71178.09,0,True,False,True,0.4156705343263238,11825.1675,1228.8434233058194,1178.8434233058194,False,True
628,61,1,97361.66,1,1,1,149922.38,1,True,False,False,0.8010420314764076,8762.5494,1754.7925930720942,1704.7925930720942,True,True
663,29,4,102714.65,2,0,0,21170.81,0,True,False,False,0.316793531831279,9244.318499999998,732.1350767470576,682.1350767470576,False,True
665,34,5,67816.72,1,1,1,29641.58,0,False,False,False,0.2806035913355879,6103.504800000001,428.1663416534998,378.1663416534998,False,True
758,51,8,81710.46,1,1,1,116520.07,0,False,False,True,0.4537286488896197,7353.9414,834.1734738588596,784.1734738588596,False,True
621,26,2,75237.54,1,0,1,44220.4,0,False,False,True,0.1987881914552326,6771.378599999999,336.5175263881662,286.5175263881662,False,True
764,28,10,124023.18,1,1,0,166188.28,0,True,False,True,0.5249482354978388,11162.086199999998,1464.8793637911938,1414.8793637911938,True,True
537,46,5,100727.5,1,0,1,140857.76,1,True,False,False,0.8257901981168213,9065.475,1871.5450990682727,1821.5450990682727,True,True
589,46,10,107238.85,2,1,0,37024.28,0,False,False,False,0.5537631244452785,9651.4965,1336.1607143531674,1286.1607143531674,True,True
734,29,0,139994.66,1,1,0,17744.72,0,False,False,False,0.3502374014024207,12599.5194,1103.2057333938467,1053.2057333938467,False,True
783,59,9,126224.87,1,1,1,4423.63,0,False,True,False,0.4545156266652929,11360.2383,1290.8514574978906,1240.8514574978906,False,True
678,51,1,145751.03,1,0,0,109718.44,1,True,False,False,0.9424553277344704,13117.5927,3090.686281791449,3040.686281791449,True,True
607,25,4,121166.89,1,0,1,115288.24,0,False,True,False,0.2538188225649971,10905.0201,691.9748404574067,641.9748404574067,False,True
576,63,9,70655.48,1,0,0,78955.8,1,False,False,True,0.832012042888454,6358.993199999999,1322.6897307614465,1272.6897307614465,True,True
660,41,1,129901.21,1,1,0,26025.6,1,True,False,True,0.7538043319921193,11691.1089,2203.202133652905,2153.202133652905,True,True
637,40,8,125470.81,1,1,1,174536.17,0,False,False,True,0.3450732093218945,11292.3729,974.1738393656473,924.1738393656473,False,True
672,53,9,169406.33,4,1,1,147311.47,1,False,False,False,0.924437257559104,15246.569699999998,3523.624270162932,3473.624270162932,True,True
583,40,4,107041.3,1,1,1,5635.63,0,True,False,True,0.6280009835403535,9633.717,1512.495937787356,1462.495937787356,True,True
763,32,10,95153.77,1,0,1,81310.1,0,False,True,False,0.1972356543218852,8563.8393,422.2736119607438,372.2736119607438,False,True
516,32,3,145166.09,2,0,0,111421.45,0,True,False,True,0.2474053108632026,13064.948099999998,808.084386523027,758.084386523027,False,True
700,38,9,65962.63,1,1,1,100950.48,0,False,False,True,0.255984952683465,5936.636700000001,379.9224161871055,329.9224161871055,False,True
727,36,6,140418.81,1,1,1,113033.73,1,True,False,True,0.4605419173933158,12637.6929,1455.0468298984733,1405.0468298984733,False,True
689,31,3,139799.63,1,0,1,120663.57,0,False,True,False,0.2440137726987715,12581.9667,767.5432906093281,717.5432906093281,False,True
626,49,9,171787.84,2,1,0,187192.23,0,True,False,True,0.4797627376621,15460.905599999998,1854.3915993478229,1804.3915993478229,False,True
686,38,6,149238.97,1,1,1,97825.23,0,False,False,True,0.22693847570985,13431.5073,762.0314482869308,712.0314482869308,False,True
351,57,4,163146.46,1,1,0,169621.69,1,True,False,False,0.8127721506297191,14683.1814,2983.520231141072,2933.520231141072,True,True
451,38,9,61482.47,1,1,1,167538.66,0,True,False,False,0.2789980189808551,5533.4223,385.9534649711217,335.9534649711217,False,True
512,41,8,145150.28,1,1,0,64869.32,1,False,False,False,0.5826012784616449,13063.5252,1902.7066206839788,1852.7066206839788,True,True
774,41,5,126670.37,1,1,0,102426.06,0,False,False,False,0.5382722227050947,11400.333299999998,1534.1206862424765,1484.1206862424765,True,True
652,40,8,84390.8,2,0,1,107876.2,0,False,False,False,0.3014766412674752,7595.172,572.441736102193,522.441736102193,False,True
638,37,2,89728.86,2,1,1,37294.88,0,True,False,True,0.2160959644468327,8075.597400000001,436.2760021593337,386.2760021593337,False,True
567,40,4,118628.8,1,0,0,91973.63,0,False,True,True,0.4252665499793817,10676.592,1135.0993613443668,1085.0993613443668,False,True
850,39,6,96863.13,1,1,1,121681.19,0,False,False,True,0.2126305775766278,8717.681700000001,463.41142375004966,413.41142375004966,False,True
753,38,6,142263.45,1,0,1,33730.43,0,False,False,False,0.2621119000259042,12803.7105,839.0012216341548,789.0012216341548,False,True
714,28,6,122724.37,1,1,1,67057.27,0,False,False,True,0.1943747917865459,11045.1933,536.726786982413,486.72678698241305,False,True
696,35,4,174902.26,1,1,0,69079.85,0,True,False,False,0.4452122235036141,15741.2034,1752.0440415841626,1702.0440415841626,False,True
520,31,3,108914.17,1,1,1,183572.39,1,True,False,False,0.5585696254530805,9802.2753,1368.8133107272456,1318.8133107272456,True,True
782,23,10,98052.66,1,1,1,142587.32,0,False,True,True,0.1584327981152817,8824.7394,349.53203894504304,299.53203894504304,False,True
666,46,5,123873.19,1,1,1,177844.06,0,False,False,True,0.4845521441925221,11148.5871,1350.517946005523,1300.517946005523,False,True
466,56,2,111920.13,3,1,0,197634.11,1,True,False,False,0.930590556230596,10072.8117,2343.415860677264,2293.415860677264,True,True
614,37,8,75150.34,4,0,1,131766.67,1,False,False,False,0.8555602495411544,6763.530599999999,1446.6519819788082,1396.6519819788082,True,True
691,38,5,114753.76,1,1,0,107665.02,0,True,False,False,0.6723321976127637,10327.8384,1735.9345720153726,1685.9345720153726,True,True
476,32,6,111871.93,1,0,0,112132.86,0,False,False,False,0.3281490125488763,10068.4737,825.9899256323328,775.9899256323328,False,True
607,37,4,135927.06,1,0,0,180890.4,0,True,False,False,0.5895569972041826,12233.4354,1803.0768599788373,1753.0768599788373,True,True
677,46,2,57037.74,1,1,1,158531.01,0,False,False,True,0.4948056481550336,5133.396599999999,635.0084079749613,585.0084079749613,False,True
625,52,2,79468.96,1,1,1,84606.03,0,False,False,False,0.6075822665910201,7152.2064,1086.3884439097,1036.3884439097,True,True
679,34,7,121063.85,1,1,0,56984.58,0,True,False,False,0.6461114504782414,10895.7465,1759.9666437895553,1709.9666437895553,True,True
734,51,1,118537.47,1,1,1,116912.45,0,False,False,True,0.4885959729523375,10668.3723,1303.1309359340667,1253.1309359340667,False,True
592,26,4,105082.07,2,1,0,132801.57,0,True,False,False,0.3147329589558739,9457.3863,744.137793546936,694.137793546936,False,True
592,36,2,104702.65,2,1,0,107948.72,0,True,False,True,0.3158469173330271,9423.2385,744.0752078797245,694.0752078797245,False,True
758,50,2,95813.76,3,1,1,67944.09,1,False,False,False,0.9057468980581922,8623.238399999998,1952.6178580040716,1902.6178580040716,True,True
612,62,0,167026.61,2,1,1,192892.05,0,False,True,False,0.3860256559439262,15032.3949,1450.7225254201576,1400.7225254201576,False,True
498,61,7,102453.26,1,1,0,187247.56,1,True,False,True,0.9266147771418454,9220.7934,2136.030855353,2086.030855353,True,True
638,25,4,148045.45,2,1,1,114722.42,0,True,False,True,0.1587725762110572,13324.090500000002,528.8750435885684,478.87504358856836,False,True
505,34,10,104498.79,1,0,1,126451.14,0,False,False,True,0.1715497707613272,9404.8911,403.35172806006165,353.35172806006165,False,True
604,26,8,149542.52,2,0,1,197911.52,0,False,False,True,0.1494849845541514,13458.8268,502.97312907874976,452.97312907874976,False,True
716,29,10,87946.39,1,1,1,182531.74,0,False,False,False,0.3008422847655878,7915.175099999999,595.3048403509223,545.3048403509223,False,True
624,45,3,68639.57,1,1,0,168002.31,1,False,False,False,0.8009686897942097,6177.5613,1237.0082951461036,1187.0082951461036,True,True
607,47,4,148826.32,1,1,1,79450.61,0,True,False,True,0.7314427189439867,13394.3688,2449.303383402626,2399.303383402626,True,True
606,61,5,108166.09,2,0,1,8643.21,0,False,False,True,0.3985484326854804,9734.948099999998,969.9620768823736,919.9620768823736,False,True
717,35,5,103214.71,1,1,0,172172.7,0,True,False,False,0.5972976877093076,9289.3239,1387.1229214632017,1337.1229214632017,True,True
651,40,1,134760.21,2,0,0,174434.06,1,True,False,True,0.4198109213659675,12128.4189,1272.9106782803535,1222.9106782803535,False,True
573,33,0,90124.64,1,1,0,137476.71,0,False,False,False,0.3281610217585788,8111.2176,665.4463638305418,615.4463638305418,False,True
584,46,6,87361.02,2,1,0,120376.87,1,True,False,False,0.712108086276386,7862.491800000001,1399.7359972654444,1349.7359972654444,True,True
550,45,8,111257.59,1,0,0,97623.42,1,True,False,False,0.89406591053777,10013.1831,2238.1114164207274,2188.1114164207274,True,True
611,61,3,131583.59,4,0,1,66238.23,1,False,False,False,0.9289220264277942,11842.5231,2750.195139017491,2700.195139017491,True,True
549,41,9,95020.8,3,1,1,131710.59,1,True,False,True,0.8681257772044961,8551.872,1856.0251316383421,1806.0251316383421,True,True
668,34,5,80242.37,2,0,0,56780.97,0,True,False,True,0.1438757619184758,7221.8133,259.7609727426205,209.76097274262048,False,True
682,59,0,122661.39,1,0,1,84803.76,0,False,True,False,0.5289716247309212,11039.5251,1459.8988821011965,1409.8988821011965,True,True
599,46,7,81742.84,2,1,0,83282.21,0,False,True,False,0.5969372378907936,7356.855599999999,1097.895265356354,1047.895265356354,True,True
756,30,2,145127.85,1,0,0,7554.68,0,False,True,True,0.3112227725552403,13061.5065,1016.2595666695731,966.2595666695731,False,True
755,38,9,148912.44,1,1,0,80416.16,0,False,False,True,0.4016381638408379,13402.1196,1345.7006769298262,1295.7006769298262,False,True
837,26,4,89900.24,2,1,0,175477.03,0,False,False,True,0.1512480610248904,8091.0216,305.9378321776266,255.9378321776266,False,True
727,30,8,119027.28,2,1,1,137903.54,0,True,False,False,0.267170995190036,10712.4552,715.5143291781691,665.5143291781691,False,True
567,40,2,105222.86,2,1,0,93795.86,0,True,False,False,0.4343143758840436,9470.0574,1028.245517316767,978.2455173167671,False,True
655,34,1,116114.93,1,1,1,49492.15,0,False,True,True,0.1848334620600011,10450.3437,482.89330144698033,432.89330144698033,False,True
763,58,9,187911.55,1,0,1,35825.18,0,False,False,False,0.5348302828189917,16912.0395,2261.2677172077397,2211.2677172077397,True,True
667,38,6,144432.04,1,1,1,73963.17,1,False,False,False,0.3020270306056521,12998.8836,981.5035537241273,931.5035537241273,False,True
705,50,4,77065.9,2,0,1,145159.26,0,False,False,False,0.4829799753653436,6935.931,837.4789458789307,787.4789458789307,False,True
660,29,6,180520.29,1,1,1,123850.58,0,True,False,False,0.3403536280872483,16246.826099999998,1382.4165520093995,1332.4165520093995,False,True
612,47,6,130024.87,1,1,1,45750.21,1,True,False,False,0.7874726744268107,11702.2383,2303.7982227202137,2253.7982227202137,True,True
641,40,2,110086.69,1,1,0,159773.14,0,True,False,False,0.6908289660244303,9907.8021,1711.14917007942,1661.14917007942,True,True
513,31,5,174853.46,1,1,0,84238.63,0,False,True,False,0.4517920382674791,15736.8114,1777.4415245592254,1727.4415245592254,False,True
680,44,7,108724.98,1,0,1,72330.46,0,False,False,True,0.4392621248444192,9785.248199999998,1074.5722291155068,1024.5722291155068,False,True
711,58,9,91285.13,2,1,1,26767.85,0,False,False,True,0.321021726498536,8215.6617,659.3514758154744,609.3514758154744,False,True
665,51,9,110610.41,2,0,1,1112.76,1,True,False,False,0.6516512127953952,9954.9369,1621.786676046658,1571.786676046658,True,True
551,54,5,102994.04,1,1,0,176680.16,1,True,False,True,0.9368652463536564,9269.4636,2171.0595747950624,2121.0595747950624,True,True
645,36,4,59893.85,2,1,0,43999.64,0,False,True,True,0.1480470028279229,5390.4465,199.50986205731678,149.50986205731678,False,True
616,29,8,149318.55,1,1,0,140746.13,0,True,False,True,0.4509983621894472,13438.6695,1515.2044836263194,1465.2044836263194,False,True
582,32,1,116409.55,1,0,1,152790.92,0,False,False,False,0.2414391759715038,10476.8595,632.3810811123053,582.3810811123053,False,True
365,30,0,127760.07,1,1,0,81537.85,1,True,False,True,0.6612914729876361,11498.4063,1900.949509784329,1850.949509784329,True,True
697,38,6,132591.36,1,1,1,7387.8,1,True,False,False,0.6517955920974045,11933.2224,1944.5054399595026,1894.5054399595026,True,True
656,46,5,113402.14,2,1,1,138849.06,0,False,False,False,0.5023025504374128,10206.192599999998,1281.649143308862,1231.649143308862,True,True
691,50,6,136953.47,1,1,1,2704.98,0,False,False,True,0.4983922126240554,12325.812299999998,1535.7722161464492,1485.7722161464492,False,True
778,44,8,123863.64,1,1,0,144494.94,0,False,False,True,0.6434282441032809,11147.7276,1793.1906988524206,1743.1906988524206,True,True
848,22,7,120811.89,1,1,1,185510.34,0,False,True,True,0.1697662660872597,10873.0701,461.4701279455069,411.4701279455069,False,True
634,38,2,148430.55,1,1,1,56055.72,0,True,False,True,0.4467109893400874,13358.749499999998,1491.8750513728494,1441.8750513728494,False,True
505,40,6,47869.69,2,1,1,155061.97,0,True,False,True,0.2226223224811951,4308.2721,239.7793851957339,189.7793851957339,False,True
692,53,7,150926.99,2,0,0,119817.19,0,True,False,True,0.6237439447603849,13583.4291,2118.145412551751,2068.145412551751,True,True
537,47,6,103163.35,1,1,0,16259.64,1,True,False,False,0.902530119160332,9284.7015,2094.930687790778,2044.930687790778,True,True
633,29,10,130206.28,1,1,0,184654.87,0,False,False,True,0.2728934045944679,11718.5652,799.4797885975629,749.4797885975629,False,True
833,28,4,136674.51,2,0,0,5278.78,0,False,False,False,0.2073267759905471,12300.7059,637.5664241637253,587.5664241637253,False,True
592,40,2,200322.45,1,1,1,113244.73,0,False,True,False,0.4060149474994331,18029.0205,1830.0129529434257,1780.0129529434257,False,True
550,62,7,80927.56,1,0,1,64490.67,0,False,True,True,0.3961503164712819,7283.480399999999,721.3382663680945,671.3382663680945,False,True
594,28,0,142574.71,2,1,0,129084.82,0,True,False,True,0.2965844707019588,12831.7239,951.4225102687938,901.4225102687938,False,True
643,34,7,160426.07,1,0,1,188533.11,0,True,False,False,0.3981499271366867,14438.3463,1437.1566318298123,1387.1566318298123,False,True
540,25,5,116160.23,1,1,0,13411.67,0,False,False,True,0.3093368458761873,10454.4207,808.4843812001807,758.4843812001807,False,True
635,34,5,98683.47,2,1,0,15733.19,0,False,True,False,0.2523750217099741,8881.5123,560.3679648824756,510.3679648824756,False,True
657,32,3,118829.03,2,1,1,73127.61,0,False,False,True,0.1411535192229685,10694.6127,377.39555483291326,327.39555483291326,False,True
814,31,1,118870.92,1,1,0,101704.19,0,False,False,True,0.2619820676289513,10698.3828,700.6961115575024,650.6961115575024,False,True
682,38,4,107192.38,1,1,1,15669.17,0,False,False,True,0.2694104608652715,9647.3142,649.7718411835195,599.7718411835195,False,True
566,42,3,108010.78,1,1,1,157486.1,0,False,False,True,0.4048257781639431,9720.9702,983.8248314308754,933.8248314308754,False,True
630,26,7,129837.72,2,0,1,197001.15,0,False,False,True,0.1474335679530176,11685.394799999998,430.70486207590955,380.70486207590955,False,True
546,58,3,106458.31,4,1,0,128881.87,1,True,False,False,0.9710779492025076,9581.2479,2326.034640383208,2276.034640383208,True,True
486,63,9,97009.15,1,1,1,85101.0,0,False,False,True,0.4173659886730598,8730.823499999999,910.9871955018709,860.9871955018709,False,True
762,35,9,122929.42,2,0,0,149822.04,0,False,True,True,0.1947385829064573,11063.6478,538.629773587036,488.62977358703597,False,True
692,45,6,152296.83,4,0,1,108040.86,1,True,False,True,0.8891250489883188,13706.7147,3046.7458447766026,2996.7458447766026,True,True
603,35,6,128993.76,2,1,0,130483.56,0,False,False,True,0.2150336980407585,11609.4384,624.1051178320965,574.1051178320965,False,True
627,27,0,185267.45,2,1,1,77027.34,0,True,False,True,0.1495178829447894,16674.0705,623.2679303080416,573.2679303080416,False,True
605,29,3,116805.82,1,0,0,4092.75,0,False,True,False,0.3591747524016101,10512.5238,943.9582832452585,893.9582832452585,False,True
567,29,5,129750.68,1,1,0,109257.59,0,True,False,True,0.5271120292370223,11677.561199999998,1538.845745167879,1488.845745167879,True,True
568,29,2,129177.01,2,0,1,104617.99,0,True,False,False,0.1980299438473624,11625.9309,575.5706108250788,525.5706108250788,False,True
571,25,6,82506.72,2,1,0,167705.07,0,True,False,True,0.1695260590116575,7425.604799999999,314.70837938051176,264.70837938051176,False,True
634,48,2,107247.69,1,1,1,103712.05,1,True,False,True,0.7889685467444149,9652.2921,1903.8387177223992,1853.8387177223992,True,True
554,36,3,157780.93,2,1,0,6089.13,0,True,False,False,0.2937665082434481,14200.2837,1042.8919396538379,992.8919396538379,False,True
629,35,1,172170.36,1,1,1,159777.37,0,False,False,True,0.2251329922295833,15495.3324,872.1276372010026,822.1276372010026,False,True
661,42,9,75361.44,1,1,0,27608.12,1,False,True,False,0.6499022980848015,6782.5296,1101.9953934670473,1051.9953934670473,True,True
647,29,0,98263.46,2,1,0,164717.95,0,False,False,False,0.2429346650867311,8843.7114,537.1110167706764,487.11101677067643,False,True
712,40,3,109308.79,2,1,0,120158.72,1,True,False,False,0.4917724719507225,9837.7911,1209.4887119454543,1159.4887119454543,False,True
538,28,6,164365.44,1,0,1,5698.97,0,True,False,False,0.3559118265502352,14792.8896,1316.2410893729946,1266.2410893729946,False,True
637,22,5,98800.0,1,1,0,122865.55,0,False,True,False,0.3609562952583295,8892.0,802.4058443592664,752.4058443592664,False,True
632,27,4,193125.85,1,1,1,152665.85,0,False,False,True,0.2580388501679051,17381.3265,1121.2643761132347,1071.2643761132347,False,True
736,27,5,51522.75,1,0,1,192131.77,0,False,False,True,0.2242002790043167,4637.0475,259.9068358140673,209.90683581406728,False,True
755,23,5,84284.48,2,1,1,62851.6,0,False,False,True,0.1128115299674582,7585.6032,213.9358756795117,163.9358756795117,False,True
461,51,9,119889.84,1,0,0,56767.67,1,False,False,True,0.7934307659614587,10790.0856,2140.2964705994264,2090.2964705994264,True,True
745,21,4,137910.45,1,1,1,177235.23,0,False,False,True,0.1924855884669267,12411.9405,597.2799177897451,547.2799177897451,False,True
587,33,5,100116.82,1,1,0,34215.58,0,False,False,True,0.3040800669691272,9010.5138,684.9794099325612,634.9794099325612,False,True
850,40,4,166082.15,2,0,1,44406.17,0,True,False,True,0.206586890332801,14947.3935,771.9838854364307,721.9838854364307,False,True
532,44,3,148595.55,1,1,0,74838.64,1,False,False,True,0.7080847209813713,13373.599499999997,2367.410367618526,2317.410367618526,True,True
850,53,2,94078.97,2,1,0,36980.54,0,True,False,True,0.5101510103387111,8467.1073,1079.8758359353192,1029.8758359353192,True,True
670,40,2,164948.98,3,0,0,177028.0,1,True,False,True,0.8149128621817969,14845.4082,3024.4285216297794,2974.4285216297794,True,True
729,62,4,140549.4,1,1,0,30990.16,1,False,False,False,0.8440963572253751,12649.446,2669.337822379773,2619.337822379773,True,True
767,44,2,152509.25,1,1,1,136915.15,0,False,False,False,0.5343232069930925,13725.8325,1833.5077100125043,1783.5077100125043,True,True
742,28,2,191864.51,1,1,0,108457.99,1,False,False,False,0.522570402535954,17267.8059,2255.9110700189303,2205.9110700189303,True,True
669,44,8,96418.09,1,0,0,131609.48,1,False,False,False,0.7098746614550199,8677.6281,1540.0070774300168,1490.0070774300168,True,True
542,32,2,131945.94,1,0,1,159737.56,0,False,True,True,0.2061901294868228,11875.1346,612.1338852118624,562.1338852118624,False,True
612,30,9,142910.15,1,1,0,105890.55,1,True,False,True,0.5346270443603948,12861.9135,1719.0816998310152,1669.0816998310152,True,True
584,35,3,146311.58,1,1,1,105443.47,0,False,False,True,0.2182648721436744,13168.0422,718.5302617913773,668.5302617913773,False,True
524,52,2,87894.26,1,1,0,173899.42,1,False,False,True,0.8402840287198464,7910.483399999999,1661.7632151183668,1611.7632151183668,True,True
614,19,5,97445.49,2,1,0,122823.34,0,False,False,False,0.2289802723844415,8770.0941,502.04463396379583,452.04463396379583,False,True
724,34,2,154485.74,2,0,0,78560.64,0,False,False,True,0.1907375726248376,13903.7166,662.9902886869149,612.9902886869149,False,True
601,50,2,115625.07,1,1,0,185855.21,0,False,False,True,0.759753441629129,10406.2563,1976.547259599951,1926.547259599951,True,True
804,25,7,108396.67,1,1,0,128276.95,0,False,False,True,0.2841133687007928,9755.7003,692.9312190670837,642.9312190670837,False,True
745,38,5,65095.41,2,1,1,140197.42,0,True,False,True,0.1418959671783959,5858.5869,207.82746361854504,157.82746361854504,False,True
667,43,1,103018.45,1,1,0,32462.39,1,True,False,True,0.8803917134020723,9271.6605,2040.6732684193287,1990.6732684193287,True,True
518,38,10,84764.79,1,1,1,162253.9,0,False,False,False,0.3718556063987274,7628.831099999999,709.2059037009926,659.2059037009926,False,True
520,35,4,115680.81,1,1,1,90280.7,0,False,True,False,0.2650544906556689,10411.2729,689.8886588966672,639.8886588966672,False,True
673,36,5,73088.06,2,0,0,196142.26,0,True,False,True,0.1449064671879757,6577.9254,238.295982785013,188.295982785013,False,True
656,27,3,150905.03,2,1,0,16998.72,0,True,False,False,0.2114233168000346,13581.452699999998,717.8589441991962,667.8589441991962,False,True
850,23,9,143054.85,1,0,1,62980.96,0,False,True,False,0.2313385543597002,12874.9365,744.6172993457345,694.6172993457345,False,True
530,42,0,99948.45,1,0,1,97338.62,0,True,False,False,0.6612892603223943,8995.360499999999,1487.1338228445707,1437.1338228445707,True,True
508,44,3,115451.05,2,0,0,67234.33,0,False,False,True,0.4761114776594254,10390.5945,1236.7703252887245,1186.7703252887245,False,True
558,32,4,108235.91,1,1,1,143783.28,0,True,False,True,0.37693683006072,9741.2319,917.9572683180912,867.9572683180912,False,True
648,42,2,98795.61,2,1,0,89123.99,0,False,True,True,0.3288012540742896,8891.6049,730.8927104632746,680.8927104632746,False,True
628,29,3,113146.98,2,0,1,124749.08,0,True,False,True,0.1816974690974409,10183.228199999998,462.56669779542204,412.56669779542204,False,True
597,39,8,162532.14,3,1,0,36051.46,1,True,False,False,0.9025509768302714,14627.8926,3300.6046887745747,3250.6046887745747,True,True
698,40,0,92053.44,1,1,1,143681.83,0,False,True,False,0.4831088120560256,8284.8096,1000.6161309915893,950.6161309915893,False,True
633,29,8,104944.1,1,1,1,97684.46,0,True,False,False,0.4666955128259684,9444.969,1101.9811627700933,1051.9811627700933,False,True
622,30,4,107879.04,1,0,1,196894.62,0,False,False,False,0.2893394867687436,9709.1136,702.3074865008572,652.3074865008572,False,True
459,46,7,110356.42,1,1,0,4969.13,1,True,False,True,0.8953090200206666,9932.0778,2223.069710471754,2173.069710471754,True,True
655,34,4,109783.69,2,1,0,134034.32,0,False,True,False,0.291072408546658,9880.5321,718.9875690173922,668.9875690173922,False,True
696,22,9,149777.0,1,1,1,198032.93,0,False,False,True,0.1818607478720044,13479.929999999998,612.867537765567,562.867537765567,False,True
637,38,3,104339.56,1,0,0,119882.86,0,False,False,False,0.429357486795509,9390.5604,1007.9768532363574,957.9768532363574,False,True
630,21,1,85818.18,1,1,1,133102.3,0,False,True,False,0.284514342616132,7723.636199999999,549.3713190122899,499.37131901228986,False,True
592,37,4,212692.97,1,0,0,176395.02,0,False,False,True,0.3784907285024191,19142.3673,1811.3021361594715,1761.3021361594715,False,True
634,37,1,89696.84,2,1,1,193179.88,0,True,False,True,0.1993985437481648,8072.715599999999,402.42193368327304,352.42193368327304,False,True
565,32,9,68067.24,1,1,0,143287.58,0,True,False,False,0.3385336699161139,6126.0516,518.4686825608703,468.4686825608703,False,True
763,67,9,148564.66,1,0,1,87236.4,0,False,True,True,0.2725178333049176,13370.8194,910.9466830998396,860.9466830998396,False,True
665,55,8,136354.16,1,1,1,93769.89,0,False,False,False,0.5610200826924057,12271.8744,1721.191997669704,1671.191997669704,True,True
649,38,1,122214.0,1,0,1,88965.46,0,False,False,True,0.2224277430242169,10999.26,611.635144184137,561.635144184137,False,True
775,70,6,119684.88,2,1,1,74532.02,0,True,False,True,0.4051771743676181,10771.6392,1091.1055835908676,1041.1055835908676,False,True
788,39,3,135139.33,1,0,1,113086.08,0,False,False,False,0.2734358269944879,12162.5397,831.4185253056976,781.4185253056976,False,True
569,42,9,146100.75,1,1,0,32574.01,1,True,False,False,0.6825053234264946,13149.0675,2243.5771417110773,2193.5771417110773,True,True
726,56,8,123110.9,3,0,1,130113.78,1,False,True,False,0.904022367317134,11079.981,2504.1376633622162,2454.1376633622162,True,True
564,44,3,111760.4,3,1,1,104722.47,1,True,False,False,0.9106378025099452,10058.436,2289.898013931731,2239.898013931731,True,True
544,32,9,110728.39,1,1,1,14559.62,0,False,False,False,0.2692310060442909,9965.5551,670.7591063407035,620.7591063407035,False,True
614,41,8,121558.46,1,1,1,598.8,0,False,False,False,0.3562961970452939,10940.2614,974.4933828753557,924.4933828753557,False,True
453,38,8,120623.21,1,1,0,129697.99,0,True,False,False,0.5690682593108664,10856.0889,1544.4639033117546,1494.4639033117546,True,True
471,58,4,114713.57,1,1,1,36315.03,0,False,False,False,0.5912592194802364,10324.2213,1526.0727568948078,1476.0727568948078,True,True
829,37,3,103457.76,1,0,0,1114.12,0,True,False,False,0.4970505623876079,9311.1984,1157.0341003056487,1107.0341003056487,False,True
754,57,2,101134.87,2,1,1,70954.41,0,True,False,True,0.6236114059635197,9102.1383,1419.0493156343505,1369.0493156343505,True,True
749,46,10,78136.36,2,1,1,73470.98,0,True,False,True,0.3075856701457927,7032.2724,540.7565547004405,490.75655470044046,False,True
670,30,3,133446.34,1,0,0,3154.95,0,False,True,True,0.3384785461061996,12010.1706,1016.2962707938557,966.2962707938557,False,True
623,48,1,108076.33,1,1,0,118855.26,1,True,False,False,0.9412070349737128,9726.8697,2288.7495474781617,2238.7495474781617,True,True
571,32,5,131354.25,1,1,0,125256.53,0,False,False,True,0.2886880512478975,11821.8825,853.2090552516556,803.2090552516556,False,True
641,37,7,62974.64,2,0,1,39016.43,0,True,False,False,0.138259194271771,5667.7176,195.90351718398392,145.90351718398392,False,True
551,30,2,143340.44,1,1,0,145796.49,0,True,False,False,0.47762088211145,12900.6396,1540.403716388476,1490.403716388476,False,True
741,36,8,116993.43,2,1,0,168816.22,0,True,False,True,0.3457772749987787,10529.4087,910.2075619086082,860.2075619086082,False,True
472,31,4,58662.92,2,0,1,73322.0,0,False,False,True,0.1129369412242681,5279.662799999999,149.06724183188868,99.06724183188868,False,True
650,41,3,128808.65,3,0,0,113677.53,1,False,True,True,0.8127097410324876,11592.7785,2355.3910031454975,2305.3910031454975,True,True
625,45,7,137555.44,1,0,0,124607.7,0,False,False,True,0.6761482657528124,12379.9896,2092.6771245194636,2042.6771245194636,True,True
650,34,4,142393.11,1,1,1,11276.48,0,True,False,True,0.3912581258328819,12815.379899999998,1253.5303803775962,1203.5303803775962,False,True
649,41,2,125785.23,1,1,1,70523.92,0,False,False,False,0.3957659552729505,11320.6707,1120.0840134790003,1070.0840134790003,False,True
689,22,4,136444.25,1,1,0,51980.25,1,False,False,True,0.3431712470659048,12279.9825,1053.5342271181219,1003.5342271181219,False,True
694,38,7,121527.4,1,1,0,113481.02,0,False,True,True,0.3731592032135405,10937.466,1020.3540244337976,970.3540244337976,False,True
655,52,9,144696.75,1,1,1,49025.79,0,True,False,True,0.7369608390260655,13022.7075,2399.306361397759,2349.306361397759,True,True
401,48,8,128140.17,1,1,0,175753.55,1,True,False,True,0.887060561085653,11532.6153,2557.5320497007465,2507.5320497007465,True,True
599,25,6,120383.41,1,1,1,24903.09,0,False,False,True,0.2149096231070492,10834.5069,582.109948607431,532.109948607431,False,True
704,42,8,129735.3,2,1,1,179565.57,0,False,False,True,0.2481362621095473,11676.177,724.3207291273669,674.3207291273669,False,True
698,31,8,185078.26,1,0,0,115337.74,1,False,True,False,0.5025949935280157,16657.043400000002,2092.9366549547194,2042.9366549547194,True,True
492,29,1,144591.96,1,1,1,196293.76,0,False,False,True,0.243674297109626,13013.2764,792.750244965821,742.750244965821,False,True
557,68,2,100194.44,1,1,1,38596.34,0,True,False,True,0.5049316533217216,9017.4996,1138.3052454639908,1088.3052454639908,True,True
646,50,6,145295.31,2,1,1,27814.74,0,True,False,True,0.5187037523949238,13076.5779,1695.7175063036334,1645.7175063036334,True,True
719,28,3,106070.29,2,1,1,183893.31,0,True,False,True,0.1603477789881864,9546.326099999998,382.6830469079888,332.6830469079888,False,True
706,47,6,120621.89,1,1,1,140803.7,0,True,False,False,0.7789732188465446,10855.9701,2114.1274931247112,2064.1274931247112,True,True
598,27,10,171283.91,1,1,1,84136.12,0,True,False,False,0.2891316673467442,15415.5519,1114.2810559793177,1064.2810559793177,False,True
580,38,1,128218.47,1,1,0,125953.83,1,True,False,False,0.6956924929678496,11539.6623,2007.0141083735273,1957.0141083735273,True,True
714,28,7,77776.39,1,1,0,177737.07,0,True,False,True,0.2876371571135949,6999.875099999999,503.35604347856014,453.35604347856014,False,True
597,72,6,124978.19,2,1,1,7144.46,0,True,False,False,0.4134933342472848,11248.0371,1162.7470910540399,1112.7470910540399,False,True
850,51,3,109799.55,2,1,1,12457.76,1,False,True,True,0.4731154341630298,9881.9595,1168.8268898059944,1118.8268898059944,False,True
758,61,8,125397.21,1,1,0,182184.09,1,True,False,False,0.9335395129102118,11285.7489,2633.9231327332395,2583.9231327332395,True,True
733,38,9,111347.37,2,0,1,194872.97,0,True,False,True,0.2764489518077413,10021.2633,692.5919337685967,642.5919337685967,False,True
778,40,8,104291.41,2,1,1,117507.11,0,False,True,True,0.1827215388097251,9386.2269,428.7664556963089,378.7664556963089,False,True
732,61,9,94867.18,2,1,1,157527.6,1,True,False,False,0.6349823900058424,8538.046199999999,1355.3772455140752,1305.3772455140752,True,True
597,33,6,135703.59,2,0,0,74850.84,0,False,False,False,0.2334482953017125,12213.323099999998,712.7948644160065,662.7948644160065,False,True
821,37,5,106453.53,2,0,1,127413.0,0,True,False,False,0.2969227420291758,9580.8177,711.1906655914153,661.1906655914153,False,True
640,43,7,132412.38,1,0,0,69584.3,1,False,False,True,0.6226613332798583,11917.1142,1855.081554155083,1805.081554155083,True,True
511,40,9,124401.6,1,1,0,198814.24,1,True,False,False,0.6781724793075735,11196.144,1898.2291837911534,1848.2291837911534,True,True
805,46,6,118022.06,3,1,0,162643.15,1,False,False,True,0.9083207689696602,10621.9854,2412.042486628126,2362.042486628126,True,True
540,39,1,82531.11,1,1,0,114092.52,0,True,False,True,0.5209225417881433,7427.7999,967.3271009504292,917.3271009504292,True,True
705,44,0,184552.12,1,1,0,68860.3,1,False,True,True,0.7278341361209896,16609.690799999997,3022.2749886636866,2972.2749886636866,True,True
540,39,4,127278.31,1,1,1,16150.34,0,True,False,True,0.6240147145849588,11455.0479,1787.0296114688829,1737.0296114688829,True,True
627,23,5,184244.86,1,1,0,103099.22,0,True,False,True,0.3580553179084778,16582.037399999997,1484.3216682068169,1434.3216682068169,False,True
646,52,8,59669.43,1,0,0,172495.81,1,False,False,True,0.829008603712644,5370.2487,1112.9955940941604,1062.9955940941604,True,True
515,25,7,79543.59,1,0,1,38772.82,0,False,False,False,0.2390414814215982,7158.9231,427.81989580182506,377.81989580182506,False,True
697,39,6,151553.19,1,1,1,44946.29,0,False,False,False,0.3064508191682735,13639.7871,1044.9809825189623,994.9809825189623,False,True
652,27,2,166527.88,2,0,1,146007.7,0,True,False,True,0.1559095177046522,14987.5092,584.1738327415094,534.1738327415094,False,True
579,28,6,150329.15,1,1,0,145558.42,0,True,False,True,0.4062979972972181,13529.6235,1374.2647330588445,1324.2647330588445,False,True
760,43,8,121911.59,1,1,0,193312.33,0,False,False,True,0.5947130217079126,10972.0431,1631.3042265776135,1581.3042265776135,True,True
769,51,9,156773.78,2,1,0,40257.79,0,False,False,True,0.6276279310990851,14109.640199999998,2213.90107181962,2163.90107181962,True,True
498,29,8,127864.26,1,1,1,46677.9,0,False,True,True,0.1787858122644331,11507.783399999998,514.3571006330399,464.35710063303986,False,True
774,53,4,113709.28,1,1,1,153887.93,1,False,False,True,0.4895119264467306,10233.8352,1252.3960959225906,1202.3960959225906,False,True
705,43,7,79974.55,1,1,1,103108.33,0,True,False,False,0.5150687439550126,7197.7095,926.8287978795154,876.8287978795154,True,True
705,33,3,144427.96,2,1,0,113845.19,0,False,False,True,0.2127722312086005,12998.5164,691.4308342073964,641.4308342073964,False,True
654,42,7,99263.09,1,1,1,67607.9,0,False,False,True,0.3590303736985548,8933.6781,801.8654466863986,751.8654466863986,False,True
624,32,2,79368.87,2,1,1,145471.94,0,False,False,False,0.1436964057792715,7143.198299999998,256.61298036965053,206.61298036965053,False,True
758,52,7,125095.94,1,1,0,171189.83,1,False,False,False,0.8606651242559498,11258.6346,2422.4785367403338,2372.4785367403338,True,True
737,40,2,162485.8,2,1,0,149381.32,0,True,False,False,0.2974884961709079,14623.721999999998,1087.5972665503552,1037.5972665503552,False,True
694,37,1,95668.82,2,1,0,100335.55,0,True,False,True,0.3015637671638396,8610.193800000001,649.1306195846839,599.1306195846839,False,True
730,34,5,74197.38,2,1,0,96875.52,0,False,False,False,0.2051198771447413,6677.7642000000005,342.43554307638794,292.43554307638794,False,True
622,31,1,89688.94,1,1,1,152305.47,0,False,False,False,0.230894892503668,8072.0046,465.9461586015284,415.9461586015284,False,True
714,33,10,103121.33,2,1,1,49672.01,0,False,True,False,0.1634836836986396,9280.9197,379.3197351668183,329.3197351668183,False,True
668,59,5,120170.07,1,0,1,50454.8,0,True,False,False,0.7820361404628564,10815.3063,2114.490099193904,2064.490099193904,True,True
628,32,9,149136.31,2,1,1,16402.11,0,False,False,True,0.1449942914335251,13422.2679,486.53805589786225,436.53805589786225,False,True
600,40,1,141136.79,1,1,1,67803.83,0,False,False,True,0.3374930766614693,12702.3111,1071.7355134625332,1021.7355134625332,False,True
693,43,4,152341.55,1,1,0,9241.78,0,False,False,False,0.5895897093420622,13710.739499999998,2020.9277291674325,1970.9277291674325,True,True
704,36,7,120026.98,2,0,1,100601.73,0,False,False,True,0.1416514931780862,10802.428199999998,382.54502111976643,332.54502111976643,False,True
527,33,9,132168.28,1,0,0,98734.15,0,False,True,True,0.2842294675808979,11895.1452,845.2376967483684,795.2376967483684,False,True
553,43,6,85200.82,2,1,1,160574.09,0,True,False,True,0.3117265340422769,7668.0738,597.5855171135979,547.5855171135979,False,True
575,53,1,84903.33,2,0,1,26015.8,0,False,True,True,0.390648832887023,7641.2997,746.2662023862397,696.2662023862397,False,True
850,30,9,121535.18,1,0,0,40313.47,0,False,False,True,0.2774553428421943,10938.1662,758.7131632714754,708.7131632714754,False,True
653,35,6,116662.96,2,1,1,23864.21,0,False,True,True,0.1410270575995835,10499.6664,370.1842645423029,320.1842645423029,False,True
549,49,6,124829.16,1,0,1,93551.36,0,True,False,False,0.8155633213064416,11234.6244,2290.636897323597,2240.636897323597,True,True
850,36,2,155180.56,2,0,0,169415.54,0,False,True,False,0.2808110478292253,13966.2504,980.4693522673342,930.4693522673342,False,True
558,32,1,108262.87,1,1,1,6935.31,0,True,False,False,0.485457830279346,9743.6583,1182.5338043253353,1132.5338043253353,False,True
666,38,6,99812.88,2,1,1,158357.97,0,True,False,True,0.2669191129708879,8983.1592,599.4442213350677,549.4442213350677,False,True
606,35,2,132164.26,1,0,1,164815.59,0,False,False,True,0.2206334832673309,11894.7834,656.0968735631063,606.0968735631063,False,True
599,45,10,103583.05,1,1,0,132127.69,1,True,False,True,0.8790765440962802,9322.4745,2048.7921664714245,1998.7921664714245,True,True
544,39,4,142406.43,2,1,0,146637.45,0,True,False,True,0.3934269961164301,12816.5787,1260.5970146077052,1210.5970146077052,False,True
529,38,7,99842.5,2,1,0,90256.06,1,False,True,True,0.2511882044490705,8985.825,564.2833118108922,514.2833118108922,False,True
764,39,5,81042.42,1,0,1,109805.17,0,False,False,False,0.31710067523781,7293.817799999999,578.2186373603894,528.2186373603894,False,True
487,53,4,199689.49,1,1,1,24207.86,1,False,False,True,0.6347512483900788,17972.0541,2851.9459440272585,2801.9459440272585,True,True
748,33,1,142645.43,1,0,0,69132.66,0,False,False,True,0.2796683690476762,12838.0887,897.6018321046005,847.6018321046005,False,True
432,45,3,110219.14,1,1,0,43046.7,1,True,False,False,0.8823949552284371,9919.7226,2188.278294876379,2138.278294876379,True,True
674,45,7,142072.02,1,1,0,37013.29,0,False,False,True,0.6861615839693134,12786.481799999998,2193.398151320699,2143.398151320699,True,True
645,33,8,149564.61,1,0,0,149913.84,0,True,False,True,0.4317265018296401,13460.8149,1452.8476321383241,1402.8476321383241,False,True
708,37,8,153366.13,1,1,1,26912.34,0,True,False,True,0.4207407619312333,13802.9517,1451.8661037895029,1401.8661037895029,False,True
715,21,6,76467.16,1,1,1,173511.72,0,False,False,True,0.1961027102665692,6882.0444,337.39688975371627,287.39688975371627,False,True
727,26,9,121508.28,1,1,1,146785.44,0,False,False,False,0.2845157766566583,10935.7452,777.8480097243307,727.8480097243307,False,True
545,36,8,73211.12,2,1,0,89587.34,1,False,True,True,0.2346486711192663,6589.0008,386.5250704309456,336.5250704309456,False,True
671,38,0,92674.94,2,1,0,3647.57,0,False,True,True,0.1996287605043464,8340.7446,416.2631265453301,366.2631265453301,False,True
439,52,3,96196.24,4,1,0,198874.52,1,False,True,True,0.9247557691441624,8657.6616,2001.5556279744696,1951.5556279744696,True,True
667,36,1,114391.62,1,1,1,53412.54,0,True,False,False,0.55304775900143,10295.2458,1423.4406545147212,1373.4406545147212,True,True
831,32,9,80262.66,1,1,0,194867.78,0,True,False,True,0.295459783846634,7223.6394,533.5737339275073,483.5737339275073,False,True
545,33,7,173331.52,1,1,0,150452.88,0,False,True,False,0.4509050927966865,15599.836799999995,1758.5114649792908,1708.5114649792908,False,True
604,35,7,147285.52,1,1,1,57807.05,0,False,True,False,0.2525162595817914,13255.6968,836.8197435215804,786.8197435215804,False,True
657,67,5,119785.47,2,1,1,107534.32,0,False,True,True,0.2608406611527698,10780.6923,703.0107268041437,653.0107268041437,False,True
487,36,1,140137.15,1,1,0,194073.33,0,False,True,False,0.3572645078491935,12612.3435,1126.4856733381187,1076.4856733381187,False,True
750,52,6,107467.56,1,1,0,126233.18,1,True,False,False,0.9318449253705744,9672.0804,2253.219759629049,2203.219759629049,True,True
694,37,8,98218.04,2,1,0,182354.46,1,True,False,False,0.4681203282643726,8839.623599999999,1034.5018753413738,984.5018753413738,False,True
711,35,2,133607.75,1,1,1,120586.32,0,True,False,False,0.5547201283498463,12024.6975,1667.585435142019,1617.585435142019,True,True
559,38,8,95139.41,1,1,1,86575.46,0,False,False,False,0.2907831559083453,8562.5469,622.4611025488047,572.4611025488047,False,True
703,26,1,97331.19,1,1,0,63717.49,0,True,False,False,0.4774962423229804,8759.8071,1045.693743431041,995.693743431041,False,True
795,37,2,139265.63,2,1,1,198745.94,0,True,False,True,0.199370085928078,12533.9067,624.7215139483782,574.7215139483782,False,True
586,34,5,168094.01,1,0,0,20058.61,0,False,True,True,0.3096859302434781,15128.460900000002,1171.2678717421468,1121.2678717421468,False,True
613,30,5,131563.88,2,1,0,170638.98,0,True,False,False,0.3237558455552803,11840.7492,958.3779423135022,908.3779423135022,False,True
621,47,7,107363.29,1,1,1,66799.28,0,True,False,True,0.7816904371105996,9662.6961,1888.3092845189713,1838.3092845189713,True,True
782,33,2,94493.03,1,0,1,101866.39,0,False,False,False,0.2093527896431682,8504.3727,445.1035372275506,395.1035372275506,False,True
528,29,9,170214.23,2,1,0,49284.0,0,True,False,False,0.2152474476464833,15319.2807,824.3590176137579,774.3590176137579,False,True
696,52,6,139781.06,1,1,0,27445.4,1,False,False,True,0.824198461426381,12580.2954,2592.1650282423448,2542.1650282423448,True,True
626,26,8,148610.41,3,0,1,104502.02,1,False,True,False,0.7004649548049773,13374.9369,2342.168642794481,2292.168642794481,True,True
498,73,2,170241.7,2,1,1,165407.96,0,False,False,True,0.2586059877981576,15321.753,990.5742673410961,940.5742673410961,False,True
691,33,1,128306.83,1,1,1,113580.79,0,False,False,False,0.2263472399708715,11547.614699999998,653.4426788980157,603.4426788980157,False,True
680,32,7,175454.0,1,0,1,77349.92,0,True,False,True,0.2979305474820544,15790.86,1176.1448912531184,1126.1448912531184,False,True
539,22,0,100885.93,2,1,1,38772.65,0,False,False,False,0.1960207724514303,9079.7337,444.95410338182086,394.95410338182086,False,True
494,69,9,93320.8,1,1,1,24489.44,0,False,False,True,0.2593174099419227,8398.872,544.493433368434,494.493433368434,False,True
594,38,6,63176.44,2,1,1,14466.08,0,True,False,True,0.1772809270381716,5685.8796,251.9995016288571,201.9995016288571,False,True
596,33,2,139451.67,1,0,0,63142.12,0,False,False,True,0.2799320351519925,12550.6503,878.3322702399912,828.3322702399912,False,True
649,52,8,49113.75,1,1,0,41858.43,0,False,False,False,0.8518818396435185,4420.237499999999,941.3800132903166,891.3800132903166,True,True
699,32,1,123906.22,3,1,1,127443.82,1,True,False,True,0.8000706887706072,11151.5598,2230.5090325131537,2180.5090325131537,True,True
489,52,1,131441.51,1,1,0,37240.11,1,True,False,False,0.9398526923855018,11829.7359,2779.5522839561067,2729.5522839561067,True,True
698,57,6,136325.48,2,1,1,72549.27,1,False,False,True,0.4051585455859725,12269.2932,1242.7522470699655,1192.7522470699655,False,True
578,38,4,113150.44,2,1,0,176712.59,1,True,False,False,0.504135515756282,10183.5396,1283.4709971176305,1233.4709971176305,True,True
507,46,8,102785.16,1,1,1,70323.68,0,True,False,False,0.7564902355619176,9250.6644,1749.5093227650614,1699.5093227650614,True,True
685,34,6,83264.28,1,0,0,9663.28,0,False,True,True,0.3188388075051395,7493.785199999999,597.3273842169158,547.3273842169158,False,True
705,41,4,72252.64,2,1,1,142514.66,0,True,False,True,0.2312904715840228,6502.7376,376.00531152278916,326.00531152278916,False,True
499,29,6,148051.52,1,1,0,118623.94,0,True,False,False,0.454899494971767,13324.636799999998,1515.3426377505552,1465.3426377505552,False,True
717,76,9,138489.66,1,1,1,68400.14,0,False,False,False,0.3191286575124465,12464.0694,994.4104336909912,944.4104336909912,False,True
632,32,6,111589.33,1,1,1,170382.99,0,False,False,True,0.2288856872855906,10043.0397,574.677011042743,524.677011042743,False,True
668,39,0,122104.79,1,1,0,112946.67,1,True,False,False,0.7368403879164144,10989.431099999998,2024.3641686761766,1974.3641686761766,True,True
744,32,4,96106.83,1,1,1,79812.77,0,True,False,True,0.2685704445648409,8649.614699999998,580.7577163233957,530.7577163233957,False,True
663,42,7,115930.87,1,1,0,19862.78,0,True,False,True,0.7427503880690004,10433.778299999998,1937.4232203377285,1887.4232203377285,True,True
638,37,7,124513.66,2,1,0,158610.89,0,True,False,False,0.4922968007931442,11206.2294,1379.197720643519,1329.197720643519,False,True
687,35,8,100988.39,2,1,0,22247.27,0,False,True,True,0.1809704332268679,9088.9551,411.2080355066376,361.2080355066376,False,True
599,44,10,118577.24,1,1,1,31448.52,0,False,False,True,0.4087245329760044,10671.9516,1090.4721084131309,1040.4721084131309,False,True
850,42,9,113311.11,1,1,1,198193.75,0,False,False,False,0.399925008044619,10197.9999,1019.608798011631,969.608798011631,False,True
835,20,4,124365.42,1,0,0,180197.74,1,True,False,True,0.5760686056151738,11192.8878,1611.9678169382726,1561.9678169382726,True,True
592,42,1,147249.29,2,1,1,63023.02,0,False,False,True,0.3067262106606867,13252.4361,1016.2173767439725,966.2173767439725,False,True
774,36,7,103688.19,1,0,1,118971.74,0,False,False,True,0.1821582321387035,9331.9371,424.97229114139486,374.97229114139486,False,True
620,29,1,138740.24,2,0,0,154700.61,0,False,False,False,0.2588794524075944,12486.6216,808.1324405572101,758.1324405572101,False,True
519,39,4,111900.14,1,1,1,97577.17,0,False,True,True,0.2864191277483764,10071.0126,721.1326611087271,671.1326611087271,False,True
734,37,0,152760.24,1,1,1,48990.5,0,False,True,False,0.2443038396780716,13748.421599999998,839.698046598234,789.698046598234,False,True
763,31,7,143966.3,2,1,1,140262.96,1,True,False,True,0.2293448959479875,12956.967,742.9035621041269,692.9035621041269,False,True
733,51,10,141556.96,1,1,0,130189.53,0,False,False,True,0.7644935501985158,12740.126399999996,2434.9361153784585,2384.9361153784585,True,True
530,25,9,162560.32,1,1,0,64129.03,0,False,False,True,0.3157376196049879,14630.428799999998,1154.8441907780648,1104.8441907780648,False,True
778,29,7,123229.46,1,1,0,181221.09,0,True,False,False,0.5897894332759988,11090.6514,1635.2872509669157,1585.2872509669157,True,True
616,31,7,76665.71,2,1,1,163809.08,0,False,True,True,0.1115836340064054,6899.9139000000005,192.47936682332735,142.47936682332735,False,True
550,38,9,140278.99,3,1,1,171457.06,1,False,False,True,0.8399529312486094,12625.109099999998,2651.1243489696226,2601.1243489696226,True,True
721,46,1,115764.32,2,0,0,102950.79,0,False,False,True,0.4799875203837634,10418.7888,1250.2221503785315,1200.2221503785315,False,True
499,36,5,131142.53,2,1,0,174918.46,0,True,False,True,0.298933929586214,11802.827699999998,882.0664161475039,832.0664161475039,False,True
511,45,5,68375.27,1,1,0,193160.25,1,False,False,True,0.7812674824715472,6153.7743,1201.935938764777,1151.935938764777,True,True
579,39,5,117833.3,3,0,0,5831.0,1,True,False,False,0.8157915508311028,10604.997,2162.866737297298,2112.866737297298,True,True
681,30,2,111093.01,1,1,0,68985.99,0,False,True,True,0.3078740539096924,9998.370899999998,769.5597453689248,719.5597453689248,False,True
641,42,9,132657.55,1,1,0,35367.19,0,False,True,True,0.5575221264265534,11939.179499999998,1664.0891856570784,1614.0891856570784,True,True
591,56,9,128882.49,1,1,1,196241.94,1,False,False,False,0.4970220317463525,11599.4241,1441.2923333174017,1391.2923333174017,False,True
565,59,9,69129.59,1,1,1,170705.53,0,True,False,True,0.4532010111145862,6221.6631,704.9160019335777,654.9160019335777,False,True
729,39,4,121404.64,1,1,1,159618.17,0,False,False,True,0.2608584657890899,10926.4176,712.5621329267275,662.5621329267275,False,True
505,45,9,131355.3,3,1,0,195395.33,1,False,True,False,0.8214280344903819,11821.977,2427.7258327251257,2377.7258327251257,True,True
580,35,1,102097.33,1,0,1,168285.85,0,False,False,False,0.2731852816923773,9188.7597,627.5584767620162,577.5584767620162,False,True
642,40,1,154863.15,1,1,1,138052.51,0,False,False,True,0.3342694885423599,13937.6835,1164.735583752572,1114.735583752572,False,True
850,41,3,99945.93,2,1,0,71179.31,0,False,True,False,0.3026856104841119,8995.133699999998,680.674383842677,630.674383842677,False,True
616,39,2,121704.32,2,1,0,55556.3,0,True,False,True,0.4199579753390191,10953.3888,1149.990745887272,1099.990745887272,False,True
523,35,8,138782.76,1,1,1,186118.93,0,True,False,True,0.4539879835077813,12490.4484,1417.6283705559983,1367.6283705559983,False,True
840,30,8,136291.71,1,1,0,54113.38,0,False,False,True,0.2975088651233847,12266.253899999998,912.3298192760727,862.3298192760727,False,True
570,42,0,107856.57,2,1,0,127528.84,0,True,False,True,0.4517074358828643,9707.0913,1096.191330250965,1046.191330250965,False,True
676,26,1,108348.66,1,0,0,60231.74,1,True,False,False,0.5861261915500988,9751.3794,1428.884717520522,1378.884717520522,True,True
689,47,1,93871.95,3,1,0,156878.42,1,False,False,True,0.9097079941482302,8448.4755,1921.4114251788667,1871.4114251788667,True,True
491,19,2,125860.2,1,0,0,129690.5,0,True,False,True,0.446857597536012,11327.417999999998,1265.4356984415442,1215.4356984415442,False,True
584,49,8,172713.44,1,1,0,113860.81,0,False,False,True,0.6805037708605167,15544.209599999998,2644.4733119615607,2594.4733119615607,True,True
625,39,3,130786.92,1,0,1,121316.07,0,False,False,False,0.3380441597044957,11770.8228,994.7644756141298,944.7644756141298,False,True
535,29,2,112367.34,1,1,0,185630.76,0,False,False,False,0.3422776562361305,10113.0606,865.368669885489,815.368669885489,False,True
729,45,7,91091.06,2,1,0,71133.12,0,False,True,False,0.5928791392806734,8198.1954,1215.134758101694,1165.134758101694,True,True
655,26,7,106198.5,1,0,1,32020.42,0,False,False,False,0.22528878288496,9557.865,538.3199432071895,488.31994320718945,False,True
751,47,5,142669.93,2,1,0,162760.96,0,False,False,True,0.5147595476246716,12840.293699999998,1652.41594409498,1602.41594409498,True,True
525,33,1,112833.35,1,0,1,175178.56,0,False,False,True,0.228453579284689,10155.0015,579.9866100790965,529.9866100790965,False,True
786,32,2,104336.43,2,0,0,59559.81,0,True,False,False,0.31401853748272,9390.2787,737.1803959822844,687.1803959822844,False,True
580,55,6,104305.74,1,0,1,175750.21,0,False,False,True,0.542079985516325,9387.5166,1272.1962156405652,1222.1962156405652,True,True
596,47,5,140187.1,2,1,1,174311.3,0,True,False,True,0.5147746348082957,12616.839,1623.7071721650154,1573.7071721650154,True,True
747,45,1,114959.12,1,1,0,189362.39,1,False,False,False,0.7650135981886952,10346.320799999998,1978.7690258056343,1928.7690258056343,True,True
602,33,5,164704.38,1,0,1,180716.1,1,False,False,True,0.3186100900817646,14823.3942,1180.7207403448767,1130.7207403448767,False,True
779,62,10,119096.55,1,0,1,116977.89,0,False,False,True,0.3667542696505245,10718.6895,982.7812847958114,932.7812847958114,False,True
849,41,9,115465.28,1,1,0,103174.5,0,False,False,False,0.5197817107507666,10391.8752,1350.3766673411162,1300.3766673411162,True,True
628,43,3,184926.61,1,1,0,122937.57,0,False,True,True,0.6842289043357195,16643.3949,2846.9729642134253,2796.9729642134253,True,True
674,43,8,85957.88,2,1,0,8757.39,0,True,False,True,0.3577151182603132,7736.209200000001,691.8397472161308,641.8397472161308,False,True
797,32,10,114084.6,1,0,1,125782.29,0,False,False,True,0.1731494958129012,10267.614,444.4580468253714,394.4580468253714,False,True
590,29,2,166930.76,2,1,0,122487.73,0,False,True,False,0.2835418819550889,15023.7684,1064.9668915483487,1014.9668915483487,False,True
571,38,6,107193.82,2,0,0,38962.94,0,False,False,False,0.2932036739974408,9647.4438,707.1664917109578,657.1664917109578,False,True
680,36,3,116275.12,1,1,1,63795.8,0,False,False,True,0.2222256923831446,10464.760799999998,581.3846786009974,531.3846786009974,False,True
618,39,2,91068.56,1,1,0,26578.69,0,False,False,True,0.3613609508374428,8196.170399999999,740.4439822424259,690.4439822424259,False,True
648,41,5,123049.21,1,0,1,5066.76,0,True,False,True,0.6226327504016957,11074.4289,1723.8255312837566,1673.8255312837566,True,True
774,42,3,137781.65,1,0,0,199316.19,0,False,False,False,0.4721497538542497,12400.3485,1463.7053729954785,1413.7053729954785,False,True
697,48,2,108128.96,2,1,1,103944.37,0,True,False,False,0.6652902702912985,9731.6064,1618.5857630561327,1568.5857630561327,True,True
605,39,10,105317.73,2,1,0,138021.36,0,False,True,True,0.2529057766713521,9478.5957,599.2979018155596,549.2979018155596,False,True
676,20,1,80569.73,1,0,0,68621.98,0,False,False,True,0.265394717539965,7251.2757,481.11256655147804,431.11256655147804,False,True
678,22,4,174852.89,1,1,1,28149.06,0,False,False,False,0.2528180788770805,15736.7601,994.6343640578733,944.6343640578733,False,True
495,45,3,89158.94,3,1,0,135169.76,1,False,True,False,0.9371938649475292,8024.304599999999,1880.082260397559,1830.082260397559,True,True
770,36,2,89800.14,1,1,1,105922.69,0,False,False,True,0.1921862596595352,8082.0126,388.31294302880883,338.31294302880883,False,True
817,45,9,101207.75,1,0,0,88211.12,1,True,False,True,0.8355939989892995,9108.6975,1902.7932424022088,1852.7932424022088,True,True
659,43,1,106086.42,2,1,0,26900.63,0,False,False,True,0.3869888735553462,9547.7778,923.7209439446855,873.7209439446855,False,True
829,26,8,101440.36,2,1,1,19324.5,0,False,True,False,0.1539048300662865,9129.6324,351.27363077241586,301.27363077241586,False,True
671,34,7,106603.74,2,1,1,26387.71,0,False,False,True,0.1248734776306599,9594.3366,299.5195442002804,249.5195442002804,False,True
835,29,10,130420.2,2,0,0,106276.55,0,True,False,False,0.2723832783722548,11737.818,799.2963369442157,749.2963369442157,False,True
649,29,2,45022.23,1,1,1,173495.77,0,False,True,True,0.2820350944565184,4052.0007,285.7016000405947,235.7016000405947,False,True
621,27,1,74298.43,1,1,1,52581.96,0,True,False,True,0.185430087485754,6686.858699999999,309.9861984364688,259.9861984364688,False,True
658,31,3,133003.03,1,0,1,146339.27,1,True,False,False,0.4996664758680248,11970.2727,1495.2859937970566,1445.2859937970566,False,True
783,37,1,136689.66,1,1,0,197890.65,0,False,True,False,0.3281599039967989,12302.0694,1009.2614783164894,959.2614783164894,False,True
762,53,1,102520.37,1,1,1,170195.4,0,False,False,True,0.4669682816055701,9226.833299999998,1077.1596226905126,1027.1596226905126,False,True
540,67,1,88382.01,1,0,1,59457.0,0,False,True,True,0.2457961286613491,7954.380899999999,488.7890077794444,438.7890077794444,False,True
812,44,4,115049.15,2,1,0,165038.41,0,False,False,True,0.3730492965171539,10354.4235,965.6776006289217,915.6776006289217,False,True
685,58,1,104796.54,1,1,1,154181.41,0,False,False,True,0.4707543212388501,9431.6886,1110.0020412572999,1060.0020412572999,False,True
680,33,1,123082.08,1,1,0,134960.98,0,False,False,True,0.2708195867669618,11077.3872,749.9933559904078,699.9933559904078,False,True
584,33,3,88311.48,2,1,1,177651.38,0,True,False,True,0.1391759673446683,7948.0332,276.54380227438486,226.54380227438486,False,True
609,32,7,71872.19,1,1,1,151924.9,0,False,False,True,0.1963379787853,6468.4971000000005,317.50291159814367,267.50291159814367,False,True
506,35,6,110046.93,2,1,0,26318.73,0,False,True,True,0.187901181831074,9904.2237,465.25383458733313,415.25383458733313,False,True
503,42,8,104430.08,1,1,1,147557.71,0,False,False,True,0.3957952351186369,9398.7072,929.9908815088064,879.9908815088064,False,True
806,31,10,138653.51,1,1,0,190803.37,0,True,False,True,0.4465219154704942,12478.8159,1393.0161946179146,1343.0161946179146,False,True
653,31,7,102575.04,1,1,1,11043.54,0,False,False,False,0.2354823139659383,9231.7536,543.4786749228452,493.47867492284524,False,True
666,43,7,137780.74,2,1,1,119100.05,1,False,False,True,0.3950718492968035,12400.2666,1224.7490643588467,1174.7490643588467,False,True
740,30,8,105209.54,1,1,0,1852.58,0,False,False,False,0.3091950126563342,9468.8586,731.9309636670097,681.9309636670097,False,True
531,32,0,109570.21,2,1,1,172049.84,0,True,False,False,0.2392632357894811,9861.3189,589.8627672914917,539.8627672914917,False,True
614,44,6,118715.86,1,1,0,133591.11,1,True,False,False,0.8835428626168875,10684.4274,2360.0373926045772,2310.0373926045772,True,True
678,43,2,153393.18,2,1,1,193828.27,0,True,False,False,0.349018739327354,13805.3862,1204.5846218628126,1154.5846218628126,False,True
587,33,6,132603.36,1,1,0,55775.72,0,True,False,True,0.5208685234062489,11934.302399999997,1554.0506172429127,1504.0506172429127,True,True
757,34,1,129398.01,2,0,0,44965.44,0,True,False,False,0.2736400342538141,11645.8209,796.6907074974462,746.6907074974462,False,True
693,29,2,151352.74,1,0,0,197145.89,0,False,False,True,0.2638420603933029,13621.7466,898.4974222748671,848.4974222748671,False,True
483,44,5,136836.49,1,1,0,192359.9,1,False,False,False,0.7105182579873467,12315.2841,2187.5585513378173,2137.5585513378173,True,True
466,40,4,91592.06,1,1,0,141210.18,1,False,False,True,0.5159356750644972,8243.285399999999,1063.2512543995783,1013.2512543995783,True,True
439,36,2,165536.28,2,1,1,123956.83,0,False,False,True,0.1799381048970829,14898.265199999998,670.1914015855398,620.1914015855398,False,True
538,25,5,62482.95,1,1,1,102758.43,0,True,False,True,0.174830899208608,5623.4655,245.7888825083961,195.7888825083961,False,True
743,40,8,68155.59,1,1,0,94876.65,0,False,False,True,0.47232143873896,6134.003099999999,724.30529235531,674.30529235531,False,True
734,43,3,55853.33,2,0,1,94811.85,1,False,True,False,0.459053881760137,5026.7997,576.892978778923,526.892978778923,False,True
666,31,2,79589.43,1,0,0,4050.57,0,False,False,False,0.345761727792228,7163.048699999999,619.1770236929682,569.1770236929682,False,True
627,41,5,100880.76,1,0,1,134665.25,0,False,True,True,0.3461582917276274,9079.2684,785.7160098701573,735.7160098701573,False,True
480,25,3,174330.35,2,0,0,181647.13,0,True,False,False,0.244878086505567,15689.7315,960.5178568765299,910.5178568765299,False,True
792,19,7,143390.51,1,1,0,33282.84,0,False,False,True,0.322314356685521,12905.1459,1039.8784496728222,989.8784496728222,False,True
613,59,8,91415.76,1,0,0,27965.0,1,True,False,True,0.8786800819608999,8227.418399999999,1807.3171685096536,1757.3171685096536,True,True
476,30,3,134366.42,1,1,0,68343.53,0,True,False,True,0.4925424915882584,12092.9778,1489.076354083374,1439.076354083374,False,True
696,60,8,88786.81,1,1,1,196858.4,0,False,True,True,0.3951876811986674,7990.8129,789.4677052108497,739.4677052108497,False,True
810,35,3,96814.46,2,1,1,120511.03,0,True,False,True,0.1949349722737428,8713.3014,424.63179170544106,374.63179170544106,False,True
763,32,9,160680.41,1,1,0,30886.35,0,True,False,True,0.4715856307017443,14461.2369,1704.9278810534595,1654.9278810534595,False,True
526,31,5,145537.21,1,1,0,132404.64,0,True,False,True,0.4632672235981547,13098.3489,1517.008932155736,1467.008932155736,False,True
597,30,2,119370.11,1,1,1,182726.22,1,False,True,False,0.3318775479276216,10743.3099,891.3658365596353,841.3658365596353,False,True
850,47,10,134381.52,1,0,0,26812.89,1,True,False,False,0.8954355957560423,12094.3368,2707.424919445556,2657.424919445556,True,True
546,74,8,114888.74,2,1,1,66732.63,1,True,False,False,0.5881294367513747,10339.9866,1520.3126237686906,1470.3126237686906,True,True
623,42,1,149332.48,2,1,0,100834.22,0,True,False,True,0.3480866947877887,13439.9232,1169.5646112224301,1119.5646112224301,False,True
698,40,7,105061.74,3,1,0,107815.31,1,False,False,False,0.8866624085280514,9455.5566,2095.9716472323285,2045.9716472323285,True,True
753,39,7,155062.8,1,1,1,16460.77,0,False,False,False,0.3080608266504423,13955.651999999998,1074.7974228914745,1024.7974228914745,False,True
721,43,3,88798.34,1,0,0,45610.63,0,False,True,True,0.6384097185790082,7991.8506,1275.5187731178694,1225.5187731178694,True,True
680,51,5,143139.87,1,0,0,47795.43,1,True,False,False,0.9297116974612596,12882.5883,2994.2732590218907,2944.2732590218907,True,True
634,27,3,107027.52,1,1,0,173425.68,0,True,False,True,0.4759701060115332,9632.4768,1146.1927509124087,1096.1927509124087,False,True
676,29,4,140720.93,1,1,0,36221.18,0,False,False,True,0.3106456434197733,12664.883699999998,983.5727364557747,933.5727364557747,False,True
642,30,8,80964.57,2,1,0,174738.2,0,False,False,True,0.1567127501087982,7286.8113,285.48405958671674,235.48405958671674,False,True
760,39,6,178585.46,1,1,0,67131.3,1,False,False,True,0.5259904875866036,16072.6914,2113.5206965787524,2063.5206965787524,True,True
736,26,4,135889.13,1,1,1,165692.03,0,False,True,False,0.2935519517814828,12230.0217,897.536685091222,847.536685091222,False,True
656,43,7,134919.85,1,1,0,194691.95,0,False,False,True,0.6442649438148053,12142.7865,1955.792915544419,1905.792915544419,True,True
776,33,8,115130.34,1,0,0,129525.5,1,True,False,True,0.5721299097508167,10361.7306,1482.063998260069,1432.063998260069,True,True
832,34,6,138190.13,2,0,1,146511.2,0,False,True,False,0.2013687742053997,12437.1117,626.1114844211587,576.1114844211587,False,True
631,37,9,131519.49,2,1,1,51752.18,0,True,False,True,0.2617756727155747,11836.754099999998,774.6435668240842,724.6435668240842,False,True
648,39,3,126935.98,2,0,1,57995.74,0,True,False,False,0.3192166171641995,11424.2382,911.7016679705059,861.7016679705059,False,True
615,39,4,133707.09,1,1,1,108152.75,0,False,False,True,0.2885209896185079,12033.638099999998,867.9892933307452,817.9892933307452,False,True
682,27,1,97893.2,1,1,0,166144.98,0,False,False,False,0.3107091961295393,8810.387999999999,684.3671432673348,634.3671432673348,False,True
694,34,5,127900.03,1,1,0,101737.8,0,False,False,True,0.3060856358824927,11511.0027,880.8381452686475,830.8381452686475,False,True
694,37,10,143835.47,1,0,1,33326.71,0,False,False,True,0.2016246046746996,12945.1923,652.5173199813663,602.5173199813663,False,True
645,40,3,129596.77,1,1,1,103232.6,0,False,False,False,0.4029530881115611,11663.7093,1174.9819203176337,1124.9819203176337,False,True
710,24,2,110407.44,2,0,0,15832.43,1,True,False,False,0.3583262317771328,9936.6696,890.1423435455973,840.1423435455973,False,True
619,41,8,142015.76,2,1,0,114323.66,0,True,False,False,0.4077988633927357,12781.418400000002,1303.06197401675,1253.06197401675,False,True
648,55,1,81370.07,1,0,1,181534.04,0,False,True,True,0.4317563173842825,7323.3063,790.4709397912789,740.4709397912789,False,True
482,48,2,69329.47,1,0,0,102640.52,1,True,False,False,0.8561248482754747,6239.6523,1335.4803446573042,1285.4803446573042,True,True
548,28,8,116755.5,2,1,1,158585.17,1,False,False,False,0.2307322656939868,10507.995,606.1333735627712,556.1333735627712,False,True
752,44,6,83870.33,1,1,0,178722.24,0,False,True,True,0.6517924157208757,7548.3297,1229.9860124551583,1179.9860124551583,True,True
648,39,6,130694.89,2,1,1,153955.38,1,False,False,False,0.2770097635263666,11762.5401,814.5846128926011,764.5846128926011,False,True
643,34,8,117451.47,1,1,0,65374.86,0,False,True,False,0.3650172699053213,10570.6323,964.6158358297517,914.6158358297517,False,True
573,35,9,206868.78,2,0,1,102986.15,0,True,False,False,0.1521717362227357,18618.1902,708.2905820147807,658.2905820147807,False,True
686,39,3,111695.62,1,0,0,136643.84,0,False,False,False,0.4871253852957491,10052.6058,1224.2198683878205,1174.2198683878205,False,True
644,40,9,137285.26,4,1,0,77063.63,1,False,False,False,0.923541920990662,12355.6734,2852.745586742306,2802.745586742306,True,True
702,29,6,149218.39,1,1,1,9633.01,0,False,False,False,0.2536108096610606,13429.6551,851.4764258449479,801.4764258449479,False,True
692,41,8,130701.29,1,1,0,59354.24,1,True,False,False,0.7392009111441545,11763.1161,2173.8265347536185,2123.8265347536185,True,True
643,31,3,167949.48,1,1,0,143162.34,0,False,False,False,0.3875068451439541,15115.4532,1464.3353956132714,1414.3353956132714,False,True
834,23,4,131254.81,1,1,0,20199.3,0,False,False,True,0.3276459521719593,11812.9329,967.6149119909911,917.6149119909911,False,True
608,34,7,86656.13,1,0,1,59890.29,0,False,True,True,0.2040321855280607,7799.0517,397.8143908493343,347.8143908493343,False,True
649,37,8,114737.26,1,1,1,106655.88,1,True,False,False,0.6116605119422668,10326.353399999998,1579.0556517851915,1529.0556517851915,True,True
555,62,4,119817.33,1,0,1,43507.1,1,True,False,True,0.7852785846643776,10783.5597,2117.0246247149553,2067.0246247149553,True,True
637,48,7,130806.99,2,1,1,132005.85,1,False,False,False,0.5410172597937454,11772.6291,1592.2988840625267,1542.2988840625267,True,True
850,35,2,80931.75,1,0,0,12639.67,1,True,False,False,0.5197801549108957,7283.8575,946.5011449247223,896.5011449247223,True,True
665,32,1,132178.67,1,0,0,11865.76,0,True,False,True,0.4682394634954216,11896.0803,1392.5535643426135,1342.5535643426135,False,True
586,35,7,164769.02,3,1,0,119814.25,1,False,False,False,0.8758672713320693,14829.211799999995,3247.10531881783,3197.10531881783,True,True
722,29,1,107233.85,2,1,0,24924.92,0,True,False,True,0.2719303310388574,9651.0465,656.1030674041015,606.1030674041015,False,True
528,27,7,176227.07,2,0,1,139481.53,0,False,False,False,0.2544775885581904,15860.4363,1009.031395776197,959.031395776197,False,True
542,39,4,109949.39,2,1,1,41268.65,0,False,False,False,0.2689688803847836,9895.4451,665.3916973640233,615.3916973640233,False,True
678,60,10,117738.81,1,1,0,147489.76,1,False,False,False,0.8606450270431678,10596.4929,2279.954729620809,2229.954729620809,True,True
575,37,9,133292.45,1,1,0,111175.09,0,False,True,False,0.3869843229801281,11996.320500000002,1160.5969917362831,1110.5969917362831,False,True
669,43,1,160474.59,1,1,1,95963.14,0,False,False,False,0.5260249277088511,14442.7131,1899.3067785867943,1849.3067785867943,True,True
667,55,9,154393.43,1,1,1,137674.96,1,True,False,True,0.7127140663190314,13895.4087,2475.863309435462,2425.863309435462,True,True
652,45,9,110827.49,1,1,1,153383.54,1,True,False,False,0.7785292458670285,9974.4741,1941.354949748302,1891.354949748302,True,True
637,36,10,145750.45,2,1,1,96660.76,0,True,False,False,0.1796316511908962,13117.5405,589.0813648946134,539.0813648946134,False,True
516,45,8,109044.3,1,0,1,115818.16,0,False,True,False,0.5329570756713208,9813.987,1307.6084530490896,1257.6084530490896,True,True
801,32,4,75170.54,1,1,1,37898.5,0,False,False,False,0.202384143037519,6765.348599999999,342.2998196902697,292.2998196902697,False,True
585,28,6,105795.9,1,1,1,41219.09,0,False,False,False,0.2341439508019221,9521.630999999998,557.358075104514,507.358075104514,False,True
690,26,3,118097.87,1,1,0,61257.83,0,False,False,False,0.3543392657723657,10628.8083,941.5510322643066,891.5510322643066,False,True
697,29,0,172693.54,1,0,0,141798.98,0,True,False,True,0.3286417124303014,15542.4186,1276.971766003142,1226.971766003142,False,True
610,36,4,129440.3,2,1,0,102638.35,0,False,False,True,0.2220793526227852,11649.627,646.7854056142298,596.7854056142298,False,True
544,23,1,96471.2,1,1,0,35550.97,0,False,False,True,0.2567154996346234,8682.408,557.2271769379129,507.2271769379129,False,True
635,24,4,140197.18,1,1,1,142935.83,0,False,True,True,0.2063762771478512,12617.7462,651.0008716881116,601.0008716881116,False,True
564,33,4,135946.26,1,1,0,63170.0,0,False,False,False,0.3649128134818135,12235.1634,1116.1919749259278,1066.1919749259278,False,True
547,50,3,81290.02,3,0,1,177747.03,1,True,False,True,0.8121479149429903,7316.1018,1485.4392055951646,1435.4392055951646,True,True
515,60,9,113715.36,1,1,0,18424.24,1,True,False,True,0.9289614522031414,10234.3824,2376.836684176568,2326.836684176568,True,True
667,56,2,168883.08,1,0,1,18897.78,0,False,True,True,0.455119059176263,15199.477199999998,1729.3929408087647,1679.3929408087647,False,True
607,36,8,143421.74,1,1,0,97879.02,0,True,False,True,0.5304012224841091,12907.956599999998,1711.598990102956,1661.598990102956,True,True
525,26,7,153644.39,1,1,1,63197.88,0,False,False,True,0.1947201430941672,13827.995100000002,673.1472961443608,623.1472961443608,False,True
606,53,1,109330.06,1,1,1,75860.01,0,False,True,False,0.5470403029740125,9839.7054,1345.6788557977568,1295.6788557977568,True,True
686,27,1,115095.88,2,0,0,78622.46,0,True,False,False,0.3247423335958173,10358.6292,840.9713548154434,790.9713548154434,False,True
827,46,1,183276.32,1,1,1,13460.27,0,False,True,True,0.3794570446566034,16494.8688,1564.7735417116035,1514.7735417116035,False,True
572,33,9,68193.72,1,1,0,19998.31,0,False,False,True,0.3461427016641341,6137.4348,531.1070657398686,481.10706573986863,False,True
579,31,6,139729.54,1,0,1,135815.38,0,True,False,True,0.3634231111620516,12575.6586,1142.5712433309527,1092.5712433309527,False,True
598,56,4,98365.33,1,1,1,44251.33,0,False,True,False,0.5432996697210043,8852.8797,1202.441654272446,1152.441654272446,True,True
505,37,10,122453.97,2,1,1,52693.99,0,True,False,False,0.3045869648815595,11020.8573,839.2023688499446,789.2023688499446,False,True
576,30,7,132174.41,2,0,0,93767.03,0,True,False,True,0.2539332330438367,11895.6969,755.1781932816365,705.1781932816365,False,True
776,39,2,104349.45,1,0,0,79503.05,0,False,True,True,0.328368094687276,9391.4505,770.9631767587165,720.9631767587165,False,True
645,41,2,138881.04,1,1,0,129936.53,1,True,False,False,0.6831879097994935,12499.2936,2134.841567138547,2084.841567138547,True,True
850,32,0,116968.91,1,0,0,175094.62,0,True,False,False,0.5159697011826008,10527.2019,1357.9293046579767,1307.9293046579767,True,True
603,35,1,105346.03,2,1,1,130379.5,0,True,False,True,0.1810665327662799,9481.1427,429.1794088378314,379.1794088378314,False,True
691,26,9,136623.19,1,1,0,153228.0,0,False,False,True,0.2847551138076762,12296.0871,875.3434203873999,825.3434203873999,False,True
646,36,6,124445.52,1,1,0,88481.32,0,False,False,True,0.3286130170543369,11200.0968,920.1244001871559,870.1244001871559,False,True
559,34,5,68999.66,2,1,1,66879.27,0,False,False,False,0.1365191659646011,6209.9694,211.94496078842357,161.94496078842357,False,True
595,36,6,85768.42,1,1,1,24802.77,0,False,True,True,0.2383879005940632,7719.1578,460.0384555740719,410.0384555740719,False,True
684,34,9,100628.0,2,1,1,190263.78,0,False,True,True,0.11250379766623,9056.52,254.72322341004136,204.72322341004136,False,True
580,50,0,125647.36,1,1,0,57541.08,1,False,False,True,0.7899745243690062,11308.2624,2233.309802719979,2183.309802719979,True,True
621,31,8,100375.39,1,1,1,90384.26,0,True,False,False,0.4278849715631816,9033.7851,966.3552201553483,916.3552201553483,False,True
815,24,7,171922.72,1,0,1,178028.96,0,False,False,True,0.2098871579489596,15473.0448,811.898349472232,761.898349472232,False,True
631,32,2,146810.99,2,1,1,180990.29,0,True,False,False,0.1642967303988998,13212.9891,542.7127269815754,492.71272698157543,False,True
514,45,3,109032.23,1,0,1,155407.21,1,True,False,False,0.8253376432558306,9812.9007,2024.7390843103726,1974.7390843103726,True,True
516,35,5,128653.59,1,1,0,127558.26,0,False,False,True,0.3059693544651536,11578.823099999998,885.691257343302,835.691257343302,False,True
734,37,3,80387.81,1,0,1,77272.62,0,False,False,True,0.2186854442077315,7234.902899999999,395.5419886215762,345.5419886215762,False,True
850,43,0,108508.82,3,1,0,184044.8,1,True,False,True,0.8403904327524278,9765.7938,2051.769919438244,2001.769919438244,True,True
641,31,10,155978.17,1,1,0,91510.71,0,False,False,True,0.2922794918479038,14038.0353,1025.757456006734,975.757456006734,False,True
552,50,4,121175.56,1,1,0,117505.07,1,True,False,True,0.925872844125458,10905.8004,2524.3461084531395,2474.3461084531395,True,True
507,29,4,89349.47,2,0,0,180626.68,0,False,False,False,0.2578328721515292,8041.452300000001,518.3376856946302,468.3376856946302,False,True
735,38,7,86131.71,2,0,0,93478.96,0,False,True,True,0.2155442358600899,7751.8539,417.7168563436394,367.7168563436394,False,True
707,58,3,102346.86,1,1,1,114672.64,0,False,False,False,0.556652981574148,9211.2174,1281.8629074094179,1231.8629074094179,True,True
698,36,7,121263.62,1,1,1,13387.88,0,True,False,False,0.5971429090588436,10913.7258,1629.2634932206388,1579.2634932206388,True,True
511,48,6,149726.08,1,0,0,88307.87,1,True,False,True,0.8523604291507961,13475.347199999997,2871.463180586994,2821.463180586994,True,True
738,35,5,161274.05,2,1,0,181429.87,0,False,False,True,0.2214189000214276,14514.6645,803.4552619425162,753.4552619425162,False,True
537,30,1,103138.17,1,1,1,96555.42,0,False,True,True,0.1962827838939921,9282.4353,455.49556049996585,405.49556049996585,False,True
707,40,3,109628.44,1,1,0,189366.03,0,True,False,False,0.679480934358934,9866.5596,1676.0347839790275,1626.0347839790275,True,True
664,33,7,97286.16,2,1,0,143433.33,0,True,False,True,0.2348485368314746,8755.7544,514.0690274239364,464.0690274239364,False,True
850,33,7,118004.26,1,1,0,183983.82,0,False,False,False,0.3400594540480501,10620.3834,902.8904451962436,852.8904451962436,False,True
584,32,9,85534.83,1,0,0,169137.24,0,False,True,True,0.2655025122194341,7698.1347,510.9685255633999,460.9685255633999,False,True
560,43,4,95140.44,2,1,0,123181.44,1,False,True,False,0.5444581950862181,8562.6396,1165.4998254474442,1115.4998254474442,True,True
794,54,1,75900.84,1,1,1,192154.66,0,True,False,False,0.5060073460317711,6831.075599999998,864.1436087245969,814.1436087245969,True,True
790,41,2,126619.27,1,1,0,198224.38,0,False,False,False,0.4647696510767459,11395.7343,1324.0978635935762,1274.0978635935762,False,True
640,44,7,111833.47,1,1,0,67202.74,0,False,False,True,0.6562691052896773,10065.0123,1651.3391542126494,1601.3391542126494,True,True
583,57,3,238387.56,1,0,1,147964.99,1,False,False,False,0.7110019803142369,21454.8804,3813.6156129512765,3763.6156129512765,True,True
775,32,2,108698.96,2,1,1,161069.73,0,False,False,False,0.1843886564449806,9782.9064,450.9642418057505,400.9642418057505,False,True
584,39,2,112687.69,1,1,1,127749.61,0,False,False,False,0.353990683995238,10141.8921,897.533830371225,847.533830371225,False,True
635,48,4,81556.89,2,1,0,191914.37,0,True,False,False,0.5562486628607636,7340.120099999999,1020.7329977156035,970.7329977156035,True,True
814,48,9,136596.85,1,1,1,185791.9,0,False,False,True,0.3813843941322637,12293.7165,1172.1579047465784,1122.1579047465784,False,True
735,43,9,98807.45,1,0,0,184570.04,1,True,False,False,0.8498043127036723,8892.670499999998,1889.2574355881802,1839.2574355881802,True,True
640,30,6,107499.7,1,1,1,187632.22,0,False,False,False,0.2940061336888766,9674.973,711.1253513185679,661.1253513185679,False,True
496,41,1,176024.05,2,1,0,182337.98,0,False,False,False,0.4655276672821322,15842.1645,1843.7414710962016,1793.7414710962016,False,True
528,39,0,127631.62,1,0,1,22197.8,1,True,False,True,0.6817913256379369,11486.8458,1957.9079563451417,1907.9079563451417,True,True
568,26,10,109819.16,2,1,0,154491.39,0,True,False,False,0.3049395159400883,9883.7244,753.4845335553098,703.4845335553098,False,True
592,41,2,138734.94,1,1,0,90020.74,0,False,True,False,0.5495988894619157,12486.1446,1715.592801455224,1665.592801455224,True,True
558,25,10,111363.1,2,1,0,197264.35,0,True,False,True,0.269536872865755,10022.679,675.3703888493181,625.3703888493181,False,True
677,28,0,143988.0,2,1,0,8755.69,1,True,False,True,0.388901076048947,12958.919999999998,1259.934483108055,1209.934483108055,False,True
653,34,5,118838.75,1,1,1,52820.13,0,False,False,True,0.2066371479654381,10695.4875,552.5212582749984,502.52125827499844,False,True
593,35,4,161637.75,1,1,1,20008.46,0,False,True,True,0.2189916140300198,14547.3975,796.4395146153187,746.4395146153187,False,True
632,44,3,133793.89,1,1,1,34607.14,1,False,False,False,0.5686210784255099,12041.450100000002,1711.7555854172413,1661.7555854172413,True,True
601,35,8,71553.83,1,1,0,177384.45,0,True,False,True,0.3361972783412378,6439.8447,541.2645652700612,491.2645652700612,False,True
813,62,10,64667.95,2,0,1,140454.14,0,False,False,False,0.3107471550014445,5820.1155,452.14608335120244,402.14608335120244,False,True
523,28,2,121164.11,1,1,1,59938.81,0,False,False,False,0.2289370795196536,10904.7699,624.1265434349563,574.1265434349563,False,True
513,72,3,98903.06,1,1,1,81251.24,0,False,True,True,0.2659064476352116,8901.275399999999,591.7266302591742,541.7266302591742,False,True
664,31,7,104158.84,1,1,0,134169.85,0,False,False,False,0.3440031499029644,9374.2956,806.1968036303748,756.1968036303748,False,True
608,63,3,139529.93,2,1,1,175696.16,1,False,True,False,0.4139801716008549,12557.6937,1299.6590482092436,1249.6590482092436,False,True
666,53,5,64646.7,1,1,0,128019.48,1,False,False,True,0.8513110452601065,5818.203,1238.2751193663719,1188.2751193663719,True,True
430,35,1,118894.22,1,0,0,2923.61,0,False,False,True,0.2951316089051694,10700.4798,789.5124548578162,739.5124548578162,False,True
634,41,8,68213.99,1,1,1,6382.46,0,False,False,False,0.4119422837449123,6139.2591,632.2551035389338,582.2551035389338,False,True
808,47,8,139196.0,1,0,1,74028.36,0,False,True,True,0.3999090765080868,12527.64,1252.4792358064421,1202.4792358064421,False,True
637,50,4,126345.55,1,0,1,17323.0,1,True,False,True,0.8268302077563469,11371.0995,2350.492140500773,2300.492140500773,True,True
817,34,5,129278.43,1,0,0,165562.84,0,False,False,True,0.2813676603487312,11635.0587,818.4323111097874,768.4323111097874,False,True
735,31,3,119558.35,1,0,0,72927.68,0,False,False,True,0.2893114397981249,10760.2515,778.2659635137334,728.2659635137334,False,True
619,41,5,92467.58,1,1,0,38270.47,0,True,False,False,0.6535165202793016,8322.0822,1359.654550205579,1309.654550205579,True,True
579,56,4,99340.83,1,0,0,4523.74,1,False,True,True,0.831871034158431,8940.6747,1859.37207719078,1809.37207719078,True,True
599,28,4,126833.79,2,1,0,60843.09,1,False,True,False,0.271333970607885,11415.0411,774.3221065787999,724.3221065787999,False,True
729,29,5,109676.52,1,1,1,25548.47,0,True,False,True,0.3705675365625824,9870.8868,914.457551291028,864.457551291028,False,True
712,53,6,134729.99,2,1,1,132702.64,0,True,False,True,0.5830610244838758,12125.699099999998,1767.5056349573022,1717.5056349573022,True,True
474,37,3,98431.37,1,0,0,75698.44,0,False,False,True,0.3246569635461782,8858.823299999998,719.0196682925333,669.0196682925333,False,True
565,33,8,130368.31,2,1,0,105642.43,0,True,False,True,0.2904846500489667,11733.1479,852.074840426067,802.074840426067,False,True
658,31,7,123974.96,1,1,0,102153.75,0,False,False,False,0.3530351806394634,11157.7464,984.7692539633306,934.7692539633306,False,True
714,63,4,138082.16,1,0,1,166677.54,0,False,False,True,0.3979706916246032,12427.3944,1236.4346861149302,1186.4346861149302,False,True
725,45,1,129855.32,1,0,0,24218.65,0,False,False,True,0.6333717476056422,11686.9788,1850.5505466965228,1800.5505466965228,True,True
825,40,6,132308.22,1,0,0,117122.5,0,False,False,True,0.4332297506443616,11907.7398,1289.6967860729849,1239.6967860729849,False,True
665,45,5,155447.65,2,1,0,51871.95,1,True,False,False,0.6853075256141281,13990.2885,2396.9124986406982,2346.9124986406982,True,True
670,35,2,124268.64,2,0,1,84321.03,0,False,True,True,0.1480011000518374,11184.1776,413.8176469937797,363.8176469937797,False,True
474,34,9,176311.36,1,1,0,160213.27,0,True,False,False,0.3887280067374535,15868.022399999998,1542.0861796043155,1492.0861796043155,False,True
591,40,2,99886.42,2,1,1,88695.19,0,False,False,True,0.2251733962196115,8989.7778,506.0646996214168,456.0646996214168,False,True
660,24,5,85089.3,1,1,1,71638.0,0,True,False,True,0.2018092178300191,7658.037,386.3656142708365,336.3656142708365,False,True
687,41,10,134318.21,2,1,1,198064.52,0,True,False,True,0.2621331035535094,12088.638899999998,792.2081081486704,742.2081081486704,False,True
658,29,5,75395.53,2,0,1,54914.92,0,True,False,True,0.085362965093101,6785.597699999999,144.8096849002316,94.80968490023159,False,True
705,33,5,116765.7,1,0,0,190659.17,1,True,False,False,0.6342436987094874,10508.913,1666.3029626340538,1616.3029626340538,True,True
844,38,7,111501.66,1,1,1,119333.38,0,False,False,True,0.1974113494127514,10035.149399999998,495.26309615314057,445.26309615314057,False,True
602,48,7,76595.08,2,0,0,127095.14,0,True,False,False,0.6347322166465578,6893.557199999999,1093.8907105339595,1043.8907105339595,True,True
759,33,9,160541.36,2,0,0,93541.14,0,False,False,False,0.212375451885236,14448.7224,767.1384872160829,717.1384872160829,False,True
747,38,2,129728.6,1,1,0,89289.54,0,True,False,True,0.6026550824688577,11675.574,1759.0860029603127,1709.0860029603127,True,True
671,34,5,130929.02,4,1,1,28238.25,1,False,True,False,0.8093178056530214,11783.6118,2384.1717111607622,2334.1717111607622,True,True
640,74,2,116800.25,1,1,1,34130.43,0,True,False,False,0.4886215701610763,10512.0225,1284.1002348796405,1234.1002348796405,False,True
581,40,0,101016.53,1,0,1,7926.35,1,True,False,True,0.6718882646448321,9091.4877,1527.115973448209,1477.115973448209,True,True
703,33,8,190566.65,1,1,1,79997.14,0,False,False,False,0.3436178724695188,17150.9985,1473.3474038244772,1423.3474038244772,False,True
742,43,6,97067.69,1,0,1,60920.03,1,True,False,False,0.7811521583586589,8736.0921,1706.0542998837573,1656.0542998837573,True,True
652,37,4,92208.54,1,0,1,197699.8,1,False,False,False,0.4268020635128151,8298.7686,885.4828907738388,835.4828907738388,False,True
644,37,2,186347.97,2,1,0,92809.73,0,False,False,True,0.2763531107769898,16771.3173,1158.7014269207364,1108.7014269207364,False,True
735,55,2,103176.62,1,0,1,163516.16,0,False,True,True,0.4677111669230516,9285.895799999998,1085.7792901359658,1035.7792901359658,False,True
644,40,4,77270.08,2,1,1,115800.1,1,True,False,False,0.4252788877315939,6954.307199999999,739.3800077399537,689.3800077399537,False,True
665,37,3,111911.63,1,1,1,110359.68,1,True,False,False,0.6064797284259391,10072.0467,1527.123036827344,1477.123036827344,True,True
529,72,5,94216.05,1,1,1,78695.68,0,True,False,True,0.3720692430553455,8479.4445,788.7351241612031,738.7351241612031,False,True
738,49,6,106770.82,1,1,0,123499.27,0,False,False,True,0.7529131315044895,9609.3738,1808.7559298887988,1758.7559298887988,True,True
655,72,5,138089.97,2,1,1,99920.41,0,True,False,False,0.3969713608011077,12428.0973,1233.399674337393,1183.399674337393,False,True
698,39,9,133191.19,2,0,1,53289.49,0,True,False,True,0.2549926494196105,11987.2071,764.1624243926414,714.1624243926414,False,True
735,41,7,74135.85,1,1,1,11783.1,1,False,False,True,0.3162743605819597,6672.2265,527.5635424863767,477.5635424863767,False,True
766,41,6,99208.46,2,1,0,62402.38,0,False,True,True,0.2234271004392736,8928.7614,498.7318175290273,448.7318175290273,False,True
537,84,8,92242.34,1,1,1,186235.98,0,True,False,True,0.3165333174163312,8301.8106,656.9499124450157,606.9499124450157,False,True
599,25,7,108380.72,1,1,1,79005.95,0,True,False,True,0.3251516319328826,9754.2648,792.9037795063682,742.9037795063682,False,True
420,55,4,91893.32,1,1,0,144870.28,1,False,True,False,0.8617289037786322,8270.3988,1781.7104229340289,1731.7104229340289,True,True
674,32,7,85757.93,1,1,1,95481.0,0,False,False,False,0.2055569306968094,7718.213699999998,396.6330796585161,346.6330796585161,False,True
623,33,8,96759.42,1,1,1,174777.98,0,True,False,True,0.3168618712761388,8708.3478,689.8358449078615,639.8358449078615,False,True
820,33,2,132150.26,2,1,0,23067.97,0,False,False,True,0.1608323833868393,11893.523400000002,478.21592882228623,428.21592882228623,False,True
628,31,6,175443.75,1,1,0,113167.17,1,False,False,False,0.498743750340915,15789.9375,1968.783161599663,1918.783161599663,False,True
676,31,3,78990.15,1,1,1,124777.14,0,False,False,True,0.1929632959401464,7109.1135,342.9494930431475,292.9494930431475,False,True
591,33,4,113743.37,1,1,0,124625.08,0,False,False,False,0.3507222227998517,10236.903299999998,897.5773699907842,847.5773699907842,False,True
690,26,5,157624.84,1,1,1,49599.27,0,False,False,False,0.2441036640630443,14186.235599999998,865.7280223053998,815.7280223053998,False,True
624,62,7,125163.62,2,1,1,151411.5,0,False,False,False,0.4788373200316478,11264.7258,1348.49277824084,1298.49277824084,False,True
632,29,7,80922.75,1,1,0,7820.78,0,False,True,False,0.3590118395994971,7283.0475,653.6750702163796,603.6750702163796,False,True
632,40,3,193354.86,2,1,0,149188.41,0,False,False,True,0.3485426505969607,17401.9374,1516.3293467295957,1466.3293467295957,False,True
832,40,9,107648.94,2,1,1,134638.97,0,True,False,False,0.4179593095730123,9688.4046,1012.3397243699991,962.3397243699991,False,True
598,46,7,131769.04,1,0,0,184980.23,1,True,False,False,0.9057061683434812,11859.2136,2685.240727305725,2635.240727305725,True,True
430,36,1,138992.48,2,0,0,122373.42,0,True,False,True,0.2686213588372205,12509.3232,840.0678490294919,790.0678490294919,False,True
711,37,8,113899.92,1,0,0,80215.2,0,False,False,False,0.3803610544021144,10250.9928,974.7696075191207,924.7696075191207,False,True
582,26,6,114450.32,1,1,1,14081.64,0,True,False,True,0.3473668917319984,10300.5288,894.5156681129829,844.5156681129829,False,True
578,40,6,63609.92,1,0,0,74965.61,1,False,True,True,0.5151281795918572,5724.8928,737.2634016056325,687.2634016056325,True,True
612,42,10,75497.51,1,0,0,149682.78,0,False,False,False,0.6336286281606417,6794.7759,1076.3411330439974,1026.3411330439974,True,True
593,39,0,117704.73,1,1,0,197933.5,0,False,False,False,0.4183992935867318,10593.4257,1108.0704573858825,1058.0704573858825,False,True
679,35,1,130463.55,2,1,1,37341.17,0,True,False,True,0.2091614553974879,11741.7195,613.9787848722659,563.9787848722659,False,True
493,32,8,46161.18,1,1,1,79577.4,0,False,True,True,0.2577617561339907,4154.5062,267.7182034953881,217.71820349538808,False,True
769,43,4,110182.54,2,1,1,87537.32,0,True,False,True,0.5407341494483643,9916.4286,1340.5378961466083,1290.5378961466083,True,True
465,41,9,117221.15,1,1,0,168280.95,0,False,False,True,0.4956580022241615,10549.9035,1307.2860231169225,1257.2860231169225,False,True
731,43,9,79120.27,1,0,0,548.52,1,True,False,False,0.7162414549770862,7120.8243,1275.0573893170479,1225.0573893170479,True,True
625,37,1,177069.24,2,1,1,96088.54,0,False,False,True,0.1740895689755784,15936.2316,693.582922584748,643.582922584748,False,True
468,36,3,61636.97,1,0,0,107787.42,0,False,False,True,0.344649005156512,5547.3273,477.9702088056399,427.9702088056399,False,True
587,37,6,104414.03,1,1,0,192026.02,0,True,False,False,0.6149871988658452,9397.2627,1444.7990662198722,1394.7990662198722,True,True
692,66,4,159732.02,1,1,1,118188.15,0,False,False,True,0.3211019933821257,14375.8818,1154.0310756514552,1104.0310756514552,False,True
676,34,4,89437.03,1,1,1,189540.95,0,True,False,False,0.4351143845586282,8049.332699999999,875.5951109670352,825.5951109670352,False,True
746,36,7,142400.77,1,1,1,193438.69,0,False,False,True,0.2282654895542671,12816.0693,731.3665832314782,681.3665832314782,False,True
722,47,2,88011.4,1,1,1,90655.94,1,False,False,False,0.6025433990982928,7921.025999999999,1193.1904825964882,1143.1904825964882,True,True
850,30,8,154870.28,1,1,1,54191.38,0,True,False,False,0.3950807584884572,13938.3252,1376.691023018694,1326.691023018694,False,True
660,28,1,118402.25,2,1,0,14288.93,0,True,False,True,0.3115490565390114,10656.2025,829.9824587909136,779.9824587909136,False,True
649,37,9,87374.88,2,1,1,247.36,0,False,False,True,0.1765245971402379,7863.7392,347.0358485739742,297.0358485739742,False,True
646,32,8,105397.8,1,1,0,78111.84,1,True,False,True,0.5279997534360255,9485.802,1252.1252792857392,1202.1252792857392,True,True
560,31,5,125341.69,1,1,0,79547.39,0,False,True,False,0.3868604385467269,11280.7521,1091.0191761357275,1041.0191761357275,False,True
710,49,10,129164.88,1,1,1,193266.72,0,True,False,True,0.6233615695200758,11624.8392,1811.6195022826257,1761.6195022826257,True,True
513,40,3,141004.46,1,1,0,105028.46,0,False,False,True,0.4734848092697416,12690.4014,1502.1780716088656,1452.1780716088656,False,True
757,57,3,89079.41,1,1,1,53179.21,1,False,False,True,0.5285688249669381,8017.146900000001,1059.4034791300828,1009.4034791300828,True,True
619,40,9,103604.31,2,0,0,140947.05,0,True,False,True,0.4194220320667267,9324.387899999998,977.7134301990993,927.7134301990993,False,True
612,24,1,182705.05,1,1,1,171837.06,0,False,False,True,0.2332617696242488,16443.454499999996,958.9073238514541,908.9073238514541,False,True
713,33,6,94598.48,1,0,0,197519.66,1,False,False,True,0.3585841328427089,8513.8632,763.2340631783627,713.2340631783627,False,True
657,36,8,188241.05,2,0,0,183058.51,1,False,True,True,0.4174809233302867,16941.694499999998,1768.2085656599097,1718.2085656599097,False,True
470,39,5,117469.91,2,0,0,63705.9,0,True,False,True,0.3411925507673469,10572.2919,901.79681020449,851.79681020449,False,True
781,35,4,80790.74,1,1,0,116429.51,0,False,True,True,0.3235386848955437,7271.1666,588.1259198551005,538.1259198551005,False,True
428,62,1,107735.93,1,0,1,58381.77,0,False,False,False,0.6018285959935097,9696.2337,1458.8676785239884,1408.8676785239884,True,True
600,43,8,133379.41,1,1,0,177378.66,1,True,False,True,0.8582304961900725,12004.1469,2575.5812375813803,2525.5812375813803,True,True
697,37,7,168066.87,1,1,0,35450.53,0,False,True,False,0.392642307770979,15126.0183,1484.7786831745152,1434.7786831745152,False,True
692,43,2,69014.49,2,0,0,164621.43,0,True,False,False,0.4066465927852191,6211.304100000001,631.4514122544656,581.4514122544656,False,True
538,42,1,98548.62,2,0,1,94047.75,0,True,False,False,0.4392728773178374,8869.3758,974.0190569197989,924.0190569197989,False,True
679,26,3,76554.06,1,1,1,184800.27,0,False,True,False,0.2850318597847676,6889.8654,490.9577871571804,440.9577871571804,False,True
632,27,3,107375.82,1,1,1,62703.38,0,False,False,False,0.2411276943417602,9663.8238,582.5538878547569,532.5538878547569,False,True
594,40,9,122417.17,2,0,1,190882.69,0,False,False,True,0.2019752586789351,11017.545299999998,556.3178904935963,506.31789049359634,False,True
720,33,6,97188.62,1,0,0,91881.29,0,False,True,True,0.276283614914867,8746.9758,604.1615233992153,554.1615233992153,False,True
769,31,4,61297.05,2,1,1,7118.02,0,False,False,True,0.109120271501594,5516.7345,150.49689161055258,100.49689161055258,False,True
746,30,1,112666.67,1,0,0,11710.4,1,False,True,True,0.3183149129263564,10140.0003,806.9283281419318,756.9283281419318,False,True
537,28,3,157842.07,1,1,0,86911.49,0,False,False,True,0.3183056012857703,14205.7863,1130.4453374896646,1080.4453374896646,False,True
468,46,7,91443.75,1,1,0,10958.18,0,False,False,True,0.7102755994005383,8229.9375,1461.3809477103669,1411.3809477103669,True,True
588,30,0,110148.49,1,1,0,5790.9,1,True,False,False,0.5883138394096942,9913.3641,1458.042323784307,1408.042323784307,True,True
729,34,9,53299.96,2,1,1,42855.97,0,False,True,False,0.1128877220846637,4796.9964,135.38049911108308,85.38049911108308,False,True
784,28,2,70233.74,2,1,1,179252.73,0,True,False,True,0.0868436058701091,6321.0366,137.23540279523363,87.23540279523363,False,True
614,25,10,75212.28,1,1,0,58965.04,0,False,True,False,0.3068978712852365,6769.1052,519.3559940964562,469.35599409645624,False,True
671,31,7,41299.03,1,0,1,102681.32,0,False,False,False,0.2553771078467424,3716.9127,237.3036038612066,187.3036038612066,False,True
587,35,3,83286.56,1,1,0,125553.52,0,False,True,False,0.3779025195218413,7495.7904,708.1695194919076,658.1695194919076,False,True
570,35,6,85668.59,1,1,0,105525.36,0,True,False,True,0.3868040668164937,7710.1731,745.5815777347831,695.5815777347831,False,True
655,45,7,57327.04,1,0,1,47349.0,0,False,False,False,0.5940862882103763,5159.433599999999,766.2871891729748,716.2871891729748,True,True
681,37,7,69609.85,1,1,1,72127.83,0,False,False,False,0.3311670476153927,6264.8865000000005,518.6809914626327,468.68099146263273,False,True
591,46,4,129269.27,1,1,0,163504.33,0,True,False,True,0.8646808036409916,11634.2343,2514.9747660678977,2464.9747660678977,True,True
456,63,1,165350.61,2,0,0,140758.07,1,False,False,False,0.7854428629649859,14881.5549,2922.1527715066536,2872.1527715066536,True,True
686,41,7,152105.57,2,0,1,132374.41,0,False,False,False,0.317316903603411,13689.5013,1085.9775410977174,1035.9775410977174,False,True
850,32,5,106290.64,1,1,0,121982.73,0,False,False,False,0.3263080114868374,9566.1576,780.3784660064243,730.3784660064243,False,True
646,30,10,100548.67,2,0,0,136983.77,0,True,False,False,0.2856213771694916,9049.3803,646.1741159541168,596.1741159541168,False,True
735,46,2,106344.95,1,1,0,114371.33,1,True,False,True,0.906773880702819,9571.045499999998,2169.6935176045627,2119.6935176045627,True,True
543,35,5,137482.19,1,0,0,62389.35,0,False,False,True,0.3130355596555568,12373.397099999998,968.3283215097357,918.3283215097357,False,True
490,37,3,116465.53,1,0,1,24435.77,0,False,False,False,0.3100306742721026,10481.8977,812.4274528955503,762.4274528955503,False,True
761,36,9,127637.92,1,1,1,81062.93,0,False,False,True,0.1850347519072105,11487.4128,531.3926443759286,481.3926443759286,False,True
534,35,2,81951.74,2,1,0,115668.53,0,False,False,True,0.1941260339336233,7375.6566,357.95174085358815,307.95174085358815,False,True
777,42,5,147531.82,1,1,1,38819.45,0,False,False,False,0.4663665715040169,13277.8638,1548.0879543258243,1498.0879543258243,False,True
790,33,10,135120.72,1,0,0,195204.99,0,False,False,False,0.3088133707319287,12160.8648,938.8594124758155,888.8594124758155,False,True
661,41,5,28082.95,1,1,0,69586.27,1,False,True,False,0.6803553172692584,2527.4655,429.89364803490116,379.89364803490116,True,True
627,49,4,111087.5,1,0,1,146680.25,0,False,True,True,0.5232500166595409,9997.875,1307.8470650775018,1257.8470650775018,True,True
835,35,6,127120.07,1,1,0,28707.69,0,False,False,True,0.3355097715796939,11440.8063,959.6255771001308,909.6255771001308,False,True
763,35,7,115651.6,2,1,1,104706.29,0,False,False,False,0.182955854802943,10408.644,476.08059008988096,426.08059008988096,False,True
625,31,4,77743.01,2,1,0,75335.68,0,True,False,True,0.1861613239954557,6996.870899999999,325.6366876423189,275.6366876423189,False,True
849,69,7,71996.09,1,1,1,139065.94,0,False,False,True,0.2057571233640646,6479.648099999999,333.30843836685665,283.30843836685665,False,True
692,28,5,61581.97,1,1,1,70179.91,0,False,False,True,0.2380631827781547,5542.3773,329.8589950488489,279.8589950488489,False,True
408,84,8,87873.39,1,0,0,188484.52,1,False,False,False,0.8041194496215804,7908.605100000001,1589.8657950716063,1539.8657950716063,True,True
778,37,0,105617.73,2,1,1,133699.82,1,True,False,False,0.3815479973116339,9505.5957,906.7102506472697,856.7102506472697,False,True
677,44,4,148770.61,2,1,1,191057.76,0,True,False,False,0.4457980766740151,13389.354899999998,1492.2371655814497,1442.2371655814497,False,True
662,37,5,94901.09,1,1,1,48233.75,0,False,True,True,0.2276002148139481,8541.0981,485.98894057675096,435.98894057675096,False,True
534,29,7,174851.9,1,1,1,79178.31,0,False,False,True,0.2197599955575732,15736.670999999998,864.5726872627476,814.5726872627476,False,True
554,43,2,120847.11,1,1,0,7611.61,1,True,False,False,0.8585243543862956,10876.2399,2334.379209574492,2284.379209574492,True,True
838,67,4,103267.8,1,1,1,78310.04,0,False,True,False,0.3211946075245515,9294.102,746.3038610457872,696.3038610457872,False,True
692,34,4,109699.08,1,1,1,37898.91,0,False,True,False,0.253710443517702,9872.9172,626.2155504063871,576.2155504063871,False,True
675,49,8,135133.39,1,0,1,179521.24,1,False,False,True,0.4815931749007784,12162.0051,1464.2846623171147,1414.2846623171147,False,True
468,32,8,137649.47,1,0,0,198714.29,0,False,False,False,0.292492363462344,12388.4523,905.8819232168779,855.8819232168779,False,True
542,43,6,113567.94,1,1,0,89543.25,0,False,True,True,0.6315520889465457,10221.1146,1613.7915692480094,1563.7915692480094,True,True
770,37,5,141547.26,2,0,1,180326.83,0,True,False,True,0.2143522660604221,12739.2534,682.6719585519842,632.6719585519842,False,True
675,61,5,62055.17,3,1,0,166305.16,1,False,False,False,0.93033201147055,5584.9653,1298.9680003855558,1248.9680003855558,True,True
647,51,4,131156.76,1,1,0,29883.63,0,True,False,True,0.9132944238800732,11804.1084,2695.156595148983,2645.156595148983,True,True
604,31,6,134837.58,1,1,0,192029.19,0,False,False,True,0.2955412230235978,12135.382199999998,896.6264243116997,846.6264243116997,False,True
741,40,4,104784.23,1,1,0,135163.76,1,False,True,True,0.4929667749136684,9430.5807,1162.2407383105215,1112.2407383105215,False,True
528,36,1,156948.41,1,1,1,149912.28,1,False,False,False,0.339030549085999,14125.3569,1197.2318764606762,1147.2318764606762,False,True
590,60,6,147751.75,1,1,0,88206.04,1,False,False,False,0.8255531869211934,13297.6575,2744.4808819278774,2694.4808819278774,True,True
675,34,1,124619.33,2,0,1,163667.56,0,False,False,True,0.1318450825338466,11215.739699999998,369.68503160615995,319.68503160615995,False,True
765,41,4,124182.21,1,0,0,100153.43,0,False,False,True,0.4375039559297436,11176.3989,1222.4296829497089,1172.4296829497089,False,True
650,64,7,142028.36,1,1,0,32275.09,1,False,False,False,0.8197783660295224,12782.552399999997,2619.714980039687,2569.714980039687,True,True
699,31,10,125837.86,2,1,0,189392.66,0,True,False,False,0.3195052917851842,11325.4074,904.6318989807711,854.6318989807711,False,True
495,34,9,117160.32,1,1,1,116069.24,1,True,False,False,0.4904495350998007,10544.4288,1292.8775507132373,1242.8775507132373,False,True
847,51,5,97565.74,1,0,0,144184.06,1,False,False,True,0.8323927042370097,8780.9166,1827.2927285884123,1777.2927285884123,True,True
746,25,3,104833.79,1,0,0,71911.3,0,False,True,False,0.3361196559718021,9435.0411,792.8256921529534,742.8256921529534,False,True
470,31,2,101675.22,2,1,0,45033.75,0,False,True,False,0.2727578545035221,9150.769799999998,623.9860844259058,573.9860844259058,False,True
674,46,2,174701.05,1,1,0,90189.72,1,False,False,True,0.7717973351501246,15723.094499999996,3033.7606088533944,2983.7606088533944,True,True
664,36,6,71142.77,2,1,0,122433.09,0,True,False,True,0.1882787508829735,6402.8493,301.3801170739803,251.38011707398027,False,True
697,31,3,108805.42,2,0,1,123825.83,0,True,False,True,0.2310105178982714,9792.4878,565.5419195476261,515.5419195476261,False,True
640,66,9,116037.76,1,0,1,184636.05,0,False,False,False,0.3984442512738732,10443.3984,1040.2780140606912,990.2780140606912,False,True
757,23,2,80673.96,2,1,0,93991.65,0,False,False,True,0.1533384501535719,7260.6564,278.33444986840317,228.33444986840317,False,True
704,39,1,124640.51,1,1,0,116511.12,1,True,False,False,0.7350746567208375,11217.6459,2061.4518022896023,2011.4518022896023,True,True
778,31,9,182275.23,2,1,0,190631.23,0,True,False,True,0.2032662546416911,16404.7707,833.6340746111883,783.6340746111883,False,True
639,41,5,98635.77,1,1,0,199970.74,0,True,False,False,0.5677303480718539,8877.2193,1259.9667007747948,1209.9667007747948,True,True
577,43,8,79757.21,1,1,0,135650.72,1,False,True,True,0.6907003675970625,7178.1489,1239.4875209741126,1189.4875209741126,True,True
506,28,8,53053.76,1,0,1,24577.34,0,True,False,True,0.1850585276933431,4774.838400000001,220.90614106940956,170.90614106940956,False,True
757,28,7,120911.75,2,1,1,131249.46,0,False,False,True,0.1106807443846025,10882.0575,301.1085561340117,251.10855613401168,False,True
826,55,4,115285.85,1,1,0,140126.17,0,False,False,True,0.8114083622353317,10375.7265,2104.7378115916827,2054.7378115916827,True,True
489,40,3,221532.8,1,1,0,171867.08,0,False,True,True,0.4193713580674845,19937.952,2090.3515018310795,2040.3515018310795,False,True
446,51,4,105056.13,1,0,0,70613.52,0,False,False,False,0.7520828739033811,9455.0517,1777.7456138602624,1727.7456138602624,True,True
677,37,3,88363.03,1,0,1,117946.3,0,False,False,True,0.2221456987939973,7952.672699999999,441.6630085553612,391.6630085553612,False,True
769,29,2,123757.52,2,1,0,84872.66,0,False,False,True,0.1684542945556654,11138.1768,469.0684288700697,419.0684288700697,False,True
677,56,5,123959.97,1,1,1,60590.72,1,False,True,True,0.4599194336464022,11156.3973,1282.7609819375627,1232.7609819375627,False,True
555,62,10,114822.64,1,0,1,8444.5,0,True,False,False,0.7855104667006393,10334.0376,2029.3736745194885,1979.3736745194885,True,True
652,37,9,145219.3,1,1,0,159132.83,0,True,False,False,0.5611510246514384,13069.737,1833.524077368704,1783.524077368704,True,True
722,32,5,106807.64,1,1,1,76998.69,0,True,False,False,0.496141835349397,9612.6876,1192.3141171260975,1142.3141171260975,False,True
643,36,0,148159.71,1,0,0,55835.66,0,False,False,True,0.343646542177125,13334.3739,1145.5778707079762,1095.5778707079762,False,True
796,40,1,99745.95,1,1,0,177524.19,0,True,False,False,0.549831450959839,8977.1355,1233.97785935702,1183.97785935702,True,True
720,37,8,156282.79,1,1,0,45985.52,0,True,False,False,0.5401116086454035,14065.451099999998,1899.228354986065,1849.228354986065,True,True
750,47,7,121376.15,2,1,0,54473.6,1,False,False,False,0.6483364585578496,10923.8535,1770.5831229986925,1720.5831229986925,True,True
610,33,4,111582.11,1,0,0,113943.17,0,False,False,True,0.2876462707858798,10042.3899,722.1640011281961,672.1640011281961,False,True
588,34,10,129417.82,1,1,0,153727.32,0,True,False,False,0.5579642479763411,11647.6038,1624.7366237483434,1574.7366237483434,True,True
850,40,6,94607.08,1,1,0,36690.49,0,True,False,True,0.5513074778380527,8514.6372,1173.5457898595146,1123.5457898595146,True,True
580,56,1,131368.3,1,1,0,106918.67,1,False,False,False,0.8520258015989193,11823.147,2518.4065750242144,2468.4065750242144,True,True
746,21,8,166883.07,2,0,1,194563.65,0,False,False,False,0.1903914424736065,15019.476300000002,714.8949394887867,664.8949394887867,False,True
664,25,6,172812.72,2,1,1,108008.65,0,True,False,True,0.1412161498806665,15553.144799999998,549.0888067981272,499.08880679812717,False,True
558,36,0,126606.63,2,1,1,172363.52,0,True,False,False,0.2995156780520431,11394.5967,853.2150891825182,803.2150891825182,False,True
415,46,9,134950.19,3,0,0,178587.36,1,False,False,True,0.9038832886947002,12145.5171,2744.5324848114296,2694.5324848114296,True,True
798,60,6,96956.1,1,1,0,31907.44,1,False,False,False,0.8445610526976544,8726.048999999999,1842.4202823328283,1792.4202823328283,True,True
792,29,4,107601.79,1,1,0,18922.18,1,True,False,False,0.6174344469922761,9684.161099999998,1494.8336633406527,1444.8336633406527,True,True
489,46,8,92060.06,1,1,0,147222.95,1,True,False,False,0.8913197163276391,8285.4054,1846.236297696872,1796.236297696872,True,True
711,36,9,137688.71,1,1,1,46884.1,0,False,False,True,0.2064199725414345,12391.9839,639.4882440929746,589.4882440929746,False,True
592,55,8,85845.43,2,1,1,128918.42,0,False,True,True,0.3984118568120205,7726.088699999998,769.5413362153423,719.5413362153423,False,True
695,27,6,125552.96,1,1,0,105291.26,0,True,False,True,0.4805778943793269,11299.7664,1357.6044858725668,1307.6044858725668,False,True
640,33,1,167298.42,1,0,1,145381.65,0,False,False,False,0.2776488399733923,15056.857800000002,1045.129775453581,995.129775453581,False,True
470,31,4,55732.92,2,1,1,103792.53,0,False,True,True,0.1049515247019412,5015.962799999999,131.60823592705452,81.60823592705452,False,True
789,37,6,110689.07,1,1,1,71121.04,1,True,False,False,0.6329492219711393,9962.0163,1576.362616587202,1526.362616587202,True,True
604,39,7,98544.11,1,1,1,52327.57,0,False,True,False,0.3041048074236819,8868.9699,674.2740958714828,624.2740958714828,False,True
493,35,8,178317.6,1,0,0,197428.64,0,True,False,False,0.3480312526253927,16048.584,1396.3521980959588,1346.3521980959588,False,True
671,48,8,115713.84,2,0,0,83210.84,0,False,False,False,0.6559853414332815,10414.2456,1707.8981139215123,1657.8981139215123,True,True
656,46,9,143267.14,2,0,0,193099.43,0,False,False,True,0.4906775988381001,12894.0426,1581.7044655710433,1531.7044655710433,False,True
739,19,5,89750.21,1,1,0,193008.52,0,False,True,True,0.3087780043162695,8077.5189,623.5400414422371,573.5400414422371,False,True
560,26,3,116576.45,1,1,0,157567.37,0,False,True,False,0.3701860965899336,10491.8805,970.9870720457602,920.9870720457602,False,True
827,47,8,143001.5,2,1,0,108977.5,0,True,False,False,0.5267206802126323,12870.135,1694.7415654071017,1644.7415654071017,True,True
681,23,7,157761.56,1,0,0,147759.84,0,False,False,True,0.2840456934606299,14198.540399999998,1008.2585635116923,958.2585635116923,False,True
663,31,4,103430.11,2,0,1,36479.27,0,False,True,True,0.1410821341543413,9308.7099,328.3231647289112,278.3231647289112,False,True
680,48,8,115115.38,1,1,0,139558.6,1,True,False,False,0.9258734819205556,10360.3842,2398.1012483221775,2348.1012483221775,True,True
638,39,0,122501.28,2,1,1,95007.8,0,True,False,False,0.3723691492048563,11025.1152,1026.3531917273824,976.3531917273824,False,True
679,45,3,146758.24,1,1,0,48466.89,0,False,False,True,0.7132819153168175,13208.2416,2355.2999666038163,2305.2999666038163,True,True
770,70,9,110738.89,1,1,0,22666.77,1,False,False,False,0.7946406379960281,9966.5001,1979.9464995128694,1929.9464995128694,True,True
729,67,2,94203.8,1,0,1,102391.06,0,False,False,True,0.2840494027148943,8478.342,602.0669952781507,552.0669952781507,False,True
545,47,8,105792.49,1,0,1,67830.2,1,False,False,True,0.5249222777506778,9521.3241,1249.4887834436056,1199.4887834436056,True,True
597,41,4,153198.23,1,1,1,92090.36,0,False,False,True,0.3353478299445527,13787.8407,1155.9306145915457,1105.9306145915457,False,True
732,79,10,61811.23,1,1,1,104222.8,0,False,False,True,0.2502011902506337,5563.0107,347.96797462925275,297.96797462925275,False,True
542,34,8,101116.06,1,1,0,196395.05,0,False,False,True,0.2726056716022316,9100.4454,620.2082575366098,570.2082575366098,False,True
688,46,0,74458.25,1,0,1,6866.31,0,True,False,False,0.5665256239739831,6701.2425,949.1063971783686,899.1063971783686,True,True
542,33,8,142871.27,2,0,0,77737.86,0,True,False,True,0.2462310907835877,12858.414299999997,791.5353447090704,741.5353447090704,False,True
754,35,6,98585.94,2,0,1,106116.84,0,True,False,True,0.1720637481618769,8872.7346,381.66899293039285,331.66899293039285,False,True
699,43,3,80764.03,1,1,0,199378.58,1,False,False,False,0.583174783862212,7268.7627,1059.739779129552,1009.7397791295521,True,True
534,42,9,144801.97,1,0,1,12483.39,1,False,False,False,0.5075504174251915,13032.1773,1653.621757143526,1603.621757143526,True,True
497,35,7,110053.62,2,1,1,92887.06,0,True,False,True,0.176464315212409,9904.8258,436.9620755238003,386.9620755238003,False,True
632,28,5,118890.81,1,0,1,145157.97,0,False,False,False,0.2765739252298368,10700.1729,739.8472048977316,689.8472048977316,False,True
751,37,0,151218.98,1,1,1,109309.29,0,True,False,False,0.437316835336233,13609.7082,1487.938629968395,1437.938629968395,False,True
733,42,9,150507.21,1,0,1,169964.12,0,False,False,True,0.3343661846151155,13545.648899999997,1132.3017352072338,1082.3017352072338,False,True
525,33,4,131023.76,2,0,0,55072.93,0,True,False,True,0.2546871598603715,11792.1384,750.8265594441064,700.8265594441064,False,True
666,44,2,122314.5,1,0,0,68574.88,1,True,False,False,0.8919516095364576,11008.305,2454.7188407545586,2404.7188407545586,True,True
646,52,6,111739.4,2,0,1,68367.18,0,True,False,False,0.6940077809882265,10056.545999999998,1744.830293466506,1694.830293466506,True,True
750,43,6,113882.31,1,1,1,74564.41,0,False,False,True,0.4126778497725945,10249.407899999998,1057.4259034035606,1007.4259034035606,False,True
764,24,7,98148.61,1,1,0,26843.76,0,False,False,True,0.284967232927126,8833.374899999999,629.305600665232,579.305600665232,False,True
727,32,1,59271.82,1,1,1,46019.43,0,False,False,True,0.2144981320957271,5334.4638,286.05813020806863,236.05813020806863,False,True
797,30,10,69413.44,1,1,1,74637.57,0,False,False,True,0.192667688621443,6247.2096,300.9088584914224,250.9088584914224,False,True
650,25,7,160599.06,2,1,1,28391.52,0,False,True,True,0.1456824215552273,14453.915399999998,526.4203491065979,476.4203491065979,False,True
676,40,2,147803.48,1,1,0,95181.06,1,False,False,False,0.5676845128202871,13302.3132,1887.8792970812185,1837.8792970812185,True,True
576,52,9,170228.59,2,0,0,148477.57,1,False,False,False,0.7733815946376097,15320.573099999998,2962.1623137100164,2912.1623137100164,True,True
482,35,2,133111.73,1,0,1,79957.95,0,False,False,False,0.2521401796959781,11980.0557,755.1633492414567,705.1633492414567,False,True
706,18,2,176139.5,2,1,0,129654.22,0,False,False,True,0.2194992228303896,15852.554999999998,869.9058755940017,819.9058755940017,False,True
679,35,1,110245.13,1,1,1,178291.09,0,True,False,True,0.4272625320641559,9922.0617,1059.8313013096958,1009.8313013096958,False,True
670,67,6,158719.57,1,1,1,118607.4,0,False,True,True,0.3095829897005837,14284.761299999998,1105.579777603299,1055.579777603299,False,True
590,76,5,160979.68,1,0,1,13848.58,0,False,False,False,0.3677558847622139,14488.171199999995,1332.027554560606,1282.027554560606,False,True
613,35,4,123557.65,2,0,1,170903.4,0,False,True,True,0.1650306402471862,11120.188499999998,458.7929569560992,408.7929569560992,False,True
571,40,10,112896.86,1,1,1,121402.53,0,False,False,True,0.3051434055175169,10160.7174,775.1189774842725,725.1189774842725,False,True
595,39,7,120962.13,1,0,0,23305.01,0,False,False,False,0.4419861110616755,10886.5917,1202.930582049829,1152.930582049829,False,True
745,48,10,96048.55,1,1,0,74510.65,0,True,False,True,0.865021792774849,8644.369499999999,1869.392000574556,1819.392000574556,True,True
749,37,10,185063.7,2,1,1,134526.87,0,False,False,True,0.1721006650525349,16655.733,716.6156815593631,666.6156815593631,False,True
678,22,6,118064.93,2,1,1,195424.01,0,False,False,False,0.1930464595847945,10625.8437,512.8203765965983,462.8203765965983,False,True
739,40,5,149131.03,3,1,1,60036.99,1,True,False,True,0.868555307491759,13421.792699999998,2914.3923214097863,2864.3923214097863,True,True
629,44,6,125512.98,2,0,0,79082.76,0,False,True,False,0.5451394279457279,11296.168199999998,1539.4966676316806,1489.4966676316806,True,True
652,42,3,83492.07,2,1,0,37914.12,0,False,True,False,0.3947504066705234,7514.2863,741.5668931909356,691.5668931909356,False,True
645,30,1,125739.26,1,1,1,193441.23,0,False,False,True,0.205748167611505,11316.533399999998,582.0890026910986,532.0890026910986,False,True
762,34,8,98592.88,1,0,1,191790.29,1,True,False,False,0.6192433025709915,8873.359199999999,1373.6920639766724,1323.6920639766724,True,True
639,39,1,141789.15,1,1,0,92455.96,0,False,True,False,0.4433289283346465,12761.0235,1414.3327181770599,1364.3327181770599,False,True
709,22,0,112949.71,1,0,0,155231.55,0,True,False,True,0.4422261061496397,10165.4739,1123.859484990698,1073.859484990698,False,True
823,34,3,105057.33,1,1,0,9217.92,0,False,False,True,0.3176764557145217,9455.1597,750.9204054276951,700.9204054276951,False,True
817,46,0,89087.89,1,0,1,87941.85,1,True,False,False,0.6568346549377887,8017.9101,1316.6103034639277,1266.6103034639277,True,True
665,27,2,147435.96,1,0,0,187508.06,0,True,False,False,0.4870244540523076,13269.236399999998,1615.6106533502516,1565.6106533502516,False,True
646,39,0,154439.86,1,1,0,171519.06,0,True,False,True,0.4957117680706215,13899.5874,1722.5472613765332,1672.5472613765332,False,True
568,30,8,73054.37,2,1,1,27012.0,0,False,False,True,0.1057872819322273,6574.893299999999,173.88502280035306,123.88502280035306,False,True
850,62,1,124678.35,1,1,0,70916.0,1,False,False,False,0.8198570511472787,11221.0515,2299.914548390437,2249.914548390437,True,True
473,40,8,152576.25,2,1,0,73073.68,0,True,False,True,0.3102292251682277,13731.8625,1065.0062658729105,1015.0062658729105,False,True
731,41,9,152243.57,1,1,1,88783.59,0,False,False,False,0.3682514705121108,13701.9213,1261.4381668915532,1211.4381668915532,False,True
715,42,2,88120.97,2,1,1,21333.22,0,True,False,True,0.2806122553047061,7930.8873,556.3760429551129,506.3760429551129,False,True
772,51,9,143930.92,1,0,1,46675.51,1,True,False,False,0.8065725580299385,12953.7828,2612.041432290055,2562.041432290055,True,True
749,29,7,137059.05,3,1,0,102975.72,1,True,False,False,0.8285758051573469,12335.3145,2555.185785926649,2505.185785926649,True,True
781,27,7,186558.55,1,1,1,175071.29,1,False,False,False,0.4048640332031189,16790.2695,1699.4440570843285,1649.4440570843285,False,True
675,66,5,115654.47,2,1,1,131970.86,0,False,True,True,0.2675715119041041,10408.9023,696.2814314182766,646.2814314182766,False,True
683,38,3,126152.84,1,0,0,15378.75,0,False,True,True,0.3579629471707253,11353.7556,1016.0559540080317,966.0559540080317,False,True
554,51,7,105701.91,1,0,1,179797.79,1,True,False,False,0.8329044456221274,9513.1719,1980.8907918693749,1930.8907918693749,True,True
689,67,9,157094.78,1,1,1,99490.01,0,True,False,True,0.4459399807940817,14138.5302,1576.233971461136,1526.233971461136,False,True
796,40,2,113228.38,2,1,1,46415.09,0,True,False,True,0.3472087460958786,10190.5542,884.5623864510223,834.5623864510223,False,True
498,37,8,108432.88,2,1,1,14865.05,0,True,False,True,0.2751452768173689,9758.9592,671.2828826333522,621.2828826333522,False,True
498,44,2,120702.67,2,1,1,98175.74,0,True,False,False,0.6232543458021153,10863.2403,1692.6404316169185,1642.6404316169185,True,True
738,29,9,139106.19,1,1,0,141872.05,1,True,False,False,0.5691403008377027,12519.5571,1781.3461235621992,1731.3461235621992,True,True
587,39,6,101851.8,2,1,0,7103.71,0,True,False,False,0.4191052299249163,9166.662,960.4489962884983,910.4489962884983,False,True
655,32,6,130935.56,1,1,0,9241.83,1,True,False,False,0.6033383307736979,11784.200399999998,1777.4649497096855,1727.4649497096855,True,True
647,37,3,116509.99,1,1,1,149517.71,1,True,False,True,0.5217071111591688,10485.8991,1367.642031841882,1317.642031841882,True,True
776,37,1,93124.04,2,1,1,196079.32,0,True,False,False,0.2897458917398371,8381.163599999998,607.1019302748657,557.1019302748657,False,True
688,35,5,111578.18,1,0,0,166165.93,1,True,False,True,0.5929027901966788,10042.0362,1488.4878205590135,1438.4878205590135,True,True
596,39,10,86546.29,1,0,1,131768.98,0,False,False,False,0.3908996407771324,7789.166099999999,761.1955576108542,711.1955576108542,False,True
629,39,2,129669.32,2,1,0,82774.07,0,False,False,True,0.2204798309266347,11670.2388,643.263069374363,593.263069374363,False,True
717,36,2,164557.95,1,0,1,82336.73,0,False,True,False,0.2332739252472145,14810.215500000002,863.7092758605345,813.7092758605345,False,True
535,35,8,118989.92,1,1,1,135536.72,0,False,True,True,0.2204661479159929,10709.0928,590.2481093227236,540.2481093227236,False,True
593,45,6,79259.75,1,1,0,55347.28,0,False,True,False,0.7450106442172673,7133.3775000000005,1328.6105416799899,1278.6105416799899,True,True
514,38,4,112230.38,1,1,0,16717.11,1,False,False,True,0.4050973213842898,10100.7342,1022.9450921086718,972.9450921086718,False,True
721,40,9,118129.87,1,1,1,160277.65,0,False,False,True,0.2976687997906987,10631.6883,791.1804740024535,741.1804740024535,False,True
835,38,7,86824.09,1,0,0,175905.97,0,False,True,True,0.3618486478869591,7814.168099999999,706.8865403366019,656.8865403366019,False,True
682,64,10,128306.7,1,0,1,66040.83,0,False,False,False,0.4161070146173455,11547.603,1201.2596525790757,1151.2596525790757,False,True
590,40,2,117641.43,2,0,0,92198.05,0,True,False,False,0.397652197856131,10587.7287,1052.5583969648592,1002.5583969648592,False,True
653,37,3,125734.2,2,1,0,134625.09,1,True,False,False,0.4950086413827834,11316.078,1400.3890991404012,1350.3890991404012,False,True
837,49,8,103302.37,1,1,1,50974.57,0,False,False,True,0.4385543169063186,9297.2133,1019.3332569784599,969.3332569784599,False,True
584,36,4,82696.09,2,0,0,83058.14,0,False,True,True,0.192237338690094,7442.6480999999985,357.68871588772106,307.68871588772106,False,True
769,29,4,145471.37,1,1,0,188382.77,0,False,False,True,0.2957357306686514,13092.4233,967.974342712194,917.974342712194,False,True
599,34,2,101506.66,1,0,0,198030.24,0,False,True,True,0.3111836943112251,9135.5994,710.7123927598528,660.7123927598528,False,True
698,47,5,156265.31,2,0,0,1055.66,0,False,False,True,0.4842439793927453,14063.8779,1702.5870499974214,1652.5870499974214,False,True
477,27,1,128554.98,1,1,1,133173.19,0,False,False,True,0.1897993175007596,11569.9482,548.9920679697856,498.9920679697856,False,True
477,34,8,139959.55,2,1,1,189875.83,0,True,False,True,0.1567655475807085,12596.3595,493.66879863523985,443.66879863523985,False,True
745,34,7,132944.53,1,1,1,31802.92,0,False,True,True,0.172395266966656,11965.0077,515.6776741748987,465.6776741748987,False,True
528,22,5,93547.23,2,0,1,961.57,0,True,False,True,0.1218411315611262,8419.250699999999,256.4527580462009,206.45275804620093,False,True
750,33,2,152302.72,1,1,0,71333.44,0,False,False,True,0.315194852454441,13707.2448,1080.113250573226,1030.113250573226,False,True
543,31,2,147674.26,1,1,1,16658.76,0,False,False,False,0.2417080335226566,13290.683399999998,803.1162371965538,753.1162371965538,False,True
579,59,3,148021.12,1,1,1,74878.22,0,False,True,False,0.5266074073262402,13321.9008,1753.8529102363414,1703.8529102363414,True,True
595,46,5,142360.62,2,1,0,48421.4,1,True,False,True,0.6752444469666681,12812.4558,2162.8849077389696,2112.8849077389696,True,True
596,27,2,151027.56,1,1,0,170320.58,0,True,False,False,0.3962175730182602,13592.4804,1346.3948988465677,1296.3948988465677,False,True
431,44,2,138843.7,1,1,0,37688.31,1,True,False,False,0.8740331742271655,12495.933,2730.464996229997,2680.464996229997,True,True
647,26,8,109958.15,1,1,1,136592.24,1,False,True,False,0.3268262893821672,9896.233499999998,808.5873184161242,758.5873184161242,False,True
640,31,9,138857.59,1,1,0,48640.77,0,False,False,False,0.3480663862640006,12497.183099999998,1087.462340024135,1037.462340024135,False,True
752,45,3,105426.5,2,0,1,89773.45,0,True,False,False,0.617832138653365,9488.385,1465.557299229127,1415.557299229127,True,True
710,41,9,149155.53,2,1,0,42131.26,1,True,False,False,0.3239374122957562,13423.9977,1087.1337694005456,1037.1337694005456,False,True
638,27,4,135096.05,1,1,1,186523.72,1,True,False,True,0.4286817479900232,12158.6445,1303.0472443623203,1253.0472443623203,False,True
660,28,2,170890.05,2,1,0,41758.9,0,True,False,True,0.2208575657155741,15380.104499999998,849.2031100802866,799.2031100802866,False,True
609,45,4,89122.3,1,1,1,199256.98,0,False,True,False,0.4644009648844868,8021.007,931.2408475363056,881.2408475363056,False,True
596,54,0,78126.28,1,1,1,153482.91,1,False,True,False,0.6543222900429696,7031.3652,1150.1947449481108,1100.1947449481108,True,True
705,38,3,123894.43,1,1,0,21177.1,0,False,False,False,0.4440330533387636,11150.498699999998,1237.7974960027284,1187.7974960027284,False,True
727,58,5,106913.43,1,1,0,25881.0,1,True,False,True,0.9183930758236052,9622.2087,2209.242461052413,2159.242461052413,True,True
496,32,4,127845.83,1,1,0,66469.2,0,False,False,True,0.2986400266552038,11506.1247,859.0473467765247,809.0473467765247,False,True
537,26,7,106397.75,1,0,0,103563.23,0,False,False,True,0.2729293172943821,9575.7975,653.3789685560627,603.3789685560627,False,True
458,35,5,166492.48,1,1,0,135287.74,0,False,True,False,0.3806469052930927,14984.3232,1425.934063497873,1375.934063497873,False,True
699,31,6,114493.68,1,0,0,138396.32,0,False,True,True,0.280183012645231,10304.4312,721.7816443028782,671.7816443028782,False,True
615,44,9,126104.98,2,0,1,110718.02,0,True,False,False,0.5817281058322391,11349.4482,1650.573250906779,1600.573250906779,True,True
850,51,4,124425.99,1,0,0,118545.49,1,True,False,True,0.902193648386103,11198.3391,2525.7676021234374,2475.7676021234374,True,True
470,30,3,101140.76,1,1,1,50906.65,0,False,False,True,0.1907443969708191,9102.6684,434.0707486958327,384.0707486958327,False,True
701,41,0,150844.94,1,0,1,127623.36,0,True,False,True,0.5183397303899931,13576.044599999996,1759.25082443163,1709.25082443163,True,True
664,35,1,115024.5,1,0,1,169665.79,0,False,True,True,0.2294648885035511,10352.204999999998,593.866891522726,543.866891522726,False,True
477,30,6,131286.46,1,1,0,194144.45,0,False,False,False,0.3164375467074625,11815.7814,934.7392196619166,884.7392196619166,False,True
625,40,7,141267.67,1,0,1,177397.49,0,False,False,False,0.4658307177025549,12714.0903,1480.653452346023,1430.653452346023,False,True
703,73,5,137761.55,1,1,1,159677.46,0,False,True,True,0.3127862244130542,12398.5395,969.5230896102793,919.5230896102793,False,True
650,33,0,98064.97,1,1,0,52411.99,0,False,False,True,0.2763233830935556,8825.8473,609.6969961507808,559.6969961507808,False,True
664,31,9,114519.57,2,0,1,79222.02,0,False,False,False,0.1600181409612927,10306.7613,412.3171956394491,362.3171956394491,False,True
682,29,6,101012.77,1,0,0,32589.89,1,True,False,False,0.5787157668168961,9091.1493,1315.297859599097,1265.297859599097,True,True
553,46,3,82291.1,1,1,0,112549.99,1,True,False,True,0.8242232395949225,7406.199,1526.0903332161688,1476.0903332161688,True,True
576,39,9,84719.98,1,0,0,191063.36,0,False,False,True,0.3865479898782307,7624.798199999999,736.8376043592879,686.8376043592879,False,True
850,39,0,104386.53,1,1,0,105886.77,0,False,False,False,0.4062916074696631,9394.7877,954.2558491173048,904.2558491173048,False,True
627,31,8,128131.73,1,1,0,96131.47,0,False,False,True,0.2691889017571434,11531.855699999998,776.0618927762133,726.0618927762133,False,True
667,44,2,122806.95,1,0,0,15120.86,0,False,False,True,0.621503770388849,11052.625499999998,1717.312105236484,1667.312105236484,True,True
774,76,4,112510.89,1,1,1,143133.18,0,False,False,True,0.2656984159472787,10125.9801,672.6142181209168,622.6142181209168,False,True
794,57,3,117056.46,1,1,0,93336.93,1,True,False,True,0.9081228981017382,10535.0814,2391.787163176429,2341.787163176429,True,True
497,55,7,131778.66,1,1,1,9972.64,0,True,False,False,0.7897898868594786,11860.0794,2341.7426918676083,2291.7426918676083,True,True
587,36,1,70784.27,1,1,0,30579.82,0,False,False,False,0.39538073804931,6370.5843,629.7015805848367,579.7015805848367,False,True
609,38,6,140752.06,2,0,1,171430.16,0,True,False,True,0.2303751613551268,12667.685399999998,729.580017005246,679.580017005246,False,True
734,39,6,92126.26,2,0,0,112973.34,0,False,True,False,0.3066445701214562,8291.363399999998,635.6253913784437,585.6253913784437,False,True
718,39,7,93148.74,2,1,1,190746.38,0,True,False,False,0.3195062264595045,8383.3866,669.6360543792938,619.6360543792938,False,True
645,49,5,110132.55,3,0,1,187689.91,1,False,True,False,0.927216816211844,9911.929499999998,2297.6269283765632,2247.6269283765632,True,True
628,50,4,122227.71,1,0,1,14217.77,1,True,False,True,0.8268876761429229,11000.4939,2274.04320934885,2224.04320934885,True,True
629,40,2,121647.54,2,1,1,64849.74,1,True,False,True,0.416945950807996,10948.2786,1141.210107646959,1091.210107646959,False,True
739,58,1,110597.76,1,0,1,160122.66,1,True,False,True,0.7818317878954155,9953.7984,1945.5489998556316,1895.5489998556316,True,True
653,60,2,120731.39,4,1,1,138160.11,1,False,False,False,0.915563053263417,10865.8251,2487.0870011955685,2437.0870011955685,True,True
681,38,6,153722.47,1,1,0,101319.76,0,False,False,True,0.4039173253995747,13835.0223,1397.051301064868,1347.051301064868,False,True
712,34,8,114088.32,1,1,0,92794.61,0,False,False,True,0.279923861850823,10267.9488,718.5609703456311,668.5609703456311,False,True
560,41,4,152532.3,1,0,0,10779.69,0,True,False,True,0.5409702066786852,13727.906999999996,1856.5971717639418,1806.5971717639418,True,True
680,34,3,143292.95,1,1,0,66526.01,0,False,False,True,0.3323014589652697,12896.365500000002,1071.3702677498425,1021.3702677498425,False,True
631,26,1,149144.61,1,0,1,123697.95,0,False,False,True,0.1745351512025251,13423.014899999998,585.6969837913118,535.6969837913118,False,True
746,36,9,127157.04,1,1,1,155700.15,0,False,False,True,0.2053120605981746,11444.1336,587.4046627942015,537.4046627942015,False,True
654,43,9,84673.17,2,0,1,82081.35,0,True,False,True,0.2765109675635587,7620.5853,526.793853675908,476.79385367590805,False,True
687,33,9,135962.4,2,1,0,121747.96,0,True,False,True,0.2915973652435905,12236.616,892.0412462743908,842.0412462743908,False,True
708,32,3,151691.44,2,1,1,172810.51,0,True,False,True,0.1368226127834324,13652.2296,466.9834310478286,416.9834310478286,False,True
679,32,0,88335.05,1,0,0,159584.81,0,True,False,False,0.3924135050104778,7950.154500000001,779.9369981799557,729.9369981799557,False,True
636,45,7,139859.23,1,1,1,108402.54,0,False,False,False,0.5509716301780268,12587.3307,1733.8155288422306,1683.8155288422306,True,True
695,45,9,43134.65,1,0,1,77330.35,0,False,False,True,0.4647814906480249,3882.118500000001,451.0842058255687,401.0842058255687,False,True
677,42,5,99580.13,1,1,0,21007.96,0,False,False,True,0.5640882919694973,8962.2117,1263.869672530511,1213.869672530511,True,True
720,34,6,110717.38,1,1,1,9398.45,0,False,False,False,0.250529248400038,9964.5642,624.1036949149815,574.1036949149815,False,True
620,40,5,108197.11,2,1,0,49722.34,0,True,False,True,0.4300043517009485,9737.7399,1046.8176331829898,996.8176331829898,False,True
547,29,6,104450.86,1,1,1,37160.28,0,False,False,False,0.2194566544017621,9400.5774,515.7548164122038,465.7548164122038,False,True
570,21,7,116099.82,1,1,1,148087.62,0,False,True,True,0.2124862287539629,10448.9838,555.0662904933131,505.0662904933131,False,True
605,39,6,111169.91,1,0,0,9641.4,0,False,False,True,0.3722004672665895,10005.2919,930.9935800796558,880.9935800796558,False,True
813,25,5,123616.43,1,0,1,132959.33,0,True,False,False,0.4981726416600784,11125.4787,1385.6022784279837,1335.6022784279837,False,True
704,37,9,155619.58,1,1,1,135088.58,0,False,True,False,0.2500069696994093,14005.762199999996,875.3845414881326,825.3845414881326,False,True
565,31,2,89558.39,2,1,1,4441.54,0,True,False,True,0.1111435404161806,8060.255099999999,223.96132211789393,173.96132211789393,False,True
526,32,6,131938.92,2,1,1,1795.93,0,True,False,False,0.2405361973880061,11874.5028,714.0619373463078,664.0619373463078,False,True
778,33,9,151772.63,2,0,0,180249.94,1,False,False,False,0.2317313896424126,13659.5367,791.3358553406338,741.3358553406338,False,True
519,39,1,97700.02,1,1,1,30709.03,0,False,False,True,0.2986628045629864,8793.0018,656.5356445288469,606.5356445288469,False,True
642,56,6,103244.86,2,1,0,143049.72,1,True,False,False,0.8123613312597021,9292.0374,1887.1229680947351,1837.1229680947351,True,True
710,34,8,147833.3,2,0,1,1561.58,0,True,False,True,0.1754932149394759,13304.997,583.7341745725205,533.7341745725205,False,True
670,33,9,84521.48,2,0,1,198017.05,0,True,False,False,0.151356912777699,7606.933199999999,287.8404812145456,237.8404812145456,False,True
723,28,5,91938.31,1,1,0,143481.85,0,True,False,False,0.4305676771819591,8274.4479,890.6774530665348,840.6774530665348,False,True
549,45,6,124240.93,1,1,1,146372.51,0,True,False,True,0.7469529645372102,11181.6837,2088.0479470581004,2038.0479470581004,True,True
595,37,2,157084.99,1,1,0,134767.13,0,False,True,True,0.3582587696541273,14137.6491,1266.234193091945,1216.234193091945,False,True
673,25,3,108244.82,2,1,1,103573.96,0,True,False,False,0.2201951148335794,9742.0338,536.2870628259029,486.2870628259029,False,True
508,41,5,82161.7,2,1,0,187776.49,0,True,False,False,0.321136171391161,7394.552999999999,593.6646098922558,543.6646098922558,False,True
662,59,2,104568.41,1,1,0,8059.44,1,True,False,True,0.9325371743258906,9411.1569,2194.063415665902,2144.063415665902,True,True
752,36,2,119912.46,1,1,0,124354.92,0,False,False,False,0.3862486144462779,10792.1214,1042.1104844215063,992.1104844215063,False,True
809,36,9,68881.59,2,0,1,109135.11,0,False,False,True,0.1119365797266878,6199.343099999999,173.48331579156044,123.48331579156044,False,True
591,40,1,86376.29,1,0,1,136767.16,1,False,True,False,0.5341841485893658,7773.866099999999,1038.1690109690583,988.1690109690583,True,True
643,45,9,150840.03,2,1,0,155516.35,0,False,True,False,0.6237239941631012,13575.6027,2116.8572848038452,2066.8572848038452,True,True
698,55,8,155059.1,2,1,1,144584.29,0,True,False,True,0.518055264896057,13955.319,1807.4066203134944,1757.4066203134944,True,True
597,44,8,78128.13,2,0,1,109153.04,0,False,False,True,0.337418090576991,7031.5317,593.1415000113959,543.1415000113959,False,True
603,46,4,98899.76,2,1,1,86190.34,0,True,False,True,0.6193585138602079,8900.978399999998,1378.2241884314526,1328.2241884314526,True,True
431,63,6,160982.89,1,1,1,168008.17,0,False,False,True,0.4313872099547262,14488.4601,1562.5340947698433,1512.5340947698433,False,True
620,70,3,87926.24,2,1,0,33350.26,1,False,False,False,0.6395923988111448,7913.3616,1265.331482101,1215.331482101,True,True
581,46,2,79385.21,2,0,0,188492.82,0,False,True,True,0.4417947272538582,7144.668900000001,789.1192619986558,739.1192619986558,False,True
553,53,5,127997.83,1,1,0,165378.66,1,True,False,True,0.9257899910633298,11519.8047,2666.2299725660764,2616.2299725660764,True,True
658,44,2,168396.34,1,1,1,14178.73,0,False,False,True,0.4714527283244154,15155.6706,1786.2955634890325,1736.2955634890325,False,True
686,43,2,134896.03,1,1,1,97847.05,0,True,False,True,0.7026809642680145,12140.6427,2132.749629817358,2082.749629817358,True,True
685,50,6,94238.75,2,1,1,50664.07,1,False,False,False,0.5168828377603232,8481.4875,1095.9838318571772,1045.9838318571772,True,True
634,43,3,212696.32,1,1,0,115268.86,0,True,False,True,0.5777606168014432,19142.6688,2764.9700332784355,2714.9700332784355,True,True
539,39,3,139153.68,2,1,0,147662.33,0,False,False,True,0.2564504151086448,12523.8312,802.9354274976494,752.9354274976494,False,True
714,29,6,92887.13,1,1,1,69578.49,0,True,False,True,0.2414056279400595,8359.841699999999,504.52820876699855,454.52820876699855,False,True
548,29,5,83442.98,1,0,1,177017.39,0,False,False,True,0.2105785438169497,7509.868199999999,395.35427745330423,345.35427745330423,False,True
646,36,6,144773.29,2,1,0,53217.3,0,True,False,False,0.3644968425969556,13029.5961,1187.3116596909017,1137.3116596909017,False,True
622,52,9,111973.97,1,1,1,162756.29,1,True,False,False,0.797749025018347,10077.6573,2009.860321386007,1959.860321386007,True,True
706,35,8,178032.53,1,0,1,42181.68,0,False,False,False,0.2940925402792308,16022.927699999998,1178.0558775008633,1128.0558775008633,False,True
680,23,5,140007.19,1,0,1,31714.08,0,False,False,True,0.1824331880240442,12600.647099999998,574.6940554047318,524.6940554047318,False,True
698,37,5,98400.61,2,0,0,25017.28,0,False,False,True,0.1744332205996043,8856.0549,386.19754450347665,336.19754450347665,False,True
728,45,3,108924.33,2,1,0,84300.4,1,True,False,True,0.6956266692140467,9803.1897,1704.8400496711126,1654.8400496711126,True,True
707,32,4,132835.56,1,0,0,136877.24,0,False,True,False,0.379962142832303,11955.200399999998,1135.6308904934012,1085.6308904934012,False,True
483,41,1,118334.44,1,0,0,163147.99,1,True,False,True,0.7120117374264302,10650.0996,1895.7489799901323,1845.7489799901323,True,True
736,25,9,81732.88,2,1,0,136497.28,0,True,False,False,0.2001833583945964,7355.959200000001,368.1351542174072,318.1351542174072,False,True
716,66,5,121411.9,1,0,0,10070.4,1,True,False,True,0.8655734506115982,10927.070999999998,2364.545637636981,2314.545637636981,True,True
654,32,9,121455.65,1,1,0,190068.53,1,False,False,True,0.2849536485622719,10931.008499999998,778.7076886350516,728.7076886350516,False,True
612,31,8,117989.76,1,1,1,54129.86,0,False,False,False,0.2568554149958489,10619.0784,681.8919473263638,631.8919473263638,False,True
511,31,5,137411.29,1,0,1,161854.98,0,False,False,False,0.267915513351266,12367.0161,828.328866763718,778.328866763718,False,True
682,61,10,73688.2,1,1,1,172141.33,0,False,False,True,0.3959367782689269,6631.937999999999,656.4570413498176,606.4570413498176,False,True
748,58,9,122330.7,2,0,1,124429.19,0,False,True,True,0.3388835158252062,11009.763,932.7567984605676,882.7567984605676,False,True
554,43,5,99906.89,1,0,0,24983.39,0,True,False,True,0.7864700073438408,8991.6201,1767.9098815200066,1717.9098815200066,True,True
807,47,9,167664.83,1,0,0,125440.11,1,False,False,False,0.7490399121463177,15089.8347,2825.722114497614,2775.722114497614,True,True
594,34,7,141525.55,1,0,0,9443.15,0,False,False,False,0.3309472144142326,12737.2995,1053.8434471711994,1003.8434471711994,False,True
652,33,3,124832.51,1,1,0,195877.06,0,False,True,False,0.362074656952733,11234.925899999998,1016.9704852829686,966.9704852829686,False,True
729,34,9,132121.71,1,0,1,105409.31,0,False,False,False,0.244978609194081,11890.9539,728.2573371032333,678.2573371032333,False,True
597,60,0,78539.84,1,0,1,48502.88,0,True,False,False,0.5172948727219446,7068.585599999999,914.1357720690426,864.1357720690426,True,True
657,38,5,123770.46,1,0,0,47019.66,1,True,False,False,0.6566506229265618,11139.3414,1828.6638673254097,1778.6638673254097,True,True
663,49,7,116150.65,3,1,1,84358.71,1,True,False,True,0.9099845013072038,10453.5585,2378.144054627045,2328.144054627045,True,True
535,47,0,160729.1,1,0,1,145986.35,0,False,False,True,0.4940438429710063,14465.619,1786.6625004286013,1736.6625004286013,False,True
702,29,10,88378.6,1,1,0,88550.28,0,False,False,False,0.3539070833687631,7954.074,703.7507825598277,653.7507825598277,False,True
712,33,2,182888.08,1,1,0,3061.0,0,False,False,True,0.3472279181266623,16459.9272,1428.8365635431053,1378.8365635431053,False,True
748,23,8,85600.08,1,0,0,134077.71,0,False,True,False,0.3326532673059824,7704.0072,640.6907916072032,590.6907916072032,False,True
649,40,4,95001.33,1,0,1,123202.99,0,True,False,True,0.5281776257984603,8550.1197,1128.9954808596608,1078.9954808596608,True,True
551,27,2,113873.22,1,1,1,85129.77,1,False,True,True,0.2053060892837762,10248.5898,526.0244731278995,476.02447312789945,False,True
685,40,7,74896.92,1,1,0,198694.2,0,False,True,True,0.4636199185743352,6740.7228,781.2833389170412,731.2833389170412,False,True
536,22,5,89492.62,1,0,0,42934.43,0,False,False,False,0.3501859312756556,8054.335799999999,705.1287707324631,655.1287707324631,False,True
711,38,3,128718.78,1,0,0,114793.45,0,False,True,True,0.3446831544828652,11584.6902,998.2618904606835,948.2618904606835,False,True
566,22,7,144954.75,2,1,0,102246.0,0,True,False,True,0.2783086621668443,13045.9275,907.6986573126609,857.6986573126609,False,True
837,37,6,94001.61,2,1,0,140723.05,0,True,False,True,0.2654801104235885,8460.1449,561.5000505628897,511.50005056288967,False,True
633,37,7,141546.35,1,1,1,124830.11,0,False,False,True,0.2133299850939186,12739.1715,679.4118165509682,629.4118165509682,False,True
644,32,8,141528.88,1,1,1,167087.34,1,True,False,False,0.4830018239250387,12737.5992,1538.0709115065285,1488.0709115065285,False,True
666,30,7,109805.3,1,0,1,163625.56,0,False,False,True,0.1832422823422705,9882.477,452.7219101687486,402.7219101687486,False,True
708,32,10,86614.06,2,1,1,172129.26,0,False,False,True,0.1186978934300373,7795.265399999998,231.3203954270142,181.3203954270142,False,True
496,59,7,91680.1,2,1,0,163141.18,1,True,False,False,0.8042078009372606,8251.209,1658.9216612409334,1608.9216612409334,True,True
730,38,0,38848.19,2,0,0,94003.11,0,True,False,True,0.2281461179433623,3496.3371,199.41893409658832,149.41893409658832,False,True
696,40,3,153639.11,1,1,1,138351.68,0,False,True,True,0.3038779316645483,13827.5199,1050.4695368155953,1000.4695368155953,False,True
701,33,7,123870.07,1,1,0,97794.71,0,False,True,False,0.3876541044659587,11148.3063,1080.4216737596764,1030.4216737596764,False,True
665,39,10,46323.57,1,1,0,136812.02,0,False,False,True,0.4432569162375727,4169.1213,461.997962714595,411.997962714595,False,True
639,60,5,162039.78,1,1,1,84361.72,1,False,False,False,0.5464302832310639,14583.5802,1992.227464802234,1942.227464802234,True,True
696,19,1,110928.51,1,1,1,2766.63,0,False,False,True,0.1690107990987284,9983.5659,421.8326126534539,371.8326126534539,False,True
545,53,5,114421.55,1,1,0,180598.28,1,True,False,True,0.9327639038826476,10297.9395,2401.3865624918303,2351.3865624918303,True,True
634,29,8,130036.21,2,0,1,69849.55,0,True,False,False,0.2201160868242218,11703.2589,644.0188880396867,594.0188880396867,False,True
750,26,1,151510.17,2,1,1,19921.72,0,False,False,False,0.1795890393565611,13635.9153,612.2152323686084,562.2152323686084,False,True
654,37,6,83568.55,1,1,0,47046.72,0,False,False,True,0.3327538575553774,7521.1695,625.6745411132123,575.6745411132123,False,True
648,43,7,139972.18,1,1,0,143668.58,0,False,False,False,0.6722411822823174,12597.4962,2117.13893482125,2067.13893482125,True,True
835,45,3,100212.13,1,1,0,152577.62,0,False,True,True,0.6503043211639209,9019.0917,1466.2885763709135,1416.2885763709135,True,True
446,39,1,90217.07,1,1,0,191350.48,0,False,False,False,0.458119275766493,8119.5363,929.9290223289374,879.9290223289374,False,True
694,33,4,124067.32,1,1,1,77906.87,0,True,False,True,0.4074987915791909,11166.0588,1137.5388669255476,1087.5388669255476,False,True
720,57,1,162082.31,4,0,0,27145.73,1,True,False,False,0.9297927070386676,14587.407899999998,3390.8163700045607,3340.8163700045607,True,True
641,51,2,117306.69,4,1,1,26912.72,1,True,False,False,0.9354447087225612,10557.6021,2469.0132553108,2419.0132553108,True,True
813,32,1,122889.88,1,1,1,26476.18,0,False,False,True,0.1545797513537771,11060.0892,427.4164596216489,377.4164596216489,False,True
480,40,6,148790.61,1,0,1,79329.7,0,False,False,True,0.3215834132651931,13391.154899999998,1076.5933250762287,1026.5933250762287,False,True
811,46,9,180226.24,1,1,0,13464.64,1,False,False,True,0.7818072595529517,16220.3616,3170.299112863483,3120.299112863483,True,True
715,32,3,104857.19,2,1,0,114149.8,0,True,False,False,0.334827258752486,9437.147099999998,789.9535234842431,739.9535234842431,False,True
620,31,2,166833.86,2,1,1,135171.6,0,False,True,True,0.1715744229156449,15015.047399999998,644.0495231765135,594.0495231765135,False,True
721,42,4,102936.72,1,0,0,1187.88,0,False,False,True,0.5011382572401523,9264.3048,1160.6743905033943,1110.6743905033943,True,True
772,48,6,108736.52,1,1,0,184564.67,1,True,False,False,0.915969017529786,9786.2868,2240.9838763651783,2190.9838763651783,True,True
680,44,0,129974.79,2,1,1,33391.38,0,True,False,True,0.5800856076835468,11697.7311,1696.4213634155562,1646.4213634155562,True,True
535,38,8,85982.07,1,1,0,9238.35,0,False,False,True,0.3349816973473154,7738.3863,648.054444375803,598.054444375803,False,True
655,20,7,134397.61,1,0,0,28029.54,0,False,False,False,0.3234831911135615,12095.7849,978.1957746188078,928.1957746188078,False,True
660,63,8,137841.53,1,1,1,42790.29,0,False,False,True,0.3954036414744415,12405.7377,1226.3184654391907,1176.3184654391907,False,True
762,56,10,100260.88,3,1,1,77142.42,1,True,False,True,0.8613860108183614,9023.4792,1943.1746879476148,1893.1746879476148,True,True
662,39,5,139822.11,2,1,1,146219.9,0,True,False,True,0.2545778385309338,12583.989899999997,800.9012372092752,750.9012372092752,False,True
463,41,8,123151.51,2,1,0,70127.93,0,True,False,False,0.449656722637427,11083.6359,1245.9578484251322,1195.9578484251322,False,True
501,27,4,95331.83,2,1,0,132104.76,0,True,False,True,0.2018295102494143,8579.864699999998,432.91747260180944,382.91747260180944,False,True
688,37,7,138162.41,2,1,1,113926.31,0,False,True,True,0.1429426852904739,12434.6169,444.3593825610771,394.3593825610771,False,True
632,48,6,126066.26,1,1,0,64345.61,1,True,False,True,0.9142453185763528,11345.9634,2593.24848079716,2543.24848079716,True,True
601,42,4,96763.89,1,1,1,199242.65,0,False,True,False,0.4202422927528624,8708.7501,914.9462772589299,864.9462772589299,False,True
551,42,2,139561.46,1,1,0,43435.43,1,False,False,True,0.6319998196353247,12560.5314,1984.563394830958,1934.563394830958,True,True
479,27,2,172463.45,1,1,1,40315.27,0,False,True,True,0.2007415567695395,15521.7105,778.9630823740268,728.9630823740268,False,True
701,37,8,107798.85,1,1,0,16966.73,0,False,False,True,0.3536500924591888,9701.8965,857.7691485636202,807.7691485636202,False,True
593,36,2,70181.48,2,1,0,80608.12,0,False,False,True,0.1775548394708078,6316.333199999999,280.3738818425334,230.37388184253342,False,True
738,38,5,177997.07,1,0,1,19233.41,0,False,True,True,0.1972374835366654,16019.7363,789.9231186832428,739.9231186832428,False,True
720,21,2,123200.78,1,1,1,180712.28,0,False,True,True,0.2111790050973142,11088.0702,585.3919083212944,535.3919083212944,False,True
803,41,9,137742.9,2,1,1,166957.82,0,True,False,True,0.2690085284559296,12396.860999999995,833.7153337706757,783.7153337706757,False,True
793,63,9,116270.72,1,1,1,184243.25,0,False,False,False,0.4802897903005546,10464.3648,1256.4818938551261,1206.4818938551261,False,True
616,41,10,113220.2,2,1,1,114072.91,0,True,False,True,0.3373618361218677,10189.818,859.4139275569144,809.4139275569144,False,True
602,56,3,115895.22,3,1,0,4176.17,1,False,False,False,0.9573752842199243,10430.5698,2496.4924317126897,2446.4924317126897,True,True
452,60,6,121730.49,1,1,1,142963.29,0,False,False,False,0.6046413965584467,10955.7441,1656.0741032402407,1606.0741032402407,True,True
655,28,3,113811.85,2,0,1,76844.23,0,False,True,False,0.2038496336737419,10243.0665,522.0113384301944,472.0113384301944,False,True
510,26,6,136214.08,1,0,0,159742.33,0,False,False,False,0.3196367750912715,12259.267199999998,979.6281581975502,929.6281581975502,False,True
557,39,8,146200.01,1,1,0,177944.64,0,False,False,True,0.4262000718745875,13158.0009,1401.9852323264718,1351.9852323264718,False,True
676,37,10,106242.67,1,1,1,166678.28,0,False,False,True,0.2051744571846303,9561.8403,490.4613483096556,440.4613483096556,False,True
559,45,8,24043.45,1,0,1,169781.45,1,False,False,True,0.6001877252582862,2163.9105,324.6881301643802,274.6881301643802,True,True
626,39,10,132287.92,3,1,1,51467.92,1,True,False,True,0.8803084970886017,11905.9128,2620.2190508589865,2570.2190508589865,True,True
565,32,4,90322.99,2,0,1,118740.37,0,True,False,False,0.1530201378299201,8129.0691,310.97781852773613,260.97781852773613,False,True
646,34,3,131283.11,1,0,0,130500.65,0,False,False,False,0.3633171370800092,11815.479899999998,1073.1915826235982,1023.1915826235982,False,True
676,48,1,131659.59,2,0,1,14152.15,0,False,True,True,0.4301502623698214,11849.3631,1274.2516615950701,1224.2516615950701,False,True
850,54,4,120952.74,1,1,0,66963.15,0,False,True,False,0.7213720712058617,10885.7466,1963.1683928660418,1913.1683928660418,True,True
810,38,9,153166.17,1,1,1,93261.69,0,False,False,False,0.2689535455894682,13784.9553,926.8781509318328,876.8781509318328,False,True
581,30,0,53291.86,1,0,0,196582.28,0,False,True,True,0.3320413428802631,4796.2674,398.13976707720695,348.13976707720695,False,True
718,35,2,167924.95,1,1,0,43024.64,0,False,False,False,0.4086056901733018,15113.2455,1543.8395270715118,1493.8395270715118,False,True
713,43,5,86394.14,1,1,1,130001.13,0,False,False,True,0.4080046945553563,7775.4726,793.1073307966356,743.1073307966356,False,True
583,31,4,158978.79,1,1,0,12538.92,0,False,False,False,0.3450918519235523,14308.0911,1234.401413797474,1184.401413797474,False,True
808,37,2,100431.84,1,1,0,35140.49,1,True,False,False,0.6278668881420986,9038.8656,1418.8011041516656,1368.8011041516656,True,True
778,29,6,150358.97,1,1,0,62454.01,1,True,False,False,0.5381975025926733,13532.3073,1820.7634982941504,1770.7634982941504,True,True
850,45,4,114347.85,2,1,1,109089.04,0,False,True,False,0.4252739501487281,10291.3065,1094.1561418615704,1044.1561418615704,False,True
520,34,4,134007.9,1,1,1,193209.11,0,False,False,True,0.2877974796011707,12060.711,867.7605569995287,817.7605569995287,False,True
759,31,4,98899.91,1,1,1,47832.82,0,True,False,True,0.2890486795632442,8900.9919,643.2049888745331,593.2049888745331,False,True
755,40,2,137430.82,2,0,0,176768.59,0,True,False,True,0.2907117030824288,12368.7738,898.9368241098312,848.9368241098312,False,True
599,39,2,188976.89,2,0,1,176142.09,0,True,False,True,0.2015413811693007,17007.9201,856.9499269427777,806.9499269427777,False,True
764,48,1,75990.97,1,1,0,158323.81,1,False,True,False,0.854138056802543,6839.1873,1460.4025376326574,1410.4025376326574,True,True
730,62,5,112181.08,1,0,1,61513.87,0,False,True,True,0.374978119218978,10096.2972,946.4726337829585,896.4726337829585,False,True
820,34,10,97208.46,1,1,1,59553.34,0,False,True,True,0.1779603880853085,8748.7614,389.2332435024417,339.2332435024417,False,True
696,34,9,150856.79,1,0,1,8236.78,0,False,False,True,0.1740121585367543,13577.1111,590.6456023010817,540.6456023010817,False,True
635,37,9,146748.07,1,0,1,11407.58,0,True,False,False,0.4785866528831389,13207.3263,1580.212521863113,1530.212521863113,False,True
683,41,0,148863.17,1,1,1,163911.32,0,False,True,True,0.3064390174065019,13397.6853,1026.3933797133836,976.3933797133836,False,True
671,34,10,153360.02,1,1,0,140509.86,0,False,True,True,0.2901710234928786,13802.4018,1001.2642642414875,951.2642642414875,False,True
601,40,3,92055.36,1,0,1,164652.02,1,False,False,False,0.5372652052270959,8284.9824,1112.8081923597194,1062.8081923597194,True,True
709,39,9,124723.92,1,1,0,73641.86,0,True,False,False,0.7035834784636589,11225.1528,1974.45801332752,1924.45801332752,True,True
702,28,1,103033.83,1,1,1,40321.87,0,True,False,True,0.3062794090221841,9273.0447,710.0356626380741,660.0356626380741,False,True
624,54,3,116726.22,1,1,0,110498.1,1,True,False,True,0.9277307693420072,10505.3598,2436.5363823671487,2386.5363823671487,True,True
580,23,5,113923.81,2,0,0,196241.43,0,False,False,False,0.2397168938924153,10253.1429,614.4628921557678,564.4628921557678,False,True
666,21,1,121827.43,2,1,1,99818.31,0,True,False,False,0.2362813760906199,10964.4687,647.6749381346325,597.6749381346325,False,True
577,60,10,125389.7,2,1,1,178616.73,0,False,False,True,0.3471308595764815,11285.073,979.3492727183357,929.3492727183357,False,True
652,38,1,103895.31,1,0,1,159649.44,0,False,True,False,0.3072881058252452,9350.577899999998,718.3303428155996,668.3303428155996,False,True
678,26,5,111128.04,1,1,0,60941.27,1,False,False,True,0.3102341357736125,10001.5236,775.7035076163473,725.7035076163473,False,True
639,37,5,151242.48,1,0,1,49637.65,0,True,False,False,0.4379056930448224,13611.8232,1490.1737179998981,1440.1737179998981,False,True
554,39,2,129709.62,1,1,0,173197.12,0,False,False,True,0.410146538341442,11673.8658,1196.998911733137,1146.998911733137,False,True
533,47,9,83347.25,1,1,1,137696.25,0,False,False,True,0.5301171947775962,7501.2525,994.1357331546076,944.1357331546076,True,True
540,28,6,84121.04,1,0,1,80698.54,0,False,True,False,0.2218938502589268,7570.893599999999,419.9836827011668,369.9836827011668,False,True
678,43,5,102338.19,1,1,1,79649.62,0,False,False,True,0.4373590005059017,9210.4371,1007.0668910696189,957.0668910696189,False,True
712,29,3,87375.78,2,0,0,166194.53,0,False,False,False,0.2300430486533472,7863.8202,452.25429321744366,402.25429321744366,False,True
789,51,3,104677.09,1,1,0,74265.38,0,True,False,True,0.923057117956486,9420.9381,2174.015992758113,2124.015992758113,True,True
775,32,8,121669.23,1,0,1,125898.39,0,True,False,True,0.441948721221134,10950.230699999998,1209.8601137353505,1159.8601137353505,False,True
564,40,7,108407.34,1,1,1,83681.2,0,True,False,True,0.6100171342888108,9756.6606,1487.9325348601371,1437.9325348601371,True,True
841,33,7,154969.79,2,1,1,99505.75,0,True,False,False,0.183094060296444,13947.2811,638.4160816737135,588.4160816737135,False,True
850,39,0,141829.67,1,1,1,92748.16,0,False,True,True,0.1846992394789091,12764.670300000002,589.4062241522547,539.4062241522547,False,True
500,45,2,109162.82,1,1,1,126145.08,0,False,False,True,0.5250492218003826,9824.6538,1289.606708037043,1239.606708037043,True,True
655,44,8,87471.63,1,0,1,188593.98,0,False,False,True,0.4153309247061034,7872.4467,817.417641902628,767.417641902628,False,True
666,33,2,147229.65,1,1,1,56410.17,0,False,False,False,0.25287347381486,13250.668499999998,837.6856434910349,787.6856434910349,False,True
749,66,6,182532.23,2,1,1,195429.92,0,True,False,True,0.2144301708505772,16427.900700000002,880.6593884543292,830.6593884543292,False,True
623,39,1,160903.2,1,0,0,78774.36,0,False,False,False,0.4546351202470323,14481.288,1645.9255278029764,1595.9255278029764,False,True
761,33,6,138053.79,2,1,0,148779.41,0,False,False,False,0.2481292124823054,12424.8411,770.7415093401953,720.7415093401953,False,True
627,44,6,153548.12,1,0,0,35300.08,1,False,False,True,0.6176492920309391,13819.3308,2133.874971240338,2083.874971240338,True,True
757,31,8,149085.9,2,1,1,197077.36,0,True,False,True,0.1586989350111409,13417.730999999998,532.3449049914926,482.3449049914926,False,True
695,53,8,95231.91,1,0,0,70140.8,1,True,False,False,0.911957964197056,8570.8719,1954.0687223294383,1904.0687223294383,True,True
587,41,8,85109.21,1,1,0,1557.82,0,False,True,True,0.4235604497863913,7659.8289,811.1001435426998,761.1001435426998,False,True
605,43,8,125338.8,2,1,0,23970.13,0,True,False,False,0.5871341610434927,11280.491999999998,1655.7905516444575,1605.7905516444575,True,True
850,38,0,106831.69,1,0,1,148977.72,0,False,False,False,0.2938852377052963,9614.8521,706.4157737274418,656.4157737274418,False,True
751,29,3,159597.45,1,1,0,39934.41,0,False,False,True,0.3067353322216729,14363.7705,1101.468979068341,1051.468979068341,False,True
627,37,7,147361.57,1,1,1,133031.96,0,True,False,False,0.4624655897267785,13262.5413,1533.367245895064,1483.367245895064,False,True
736,43,4,176134.54,1,1,1,52856.88,0,False,False,True,0.4430813682307221,15852.1086,1755.943491957499,1705.943491957499,False,True
636,34,1,84055.43,1,0,0,37490.84,0,False,False,True,0.2523496826135733,7564.9887,477.25562435506714,427.25562435506714,False,True
850,45,5,174088.3,4,1,0,5669.31,1,False,True,False,0.9087548477036352,15667.946999999998,3559.5806974534066,3509.5806974534066,True,True
850,34,8,199229.14,1,0,0,68106.29,0,False,True,True,0.3528376320994944,17930.622600000002,1581.6496050634203,1531.6496050634203,False,True
673,69,3,78833.15,2,1,1,37196.15,0,True,False,False,0.3148712362300924,7094.983499999999,558.5015564192769,508.5015564192769,False,True
712,29,3,102540.61,1,1,1,189680.79,0,False,False,True,0.2031956311779426,9228.6549,468.8055893322281,418.8055893322281,False,True
754,39,8,129401.87,1,1,1,87684.93,0,True,False,False,0.6225134502925515,11646.1683,1812.4741027801845,1762.4741027801845,True,True
607,36,10,106702.94,2,0,0,198313.69,0,True,False,True,0.2725898739640917,9603.2646,654.4381717394558,604.4381717394558,False,True
656,26,4,139584.57,1,1,0,36308.93,0,False,True,True,0.3164882005982163,12562.6113,993.9795612879548,943.9795612879548,False,True
550,52,5,121016.23,1,1,1,41730.37,1,True,False,True,0.8056231048256984,10891.4607,2193.6030963052685,2143.6030963052685,True,True
598,59,8,118210.42,2,0,0,60192.14,1,True,False,True,0.7899326245867171,10638.9378,2101.0110147922082,2051.0110147922082,True,True
755,29,4,148654.84,2,1,1,28805.09,0,False,False,False,0.1593309575002875,13378.9356,532.9196548706709,482.9196548706709,False,True
656,32,5,136963.12,1,1,0,133814.28,0,False,True,True,0.3017697778959397,12326.680799999998,929.9549318025358,879.9549318025358,False,True
644,47,9,137774.11,2,1,0,151902.78,0,True,False,True,0.7009015962911777,12399.6699,2172.737106598417,2122.737106598417,True,True
598,32,4,111156.52,1,1,1,167376.26,0,False,False,False,0.2931757859412263,10004.0868,733.2390025535618,683.2390025535618,False,True
850,31,3,121237.65,1,1,1,31022.56,0,False,True,False,0.2151414466692026,10911.3885,586.872976764925,536.872976764925,False,True
679,36,1,97234.58,1,1,0,188997.08,0,False,False,True,0.318755199598535,8751.1122,697.3656290050436,647.3656290050436,False,True
572,54,9,97382.53,1,1,1,195771.95,0,True,False,False,0.6789876468576372,8764.4277,1487.7345350192236,1437.7345350192236,True,True
626,47,2,103108.8,1,0,1,166475.44,1,True,False,False,0.8231870531196658,9279.792,1909.7511575108622,1859.7511575108622,True,True
515,58,2,131852.81,1,1,0,81436.68,1,False,False,False,0.8525263616670093,11866.7529,2529.179918659608,2479.179918659608,True,True
628,39,8,107553.33,1,1,0,117523.41,0,False,True,False,0.4649849119454523,9679.7997,1125.2402027885287,1075.2402027885287,False,True
668,46,7,161806.09,1,1,1,173052.19,0,True,False,False,0.6457229137378487,14562.548099999998,2350.842747644893,2300.842747644893,True,True
573,27,2,128243.03,1,1,1,11631.34,0,False,False,True,0.2007750531664982,11541.8727,579.3300262458636,529.3300262458636,False,True
565,38,5,126645.13,1,1,1,168303.55,0,False,False,False,0.3315153671808729,11398.0617,944.6581524064361,894.6581524064361,False,True
604,47,8,62094.71,3,0,0,9308.1,1,False,False,False,0.9252287607304662,5588.523899999999,1292.6657605773978,1242.6657605773978,True,True
656,37,7,112291.34,1,1,0,153157.97,0,False,False,True,0.3447793246510824,10106.2206,871.1039783107143,821.1039783107143,False,True
447,44,5,89188.83,1,1,1,75408.24,0,False,False,False,0.5602421041955791,8026.994699999999,1124.2651002736902,1074.2651002736902,True,True
437,28,2,109161.25,1,1,0,152987.42,0,False,True,True,0.2706744128427004,9824.5125,664.8110381008177,614.8110381008177,False,True
789,53,1,158271.74,1,1,1,5036.39,1,False,False,False,0.5736047875855141,14244.456599999998,2042.6721255785185,1992.6721255785185,True,True
794,56,9,96951.21,1,1,1,71776.76,0,False,False,True,0.4224619392627173,8725.608900000001,921.5594142855065,871.5594142855065,False,True
587,35,5,121863.61,1,1,1,23481.69,1,True,False,True,0.490607235191241,10967.7249,1345.2112973817825,1295.2112973817825,False,True
589,19,9,83495.11,1,1,1,143022.31,1,True,False,False,0.2619011468183846,7514.559899999999,492.01796391136133,442.01796391136133,False,True
543,25,1,146566.01,1,0,1,161407.48,0,True,False,False,0.3284058014276264,13190.9409,1082.9953794622388,1032.9953794622388,False,True
701,23,5,186101.18,2,1,1,76611.33,0,True,False,True,0.1542276376588194,16749.1062,645.7937705306713,595.7937705306713,False,True
726,51,8,107494.86,2,1,0,140937.91,1,True,False,False,0.7847333224729232,9674.5374,1897.9829693226388,1847.9829693226388,True,True
648,36,8,146943.38,2,1,1,130041.45,0,False,True,True,0.1583278699399685,13224.9042,523.4677280365358,473.46772803653585,False,True
633,36,6,125130.28,1,0,0,125961.48,0,False,False,False,0.3719962165128292,11261.7252,1047.3297914517964,997.3297914517964,False,True
595,29,6,150685.79,1,1,0,87771.06,0,False,False,True,0.315645360221823,13561.7211,1070.1735854593494,1020.1735854593494,False,True
492,35,4,141359.37,2,1,0,39519.53,0,False,False,True,0.2010070485384422,12722.3433,639.3201693064563,589.3201693064563,False,True
655,39,6,94631.26,2,1,1,148948.52,0,False,False,False,0.273123580048664,8516.8134,581.5356416036085,531.5356416036085,False,True
636,39,3,118336.14,1,1,0,184691.77,0,False,False,False,0.4758989079915676,10650.2526,1267.1108955435884,1217.1108955435884,False,True
526,50,5,124233.24,1,0,1,159456.87,1,True,False,True,0.7771818314186824,11180.9916,2172.4158821912256,2122.4158821912256,True,True
768,26,5,51116.26,1,1,1,70454.79,1,False,False,False,0.2311927890542592,4600.463400000001,265.89849109701004,215.89849109701004,False,True
540,64,1,91869.69,1,0,1,95421.0,0,True,False,True,0.5774979566153833,8268.272099999998,1193.7275606224957,1143.7275606224957,True,True
732,34,8,122338.43,2,1,0,187985.85,0,False,False,False,0.2540517856379312,11010.4587,699.3066733569235,649.3066733569235,False,True
573,26,8,86270.93,2,1,1,90177.3,0,False,False,True,0.1326109525122284,7764.3836999999985,257.41057953185503,207.41057953185503,False,True
489,38,5,117289.92,1,0,0,85231.88,0,False,False,False,0.4190205939673905,10556.0928,1105.8050687577236,1055.8050687577236,False,True
452,33,7,153663.27,1,1,0,111868.23,0,True,False,True,0.4083010078744731,13829.6943,1411.6695303214638,1361.6695303214638,False,True
590,27,8,123599.49,2,1,0,1676.92,0,True,False,False,0.2835756207294477,11123.9541,788.6205472183462,738.6205472183462,False,True
596,76,9,134208.25,1,1,1,13455.43,0,False,True,False,0.3061935600796596,12078.7425,924.608291840122,874.608291840122,False,True
782,35,7,98556.89,2,1,0,117644.36,0,True,False,True,0.2697642249025409,8870.1201,598.2102683922371,548.2102683922371,False,True
794,46,8,134593.79,1,1,1,46386.37,0,False,True,False,0.4433807531122361,12113.4411,1342.7166594246785,1292.7166594246785,False,True
746,24,10,68781.82,1,0,1,47997.39,0,False,True,True,0.2108126191514109,6190.3638,326.2517015445202,276.2517015445202,False,True
667,56,8,137464.04,1,1,0,130846.79,1,True,False,False,0.9314441113245616,12371.763599999998,2880.9015879798894,2830.9015879798894,True,True
709,32,4,147307.91,1,0,1,40861.55,0,False,False,True,0.1736391921043668,13257.711899999998,575.5145958671123,525.5145958671123,False,True
711,41,3,145754.91,1,1,1,101455.07,0,False,False,False,0.3766961118888355,13117.941899999998,1235.3694274284107,1185.3694274284107,False,True
748,44,4,112610.77,1,0,1,2048.55,0,False,False,True,0.4767795274523926,10134.9693,1208.0364683996265,1158.0364683996265,False,True
623,57,7,71481.79,2,1,1,84421.34,0,False,False,False,0.4280487708572303,6433.361099999998,688.4480778339296,638.4480778339296,False,True
640,34,3,77826.8,1,1,1,168544.85,0,False,True,False,0.3073424866299085,7004.412,538.1883503650927,488.1883503650927,False,True
562,75,5,87140.85,1,1,1,39351.64,0,False,False,True,0.2477445865426268,7842.6765,485.7451617200188,435.7451617200188,False,True
502,42,0,132002.7,1,0,1,28204.98,1,True,False,False,0.7501945270421052,11880.243,2228.12331963257,2178.12331963257,True,True
536,32,7,178011.5,2,1,0,22375.14,0,False,False,True,0.3293939177869173,16021.035,1319.307871412831,1269.307871412831,False,True
670,32,4,102954.68,2,0,1,134942.45,0,True,False,False,0.2213036454416186,9265.9212,512.6455349836943,462.64553498369435,False,True
775,51,2,123783.25,1,1,1,134901.57,0,True,False,True,0.7671308722390152,11140.4925,2136.5539321743017,2086.5539321743017,True,True
759,30,4,101802.67,1,0,0,8693.8,0,True,False,True,0.4050998720815718,9162.2403,927.9055933776554,877.9055933776554,False,True
604,33,3,148659.48,1,0,0,42437.75,0,False,False,True,0.3007174322673029,13379.3532,1005.8511849253306,955.8511849253306,False,True
766,62,7,142724.48,1,0,1,5893.23,1,True,False,False,0.8086674819746618,12845.2032,2596.874531799217,2546.874531799217,True,True
554,41,4,112152.89,1,0,1,36242.19,0,False,True,False,0.3635246316371017,10093.7601,917.3326055464437,867.3326055464437,False,True
487,53,10,89550.85,1,0,1,90076.85,0,False,False,False,0.5549442490748694,8059.576500000001,1118.153907163491,1068.153907163491,True,True
725,35,7,75915.75,1,1,0,150507.43,0,False,False,True,0.3110309795658312,6832.4175,531.2733769569319,481.2733769569319,False,True
732,42,2,118889.66,2,0,0,87422.15,0,True,False,False,0.3852354470404105,10700.0694,1030.5115046681044,980.5115046681044,False,True
623,40,5,118788.57,1,1,0,192867.4,0,False,False,True,0.4569308773809766,10690.9713,1221.2587240409598,1171.2587240409598,False,True
781,42,3,156555.54,1,1,1,175674.01,0,False,False,False,0.4638592955785521,14089.9986,1633.9442063246963,1583.9442063246963,False,True
714,53,1,99141.86,1,1,1,72496.05,1,True,False,True,0.8090045758129328,8922.7674,1804.6399138786164,1754.6399138786164,True,True
577,31,4,61211.18,1,1,1,145250.43,0,True,False,False,0.2033831555145433,5509.0062,280.1097661762958,230.1097661762958,False,True
731,37,1,128932.4,1,1,1,180712.52,0,False,True,False,0.3090852304154021,11603.916,896.6497626452427,846.6497626452427,False,True
779,32,10,80728.15,1,1,0,86306.75,0,False,False,True,0.2783012476317232,7265.5335,505.5017594400201,455.5017594400201,False,True
706,46,2,127660.46,2,1,0,150156.82,1,False,True,False,0.6548021751251877,11489.4414,1880.8278049233454,1830.8278049233454,True,True
733,44,3,106070.89,1,0,1,101617.43,0,False,True,True,0.4285341776207448,9546.380099999998,1022.7375363521357,972.7375363521357,False,True
579,42,3,137560.38,2,1,1,85424.34,0,True,False,False,0.3575893996536399,12380.4342,1106.778008257348,1056.778008257348,False,True
476,34,8,111905.43,1,0,1,197221.81,1,True,False,False,0.5203353072848652,10071.4887,1310.137791882637,1260.137791882637,True,True
775,40,9,126212.64,1,1,0,70196.57,0,False,False,True,0.4451221865459297,11359.1376,1264.0510414470211,1214.0510414470211,False,True
602,38,7,111835.94,2,1,0,124389.61,0,False,False,True,0.2654829989992995,10065.2346,668.0371668098786,618.0371668098786,False,True
700,28,3,99705.69,2,0,0,146723.72,0,True,False,False,0.2971169823363629,8973.5121,666.5457090277097,616.5457090277097,False,True
544,44,2,108895.93,1,0,0,69228.2,1,True,False,True,0.8821165177555957,9800.633699999998,2161.3252178105345,2111.3252178105345,True,True
573,56,3,154669.77,1,0,1,115462.27,1,False,True,True,0.4949217078982232,13920.279299999998,1722.3621013940706,1672.3621013940706,False,True
555,50,7,128061.0,2,1,1,62375.1,0,False,True,True,0.3927183250364824,11525.49,1131.567782006182,1081.567782006182,False,True
770,46,9,190678.02,1,1,1,14725.36,0,False,True,True,0.3603138180032241,17161.0218,1545.8383213986401,1495.8383213986401,False,True
784,38,5,136712.91,1,0,1,169920.92,0,False,False,True,0.2116837829653926,12304.1619,651.1478843026631,601.1478843026631,False,True
727,52,1,154733.97,1,1,0,80259.67,1,False,True,False,0.8241184699328192,13926.0573,2869.180258568192,2819.180258568192,True,True
576,41,4,112609.91,1,0,0,191035.18,1,False,False,False,0.5431302091965202,10134.8919,1376.1414894577797,1326.1414894577797,True,True
646,69,10,115462.44,1,1,0,40421.87,0,False,True,True,0.6388096862306041,10391.6196,1659.5668140259488,1609.5668140259488,True,True
638,34,5,133501.36,1,0,1,155643.04,0,False,False,True,0.2045514831810475,12015.122399999998,614.4277768804567,564.4277768804567,False,True
632,30,1,58668.02,1,1,1,78670.52,0,True,False,True,0.1762911063186074,5280.121799999999,232.7096284047491,182.7096284047491,False,True
850,44,7,89118.26,1,1,0,104240.77,1,False,True,True,0.7081663118381192,8020.643399999999,1419.9873637866879,1369.9873637866879,True,True
673,77,10,76510.52,2,0,1,59595.66,0,True,False,False,0.2245251697115223,6885.9468,386.51709347362845,336.51709347362845,False,True
609,34,7,140694.78,2,1,0,46266.63,0,False,True,True,0.1966490426165595,12662.5302,622.5186102333179,572.5186102333179,False,True
701,36,7,95448.32,2,1,0,189085.07,0,True,False,True,0.2646304088224803,8590.3488,568.3168787179258,518.3168787179258,False,True
651,34,4,91562.99,1,1,1,123954.15,0,False,False,True,0.1950362091506528,8240.669100000001,401.80721553223054,351.80721553223054,False,True
508,31,8,72541.48,1,1,0,129803.08,0,False,False,True,0.2921318337815211,6528.733199999999,476.81270049657445,426.81270049657445,False,True
616,43,3,120867.18,1,1,0,18761.92,1,False,True,False,0.616641258166675,10878.0462,1676.9630237908048,1626.9630237908048,True,True
567,45,1,157320.51,1,1,0,62193.92,0,False,True,False,0.7327919355786595,14158.8459,2593.872023155242,2543.872023155242,True,True
678,30,1,139676.95,2,0,1,16146.0,0,True,False,False,0.2038926542153529,12570.9255,640.7798415346156,590.7798415346156,False,True
691,21,3,103000.94,1,1,1,104648.58,0,False,True,True,0.192199942416112,9270.084599999998,445.42743157812157,395.42743157812157,False,True
507,31,2,134237.07,1,1,1,166423.66,1,True,False,True,0.4040418771329208,12081.3363,1220.341449231524,1170.341449231524,False,True
724,34,6,118235.7,2,0,0,157137.23,0,True,False,True,0.2945800291039905,10641.213,783.6722088104405,733.6722088104405,False,True
580,38,9,115442.19,2,1,0,128481.5,1,True,False,True,0.4806736009487742,10389.7971,1248.5252962960328,1198.5252962960328,False,True
577,44,8,115557.0,1,0,1,127506.76,0,False,True,False,0.492958063649554,10400.13,1281.706986625909,1231.706986625909,False,True
647,35,3,166518.63,2,1,0,147930.46,0,True,False,False,0.2803104091142746,14986.6767,1050.2303692600915,1000.2303692600915,False,True
554,30,6,135370.12,1,1,1,179689.05,1,False,True,True,0.3176206493549371,12183.3108,967.4177718972545,917.4177718972545,False,True
549,54,5,92877.33,1,1,0,2619.64,1,True,False,True,0.910485654067182,8358.9597,1902.6782224439287,1852.6782224439287,True,True
528,26,10,102073.67,2,0,0,166799.93,0,False,False,False,0.2499534946603481,9186.6303,574.0575869094106,524.0575869094106,False,True
720,46,3,97042.6,1,1,1,133516.51,1,True,False,True,0.7469816311178346,8733.834,1631.0033918081006,1581.0033918081006,True,True
615,24,8,108528.07,2,0,0,179488.41,1,True,False,True,0.3894669787836019,9767.5263,951.0322395625934,901.0322395625934,False,True
635,44,2,79064.85,2,0,1,113291.75,0,True,False,False,0.3999501296235253,7115.836500000001,711.4949326387032,661.4949326387032,False,True
686,45,3,74274.87,3,1,0,64907.48,1,False,True,True,0.8486554017910842,6684.738299999999,1418.2598169636872,1368.2598169636872,True,True
695,43,1,100421.1,1,1,1,101141.28,0,False,False,True,0.4446186762133151,9037.899,1004.604672282411,954.604672282411,False,True
564,26,7,84006.88,2,0,0,183490.99,0,False,False,True,0.1764194244461503,7560.6192,333.46002193012833,283.46002193012833,False,True
657,39,4,80293.81,1,1,0,97192.76,0,False,False,False,0.4573738305341602,7226.4429,826.2964675773463,776.2964675773463,False,True
641,42,7,125437.14,2,0,0,164128.58,0,False,False,False,0.4551255589458449,11289.3426,1284.5170902390344,1234.5170902390344,False,True
545,44,2,127536.44,1,1,0,108398.63,0,True,False,False,0.8866174616491294,11478.2796,2544.210780762746,2494.210780762746,True,True
781,48,9,82794.18,1,1,0,124720.68,1,True,False,False,0.8653992757901358,7451.476199999999,1612.125526761858,1562.125526761858,True,True
571,22,3,108117.1,1,0,1,53328.7,0,False,True,False,0.2557364683887795,9730.539,622.1134198448216,572.1134198448216,False,True
523,27,8,61688.61,2,1,0,147059.16,0,True,False,True,0.1551588165471725,5551.9749,215.35946374590162,165.35946374590162,False,True
573,50,0,159304.07,1,0,1,155915.24,1,False,True,True,0.4808436911363501,14337.366299999998,1723.5080332164785,1673.5080332164785,False,True
648,33,5,138664.24,1,1,0,29076.27,0,True,False,True,0.5110282641902837,12479.781599999998,1594.38028213046,1544.38028213046,True,True
662,22,2,126362.57,2,1,1,97382.8,0,False,False,False,0.1740304505750859,11372.6313,494.79603734083116,444.79603734083116,False,True
725,39,4,160652.45,2,1,0,57643.55,0,False,False,True,0.2627813799022757,14458.7205,949.8706311528304,899.8706311528304,False,True
563,35,2,183572.84,1,1,1,66006.75,1,False,False,False,0.383481010471972,16521.5556,1583.9257090142169,1533.9257090142169,False,True
628,31,0,88421.81,1,0,0,72350.47,0,False,False,True,0.2688247415966485,7957.962899999999,534.8243300570538,484.82433005705377,False,True
688,41,2,112871.19,2,0,1,65520.74,0,True,False,True,0.3575077078533135,10158.4071,907.9272094404564,857.9272094404564,False,True
850,41,8,60880.68,1,1,0,31825.84,0,True,False,True,0.375969799586807,5479.2612,515.0091838119419,465.00918381194185,False,True
719,37,9,101455.7,1,1,0,25803.59,1,False,False,False,0.4199552893005295,9131.013,958.654301505474,908.654301505474,False,True
757,71,0,88084.13,2,1,1,154337.47,0,False,False,False,0.2769762624147127,7927.5717,548.9372948726625,498.9372948726625,False,True
438,59,7,127197.14,1,1,0,51565.98,1,True,False,True,0.8981148058399069,11447.7426,2570.346780626058,2520.346780626058,True,True
622,39,9,83456.79,2,0,0,38882.34,0,False,False,False,0.256883432086772,7511.111099999998,482.3699995382622,432.3699995382622,False,True
645,42,4,98298.18,1,1,1,676.06,0,False,False,True,0.3859120587163566,8846.836199999998,853.525192767097,803.525192767097,False,True
651,35,2,86911.8,1,1,0,174094.24,0,False,False,True,0.3121261891139545,7822.062,610.3676007682693,560.3676007682693,False,True
783,42,2,139707.28,1,1,0,2150.22,0,True,False,False,0.5496786517580752,12573.6552,1727.8674595017276,1677.8674595017276,True,True
553,39,1,142876.98,2,1,0,44363.42,0,False,True,False,0.3040246403918584,12858.9282,977.3577554574317,927.3577554574317,False,True
660,30,7,146301.31,1,0,0,96847.91,0,False,False,True,0.2890113484285283,13167.117899999996,951.3616247991027,901.3616247991027,False,True
670,40,3,47364.45,1,1,1,148579.43,1,False,False,False,0.5619245280009829,4262.800499999999,598.8430397312134,548.8430397312134,True,True
787,51,0,58137.08,1,0,1,142538.31,0,False,False,True,0.4551002022897743,5232.3372,595.3094295420779,545.3094295420779,False,True
775,38,6,179886.41,2,0,0,153122.58,0,True,False,False,0.2567563610669508,16189.7769,1039.207050832445,989.207050832445,False,True
479,24,6,107637.97,2,0,1,169505.83,0,True,False,True,0.1779144045458698,9687.4173,430.8827701292144,380.8827701292144,False,True
660,20,6,167685.56,1,1,0,57929.9,0,False,False,False,0.3609235188491835,15091.700399999998,1361.7374034464074,1311.7374034464074,False,True
721,68,4,136525.99,1,0,0,175399.14,0,True,False,True,0.7264404981763063,12287.3391,2231.5051842663015,2181.5051842663015,True,True
659,39,8,52106.33,2,1,1,107964.36,0,True,False,True,0.1546372848485279,4689.5697,181.29558137898138,131.29558137898138,False,True
670,45,9,104930.38,1,1,0,155921.81,1,False,False,False,0.7661297313234546,9443.7342,1808.78138633403,1758.78138633403,True,True
766,34,6,106434.94,1,0,1,137995.66,1,True,False,False,0.6075111704015661,9579.1446,1454.8593368479603,1404.8593368479603,True,True
845,38,2,112803.92,1,1,0,179631.85,0,False,True,False,0.3984017038009718,10152.3528,1011.1786632771417,961.1786632771417,False,True
710,46,10,120530.34,1,1,0,166586.99,1,True,False,False,0.9193595621431754,10847.7306,2493.2412136657813,2443.2412136657813,True,True
602,43,2,113641.49,4,1,0,115116.35,1,True,False,False,0.9468736150193988,10227.7341,2421.0928901810444,2371.0928901810444,True,True
604,43,2,145081.72,1,1,1,23881.62,0,False,True,True,0.4487897927149141,13057.3548,1465.001888524272,1415.001888524272,False,True
637,27,7,135842.89,1,1,1,101418.05,0,True,False,False,0.4823633933118902,12225.8601,1474.3268409981113,1424.3268409981113,False,True
527,31,1,112203.25,1,1,0,182266.01,0,False,False,False,0.3264070155999908,10098.2925,824.0383793951925,774.0383793951925,False,True
687,34,7,129895.19,1,0,1,28698.17,0,False,False,True,0.1842453793907534,11690.5671,538.48324265814,488.48324265813994,False,True
756,41,6,149049.92,1,0,1,50422.36,1,True,False,True,0.610977969771088,13414.492800000002,2048.9898941132196,1998.9898941132196,True,True
503,42,9,153279.39,1,1,1,151336.96,0,True,False,True,0.5887340659325409,13795.1451,2030.4179662130919,1980.4179662130919,True,True
657,42,5,41473.33,1,1,0,112979.6,1,False,True,True,0.6656546726256205,3732.5997,621.1556078364973,571.1556078364973,True,True
615,39,5,113193.51,2,1,1,52166.25,0,True,False,True,0.3271839789604773,10187.415899999998,833.2898173718078,783.2898173718078,False,True
712,27,8,113174.21,2,1,0,147261.58,0,True,False,True,0.2870541106215296,10185.6789,730.960249428995,680.960249428995,False,True
471,42,3,164951.56,1,1,0,190531.77,0,False,False,True,0.5190119203548781,14845.6404,1926.26608322549,1876.26608322549,True,True
608,27,4,153325.1,1,1,1,199953.33,0,False,True,True,0.2194770849320201,13799.258999999998,757.1552848854856,707.1552848854856,False,True
682,47,10,134032.01,1,1,0,144290.97,0,False,True,False,0.7283948594537116,12062.8809,2196.6351094405904,2146.6351094405904,True,True
587,32,3,125445.04,2,1,1,130514.78,0,True,False,False,0.2345716977896082,11290.0536,662.0817602719195,612.0817602719195,False,True
714,35,6,126077.43,2,1,1,53954.24,0,True,False,False,0.2996689081548755,11346.9687,850.0834302991368,800.0834302991368,False,True
648,28,8,90371.09,1,1,1,146851.73,0,True,False,False,0.3083726358812117,8133.3980999999985,627.0293526920597,577.0293526920597,False,True
601,47,1,142802.02,1,1,1,57553.02,0,True,False,False,0.7724798001747314,12852.181799999998,2482.0127071683296,2432.0127071683296,True,True
717,28,1,90537.16,1,0,1,74800.99,0,False,False,False,0.1825992717896239,8148.3444,371.970438432765,321.970438432765,False,True
771,23,7,156123.73,1,1,0,72990.62,0,False,False,False,0.3555929087756195,14051.1357,1249.1210537909876,1199.1210537909876,False,True
626,38,7,141074.59,1,1,0,52795.56,1,False,False,True,0.4172271075431413,12696.7131,1324.3532205045278,1274.3532205045278,False,True
616,42,6,117899.95,2,0,0,150266.81,0,True,False,False,0.4633444543792703,10610.9955,1229.1364800920983,1179.1364800920983,False,True
674,26,6,166257.96,1,1,1,149369.41,0,False,False,True,0.2008195052879547,14963.216399999998,751.2264287411525,701.2264287411525,False,True
698,64,1,169362.43,1,1,0,84760.32,1,True,False,False,0.8539886338834971,15242.6187,3254.255780105012,3204.255780105012,True,True
508,26,7,205962.0,1,1,0,156424.4,0,False,False,True,0.3272023608425092,18536.58,1516.30318448651,1466.30318448651,False,True
672,68,0,126061.51,2,1,1,184936.77,0,True,False,True,0.4132430329664751,11345.5359,1172.1159164865066,1122.1159164865066,False,True
613,21,7,105627.95,1,1,1,36560.51,0,False,False,False,0.2285325706862919,9506.5155,543.1371063710199,493.13710637101985,False,True
712,32,9,100606.02,1,1,0,165693.06,0,False,False,True,0.2767599766086315,9054.5418,626.4836941924691,576.4836941924691,False,True
683,32,0,138171.1,2,1,1,188203.58,0,True,False,False,0.2082918616719826,12435.399,647.5481020859777,597.5481020859777,False,True
489,31,7,139395.08,1,0,1,6120.84,0,False,False,False,0.237905331894338,12545.5572,746.1637373663503,696.1637373663503,False,True
666,50,7,109062.28,1,1,1,140136.1,1,True,False,False,0.7991434934791154,9815.6052,1961.0192575349429,1911.0192575349429,True,True
565,40,1,89994.71,2,0,1,121084.27,0,True,False,False,0.3796505132649258,8099.5239,768.7471014591334,718.7471014591334,False,True
633,59,2,103996.74,1,1,1,103159.11,0,False,False,True,0.4926557258242121,9359.7066,1152.778262131167,1102.778262131167,False,True
578,34,4,175111.11,1,1,1,74858.3,0,False,False,True,0.2201042459461484,15759.9999,867.2107235252187,817.2107235252187,False,True
812,49,8,66079.45,2,0,0,91556.57,1,False,True,False,0.6465393076576234,5947.1505,961.2666417014221,911.2666417014221,True,True
809,33,8,148055.74,1,0,0,199203.21,0,True,False,True,0.4719644220492513,13325.0166,1572.23343960392,1522.23343960392,False,True
713,47,1,95994.98,1,1,0,197529.23,0,True,False,True,0.7845195961709437,8639.5482,1694.4737162408508,1644.4737162408508,True,True
672,23,10,110741.56,1,1,0,80778.5,0,True,False,False,0.500366248008525,9966.7404,1246.7551247057465,1196.7551247057465,True,True
850,70,1,96947.58,3,1,0,62282.99,1,True,False,False,0.9047245539900548,8725.2822,1973.494261708091,1923.494261708091,True,True
633,30,2,109786.82,2,1,1,139712.81,0,True,False,True,0.1536414886563835,9880.8138,379.5257353421344,329.5257353421344,False,True
437,39,0,102721.49,1,0,0,22191.82,0,False,False,False,0.4103791229459464,9244.9341,948.4819869127682,898.4819869127682,False,True
612,33,5,69478.57,1,1,0,8973.67,1,False,True,True,0.407214501298352,6253.0713000000005,636.5853277531345,586.5853277531345,False,True
516,53,1,156674.2,1,1,0,118502.34,1,True,False,False,0.9253642248508104,14100.678000000002,3262.0657418352193,3212.0657418352193,True,True
826,56,8,174506.1,2,0,1,161802.82,1,False,True,False,0.5578222208116218,15705.549,2190.2260555614366,2140.2260555614366,True,True
660,23,6,166070.48,2,0,0,90494.72,0,True,False,False,0.2320198324712851,14946.3432,866.9620113305828,816.9620113305828,False,True
646,29,4,105957.44,1,1,0,15470.91,0,True,False,False,0.5737586766008937,9536.1696,1367.8650123844184,1317.8650123844184,True,True
640,40,8,110340.68,1,1,1,157886.6,0,False,False,True,0.318608004146385,9930.6612,790.9970361964862,740.9970361964862,False,True
679,52,9,135870.01,2,0,0,54038.62,0,True,False,True,0.6480073552088456,12228.3009,1981.0072312267364,1931.0072312267364,True,True
494,30,3,85704.95,1,0,1,27886.06,0,False,False,True,0.1705017835043942,7713.4455,328.7890536784859,278.7890536784859,False,True
539,38,8,105435.74,1,0,0,80575.44,1,True,False,False,0.651061302919672,9489.2166,1544.515430820745,1494.515430820745,True,True
751,34,9,108513.25,2,1,1,27097.82,0,True,False,True,0.2098332711633505,9766.1925,512.3180297714949,462.31802977149493,False,True
528,35,3,156687.1,1,1,0,199320.77,0,False,False,True,0.2966527422757726,14101.839,1045.8373026203597,995.8373026203597,False,True
696,31,3,150604.52,1,0,0,5566.6,0,True,False,True,0.336020526964191,13554.4068,1138.6397289057534,1088.6397289057534,False,True
716,44,6,155114.9,1,0,0,133871.83,0,False,False,False,0.6147340334268564,13960.340999999997,2145.474182736078,2095.474182736078,True,True
647,64,1,91216.0,1,1,1,41800.18,0,False,True,False,0.3819928644353546,8209.44,783.9868752525443,733.9868752525443,False,True
850,61,3,141784.02,1,1,1,92053.75,0,True,False,True,0.6461682361792087,12760.5618,2061.367427740447,2011.367427740447,True,True
590,32,0,127763.24,1,1,0,100717.54,0,False,False,False,0.3390338060793549,11498.6916,974.6112945201768,924.6112945201768,False,True
850,31,6,82613.56,2,1,0,149170.92,0,False,True,True,0.1510302473715873,7435.220399999999,280.73579406856805,230.73579406856805,False,True
789,32,7,69423.52,1,1,0,107499.39,0,False,False,False,0.3829629794366699,6248.116800000001,598.199356399078,548.199356399078,False,True
701,42,6,86167.82,1,1,0,153342.38,0,False,False,False,0.6242403979861693,7755.1038,1210.2622706340135,1160.2622706340135,True,True
570,30,2,131406.56,1,1,1,47952.45,0,False,False,True,0.1933731177064946,11826.5904,571.7361643714247,521.7361643714247,False,True
536,44,4,121898.82,1,0,0,131007.18,0,True,False,False,0.8562557593920493,10970.893800000002,2348.4727504821317,2298.4727504821317,True,True
771,32,9,77487.2,1,0,0,33143.04,0,True,False,True,0.2745585395162191,6973.848,478.6823804220264,428.6823804220264,False,True
698,45,5,164450.94,1,1,0,141970.02,1,False,True,True,0.7209694998590928,14800.584599999998,2667.6925191710475,2617.6925191710475,True,True
656,33,7,138705.02,2,1,0,37136.15,0,False,False,True,0.1944794399858864,12483.4518,606.9436787887014,556.9436787887014,False,True
761,37,7,132730.17,1,1,0,199293.01,0,False,True,True,0.304301096027715,11945.715300000002,908.7735646562612,858.7735646562612,False,True
592,28,2,116498.22,1,1,0,144290.25,0,False,False,True,0.2637489144621742,10484.8398,691.3412788899499,641.3412788899499,False,True
572,35,1,139979.07,1,1,0,185662.84,0,True,False,False,0.5674228547465853,12598.116300000002,1787.1147788438723,1737.1147788438723,True,True
611,43,9,127216.31,2,0,1,17913.25,0,True,False,False,0.5494362759034972,11449.4679,1572.6882510131586,1522.6882510131586,True,True
666,51,2,148222.65,1,0,0,156953.54,1,False,False,True,0.8198209440147946,13340.0385,2734.1107390659263,2684.1107390659263,True,True
726,30,8,134152.29,1,1,1,147822.44,0,False,True,True,0.1721695756468169,12073.7061,519.6812139303461,469.6812139303461,False,True
497,32,8,111537.23,4,1,1,9497.99,1,True,False,False,0.8551941792917594,10038.3507,2146.18477208234,2096.18477208234,True,True
750,39,7,119565.92,1,1,0,87067.73,0,False,True,False,0.4461709716853383,10760.9328,1200.303960904157,1150.303960904157,False,True
652,46,10,121063.8,3,1,0,151481.86,1,True,False,True,0.9676451713131976,10895.741999999998,2635.8030335436,2585.8030335436,True,True
560,27,7,124995.98,1,1,1,114669.79,0,False,True,False,0.2557907178865555,11249.6382,719.3882577855045,669.3882577855045,False,True
660,52,4,86891.84,1,1,0,90877.76,0,True,False,False,0.8327998447409116,7820.265599999999,1628.1789943781728,1578.1789943781728,True,True
581,43,9,78022.61,1,0,1,30662.91,0,False,True,True,0.4034338644329784,7022.034900000001,708.2316689725608,658.2316689725608,False,True
798,34,9,154495.79,1,1,0,191395.88,0,False,False,True,0.2693308724145721,13904.6211,936.2359328642668,886.2359328642668,False,True
705,38,1,189443.72,1,0,1,106648.58,0,False,False,True,0.2330065249446155,17049.9348,993.1865145700668,943.1865145700668,False,True
714,31,6,152926.6,1,1,1,50899.91,0,False,True,False,0.2308239634900898,13763.394,794.2302885389303,744.2302885389303,False,True
664,44,8,142989.69,1,1,1,115452.51,1,False,False,False,0.5497117403814895,12869.0721,1768.5700052964673,1718.5700052964673,True,True
697,43,7,115371.94,2,1,0,64139.1,0,True,False,True,0.6159807537056602,10383.4746,1599.0051275478945,1549.0051275478945,True,True
548,38,0,178056.54,2,1,0,38434.73,0,False,True,True,0.3062718013928043,16025.0886,1227.008188250323,1177.008188250323,False,True
850,39,6,206014.94,2,0,1,42774.84,1,False,True,True,0.2302212409611793,18541.3446,1067.1528407252151,1017.1528407252151,False,True
727,37,9,101191.83,1,1,1,34551.35,1,True,False,True,0.4766165217370719,9107.2647,1085.1682059632044,1035.1682059632044,False,True
586,32,1,149814.54,1,1,0,31830.06,0,True,False,True,0.3913951912192995,13483.3086,1319.3255369414564,1269.3255369414564,False,True
617,36,7,115617.24,1,1,1,71519.4,0,False,True,False,0.2616124466156878,10405.5516,680.5554531154462,630.5554531154462,False,True
791,42,10,113657.41,2,0,1,139946.68,1,True,False,False,0.503637640252908,10229.1669,1287.9483698172887,1237.9483698172887,True,True
673,39,8,138160.0,1,1,1,110468.51,0,False,True,True,0.2156114271911327,12434.4,670.2496825663551,620.2496825663551,False,True
477,36,3,117700.86,1,0,0,74042.0,0,True,False,False,0.5489122007622997,10593.0774,1453.667357119845,1403.667357119845,True,True
850,37,9,122506.38,1,0,1,199693.84,1,True,False,True,0.5915995189398374,11025.5742,1630.6810981888705,1580.6810981888705,True,True
579,39,3,166501.17,2,1,0,93835.64,0,False,False,False,0.3275603880432167,14985.1053,1227.1317267341158,1177.1317267341158,False,True
651,46,4,89743.05,1,1,0,156425.57,1,False,True,False,0.7850538155190359,8076.8745,1585.1952859233513,1535.1952859233513,True,True
681,18,1,98894.39,1,1,1,9596.4,0,False,False,False,0.2214570576098636,8900.4951,492.76936402925213,442.76936402925213,False,True
658,37,3,168735.74,2,0,0,70370.24,0,True,False,True,0.2922700685016349,15186.2166,1109.6191414906662,1059.6191414906662,False,True
528,62,7,133201.17,1,0,0,168507.68,1,True,False,False,0.9213044304356398,11988.1053,2761.1736313547435,2711.1736313547435,True,True
562,31,4,127237.25,2,0,1,143317.42,0,True,False,True,0.177148922178094,11451.3525,507.14868821410556,457.14868821410556,False,True
678,36,1,117864.85,2,1,0,27619.06,0,True,False,True,0.3365112030473443,10607.8365,892.4139555861324,842.4139555861324,False,True
705,64,3,153469.26,3,0,0,146573.66,1,True,False,False,0.9540663431382208,13812.2334,3294.4467526273984,3244.4467526273984,True,True
650,23,4,93911.3,2,1,0,69055.45,0,True,False,True,0.2391121891110329,8452.017,505.24507181841625,455.24507181841625,False,True
593,46,2,76597.79,1,1,1,54453.72,0,False,True,False,0.5578500872842244,6893.801099999999,961.4268863387703,911.4268863387703,True,True
652,40,4,79927.36,2,1,1,33524.6,0,False,False,False,0.2849913655295802,7193.4624,512.5186680654228,462.51866806542284,False,True
584,32,8,40172.91,1,1,1,137439.34,0,True,False,True,0.176565334116574,3615.5619,159.5957237231638,109.59572372316379,False,True
516,33,7,115195.58,1,1,1,11205.5,0,False,False,True,0.2151892307279753,10367.6022,557.7490854779161,507.7490854779161,False,True
789,43,9,116644.29,2,1,1,60176.1,0,True,False,False,0.4927549492389172,10497.986099999998,1293.2336519540895,1243.2336519540895,False,True
598,20,8,180293.84,2,1,1,29552.7,0,True,False,True,0.1454410409103525,16226.4456,589.9977845848024,539.9977845848024,False,True
669,30,7,139872.81,1,1,0,188795.85,0,True,False,False,0.529016593835256,12588.5529,1664.8883441182336,1614.8883441182336,True,True
645,24,3,34547.82,1,1,1,11638.17,0,False,False,False,0.2743762937218958,3109.3038,213.2798131748517,163.2798131748517,False,True
833,29,1,96462.25,2,0,1,48986.18,0,True,False,True,0.1541097647739914,8681.602499999999,334.4799297840739,284.4799297840739,False,True
697,40,7,130334.35,2,0,1,116951.1,0,False,True,False,0.2948154401715058,11730.0915,864.5530222061346,814.5530222061346,False,True
580,39,3,119688.81,1,1,0,137041.26,0,True,False,True,0.6712275258756193,10771.9929,1807.614535754184,1757.614535754184,True,True
478,32,6,71187.24,1,1,1,110593.62,0,False,False,False,0.262241129443802,6406.8516,420.0349999407075,370.0349999407075,False,True
595,39,9,136422.41,1,1,1,151757.81,0,False,False,False,0.408277854371584,12278.0169,1253.2105989675117,1203.2105989675117,False,True
422,41,6,153238.88,1,1,0,11663.09,0,False,False,True,0.4639684841815938,13791.4992,1599.7052446039158,1549.7052446039158,False,True
635,78,6,47536.4,1,1,1,119400.08,0,False,False,False,0.294755564294135,4278.276,315.2614141465137,265.2614141465137,False,True
834,36,8,142882.49,1,1,0,89983.02,1,False,False,True,0.352808944121821,12859.4241,1134.2299596839246,1084.2299596839246,False,True
650,31,1,160566.11,2,0,0,27073.81,0,False,False,False,0.2393537461545522,14450.949899999996,864.7222485141876,814.7222485141876,False,True
743,65,2,131935.51,1,1,1,96399.67,1,True,False,True,0.7498349563214941,11874.1959,2225.921791007341,2175.921791007341,True,True
567,38,6,127678.8,2,0,0,45422.89,0,False,False,True,0.2118521807230945,11491.092,608.6032247724264,558.6032247724264,False,True
706,46,4,105214.58,1,1,0,108699.59,1,True,False,False,0.911479461787906,9469.3122,2157.770896889413,2107.770896889413,True,True
638,46,9,139859.54,1,1,0,38967.29,0,False,False,True,0.6857884135778199,12587.3586,2158.066171357282,2108.066171357282,True,True
574,34,5,112324.45,2,1,1,17993.43,0,False,False,False,0.181463769590685,10109.2005,458.61340756950943,408.61340756950943,False,True
642,30,8,134497.27,1,0,0,43250.54,0,True,False,True,0.4966980782998139,12104.7543,1503.1020497753523,1453.1020497753523,False,True
722,35,1,120171.58,1,1,0,125240.8,0,False,True,False,0.3898619694490294,10815.4422,1054.1323991385357,1004.1323991385357,False,True
623,23,1,106012.2,2,0,1,191415.94,0,False,False,True,0.1354748094636416,9541.098,323.144608405983,273.144608405983,False,True
850,42,8,119839.69,1,0,1,51016.02,1,True,False,True,0.6352185586737338,10785.5721,1712.798890958409,1662.798890958409,True,True
589,38,8,92219.21,1,1,0,99106.97,0,True,False,True,0.4981122909075081,8299.7289,1033.549244072563,983.5492440725629,False,True
555,48,3,142055.41,2,0,1,79134.78,0,True,False,True,0.5465298147577962,12784.9869,1746.8441305344627,1696.8441305344627,True,True
748,49,7,29602.08,1,0,0,163550.58,1,False,False,False,0.856746811968035,2664.1872000000003,570.6334725215115,520.6334725215115,True,True
778,37,3,141803.77,1,0,1,179421.84,0,False,False,True,0.24804979523159,12762.3393,791.4239125102683,741.4239125102683,False,True
708,47,0,126589.12,2,0,1,132730.07,1,False,False,False,0.6092401816790445,11393.020799999998,1735.271515516283,1685.271515516283,True,True
680,33,2,108393.35,1,0,1,39057.67,0,False,False,True,0.1831175184151321,9755.4015,446.59622845581436,396.59622845581436,False,True
567,43,2,115643.58,2,0,0,174606.35,0,False,True,True,0.3700985919162412,10407.9222,962.9893377484469,912.9893377484469,False,True
564,48,5,132876.23,1,1,0,79259.77,0,False,True,True,0.7105957524721981,11958.8607,2124.478904456674,2074.478904456674,True,True
709,24,3,110949.41,1,1,1,168515.61,0,False,False,False,0.2598995941504792,9985.4469,648.8033991802902,598.8033991802902,False,True
629,46,1,130666.2,1,1,1,161125.67,1,False,False,True,0.5168416370137582,11759.958,1519.5089859832606,1469.5089859832606,True,True
510,45,10,103821.47,2,0,1,77878.62,0,False,False,False,0.4275410000419854,9343.9323,998.7285399666523,948.7285399666523,False,True
650,32,1,132187.73,2,1,1,178331.36,0,False,True,True,0.1440647057908495,11896.8957,428.4806947112306,378.4806947112306,False,True
850,49,8,98649.55,1,1,0,119174.88,1,True,False,True,0.9028865467893896,8878.4595,2004.060409691113,1954.060409691113,True,True
489,38,2,126444.08,2,1,1,82662.73,0,True,False,True,0.2638876269188678,11379.9672,750.7581347056381,700.7581347056381,False,True
659,30,8,154159.51,1,1,0,40441.1,0,True,False,False,0.502221282180275,13874.355900000002,1741.9992023808659,1691.9992023808659,True,True
477,48,8,129250.0,2,1,1,157937.35,0,True,False,True,0.5728533656166379,11632.5,1665.929193883885,1615.929193883885,True,True
619,33,2,167733.51,2,1,1,65222.48,0,False,False,False,0.2001200419237145,15096.0159,755.2538336972651,705.2538336972651,False,True
619,31,2,56116.3,2,0,0,2181.94,0,True,False,False,0.161067658582616,5050.467000000001,203.36672360969226,153.36672360969226,False,True
758,30,3,141581.08,1,1,0,156249.06,0,False,False,False,0.3548829642281629,12742.2972,1130.5060503530551,1080.5060503530551,False,True
516,50,7,139675.07,2,1,0,45591.23,0,True,False,True,0.6539765052701929,12570.7563,2055.244818419315,2005.244818419315,True,True
789,27,8,66201.96,1,1,1,79458.12,0,False,False,False,0.20808054659157,5958.1764,309.9451505002482,259.9451505002482,False,True
485,34,3,133658.24,1,1,0,70209.83,0,True,False,True,0.5162022338752258,12029.2416,1552.3803464361988,1502.3803464361988,True,True
446,25,3,136202.78,1,1,0,176743.51,0,True,False,True,0.4119614408145347,12258.2502,1262.4816035642646,1212.4816035642646,False,True
597,60,0,131778.08,1,0,0,10703.53,1,False,False,False,0.8472104430915993,11860.0272,2511.984724797605,2461.984724797605,True,True
805,26,8,42712.87,2,1,1,28861.69,0,True,False,False,0.1039328508932011,3844.1583,99.88358285094036,49.88358285094036,False,True
670,31,1,142631.54,2,1,1,175894.24,0,True,False,True,0.1409077712004083,12836.8386,452.20257909634233,402.20257909634233,False,True
670,33,2,141204.65,2,1,0,76257.46,0,False,False,True,0.1939968856032554,12708.418499999998,616.3484024856986,566.3484024856986,False,True
524,25,7,131402.21,1,0,0,193668.49,0,True,False,False,0.4576783303270273,11826.1989,1353.1487416668317,1303.1487416668317,False,True
734,39,3,92636.96,2,1,1,125671.29,0,False,True,False,0.2374909530117926,8337.3264,495.0098980765945,445.0098980765945,False,True
578,31,5,102088.68,4,0,0,187866.21,1,True,False,False,0.796229101256941,9187.981199999998,1828.9345033104173,1778.9345033104173,True,True
843,38,8,134887.53,1,1,1,10804.04,0,False,False,False,0.2736153921700961,12139.8777,830.414349445626,780.414349445626,False,True
700,28,8,159900.38,1,0,0,22698.56,0,False,True,True,0.3058327260257895,14391.034200000002,1100.3123049290919,1050.3123049290919,False,True
410,50,2,102278.79,2,1,0,89822.48,0,True,False,False,0.7039795626531915,9205.0911,1620.0490016901963,1570.0490016901963,True,True
620,35,0,76989.97,1,1,1,17242.79,0,True,False,True,0.2128124317915514,6929.097299999999,368.64951163331824,318.64951163331824,False,True
850,39,5,114491.82,1,1,0,99689.48,0,True,False,False,0.5844950245362664,10304.2638,1505.6977306522906,1455.6977306522906,True,True
749,54,3,144768.94,1,1,0,93336.3,1,True,False,True,0.922815887804476,13029.2046,3005.8892525837905,2955.8892525837905,True,True
445,31,7,145056.59,1,1,1,175893.53,0,False,False,True,0.244882757282747,13055.093099999998,799.2417987277412,749.2417987277412,False,True
443,50,3,117206.3,1,1,0,42840.18,1,True,False,True,0.8990193445170201,10548.567,2370.841447483467,2320.841447483467,True,True
637,41,2,138014.4,2,1,0,140298.24,0,True,False,True,0.3532167631961717,12421.295999999998,1096.8524919553886,1046.8524919553886,False,True
616,45,6,128352.59,3,1,1,144000.59,1,True,False,False,0.9179451660316288,11551.7331,2650.96438960814,2600.96438960814,True,True
756,23,1,112568.31,1,1,1,113408.11,0,False,False,False,0.2030101719687168,10131.1479,514.181519354876,464.18151935487595,False,True
850,41,1,176958.46,2,0,1,125806.3,0,True,False,True,0.1971405778985754,15926.2614,784.9280940399435,734.9280940399435,False,True
703,38,9,99167.54,1,1,0,65720.92,0,True,False,False,0.6296917327966608,8925.078599999999,1405.0120522450986,1355.0120522450986,True,True
684,42,3,103210.27,1,1,0,31002.03,0,False,True,False,0.5676332175593619,9288.9243,1318.175497018586,1268.175497018586,True,True
706,48,10,104478.12,3,0,1,158248.71,1,True,False,False,0.9406532048618156,9403.0308,2211.2477643585903,2161.2477643585903,True,True
580,61,8,125921.37,1,1,1,94677.83,0,False,True,True,0.4067980750282063,11332.9233,1152.552845720577,1102.552845720577,False,True
676,48,3,80697.44,1,0,0,101397.86,0,True,False,True,0.7768579545882979,7262.7696,1410.5350840255176,1360.5350840255176,True,True
708,44,2,161887.81,2,1,0,84870.23,0,False,False,False,0.5134799194814286,14569.9029,1870.338141986058,1820.338141986058,True,True
809,24,7,109558.36,1,1,0,183515.13,0,False,False,True,0.283142230398491,9860.2524,697.9634642070184,647.9634642070184,False,True
588,38,1,124271.26,1,1,0,75969.19,0,False,False,True,0.3825835137578559,11184.413399999998,1069.7430444731117,1019.7430444731117,False,True
537,42,1,190569.23,1,0,1,127154.8,0,False,True,True,0.3655412002215775,17151.2307,1567.3703638387917,1517.3703638387917,False,True
536,53,2,143923.96,1,1,0,2019.78,1,False,True,True,0.7948832895796485,12953.1564,2574.0618924179194,2524.0618924179194,True,True
769,48,2,96542.16,2,0,1,197885.72,0,False,False,True,0.3748534120647622,8688.794399999999,814.2560568922994,764.2560568922994,False,True
771,45,0,139825.56,1,0,0,170984.97,1,False,True,True,0.7168453178401054,12584.300399999998,2255.249205008341,2205.249205008341,True,True
497,24,6,111769.14,2,1,0,55859.27,0,True,False,True,0.2744982526053241,10059.2226,690.3097565669963,640.3097565669963,False,True
602,30,9,113672.18,2,0,0,102135.92,0,False,True,True,0.1796767054849128,10230.4962,459.54546317297985,409.54546317297985,False,True
543,32,7,147256.86,1,1,0,112771.95,0,False,False,False,0.3481892182784833,13253.1174,1153.6481468147413,1103.6481468147413,False,True
520,45,7,107023.03,1,1,0,32903.93,0,False,True,True,0.6915962404046987,9632.0727,1665.376316656184,1615.376316656184,True,True
669,37,1,125529.55,1,1,1,162260.93,0,False,False,True,0.2165272829008619,11297.6595,611.5628786685274,561.5628786685274,False,True
537,48,4,131834.8,1,1,0,166476.95,1,True,False,True,0.921935779099925,11865.131999999998,2734.7224286358623,2684.7224286358623,True,True
844,56,5,99529.7,1,0,1,157230.06,1,False,True,True,0.458424595278262,8957.672999999999,1026.6044049150037,976.6044049150037,False,True
652,27,10,107303.72,2,0,0,44435.76,0,False,False,True,0.1601713094461078,9657.3348,386.7069901688664,336.7069901688664,False,True
660,33,0,72783.42,1,0,0,181051.99,0,False,False,True,0.2919575945510528,6550.507799999999,478.11762509397715,428.11762509397715,False,True
533,22,10,115743.6,1,0,0,43852.05,0,True,False,False,0.4274314199628443,10416.924,1113.130154241258,1063.130154241258,False,True
850,43,4,161256.53,1,1,1,140071.57,0,False,False,True,0.3476515003954534,14513.0877,1261.37417856895,1211.37417856895,False,True
585,40,3,162261.01,2,1,0,137028.51,0,True,False,False,0.3572258082843257,14603.4909,1304.1859601313238,1254.1859601313238,False,True
754,39,3,74896.33,1,0,0,34430.16,0,False,False,True,0.3599702315785611,6740.6697,606.6101082258975,556.6101082258975,False,True
837,35,0,144037.6,1,1,0,145325.32,0,True,False,True,0.4853025145356255,12963.383999999998,1572.7907130227236,1522.7907130227236,False,True
567,23,9,93522.2,1,0,1,81425.61,0,False,False,False,0.2075561653252502,8416.998,436.749957107575,386.749957107575,False,True
627,38,8,106922.92,2,0,1,84270.09,0,True,False,True,0.2455644889952383,9623.0628,590.7706247627717,540.7706247627717,False,True
505,26,8,112972.57,1,1,0,145011.62,0,False,False,True,0.2556603877426062,10167.5313,649.8587486357712,599.8587486357712,False,True
566,35,1,123042.0,1,1,0,66245.44,1,True,False,False,0.66123497479746,11073.78,1830.5926598031542,1780.5926598031542,True,True
619,33,3,100488.92,2,0,1,36446.74,0,True,False,False,0.2207367514136708,9044.002799999998,499.08594946203556,449.08594946203556,False,True
757,44,4,123322.15,1,1,0,137136.29,0,False,False,False,0.6685579092776236,11098.9935,1855.0799723614837,1805.0799723614837,True,True
621,42,8,68683.68,1,1,1,74157.71,0,False,True,True,0.3906236313413349,6181.531199999999,603.6630411484398,553.6630411484398,False,True
543,49,6,59532.18,1,1,0,104253.56,0,True,False,True,0.6788404781708448,5357.8962,909.2892045994381,859.2892045994381,True,True
658,43,7,140260.36,2,1,0,2748.72,0,False,False,False,0.4548538652982134,12623.432399999998,1435.4542551176755,1385.4542551176755,False,True
633,50,7,88302.65,1,1,1,195937.16,0,True,False,True,0.5736846727709567,7947.238499999999,1139.802229576312,1089.802229576312,True,True
501,40,5,114655.58,1,0,0,126535.92,0,True,False,True,0.6590603512169914,10319.0022,1700.2113035352268,1650.2113035352268,True,True
683,42,4,148283.94,1,1,1,44692.63,1,False,False,False,0.510494063086633,13345.5546,1703.2065979746264,1653.2065979746264,True,True
638,53,1,123916.67,1,1,0,16657.68,1,True,False,False,0.9449346404708328,11152.5003,2634.5959653328387,2584.5959653328387,True,True
725,43,2,165896.0,2,1,0,130795.52,0,False,False,True,0.3898400750307271,14930.64,1455.1404544641937,1405.1404544641937,False,True
791,36,6,111168.97,1,1,1,189969.91,0,False,False,True,0.2024178550231148,10005.207299999998,506.30815018190236,456.30815018190236,False,True
702,40,1,103549.24,1,0,0,9712.52,1,False,False,False,0.5359362728600687,9319.4316,1248.6553592195867,1198.6553592195867,True,True
535,30,6,103804.97,1,1,1,125710.53,0,False,False,True,0.2003480289069134,9342.4473,467.9352254304287,417.9352254304287,False,True
651,45,2,165901.59,2,1,0,23054.51,1,False,False,True,0.6073495639507184,14931.1431,2267.1058127676943,2217.1058127676943,True,True
506,59,8,119152.1,2,1,1,170679.74,0,True,False,True,0.5630253680958471,10723.689,1509.4272366425967,1459.4272366425967,True,True
511,57,8,122950.31,1,1,1,181258.76,0,False,True,False,0.5591598052476562,11065.5279,1546.8496063816262,1496.8496063816262,True,True
768,49,1,133384.66,1,1,0,102397.22,1,True,False,True,0.925837341572234,12004.6194,2778.5812279706165,2728.5812279706165,True,True
537,37,7,158411.95,4,1,1,117690.58,1,True,False,False,0.8509327492696049,14257.0755,3032.953112939832,2982.953112939832,True,True
570,29,4,122028.65,2,1,1,173792.77,0,True,False,True,0.1713573502845839,10982.5785,470.48638776311,420.48638776311,False,True
661,64,8,128751.65,2,1,0,189398.18,1,True,False,False,0.787571035332228,11587.6485,2281.5240815527345,2231.5240815527345,True,True
659,54,8,133436.52,1,1,0,56787.8,0,False,False,True,0.805096333226819,12009.286799999998,2417.158191837309,2367.158191837309,True,True
454,40,2,123177.01,1,1,0,148309.98,0,False,True,True,0.4157348596518083,11085.9309,1152.201981705286,1102.201981705286,False,True
720,37,2,120328.88,2,1,1,138470.21,0,False,False,False,0.2284385685059213,10829.5992,618.4745346852177,568.4745346852177,False,True
785,39,1,130147.98,1,1,0,163798.41,1,False,False,False,0.4517717194510266,11713.3182,1322.936475922751,1272.936475922751,False,True
743,36,8,92716.96,1,1,1,33693.78,0,False,True,False,0.2396026922781682,8344.5264,499.84274780656267,449.84274780656267,False,True
850,40,1,76914.21,1,1,0,174183.44,0,False,False,True,0.4426390931139249,6922.2789,766.0178136444144,716.0178136444144,False,True
799,32,3,106045.92,2,1,1,17938.0,0,False,False,False,0.1778105707659165,9544.1328,424.26192515842615,374.26192515842615,False,True
756,34,1,103133.26,1,1,1,90059.04,0,False,False,True,0.1486498992544121,9281.9934,344.9418459475295,294.9418459475295,False,True
752,38,0,145974.79,2,1,1,137694.23,0,False,False,True,0.1641010235034078,13137.7311,538.978780005638,488.978780005638,False,True
559,31,1,139183.06,1,0,1,143360.56,0,False,True,False,0.2752417504365466,12526.4754,861.952253974085,811.952253974085,False,True
580,36,3,74974.89,1,1,1,12099.67,0,True,False,False,0.2912374926566509,6747.740099999999,491.29872695568463,441.29872695568463,False,True
487,44,6,61691.45,1,1,1,53087.98,0,False,True,True,0.4669827494180777,5552.2305,648.1989660732271,598.1989660732271,False,True
646,35,1,121952.75,2,1,1,142839.82,0,True,False,False,0.2789575361738139,10975.7475,765.4418700664744,715.4418700664744,False,True
548,33,1,80107.83,2,0,1,82245.67,0,False,False,False,0.1595256889085648,7209.7047,287.5332772737044,237.5332772737044,False,True
613,40,1,147856.82,3,0,0,107961.11,1,True,False,True,0.8589910433094494,13307.1138,2857.672891624893,2807.672891624893,True,True
850,53,7,65407.16,2,0,0,182633.63,1,False,True,False,0.655549425252993,5886.6444,964.7465882721874,914.7465882721874,True,True
752,53,8,114233.18,1,1,1,51587.04,0,False,False,False,0.5517174496308856,10280.9862,1418.0498714885825,1368.0498714885825,True,True
664,53,7,187602.18,1,1,0,186392.99,1,False,True,False,0.8069748904779823,16884.1962,3406.280594825941,3356.280594825941,True,True
510,22,3,156834.34,1,0,0,44374.44,0,False,False,False,0.3196272559327824,14115.0906,1127.8919189301528,1077.8919189301528,False,True
529,42,1,157498.9,1,1,1,82276.62,0,False,False,True,0.3857028006114507,14174.900999999998,1366.824753522513,1316.824753522513,False,True
756,19,4,130274.22,1,1,1,133535.29,0,False,True,True,0.2047497244862089,11724.6798,600.1562396847547,550.1562396847547,False,True
705,39,5,149379.66,2,1,0,96075.55,0,False,False,False,0.3029906728156866,13444.1694,1018.3644829885164,968.3644829885164,False,True
719,35,1,100829.94,1,1,1,165008.97,0,False,True,True,0.1860526212476091,9074.6946,422.09267933788095,372.09267933788095,False,True
793,32,1,96408.98,1,1,1,138191.81,0,True,False,False,0.3535306424830064,8676.8082,766.8793944119545,716.8793944119545,False,True
823,71,5,149105.08,1,0,1,162683.06,0,False,False,True,0.2497677043481871,13419.457199999995,837.9367546106873,787.9367546106873,False,True
651,41,1,90218.11,1,1,0,174337.68,0,True,False,True,0.6177090878250502,8119.6299,1253.892294751501,1203.892294751501,True,True
697,33,1,87347.7,1,1,0,172524.51,0,False,False,False,0.3430535709065538,7861.293,674.2111588981737,624.2111588981737,False,True
643,33,0,137811.75,1,1,1,184856.89,0,False,False,False,0.2716995733140061,12403.0575,842.4763576347709,792.4763576347709,False,True
822,37,3,105563.0,1,1,0,182624.93,0,False,False,True,0.3579475320642363,9500.67,850.185344864182,800.185344864182,False,True
672,31,6,91125.75,1,1,0,177295.92,0,False,False,True,0.3118343662784333,8201.317500000001,639.3631613151813,589.3631613151813,False,True
775,77,6,135120.56,1,1,0,37836.64,0,True,False,False,0.582927603102097,12160.8504,1772.2238438387944,1722.2238438387944,True,True
752,36,1,86837.95,1,1,1,105280.55,0,False,False,False,0.2312069256409114,7815.4155,451.7445475903316,401.7445475903316,False,True
613,26,4,100446.57,1,0,1,149653.81,0,False,False,True,0.1931177698086736,9040.1913,436.45539562494343,386.45539562494343,False,True
786,32,6,114512.59,1,1,0,15796.66,0,False,True,False,0.358910531949643,10306.1331,924.7449283162058,874.7449283162058,False,True
727,35,5,136364.46,1,0,0,142754.71,0,False,False,True,0.2972928512184866,12272.8014,912.1540301610585,862.1540301610585,False,True
622,31,5,106260.67,1,1,1,2578.43,0,False,False,True,0.2129343873864826,9563.4603,509.0973900688618,459.0973900688618,False,True
794,24,10,146126.75,1,1,1,88992.05,0,False,False,True,0.1696912197652641,13151.4075,557.9195950762606,507.91959507626063,False,True
636,52,4,111284.53,1,0,1,32936.44,1,False,True,True,0.5249587569504109,10015.6077,1314.4452420737412,1264.4452420737412,True,True
741,42,9,121056.63,2,1,0,39122.58,0,False,True,False,0.4396533664289013,10895.0967,1197.5164854308534,1147.5164854308534,False,True
687,34,5,128270.56,1,1,0,191092.62,0,False,False,True,0.3004210050006724,11544.3504,867.0413373119786,817.0413373119786,False,True
762,32,10,191775.65,1,1,0,179657.83,0,False,False,True,0.3419460117812419,17259.8085,1475.4806701707446,1425.4806701707446,False,True
561,34,4,85141.79,2,1,1,29217.37,0,False,True,True,0.1577527387929516,7662.7611,302.2053875602726,252.20538756027258,False,True
609,26,10,126392.18,1,0,1,43651.49,0,False,False,True,0.1877671081521507,11375.2962,533.9766179620373,483.97661796203727,False,True
556,40,9,129860.37,1,0,0,17992.94,0,False,False,False,0.5288266584021885,11687.4333,1545.1565743343656,1495.1565743343656,True,True
531,53,5,127642.44,1,1,0,141501.45,1,False,False,False,0.8601199561944908,11487.8196,2470.2257227805535,2420.2257227805535,True,True
587,44,5,125584.17,2,1,1,41852.24,1,True,False,False,0.6377834518754479,11302.5753,1802.1488724790443,1752.1488724790443,True,True
683,56,7,50911.21,3,0,0,97629.31,1,False,True,True,0.8925603557157643,4582.0089,1022.4298734191995,972.4298734191995,True,True
654,29,2,91955.61,1,1,0,37065.66,0,False,False,True,0.2799497126246473,8276.0049,579.2162983587932,529.2162983587932,False,True
670,36,2,84266.44,2,0,0,38614.69,0,True,False,False,0.2028376385605287,7583.9796,384.5791282388057,334.5791282388057,False,True
655,36,2,147149.59,1,1,1,87816.86,0,False,False,False,0.2612801757463573,13243.4631,865.0635915645996,815.0635915645996,False,True
534,23,5,104822.45,1,0,1,160176.47,0,False,False,False,0.2523679247980989,9434.0205,595.2110440219309,545.2110440219309,False,True
635,42,1,146766.72,2,0,1,164357.1,0,False,False,True,0.3022343957286938,13209.0048,998.053895976354,948.053895976354,False,True
491,70,6,148745.92,2,1,1,17818.33,0,True,False,True,0.3563619941380211,13387.1328,1192.6663350996275,1142.6663350996275,False,True
684,41,6,135203.81,2,1,1,121967.88,0,False,False,False,0.2958682566779821,12168.3429,900.0566001207253,850.0566001207253,False,True
706,23,2,93301.97,2,0,1,127187.04,0,True,False,True,0.1150091764555066,8397.1773,241.4381114559686,191.4381114559686,False,True
490,33,5,96341.0,2,0,0,108313.34,0,True,False,True,0.2165391613991548,8670.69,469.3859853380094,419.3859853380094,False,True
796,44,8,165326.2,1,1,1,57205.55,0,False,False,True,0.3689562187440549,14879.358,1372.4579162547757,1322.4579162547757,False,True
779,41,10,99786.2,1,1,0,86927.53,0,False,False,False,0.5460483560189483,8980.758,1225.9820354260046,1175.9820354260046,True,True
794,22,4,114440.24,1,1,1,107753.07,0,False,True,False,0.2266369859428606,10299.6216,583.568798943996,533.568798943996,False,True
748,36,4,141573.55,1,1,0,82158.14,0,False,True,True,0.3380746265902365,12741.619499999995,1076.9045636543435,1026.9045636543435,False,True
645,55,1,133676.65,1,0,1,17095.49,0,False,True,False,0.5396860500288769,12030.8985,1623.227022440835,1573.227022440835,True,True
464,33,10,147493.7,2,1,0,100447.53,0,False,False,False,0.2689768474381491,13274.433,892.628784967233,842.628784967233,False,True
522,37,3,95022.57,1,1,1,129107.59,0,True,False,False,0.5112238637914127,8552.031299999999,1093.0006211127743,1043.0006211127743,True,True
669,50,4,149713.61,3,1,1,124872.42,1,False,False,True,0.8622369006979562,13474.224899999996,2904.4934792708063,2854.4934792708063,True,True
648,43,1,107963.38,1,0,0,186438.86,1,True,False,False,0.8847604087200598,9716.7042,2149.2387948509804,2099.2387948509804,True,True
571,33,9,102017.25,2,0,0,128600.49,0,False,False,False,0.2388448815043285,9181.5525,548.2417047220678,498.24170472206777,False,True
793,29,8,96674.55,2,0,0,192120.66,0,False,True,True,0.1434653628025054,8700.7095,312.0626112641764,262.0626112641764,False,True
783,44,3,81811.71,1,1,0,164213.53,1,False,True,False,0.735544600417909,7363.053900000001,1353.9636346827567,1303.9636346827567,True,True
751,33,4,79281.61,1,1,0,117547.76,0,False,True,True,0.3052678061225131,7135.3449,544.5477708876157,494.5477708876157,False,True
655,36,10,122314.39,1,1,0,9181.66,0,True,False,False,0.6452913942350864,11008.2951,1775.8895233075673,1725.8895233075673,True,True
614,43,8,140733.74,1,1,1,166588.76,0,True,False,True,0.6952016125183831,12666.036599999998,2201.362267134214,2151.362267134214,True,True
678,49,2,116933.11,1,1,0,195053.58,1,True,False,True,0.9186923472591784,10523.9799,2417.0749492098535,2367.0749492098535,True,True
562,41,5,165445.04,2,1,0,85787.31,0,False,True,True,0.2901432211232896,14890.0536,1080.0620285506086,1030.0620285506086,False,True
711,53,5,123805.03,1,1,0,102428.51,0,True,False,False,0.9278595800779738,11142.452699999998,2584.6578708151706,2534.6578708151706,True,True
620,37,0,107548.94,1,1,0,71175.94,0,False,False,True,0.3609464017314065,9679.4046,873.4365653181061,823.4365653181061,False,True
437,49,9,111634.29,2,0,1,166440.32,0,False,False,True,0.4484348946973962,10047.0861,1126.3659993172935,1076.3659993172935,False,True
691,41,8,109153.96,3,1,1,148848.76,1,True,False,False,0.9317874176108276,9823.8564,2288.4364464839005,2238.4364464839005,True,True
765,34,5,86055.17,2,1,1,104220.5,0,True,False,True,0.1265228648932734,7744.9653,244.97879956374769,194.97879956374769,False,True
707,51,10,98438.23,1,0,0,70778.63,1,True,False,False,0.9180346643620234,8859.4407,2033.3184173649372,1983.3184173649372,True,True
585,32,8,144705.87,2,0,0,171482.56,0,False,False,False,0.2673207635041605,13023.528299999998,870.3648821685102,820.3648821685102,False,True
605,41,5,91612.91,1,1,1,28427.84,0,False,False,True,0.3396433855184078,8245.1619,700.1036754658468,650.1036754658468,False,True
803,32,9,192122.84,1,1,1,54277.45,1,False,False,False,0.4195881210812002,17291.0556,1813.7803826786412,1763.7803826786412,False,True
735,41,7,179904.0,1,1,1,137180.95,0,False,False,True,0.3759708386066064,16191.36,1521.8697993453657,1471.8697993453657,False,True
673,59,0,178058.06,2,0,1,21063.71,1,False,False,True,0.4360705077770045,16025.2254,1747.0320443547375,1697.0320443547375,False,True
652,30,2,176166.56,2,1,1,152210.81,0,False,False,True,0.1563127152023128,15854.9904,619.5841497326509,569.5841497326509,False,True
694,42,3,156864.2,2,0,0,88890.75,0,False,False,True,0.3381661686912068,14117.778000000002,1193.5387241732521,1143.5387241732521,False,True
523,34,2,161588.89,1,1,1,51358.66,0,False,False,True,0.2222583138206173,14543.0001,808.0756700297671,758.0756700297671,False,True
540,48,2,109349.29,1,1,0,88703.04,1,False,False,True,0.7595823198897023,9841.4361,1868.8452159710662,1818.8452159710662,True,True
748,60,0,152335.7,1,1,0,126743.33,1,False,False,True,0.8373719551822703,13710.213,2870.136966443845,2820.136966443845,True,True
562,51,1,124662.54,1,1,1,65390.46,1,False,False,False,0.6163606568204305,11219.6286,1728.8344132943218,1678.8344132943218,True,True
734,47,10,91522.04,2,1,1,138835.91,0,True,False,False,0.5869636221424612,8236.9836,1208.7024323460125,1158.7024323460125,True,True
539,39,6,62052.28,1,0,1,59755.14,0,False,True,False,0.4190823246042716,5584.705199999999,585.1128093613908,535.1128093613908,False,True
542,32,7,107871.72,1,1,0,125302.64,0,False,False,True,0.2856422731891733,9708.4548,693.2862745565851,643.2862745565851,False,True
717,36,2,99472.76,2,1,0,94274.72,1,False,False,False,0.308693379936473,8952.5484,690.8981061602159,640.8981061602159,False,True
682,50,10,128039.01,1,1,1,102260.16,0,False,True,False,0.4960304313453469,11523.5109,1429.0030205849516,1379.0030205849516,False,True
526,33,8,114634.63,2,1,0,110114.38,1,False,True,False,0.302833011743969,10317.1167,781.0908806937497,731.0908806937497,False,True
702,26,5,56738.47,2,1,1,100442.22,1,False,False,True,0.1625743572401371,5106.4623,207.54495654837305,157.54495654837305,False,True
651,34,2,90355.12,2,0,0,193597.94,0,True,False,True,0.2178760813369692,8131.960799999999,442.9399381724612,392.9399381724612,False,True
792,36,5,115725.24,2,0,0,1871.25,0,True,False,True,0.2734813919223054,10415.2716,712.0957436042142,662.0957436042142,False,True
817,58,3,114327.59,2,1,1,42831.11,0,True,False,True,0.5283578191991031,10289.4831,1359.1322128505067,1309.1322128505067,True,True
674,36,6,100762.64,1,1,0,182156.86,0,True,False,False,0.5892069094255836,9068.6376,1335.8259832491606,1285.8259832491606,True,True
513,39,7,89039.9,2,1,1,146738.83,0,False,True,True,0.168597533095333,8013.5909999999985,337.7679184587406,287.7679184587406,False,True
561,34,1,78829.53,1,1,1,12148.2,0,False,False,True,0.1811354953662944,7094.6577,321.2735842359487,271.2735842359487,False,True
627,30,6,112372.96,1,1,1,118029.09,0,True,False,True,0.3755667876958332,10113.5664,949.5799112491279,899.5799112491279,False,True
682,81,6,122029.15,1,1,1,50783.88,0,True,False,True,0.3415073487520943,10982.6235,937.6616584568617,887.6616584568617,False,True
683,29,0,157829.12,1,0,0,129891.66,0,False,False,False,0.3404839976875545,14204.6208,1209.1115189049472,1159.1115189049472,False,True
420,31,1,108377.75,2,1,1,9904.63,0,True,False,False,0.2831590438879419,9753.9975,690.4831515463438,640.4831515463438,False,True
670,54,2,95507.12,1,1,1,63213.31,0,False,False,False,0.5879782993698865,8595.6408,1263.5125648946027,1213.5125648946027,True,True
505,43,6,127146.68,1,0,0,137565.87,0,True,False,True,0.8317766254967219,11443.2012,2379.5468197540094,2329.5468197540094,True,True
580,24,1,133811.78,1,1,0,17185.95,1,True,False,True,0.4982922713500882,12043.0602,1500.240955265962,1450.240955265962,False,True
577,36,3,121092.47,2,0,1,143783.46,0,False,False,True,0.1446893660490013,10898.3223,394.2178361461734,344.2178361461734,False,True
773,34,10,126979.75,1,0,0,36823.28,0,True,False,True,0.5355864020178023,11428.1775,1530.1941172114507,1480.1941172114507,True,True
616,37,5,144235.73,2,0,0,154957.66,1,False,False,True,0.2833496433629952,12981.2157,919.5557097532785,869.5557097532785,False,True
763,38,0,152582.2,2,0,0,31892.82,0,False,False,False,0.2487331007126777,13732.398,853.9254836901434,803.9254836901434,False,True
640,43,9,172478.15,1,1,0,191084.4,1,False,True,True,0.6274229090757862,15523.033499999998,2434.8767090627207,2384.8767090627207,True,True
592,36,1,126477.42,1,0,0,179718.17,0,False,False,True,0.3222158349585387,11382.9678,916.9431184957901,866.9431184957901,False,True
528,43,7,97473.87,2,1,1,159823.16,0,False,True,True,0.3391892565590554,8772.648299999999,743.8970137327652,693.8970137327652,False,True
630,53,5,138053.67,1,0,1,114110.97,0,False,False,True,0.5259599335040923,12424.8303,1633.7407295969078,1583.7407295969078,True,True
529,31,2,164003.05,2,1,1,60993.23,0,False,False,False,0.1916290124138292,14760.2745,707.1242063480066,657.1242063480066,False,True
772,39,4,122486.11,2,1,1,140709.25,0,False,True,False,0.2605817701968119,11023.7499,718.147065787232,668.147065787232,False,True
628,45,6,53667.44,1,1,0,115022.94,0,True,False,False,0.6330807482150906,4830.069600000001,764.456019074741,714.456019074741,True,True
679,58,9,109327.65,1,1,1,3829.13,0,False,True,True,0.4047179622988416,9839.4885,995.5544339457214,945.5544339457214,False,True
629,34,1,121151.05,1,0,0,119357.93,0,False,True,True,0.2993328307166518,10903.5945,815.9509516678788,765.9509516678788,False,True
731,42,9,101043.63,1,1,1,192175.52,0,False,True,True,0.3174616702484331,9093.9267,721.7432898247054,671.7432898247054,False,True
775,33,3,83501.66,2,1,0,128841.31,0,True,False,True,0.1754049883149234,7515.1494,329.5486731729759,279.5486731729759,False,True
660,33,2,80462.24,1,0,0,150422.35,0,False,True,True,0.2900296897151912,7241.6016,525.0698662722581,475.0698662722581,False,True
655,37,6,109093.41,2,1,0,1775.52,0,False,False,True,0.211407158895195,9818.4069,518.9203769014948,468.9203769014948,False,True
543,46,5,140355.6,1,1,1,85086.78,0,False,True,False,0.5039016493504964,12632.004,1591.321912550517,1541.321912550517,True,True
689,45,0,130170.82,2,1,0,150856.38,0,True,False,True,0.6279658009982253,11715.3738,1839.2135230776555,1789.2135230776555,True,True
515,40,0,109542.29,1,1,1,166370.81,0,False,False,True,0.3469136592518025,9858.806099999998,855.0386250012479,805.0386250012479,False,True
466,41,3,33563.95,2,1,0,178994.13,1,False,False,False,0.51286876810265,3020.7555,387.3127880060762,337.3127880060762,True,True
782,36,1,148795.17,2,1,1,195681.43,0,False,False,True,0.123292278237303,13391.565299999998,412.76914875015297,362.76914875015297,False,True
621,40,8,174126.75,3,1,0,172490.78,1,True,False,True,0.9137306153320208,15671.4075,3579.8612045234613,3529.8612045234613,True,True
655,35,1,106405.03,1,1,1,82900.25,0,False,True,False,0.2433051501841957,9576.452699999998,582.5000656013365,532.5000656013365,False,True
681,30,2,128393.29,1,1,1,180593.45,0,False,True,True,0.2330206266522939,11555.3961,673.1614101093683,623.1614101093683,False,True
643,41,2,127841.52,1,1,0,172363.41,0,True,False,True,0.7108253273786712,11505.7368,2044.6422818982064,1994.6422818982064,True,True
617,24,4,137295.19,2,1,1,91195.12,0,False,False,False,0.1678633828765065,12356.5671,518.5537885366359,468.5537885366359,False,True
638,55,2,155828.22,1,0,1,108987.25,1,False,True,False,0.6045765213042289,14024.5398,2119.726871294177,2069.726871294177,True,True
828,25,7,144351.86,1,1,0,116613.26,0,True,False,False,0.4947932074584347,12991.667399999998,1607.0471957697955,1557.0471957697955,False,True
776,35,8,106365.29,1,1,1,148527.56,0,False,True,True,0.1655223463803702,9572.8761,396.13122842014184,346.13122842014184,False,True
540,35,7,127801.88,1,0,1,84239.46,0,True,False,True,0.4153627879861013,11502.1692,1194.3932666999663,1144.3932666999663,False,True
616,45,4,122793.96,1,1,1,62002.04,0,True,False,False,0.7936823938850885,11051.4564,2192.8365928671706,2142.8365928671706,True,True
628,38,10,113525.84,1,1,0,46044.48,1,True,False,True,0.6993328094191643,10217.325599999998,1786.3277541495868,1736.3277541495868,True,True
667,23,6,136100.69,2,0,0,169669.33,1,False,True,False,0.3217539264580895,12249.0621,985.2959565259927,935.2959565259927,False,True
543,30,4,140916.81,1,1,0,157711.18,0,False,False,True,0.2733657545628225,12682.512899999998,866.7411771653075,816.7411771653075,False,True
554,26,4,121365.39,1,1,1,8742.36,0,True,False,True,0.3801519269679535,10922.8851,1038.0889547036368,988.0889547036368,False,True
606,47,3,93578.68,2,0,1,137720.56,1,False,False,True,0.520544711302768,8422.081199999999,1096.0174567056174,1046.0174567056174,True,True
659,33,8,115409.6,1,0,1,1539.21,0,False,True,False,0.2589976165171616,10386.864,672.5432547719777,622.5432547719777,False,True
493,33,8,90791.69,1,1,1,59659.53,0,False,False,False,0.2381323218834065,8171.2521,486.4598088169153,436.4598088169153,False,True
794,62,9,123681.32,3,1,0,173586.63,1,False,False,False,0.9525526943325724,11131.3188,2650.791928603704,2600.791928603704,True,True
554,44,6,92436.86,1,1,0,126033.9,0,False,False,False,0.7361206866598594,8319.3174,1531.0054092573291,1481.0054092573291,True,True
796,52,9,167194.36,1,1,1,62808.93,1,True,False,False,0.5968891297144989,15047.4924,2245.421160755384,2195.421160755384,True,True
500,44,9,160838.13,2,1,0,196261.64,0,True,False,True,0.4208975561765855,14475.4317,1523.168456782769,1473.168456782769,False,True
559,40,7,144470.77,1,1,1,18917.95,0,False,True,False,0.3550143278747225,13002.369299999998,1154.0068494546063,1104.0068494546063,False,True
834,68,9,130169.27,2,0,1,93112.2,0,True,False,False,0.3211756890960031,11715.2343,940.6621123059078,890.6621123059078,False,True
590,43,7,81076.8,2,1,1,182627.25,1,False,False,True,0.3581898496342488,7296.912,653.4199530185865,603.4199530185865,False,True
502,57,3,101465.31,1,1,0,43568.31,1,True,False,False,0.9363940927449048,9131.8779,2137.7591303069366,2087.7591303069366,True,True
755,37,0,113865.23,2,1,1,117396.25,0,True,False,False,0.383335028167666,10247.8707,982.0919508607748,932.0919508607748,False,True
554,46,7,87603.35,3,0,1,96929.24,1,False,True,False,0.8742057370532009,7884.3015,1723.1254009892893,1673.1254009892893,True,True
534,36,4,120037.96,1,1,0,36275.94,0,False,False,True,0.3327254017848828,10803.4164,898.642765584848,848.642765584848,False,True
575,49,7,121205.15,4,1,1,168080.53,1,True,False,True,0.9035943366566508,10908.463499999998,2464.2064600564463,2414.2064600564463,True,True
480,47,8,75408.33,1,1,0,25887.89,1,False,True,True,0.764836627982096,6786.749699999999,1297.6886888766253,1247.6886888766253,True,True
682,50,6,121818.84,2,0,1,124151.37,0,False,False,True,0.4481124984162847,10963.6956,1228.2422567979067,1178.2422567979067,False,True
746,34,6,141806.0,2,1,1,183494.87,0,True,False,True,0.1804432035781112,12762.54,575.7284008484469,525.7284008484469,False,True
556,51,8,61354.14,1,1,0,198810.65,1,False,False,False,0.7316844992657213,5521.8726,1010.0671470850266,960.0671470850266,True,True
823,53,4,124954.94,1,0,1,131259.6,1,True,False,False,0.7914278069604614,11245.9446,2225.088317994211,2175.088317994211,True,True
491,68,1,95039.12,1,0,1,116471.14,1,True,False,False,0.702857292102136,8553.520799999998,1502.9761168568236,1452.9761168568236,True,True
638,29,9,103417.74,1,1,1,15336.4,0,False,False,False,0.242448937568924,9307.5966,564.1542267475323,514.1542267475323,False,True
555,40,10,43028.77,1,1,0,170514.21,0,False,False,True,0.5027835069267884,3872.5893,486.76850728528916,436.76850728528916,True,True
745,44,0,119638.21,1,1,1,34265.08,1,True,False,False,0.8099251120024828,10767.4389,2180.2047892655974,2130.2047892655974,True,True
728,37,3,122689.51,2,0,0,106977.53,1,False,False,True,0.2482817395731017,11042.0559,685.3852118288578,635.3852118288578,False,True
681,37,8,73179.34,2,1,1,25292.53,0,True,False,True,0.1576541052477991,6586.140599999999,259.5830258323006,209.58302583230062,False,True
478,38,4,171913.87,1,1,0,51820.87,1,False,False,False,0.5569865839464263,15472.2483,2154.4586816469755,2104.4586816469755,True,True
562,33,8,92659.2,2,1,0,1354.25,0,True,False,True,0.1909470277511873,8339.328,398.0924737605633,348.0924737605633,False,True
769,34,7,137239.17,1,1,1,71379.92,1,True,False,False,0.5701131886863403,12351.5253,1760.4418684807515,1710.4418684807515,True,True
684,46,3,102955.14,2,1,0,154137.33,0,True,False,False,0.7318994991839389,9265.9626,1695.4383465992773,1645.4383465992773,True,True
536,61,8,65190.29,1,1,1,64308.49,1,False,False,False,0.6193109993706599,5867.1261,908.3939321061706,858.3939321061706,True,True
631,29,2,96863.52,2,1,1,31613.35,0,True,False,False,0.1610774845058722,8717.7168,351.0569731946454,301.0569731946454,False,True
657,34,5,154983.98,1,1,0,27738.01,0,False,True,True,0.3300378787061245,13948.5582,1150.8881398342296,1100.8881398342296,False,True
699,59,3,106819.65,1,0,1,163570.25,0,True,False,True,0.6983543591545611,9613.768499999998,1678.4542849694512,1628.4542849694512,True,True
606,38,7,128578.52,1,1,1,193878.51,0,False,True,True,0.2832167002914226,11572.0668,819.3506436619805,769.3506436619805,False,True
612,63,2,126473.33,1,0,1,147545.65,0,False,False,False,0.5499661659735947,11382.5997,1565.0111789552975,1515.0111789552975,True,True
660,38,5,110570.78,2,1,0,195906.59,0,False,False,False,0.2983631633611665,9951.3702,742.2805731625109,692.2805731625109,False,True
562,30,3,111099.79,2,0,0,140650.19,0,False,False,True,0.1885996367420624,9998.9811,471.4510508126869,421.4510508126869,False,True
793,25,3,100913.57,1,0,0,10579.72,0,False,True,True,0.2849573952032374,9082.2213,647.01153107684,597.01153107684,False,True
707,42,2,16893.59,1,1,1,77502.56,0,False,False,True,0.4429506694237857,1520.4231,168.36810748809685,118.36810748809685,False,True
784,38,10,122267.85,1,0,0,145759.93,0,False,True,True,0.3098851867102322,11004.1065,852.502399332945,802.502399332945,False,True
703,32,1,125685.79,1,1,1,56246.72,0,False,False,True,0.1661897661741694,11311.7211,469.97307115910456,419.97307115910456,False,True
704,36,8,127397.34,1,1,0,151335.24,0,False,True,True,0.3096761245540591,11465.760599999998,887.6680769181556,837.6680769181556,False,True
662,38,0,105271.56,1,0,1,179833.45,0,False,False,True,0.2828493633400477,9474.4404,669.9598587858067,619.9598587858067,False,True
636,28,2,115265.14,1,0,0,191627.85,0,True,False,False,0.583577105853004,10373.8626,1513.4871781561799,1463.4871781561799,True,True
767,23,2,139542.82,1,0,1,28038.28,0,True,False,True,0.3250227723380722,12558.8538,1020.4783698661333,970.4783698661333,False,True
753,46,3,111512.75,3,1,0,159576.75,1,True,False,False,0.9475470177227164,10036.1475,2377.430408262574,2327.430408262574,True,True
714,37,9,148466.93,2,0,1,151280.96,0,False,False,True,0.1350914053645935,13362.023699999998,451.27364003700126,401.27364003700126,False,True
577,35,4,108155.49,1,1,0,105407.79,0,False,False,False,0.3945306514928824,9733.9941,960.0897584752183,910.0897584752183,False,True
849,41,10,84622.13,1,1,1,198072.16,0,True,False,True,0.3363401389171364,7615.9917,640.3909265924394,590.3909265924394,False,True
614,41,7,146997.64,2,0,0,137791.18,0,False,True,False,0.428601615668381,13229.7876,1417.5770850773781,1367.5770850773781,False,True
832,27,10,98590.25,1,1,0,30912.89,0,False,False,False,0.356392568221388,8873.1225,790.5787289794956,740.5787289794956,False,True
587,45,8,134980.74,1,1,1,123309.57,1,True,False,False,0.7873494753525531,12148.2666,2391.232833488236,2341.232833488236,True,True
712,79,5,108078.56,1,1,1,174118.93,0,False,True,False,0.2656939477625361,9727.0704,646.1059336850277,596.1059336850277,False,True
676,35,5,106836.67,2,1,0,84199.78,0,False,False,True,0.2019237110483735,9615.3003,485.3892798551348,435.3892798551348,False,True
472,29,8,102490.27,1,0,1,181224.56,0,False,False,True,0.2245391333682872,9224.1243,517.7942191008397,467.79421910083965,False,True
644,34,9,112746.54,2,0,0,141230.07,0,True,False,True,0.3128385648408935,10147.1886,793.6079796984689,743.6079796984689,False,True
598,38,0,125487.89,1,0,0,158111.71,0,False,False,True,0.3683687192981507,11293.9101,1040.0807998513621,990.0807998513621,False,True
792,25,8,142862.21,1,1,1,130639.01,0,False,True,True,0.1697238558318388,12857.5989,545.5603155118023,495.5603155118023,False,True
743,35,6,79388.33,1,1,1,193360.69,0,False,True,True,0.2353111513008437,7144.949699999999,420.3215849734044,370.3215849734044,False,True
610,31,6,107784.65,1,1,1,141137.53,0,False,False,False,0.2667520574302796,9700.6185,646.9149858053082,596.9149858053082,False,True
724,41,4,142880.28,3,0,0,185541.2,1,False,True,False,0.8115282152258623,12859.2252,2608.906018935858,2558.906018935858,True,True
653,38,9,149571.94,1,1,0,118383.18,0,False,True,False,0.4184499942161272,13461.4746,1408.2384921276357,1358.2384921276357,False,True
774,49,1,142767.39,1,1,1,8214.41,0,False,False,True,0.4864877816446642,12849.0651,1562.728294176719,1512.728294176719,False,True
547,49,8,121537.71,2,1,0,46521.45,1,True,False,True,0.7603664232322529,10938.3939,2079.2968614121232,2029.2968614121232,True,True
543,42,4,89838.71,3,1,0,85983.54,1,False,False,True,0.7802073055635961,8085.483900000001,1577.0884019492094,1527.0884019492094,True,True
688,45,9,103399.87,1,0,0,129870.93,0,True,False,True,0.8520327948535781,9305.9883,1982.2518050309247,1932.2518050309247,True,True
505,43,5,136855.94,2,1,0,171070.52,0,True,False,True,0.5354947857744485,12317.0346,1648.9269511258676,1598.9269511258676,True,True
650,55,2,140891.46,3,1,1,179834.45,1,True,False,False,0.9257909945940966,12680.231399999995,2934.8110098723223,2884.8110098723223,True,True
705,46,5,89364.91,1,0,1,139162.15,0,False,True,False,0.5932062505172871,8042.841899999999,1192.7660217505834,1142.7660217505834,True,True
669,29,7,146011.4,1,0,0,50249.16,0,False,False,False,0.3325980870541194,13141.025999999998,1092.6700273821116,1042.6700273821116,False,True
550,29,9,145294.08,2,1,0,147484.13,0,True,False,True,0.2885282490837138,13076.467199999996,943.232546354153,893.232546354153,False,True
595,45,9,106000.12,1,0,0,191448.96,1,True,False,False,0.9008067027229104,9540.010799999998,2148.4264181722383,2098.4264181722383,True,True
662,20,9,104508.77,2,0,0,73107.53,0,False,True,True,0.1708830449988508,9405.7893,401.82247905040236,351.82247905040236,False,True
783,58,3,127539.3,1,1,1,96590.39,1,True,False,False,0.7514273293798324,11478.537,2156.321600774398,2106.321600774398,True,True
671,51,3,96891.46,1,1,0,176403.33,1,True,False,True,0.9265503886588184,8720.2314,2019.9334482162083,1969.9334482162083,True,True
600,32,1,78535.25,1,1,0,64349.6,0,False,False,False,0.3424591598022816,7068.1725,605.140103921898,555.140103921898,False,True
847,37,9,112712.17,1,1,0,116097.26,0,False,True,False,0.3480971071483101,10144.0953,882.7825571416923,832.7825571416923,False,True
650,55,9,119618.42,1,1,1,29861.13,0,False,True,True,0.408668031592212,10765.6578,1099.895045480336,1049.895045480336,False,True
682,33,8,74963.5,1,1,1,32770.56,0,False,False,False,0.2243479961005927,6746.714999999999,378.4029976279525,328.4029976279525,False,True
642,26,1,138023.79,2,0,1,117060.2,0,False,False,True,0.1504051846982159,12422.1411,467.0886066231997,417.0886066231997,False,True
754,47,1,185513.67,1,1,0,27438.83,0,False,False,False,0.7402775563255921,16696.2303,3089.961141583327,3039.961141583327,True,True
678,60,8,185648.56,1,0,0,192156.54,1,False,False,True,0.8638822967757852,16708.3704,3608.5163491331364,3558.5163491331364,True,True
533,49,1,102286.6,3,1,0,69409.37,1,True,False,False,0.9679628693855944,9205.794,2227.716693803172,2177.716693803172,True,True
741,38,4,128015.83,1,1,0,58440.43,0,True,False,True,0.6228310470983766,11521.4247,1793.9752524915248,1743.9752524915248,True,True
757,31,10,39539.39,2,0,0,192519.39,0,False,False,True,0.1342726925499714,3558.5451,119.45385803437681,69.45385803437681,False,True
700,37,3,77608.46,2,1,1,175373.46,0,False,False,True,0.1537545541533849,6984.761399999999,268.48471873119314,218.48471873119314,False,True
663,26,5,141462.13,1,1,0,440.2,0,False,False,True,0.3039525205221379,12731.5917,967.4498468684327,917.4498468684327,False,True
655,27,2,131691.33,1,1,0,49480.66,0,False,False,True,0.2854311570271622,11852.219699999998,845.7481955777812,795.7481955777812,False,True
832,29,8,93833.86,1,0,1,10417.87,0,False,True,True,0.1632456821684607,8445.0474,344.6543809394963,294.6543809394963,False,True
721,46,7,137933.39,1,1,1,67976.57,0,False,True,False,0.4557941221083471,12414.005100000002,1414.557639100761,1364.557639100761,False,True
542,54,8,105770.14,1,0,1,140929.98,1,False,True,True,0.532471687466357,9519.3126,1267.1911109104385,1217.1911109104385,True,True
508,38,3,166328.65,2,0,1,22614.19,0,False,False,False,0.2699963398983803,14969.5785,1010.4328512053714,960.4328512053714,False,True
588,42,2,164307.77,1,1,0,48498.19,0,True,False,False,0.5470401330197859,14787.699299999998,2022.3662480321486,1972.3662480321486,True,True
691,38,9,163965.69,2,0,1,103511.26,0,True,False,True,0.1782852011834453,14756.9121,657.7347606487295,607.7347606487295,False,True
664,40,7,125608.72,1,1,0,122073.48,0,False,False,True,0.4859711921565007,11304.7848,1373.449936582172,1323.449936582172,False,True
479,37,6,118433.94,1,0,1,160060.9,0,False,True,True,0.2385931091728075,10659.0546,635.794244464179,585.794244464179,False,True
850,55,10,98488.08,1,1,0,155879.57,1,False,False,False,0.8442873199239116,8863.927199999998,1870.9253349221651,1820.9253349221651,True,True
717,64,10,98362.35,2,1,1,21630.21,0,True,False,False,0.4910006919915423,8852.611499999999,1086.6595931080712,1036.6595931080712,False,True
698,51,6,144237.91,4,1,0,157143.61,1,False,False,False,0.952441794251966,12981.4119,3091.0098104899553,3041.0098104899553,True,True
626,29,4,105767.28,2,0,0,41104.82,0,False,False,False,0.2146466187546056,9519.0552,510.80825310461154,460.80825310461154,False,True
485,25,3,134467.26,1,1,1,113266.09,0,False,False,False,0.2231194188343067,12102.0534,675.0507803274364,625.0507803274364,False,True
784,38,1,138515.02,1,1,1,171768.76,0,True,False,True,0.441228280564842,12466.351799999997,1375.1267424076054,1325.1267424076054,False,True
850,32,2,128647.98,2,0,0,54416.18,0,True,False,True,0.2797968532125827,11578.3182,809.8942494634937,759.8942494634937,False,True
669,38,9,121858.98,1,1,0,130755.34,0,False,False,False,0.445894114116486,10967.3082,1222.564543520368,1172.564543520368,False,True
721,49,1,120108.56,1,0,1,183421.76,0,False,False,False,0.6071193390080737,10809.7704,1640.70516501926,1590.70516501926,True,True
515,37,0,196853.62,1,1,1,132770.11,0,False,False,False,0.3501318827071374,17716.8258,1550.8063932370965,1500.8063932370965,False,True
774,35,3,121418.62,1,1,1,24400.37,0,False,False,False,0.2539013098921813,10927.6758,693.6377999242726,643.6377999242726,False,True
729,42,4,97495.8,2,0,0,2002.5,0,True,False,False,0.3411550519581305,8774.622,748.3766560807387,698.3766560807387,False,True
555,33,5,127343.4,1,0,1,121789.3,0,False,True,True,0.2159177264912712,11460.906,618.6531917625423,568.6531917625423,False,True
699,50,0,158633.61,1,1,0,193785.87,0,False,True,False,0.7421483095180724,14277.0249,2648.917473620607,2598.917473620607,True,True
762,69,9,183744.98,1,1,1,196993.69,0,False,True,False,0.330356413934152,16537.0482,1365.779985102056,1315.779985102056,False,True
608,31,7,79962.92,2,1,0,60901.72,0,False,False,True,0.1663605867643612,7196.6628,299.31026153831266,249.31026153831266,False,True
850,33,7,140956.99,1,0,0,3510.18,0,False,False,True,0.2799600662028661,12686.129099999998,887.9023856735265,837.9023856735265,False,True
544,30,8,145241.63,1,1,1,80676.83,0,False,True,True,0.1937250884533731,13071.7467,633.081321424397,583.081321424397,False,True
651,31,7,138008.06,2,1,0,129912.74,0,True,False,True,0.2675189609154216,12420.7254,830.6948882059461,780.6948882059461,False,True
699,29,9,127570.93,2,1,0,164756.81,0,False,True,False,0.2852254770937569,11481.383699999998,818.6957858822458,768.6957858822458,False,True
591,27,5,107812.67,1,0,1,162501.83,1,False,True,False,0.3161674768510961,9703.1403,766.9543465457969,716.9543465457969,False,True
850,22,7,91560.58,2,0,0,10541.38,0,True,False,True,0.2016608377387108,8240.4522,415.4441234994506,365.4441234994506,False,True
760,34,6,121303.77,2,1,1,59325.21,0,True,False,True,0.2176144795753287,10917.3393,593.9427775291958,543.9427775291958,False,True
569,43,8,161546.68,2,0,1,178187.28,0,False,True,True,0.3762771362161888,14539.2012,1367.692247601744,1317.692247601744,False,True
661,35,5,128415.45,1,1,0,142626.49,0,False,True,False,0.4008367006957304,11557.3905,1158.1565691680444,1108.1565691680444,False,True
670,31,2,57530.06,1,1,1,181893.31,1,False,False,False,0.3242006099181547,5177.7054,419.6538121641308,369.6538121641308,False,True
728,28,4,142243.54,2,1,0,33074.51,0,False,False,False,0.2094855561805757,12801.9186,670.4542595248644,620.4542595248644,False,True
764,39,9,138341.51,1,1,0,50072.94,1,True,False,False,0.6762935515422106,12450.7359,2105.0881002812753,2055.0881002812753,True,True
826,41,5,146466.46,2,0,0,180934.67,0,False,True,True,0.2220455918073561,13181.981399999995,731.7502152891399,681.7502152891399,False,True
562,29,9,120307.58,1,1,1,6795.61,0,False,True,False,0.2558488876926937,10827.6822,692.5626117899947,642.5626117899947,False,True
696,27,4,87637.26,2,0,0,196111.35,0,False,False,True,0.1730310115283525,7887.353399999998,341.1891842708975,291.1891842708975,False,True
850,38,2,94652.04,1,1,1,171960.76,0,False,True,True,0.2174484395086907,8518.683599999998,463.0936138720688,413.0936138720688,False,True
719,22,7,114415.84,1,1,1,177497.4,0,False,False,False,0.2802853927762357,10297.4256,721.5544947200162,671.5544947200162,False,True
604,40,1,84315.02,1,0,0,36209.1,0,False,False,True,0.4027500911912313,7588.3518,764.0523448602861,714.0523448602861,False,True
512,42,9,93955.83,2,1,0,14828.54,0,True,False,True,0.3885180604307578,8456.0247,821.3295788496451,771.3295788496451,False,True
569,36,1,67087.69,1,1,0,154775.7,0,False,False,True,0.3140051322198993,6037.8921,473.98227679749635,423.98227679749635,False,True
597,22,6,101528.61,1,1,0,70529.0,1,True,False,False,0.5340848420490634,9137.5749,1220.0600617944965,1170.0600617944965,True,True
753,30,1,110824.52,1,1,1,57896.27,0,True,False,True,0.3376000155572266,9974.2068,841.8230927127488,791.8230927127488,False,True
756,28,8,179960.2,1,1,0,89938.08,0,False,False,True,0.381697355206176,16196.418,1545.5324786034255,1495.5324786034255,False,True
493,38,3,134006.77,1,1,0,89578.32,0,False,False,True,0.3656207642227687,12060.6093,1102.4022973145577,1052.4022973145577,False,True
777,37,10,121532.17,2,1,1,73464.88,0,True,False,False,0.2970589342881253,10937.8953,812.2998802932736,762.2998802932736,False,True
551,35,7,129717.3,2,0,0,86937.2,0,False,False,True,0.206454702836181,11674.557,602.5667990447643,552.5667990447643,False,True
749,22,4,94762.16,2,1,1,42241.54,0,True,False,True,0.1189943333585115,8528.5944,253.7136012782836,203.7136012782836,False,True
742,55,5,155196.17,1,0,1,121207.66,1,True,False,True,0.76686394989272,13967.655300000002,2677.822828524497,2627.822828524497,True,True
752,29,4,129514.99,1,1,1,102930.46,0,True,False,True,0.3803233473086175,11656.3491,1108.2954267774478,1058.2954267774478,False,True
740,57,3,113386.36,2,1,1,65121.63,1,True,False,False,0.6891123926542342,10204.7724,1758.0587812639728,1708.0587812639728,True,True
637,43,3,172196.23,1,1,1,104769.96,0,False,True,True,0.4225818954781333,15497.6607,1637.2577085207436,1587.2577085207436,False,True
724,28,5,97612.12,1,1,1,96498.14,0,False,False,True,0.1739343184049855,8785.090799999998,382.0071951059771,332.0071951059771,False,True
685,20,4,104719.94,2,1,0,38691.34,0,False,False,True,0.1715689042553655,9424.7946,404.2504205884714,354.2504205884714,False,True
571,37,9,139592.98,3,1,0,104152.65,1,True,False,True,0.918026907775578,12563.3682,2883.3775149730077,2833.3775149730077,True,True
550,22,7,139096.85,1,1,0,129890.94,0,False,False,False,0.3579012466471404,12518.7165,1120.1160604430315,1070.1160604430315,False,True
662,72,7,140301.72,1,0,1,179258.67,0,False,True,False,0.3616133635654309,12627.1548,1141.5369798723439,1091.5369798723439,False,True
481,39,1,111233.09,1,1,1,123995.15,0,False,True,True,0.2568918245412428,10010.9781,642.9346073878561,592.9346073878561,False,True
751,29,10,147737.63,1,0,1,94951.27,0,False,False,True,0.181423814447721,13296.3867,603.0702983714863,553.0702983714863,False,True
733,40,5,125725.02,2,1,1,50783.1,0,True,False,True,0.3793599562090871,11315.2518,1073.1383568356985,1023.1383568356985,False,True
822,38,6,128289.7,3,1,0,9149.96,1,False,False,True,0.8719626537208717,11546.073,2516.9361132837266,2466.9361132837266,True,True
731,49,4,88826.07,1,1,1,33759.41,1,True,False,False,0.7671384478478376,7994.346299999999,1533.1926030350257,1483.1926030350257,True,True
678,41,1,143443.61,1,1,0,196622.28,1,False,False,False,0.4989874567625066,12909.924899999998,1610.472648211489,1560.472648211489,False,True
554,26,8,149134.46,1,1,1,177966.24,0,False,True,True,0.2541205883095065,13422.101399999998,852.7080760294626,802.7080760294626,False,True
723,30,3,124119.54,1,1,0,162198.32,0,False,False,True,0.2875549556611334,11170.7586,803.0517484810562,753.0517484810562,False,True
766,44,3,116822.7,1,0,0,197643.24,0,True,False,True,0.7094751217948531,10514.042999999998,1864.8629844953302,1814.8629844953302,True,True
597,24,1,103219.47,1,1,0,60420.07,0,False,False,False,0.3239584921282564,9289.7523,752.3735368382504,702.3735368382504,False,True
655,40,0,81954.6,1,1,1,198798.44,1,True,False,False,0.6384079865428569,7375.914,1177.2106014133174,1127.2106014133174,True,True
780,37,10,95196.26,1,1,0,126310.39,1,True,False,False,0.6314780370768799,8567.663399999998,1352.5728165418564,1302.5728165418564,True,True
521,32,2,136555.01,2,1,1,129353.21,0,False,False,False,0.1781804660589123,12289.9509,547.4572948007872,497.45729480078717,False,True
669,39,3,119452.03,1,1,1,171575.54,0,False,False,True,0.294460333808866,10750.6827,791.4124041288002,741.4124041288002,False,True
462,24,9,69881.09,2,0,1,64421.02,0,True,False,False,0.0830559621518648,6289.2981,130.5909262388488,80.5909262388488,False,True
463,20,8,204223.03,1,1,0,128268.39,0,False,True,True,0.2908240030821525,18380.0727,1336.3415798887468,1286.3415798887468,False,True
799,63,1,110314.21,2,1,0,37464.0,1,False,False,False,0.6767984482057049,9928.2789,1679.8609382183606,1629.8609382183606,True,True
713,48,1,163760.82,1,0,0,157381.14,1,False,True,False,0.7880069004812887,14738.4738,2903.5047642406703,2853.5047642406703,True,True
807,31,1,141069.18,3,1,1,194257.11,0,True,False,False,0.5954236442214308,12696.2262,1889.908317965902,1839.908317965902,True,True
728,38,1,115934.74,1,1,1,139059.05,0,False,False,True,0.217042631790383,10434.1266,566.1625744245102,516.1625744245102,False,True
582,52,2,151457.88,1,0,1,40893.61,0,False,False,True,0.5000057097622271,13631.2092,1703.92060774085,1653.92060774085,True,True
704,35,3,154206.07,2,1,1,40261.49,0,True,False,False,0.1883420365342551,13878.5463,653.4784185692378,603.4784185692378,False,True
714,26,9,89928.99,1,1,0,46203.31,0,False,False,False,0.318159326467539,8093.609100000001,643.7643049868863,593.7643049868863,False,True
628,30,8,89182.09,1,1,1,13126.9,0,False,False,True,0.1807115539608358,8026.388099999998,362.61526656094,312.61526656094,False,True
809,41,1,79706.25,2,1,0,165675.01,0,True,False,True,0.2402959683543315,7173.5625,430.9445368719548,380.9445368719548,False,True
811,31,7,117799.28,1,1,1,182372.35,0,False,False,True,0.1873450900213543,10601.9352,496.5551261111412,446.5551261111412,False,True
680,34,6,146422.22,1,1,0,67142.97,1,True,False,True,0.4934137255900329,13177.999799999998,1625.5514942856769,1575.5514942856769,False,True
588,33,9,150186.22,2,1,1,65611.01,0,True,False,True,0.1643864816399208,13516.7598,555.4931466734799,505.49314667347994,False,True
721,40,6,100275.88,1,1,0,138564.48,1,True,False,True,0.6685794762582523,9024.8292,1508.4538949640455,1458.4538949640455,True,True
529,32,9,147493.89,1,1,0,33656.35,0,False,False,True,0.3124592806489869,13274.450100000002,1036.9312823142184,986.9312823142184,False,True
575,29,4,121823.4,2,1,1,50368.87,0,False,False,True,0.1520742103529364,10964.106,416.839440543973,366.839440543973,False,True
510,31,0,113688.63,1,1,0,33099.41,1,True,False,True,0.591030657149189,10231.9767,1511.8529782340474,1461.8529782340474,True,True
652,40,7,100471.34,1,1,1,124550.88,0,False,True,False,0.3828681108682024,9042.4206,865.5136231994293,815.5136231994293,False,True
569,28,3,100032.52,1,1,0,5159.21,1,True,False,False,0.5526981124585827,9002.926800000001,1243.975162240697,1193.975162240697,True,True
822,32,8,116358.0,1,1,0,108798.36,0,False,False,True,0.2845172655305472,10472.22,744.8818496085767,694.8818496085767,False,True
656,23,4,163549.63,1,0,1,21085.12,0,True,False,False,0.3472339987382396,14719.4667,1277.77482038384,1227.77482038384,False,True
745,51,3,99183.9,1,1,1,28922.25,0,True,False,True,0.7908857684510455,8926.551,1764.9705368131122,1714.9705368131122,True,True
386,53,1,131955.07,1,1,1,62514.65,1,False,True,False,0.5778881999039225,11875.956300000002,1715.7437520861622,1665.7437520861622,True,True
684,41,1,134177.06,1,0,0,177506.66,0,False,True,False,0.5216857828512231,12075.9354,1574.9609532024497,1524.9609532024497,True,True
795,56,9,94348.94,1,1,0,29239.29,1,True,False,False,0.9258512402468974,8491.4046,1965.4443700870522,1915.4443700870522,True,True
659,32,2,155584.21,1,0,1,153662.88,0,False,False,False,0.2680302506597372,14002.5789,938.2786831124367,888.2786831124367,False,True
509,32,9,170661.47,1,1,1,21646.2,0,True,False,True,0.2937625577763729,15359.5323,1128.013873674204,1078.013873674204,False,True
706,29,6,185544.36,1,1,0,171037.63,0,True,False,False,0.4139399182515461,16698.9924,1728.0948872347972,1678.0948872347972,False,True
619,44,6,52831.13,1,1,1,112649.22,1,False,True,False,0.5724500627322461,4754.801699999999,680.4716328610974,630.4716328610974,True,True
572,51,8,97750.07,3,1,1,193014.26,1,True,False,True,0.898108947775675,8797.506300000001,1975.279781535718,1925.279781535718,True,True
695,36,6,114007.5,2,1,0,118120.88,0,False,False,True,0.2270344095333272,10260.675,582.381572509593,532.381572509593,False,True
543,71,1,104308.77,1,1,1,25650.04,0,False,False,False,0.342138497517306,9387.7893,802.9810315277605,752.9810315277605,False,True
640,33,6,84719.13,2,1,1,113048.79,0,False,False,False,0.1566000102697515,7624.7217,298.5078741309993,248.5078741309993,False,True
701,39,9,140236.98,1,0,1,146651.99,0,False,False,True,0.2223797780565727,12621.3282,701.6820409737905,651.6820409737905,False,True
531,42,6,75302.85,2,0,0,57034.35,0,False,True,False,0.4622001402394688,6777.2565,783.112226184713,733.112226184713,False,True
605,51,9,104760.82,1,1,1,165574.54,1,False,False,False,0.6402275646398436,9428.4738,1509.0922048111431,1459.0922048111431,True,True
449,31,1,113693.0,1,0,0,82796.29,0,False,True,False,0.3418062949441109,10232.37,874.3721195493181,824.3721195493181,False,True
684,36,5,174180.39,1,1,0,119830.08,0,False,True,False,0.471715852121762,15676.235100000002,1848.682149564394,1798.682149564394,False,True
622,42,9,115766.26,1,0,0,72155.85,1,True,False,True,0.7459442325430565,10418.9634,1942.9914143267988,1892.9914143267988,True,True
783,72,5,121215.9,2,1,1,105206.48,0,False,False,False,0.2638419357523479,10909.431,719.591348249168,669.591348249168,False,True
743,45,10,144677.19,3,1,0,22512.44,1,True,False,True,0.9534915005329612,13020.9471,3103.840597184827,3053.840597184827,True,True
683,36,5,115350.63,1,1,1,122305.91,0,False,False,True,0.2162270387885154,10381.5567,561.193315814018,511.193315814018,False,True
654,40,5,105683.63,1,1,0,173617.09,0,False,True,True,0.4788786136049194,9511.5267,1138.7166798405435,1088.7166798405435,False,True
700,37,1,135179.49,1,1,0,160670.37,0,False,False,True,0.3442697158691769,12166.1541,1047.1096038069054,997.1096038069054,False,True
744,31,0,117551.23,1,1,0,158958.9,0,False,True,True,0.3135738707437995,10579.6107,829.3723695403795,779.3723695403795,False,True
645,25,1,157404.02,2,1,0,93073.04,0,True,False,True,0.2254821551806712,14166.3618,798.5654474332831,748.5654474332831,False,True
525,36,3,77910.23,1,1,0,67238.01,0,False,True,True,0.3664326507342915,7011.920699999999,642.349172209912,592.349172209912,False,True
732,25,0,110942.9,1,0,0,172576.56,0,False,False,True,0.2586913016453904,9984.861,645.7491722095737,595.7491722095737,False,True
622,32,5,179305.09,1,1,1,149043.78,0,False,False,True,0.2414362129304808,16137.4581,974.041692497078,924.041692497078,False,True
654,31,5,150593.59,2,1,1,105218.45,0,True,False,True,0.1655373773769297,13553.423099999998,560.899528613474,510.899528613474,False,True
529,43,0,123815.86,1,1,1,78463.99,1,False,False,False,0.5455890114807647,11143.4274,1519.932884918417,1469.932884918417,True,True
850,25,8,69385.17,2,1,0,87834.24,0,True,False,False,0.2022827187445082,6244.665300000001,315.7969686333725,265.7969686333725,False,True
667,27,2,138032.15,1,1,0,166317.71,0,True,False,True,0.4321616399654386,12422.8935,1342.1745070189968,1292.1745070189968,False,True
637,46,2,143500.82,1,1,0,166996.46,1,True,False,False,0.9083679114079272,12915.073799999998,2932.90965334631,2882.90965334631,True,True
710,29,3,119670.18,1,1,0,188022.44,0,False,True,False,0.3919290258655589,10770.316199999996,1055.2998841325116,1005.2998841325116,False,True
717,33,1,99106.73,1,0,0,194467.23,0,False,True,True,0.3026561756450157,8919.605699999998,674.8934373558707,624.8934373558707,False,True
786,24,2,120135.55,2,1,1,125449.47,0,True,False,True,0.1803579986536025,10812.1995,487.51666571587043,437.51666571587043,False,True
530,55,4,120905.03,1,0,1,123475.88,1,False,False,False,0.6275134826032354,10881.452699999998,1707.0645698898443,1657.0645698898443,True,True
715,34,9,102277.52,1,0,0,177852.57,1,True,False,False,0.6277134777094117,9204.9768,1444.521999840613,1394.521999840613,True,True
496,55,4,125292.53,1,1,1,31532.96,1,True,False,False,0.8202404831224186,11276.327699999998,2312.3251201236776,2262.3251201236776,True,True
646,51,4,101629.3,1,0,0,130541.1,0,False,False,False,0.8103553876548747,9146.637,1853.0066429683552,1803.0066429683552,True,True
807,47,1,171937.27,1,1,1,65636.92,0,True,False,True,0.43727045355463,15474.3543,1691.61948080651,1641.61948080651,False,True
603,31,1,129743.75,1,1,0,109145.2,0,False,False,True,0.2620091783851985,11676.9375,764.8662001075784,714.8662001075784,False,True
547,41,3,151191.31,1,1,0,175295.89,1,True,False,True,0.6156056718101631,13607.2179,2094.1701291991944,2044.1701291991944,True,True
684,32,3,102630.13,2,1,1,127433.47,0,True,False,True,0.1716071020475183,9236.7117,396.27133182135157,346.27133182135157,False,True
477,57,9,114023.64,2,1,1,71167.17,1,False,False,False,0.4603781906362467,10262.1276,1181.1149341415721,1131.1149341415721,False,True
558,41,2,124227.14,1,1,1,111184.67,0,True,False,True,0.6065289965372371,11180.442599999998,1695.3156577550444,1645.3156577550444,True,True
592,35,6,80285.16,1,1,0,72678.75,1,False,True,True,0.3571156833201012,7225.6644,645.0995199119322,595.0995199119322,False,True
789,31,4,175477.15,1,1,1,172832.9,0,False,False,True,0.1849677723775953,15792.943499999998,730.2963946200557,680.2963946200557,False,True
597,29,1,132144.35,1,1,0,158086.33,0,False,False,False,0.3183884116117723,11892.9915,946.6476682493272,896.6476682493272,False,True
839,47,2,136911.07,1,1,1,168184.62,1,True,False,True,0.7329837331933851,12321.9963,2257.9557120922696,2207.9557120922696,True,True
405,31,5,133299.67,2,1,1,72950.14,0,True,False,True,0.2156279030165405,11996.9703,646.7203870851793,596.7203870851793,False,True
684,42,1,117691.0,1,1,1,23135.65,1,True,False,True,0.6615961941695975,10592.19,1751.9381479803174,1701.9381479803174,True,True
750,37,1,133199.71,2,1,1,27366.77,0,True,False,False,0.2840689890741297,11987.9739,851.3529067050131,801.3529067050131,False,True
771,51,5,135506.58,3,1,1,152479.64,1,False,True,True,0.8396199468760589,12195.5922,2559.9156187715193,2509.9156187715193,True,True
812,33,2,127154.14,2,0,1,105383.49,0,True,False,True,0.2261164980879851,11443.8726,646.9120992192612,596.9120992192612,False,True
670,42,5,49508.79,3,1,1,100324.01,0,True,False,False,0.5172891773271041,4455.7911,576.2331281151081,526.2331281151081,True,True
538,62,3,75051.49,1,0,0,17682.02,1,False,False,False,0.849791935876594,6754.634099999999,1435.0083969942636,1385.0083969942636,True,True
575,52,8,123925.23,1,0,0,111342.66,1,False,True,True,0.8379880456065787,11153.2707,2336.5768790035295,2286.5768790035295,True,True
712,33,3,153819.58,1,1,0,79176.09,1,False,False,True,0.3207083908821638,13843.762199999996,1109.9526747293305,1059.9526747293305,False,True
606,23,10,70417.79,1,0,1,90896.04,0,False,True,False,0.2733445453493532,6337.6011,433.0871728212652,383.0871728212652,False,True
686,38,7,111484.88,1,1,1,76076.2,0,False,True,True,0.2134735120682626,10033.6392,535.4790497124482,485.47904971244816,False,True
850,38,1,146343.98,1,0,1,103902.11,0,False,True,True,0.1578098641314584,13170.9582,519.6267810057794,469.62678100577943,False,True
642,72,1,160541.0,2,1,1,142223.94,0,False,False,True,0.235673874644744,14448.69,851.2946889601916,801.2946889601916,False,True
606,27,2,130274.26,2,1,0,147533.09,0,True,False,True,0.255259047134537,11724.683399999998,748.2078781595308,698.2078781595308,False,True
627,21,7,98993.02,1,1,1,169156.64,0,False,False,False,0.2829051097462208,8909.371799999999,630.1267017122211,580.1267017122211,False,True
850,32,9,141827.33,2,1,1,149458.73,0,True,False,True,0.1715679191364687,12764.4597,547.4929474075784,497.4929474075784,False,True
724,40,6,110054.45,1,1,1,86950.72,0,False,False,False,0.3693605894164842,9904.9005,914.6199716979072,864.6199716979072,False,True
813,36,6,98088.09,1,0,1,26687.22,1,True,False,False,0.5529019378087433,8827.9281,1220.2446383315641,1170.2446383315641,True,True
642,48,9,118317.27,4,0,0,78702.98,1,False,False,True,0.9133068948446088,10648.5543,2431.3495155793016,2381.3495155793016,True,True
574,54,1,99774.5,1,0,0,4896.11,1,True,False,True,0.9361383072648684,8979.704999999998,2101.5614596094683,2051.5614596094683,True,True
639,27,8,133806.54,2,1,0,6251.3,0,False,True,False,0.2196405170767337,12042.5886,661.2600967615946,611.2600967615946,False,True
835,32,8,124993.29,2,1,1,27548.06,0,False,False,True,0.1103886464775638,11249.3961,310.45140229224626,260.45140229224626,False,True
637,44,0,157622.58,1,1,1,120454.2,0,False,True,False,0.5104865633831998,14186.032199999998,1810.4447064553528,1760.4447064553528,True,True
589,48,5,126111.61,1,0,1,133961.19,0,True,False,True,0.7664897642456816,11350.0449,2174.923309894725,2124.923309894725,True,True
591,42,9,161651.37,2,1,1,131753.97,0,False,False,True,0.2855262948093519,14548.6233,1038.5036263565014,988.5036263565014,False,True
723,40,7,142856.95,2,0,0,38019.74,0,False,False,False,0.3218328970158977,12857.125500000002,1034.4614867404932,984.4614867404932,False,True
831,44,3,111100.98,1,1,1,28144.07,1,True,False,True,0.7642552016342029,9999.0882,1910.4637921122949,1860.4637921122949,True,True
733,35,8,102918.38,1,1,1,45959.86,0,False,True,True,0.1686559280424561,9262.6542,390.5503850593385,340.5503850593385,False,True
590,22,7,125265.61,1,1,1,161253.08,0,False,True,True,0.2119405555578973,11273.9049,597.349416953225,547.349416953225,False,True
657,37,4,82500.28,1,1,1,115260.72,0,False,False,True,0.2169914575541903,7425.025199999999,402.7917601311483,352.7917601311483,False,True
531,64,2,175754.87,2,1,1,60721.4,0,True,False,False,0.3724139128041696,15817.9383,1472.7050736994836,1422.7050736994836,False,True
516,47,6,109387.33,1,0,0,121365.45,0,False,False,False,0.7594630519010331,9844.8597,1869.2017983248725,1819.2017983248725,True,True
561,37,1,100443.36,2,0,1,101693.73,0,False,False,True,0.1805254523199643,9039.9024,407.9831174220828,357.9831174220828,False,True
682,54,0,83102.72,2,1,1,54132.93,0,False,True,False,0.475036940016392,7479.2448,888.229390856378,838.229390856378,False,True
779,48,2,115290.27,1,0,0,98912.69,1,False,False,False,0.7613732936689082,10376.1243,1975.0259834522485,1925.0259834522485,True,True
495,40,1,140197.71,2,1,0,150720.39,0,False,False,False,0.4088867603340582,12617.793899999995,1289.8122175834599,1239.8122175834599,False,True
850,28,1,105245.34,1,0,1,74780.13,0,False,False,False,0.1864964562553236,9472.0806,441.6273663161998,391.6273663161998,False,True
562,35,3,142296.13,1,0,1,177112.7,0,True,False,True,0.3993018279378041,12806.6517,1278.4298583931966,1228.4298583931966,False,True
740,56,4,99097.33,1,1,1,85016.64,1,False,True,False,0.5556247302523812,8918.759699999999,1238.870863124577,1188.870863124577,True,True
695,28,5,171069.39,2,1,1,88689.4,0,False,False,True,0.1598234269770155,15396.245100000002,615.1701636150207,565.1701636150207,False,True
607,31,1,102523.88,1,1,1,166792.71,0,False,False,False,0.2361506867208311,9227.1492,544.7494050138918,494.74940501389176,False,True
580,44,9,143391.07,1,0,0,146891.07,1,True,False,True,0.8591392535736122,12905.1963,2771.8401791007354,2721.8401791007354,True,True
644,44,8,106022.73,2,0,0,148727.42,0,True,False,False,0.7027297967341279,9542.0457,1676.36995879719,1626.36995879719,True,True
599,36,3,128960.21,2,1,1,40318.33,0,True,False,True,0.2133865646517334,11606.4189,619.1634642449876,569.1634642449876,False,True
696,25,8,126442.59,1,1,0,121904.44,0,False,False,False,0.3451629489088181,11379.8331,981.9741877215442,931.9741877215442,False,True
577,37,2,127261.35,1,1,0,56185.05,0,False,False,True,0.3578557495534114,11453.5215,1024.6771303521532,974.6771303521532,False,True
543,30,6,73481.05,1,1,1,176692.65,0,True,False,True,0.211118923217218,6613.2945,349.0479034395875,299.0479034395875,False,True
679,34,7,160515.37,1,1,0,121904.14,0,False,False,True,0.3226491817544165,14446.383299999998,1165.2784377639166,1115.2784377639166,False,True
713,61,4,149525.34,2,1,0,123663.63,0,True,False,False,0.7252588240695113,13457.280599999998,2440.0028757823616,2390.0028757823616,True,True
690,43,2,166522.78,1,0,0,119644.59,1,True,False,True,0.7642823372326534,14987.0502,2863.584438769776,2813.584438769776,True,True
751,29,1,135536.5,1,1,0,66825.33,0,False,False,True,0.2937154474339616,12198.285,895.7061841754955,845.7061841754955,False,True
613,43,10,120481.69,1,0,0,94875.03,1,True,False,False,0.8584684319693033,10843.3521,2327.168868644513,2277.168868644513,True,True
701,28,1,103421.32,1,0,1,76304.73,0,False,True,True,0.1684685016842774,9307.9188,392.02278350872933,342.02278350872933,False,True
698,33,5,135658.73,2,0,1,39755.0,0,False,False,True,0.140505731747186,12209.2857,428.86865534723853,378.86865534723853,False,True
665,28,8,191402.82,2,1,0,83238.4,0,False,False,True,0.2951342487881539,17226.2538,1271.0143686742704,1221.0143686742704,False,True
726,50,9,94504.35,1,0,1,5078.9,0,True,False,True,0.6813097512379962,8505.391500000002,1448.7015417616922,1398.7015417616922,True,True
608,44,5,126147.84,1,0,1,132424.69,1,True,False,False,0.810682919470275,11353.3056,2300.9827323615555,2250.9827323615555,True,True
663,43,4,87624.03,2,1,0,149401.33,0,False,False,True,0.3697629013193969,7886.162699999999,729.002600057202,679.002600057202,False,True
558,45,1,153697.53,2,0,0,89891.4,1,False,False,False,0.6635896770722033,13832.7777,2294.822121738644,2244.822121738644,True,True
805,45,9,116585.97,1,1,0,189428.75,1,True,False,False,0.8850165941330814,10492.7373,2321.5616570947864,2271.5616570947864,True,True
659,34,9,134464.58,2,1,0,178833.34,0,True,False,True,0.2879882762196876,12101.812199999998,871.2950086530961,821.2950086530961,False,True
738,62,10,83008.31,1,1,1,42766.03,0,True,False,True,0.5224055196155597,7470.7479,975.6899846540879,925.6899846540879,True,True
635,35,2,113635.16,1,1,0,90883.12,0,False,True,True,0.3167342559279407,10227.1644,809.823326621681,759.823326621681,False,True
661,41,5,122552.48,2,0,1,120646.4,0,True,False,True,0.3539629759049209,11029.7232,976.0284118198867,926.0284118198867,False,True
531,31,2,118899.45,2,0,0,41409.36,0,False,True,True,0.1794896540254717,10700.9505,480.17747574717464,430.17747574717464,False,True
694,29,5,99713.87,1,0,0,112317.89,0,False,False,False,0.3460754092204722,8974.2483,776.4416632171567,726.4416632171567,False,True
556,36,2,134208.22,1,0,1,177670.57,0,False,False,False,0.3437359414897195,12078.7398,1037.9742492905864,987.9742492905864,False,True
647,41,1,85906.65,3,1,0,189159.97,0,True,False,False,0.3924141799688231,7731.598499999999,758.4972213064206,708.4972213064206,False,True
850,32,3,137714.25,1,0,1,159403.68,0,True,False,True,0.3697738062872136,12394.2825,1145.7702540560003,1095.7702540560003,False,True
573,33,1,160777.9,1,1,1,149536.15,0,False,True,True,0.2368295943865275,14470.011,856.7317089746479,806.7317089746479,False,True
617,25,1,102585.88,2,1,1,115387.4,0,False,False,True,0.116059216564499,9232.7292,267.88582942604336,217.88582942604336,False,True
704,39,10,102556.18,2,1,0,171971.25,1,True,False,False,0.489013490461691,9230.0562,1128.4054998798931,1078.4054998798931,False,True
457,42,4,126772.57,1,0,1,126106.4,0,True,False,True,0.6109555670712237,11409.5313,1742.679166352094,1692.679166352094,True,True
787,38,3,158373.23,1,1,1,28228.35,0,True,False,False,0.4114635161755652,14253.5907,1466.208136887334,1416.208136887334,False,True
612,42,5,141927.1,1,1,1,43018.98,0,True,False,True,0.5971114974919911,12773.439,1906.7918223531503,1856.7918223531503,True,True
828,47,1,109876.82,2,1,0,83611.45,1,False,True,True,0.5240310257414589,9888.9138,1295.524410520717,1245.524410520717,True,True
648,44,9,111369.79,2,1,1,91947.74,0,True,False,True,0.5680344667540944,10023.2811,1423.3922836912232,1373.3922836912232,True,True
569,35,3,116969.35,1,0,0,94488.82,0,False,True,True,0.305529566004047,10527.2415,804.0958816786982,754.0958816786982,False,True
765,34,8,136729.51,2,0,0,47058.21,0,True,False,False,0.30446112209087,12305.6559,936.6484508445337,886.6484508445337,False,True
577,44,1,152086.15,1,0,1,44719.5,1,True,False,False,0.8202301101352082,13687.7535,2806.7768902021453,2756.7768902021453,True,True
568,28,1,127289.28,1,0,0,45611.51,0,False,True,True,0.2913492892590164,11456.035199999998,834.4269283115683,784.4269283115683,False,True
748,45,2,119852.01,1,0,0,73853.94,1,True,False,True,0.8686550419352139,10786.6809,2342.4761873828174,2292.4761873828174,True,True
410,35,7,117183.74,1,1,1,109733.73,0,False,False,False,0.3092137269475883,10546.5366,815.2834721187866,765.2834721187866,False,True
728,33,8,129907.63,1,0,1,36083.96,0,False,False,True,0.179281284831256,11691.6867,524.0251533551269,474.0251533551269,False,True
580,36,6,145387.32,2,1,1,169963.2,1,True,False,False,0.3319062369420168,13084.8588,1085.7365613064085,1035.7365613064085,False,True
712,35,7,124616.23,1,1,1,69320.97,0,False,False,True,0.1820284678893222,11215.4607,510.38328197347624,460.38328197347624,False,True
383,48,8,95808.19,1,0,0,137702.01,1,False,True,False,0.8412768775136624,8622.7371,1813.5273357773033,1763.5273357773033,True,True
774,36,8,117152.3,1,0,0,101828.39,0,False,True,False,0.3439334587105494,10543.707,906.5834040351577,856.5834040351577,False,True
563,35,3,106250.72,1,0,0,39546.32,0,False,False,True,0.3171107588773146,9562.5648,758.098045135374,708.098045135374,False,True
850,27,8,111837.78,2,1,1,110805.79,0,True,False,False,0.2427829971296911,10065.4002,610.9270069664481,560.9270069664481,False,True
681,47,9,97023.21,1,1,1,2168.13,0,False,False,True,0.485185708770484,8732.0889,1059.1711854983441,1009.1711854983441,False,True
631,31,8,137687.72,1,1,0,190067.12,0,False,False,False,0.3561779767942133,12391.894799999998,1103.430004627683,1053.430004627683,False,True
614,40,3,113348.5,1,1,1,77789.01,0,False,True,False,0.3867154689107288,10201.365,986.2564123761241,936.2564123761241,False,True
704,24,10,122109.78,1,1,1,127654.37,0,False,True,True,0.1677406733650788,10989.8802,460.8624762373867,410.8624762373867,False,True
786,32,2,120452.4,2,0,0,79602.86,0,False,False,True,0.1556583195671269,10840.716,421.8619088661164,371.8619088661164,False,True
590,34,0,65812.35,2,0,1,160346.3,0,False,True,True,0.1542403380541241,5923.1115,228.3956800230675,178.3956800230675,False,True
583,40,3,54428.37,1,1,0,109638.78,1,False,True,False,0.6506938228616826,4898.5533000000005,796.8645933171779,746.8645933171779,True,True
588,48,1,143279.58,2,1,0,31580.8,1,True,False,False,0.7156501781208979,12895.1622,2307.1062813319677,2257.1062813319677,True,True
667,32,0,103846.65,1,1,0,20560.69,0,True,False,True,0.4824517961218555,9346.1985,1127.272563309098,1077.272563309098,False,True
627,37,2,125190.86,1,0,1,84584.69,0,False,False,True,0.2352230095928413,11267.1774,662.5748444111111,612.5748444111111,False,True
641,65,6,38340.02,1,1,0,32607.77,1,False,False,True,0.8415980127957663,3450.6017999999995,726.0049044573734,676.0049044573734,True,True
527,28,2,123802.98,2,1,1,155846.69,0,True,False,False,0.2022725477991804,11142.2682,563.443744268947,513.443744268947,False,True
592,37,3,96651.03,1,1,1,3232.82,0,False,False,True,0.2240784023409545,8698.5927,487.2916887076724,437.2916887076724,False,True
678,43,1,133237.21,1,1,0,111032.79,1,False,False,True,0.6828828538036423,11991.3489,2047.171639446792,1997.171639446792,True,True
570,61,6,142105.35,1,1,1,45214.04,0,False,False,False,0.5206239813302331,12789.4815,1664.6276944198405,1614.6276944198405,True,True
815,37,1,166115.42,1,1,0,67208.3,0,False,False,True,0.3801149869902588,14950.3878,1420.716616024081,1370.716616024081,False,True
817,37,6,81070.34,2,1,0,80985.88,0,False,False,False,0.2360658994382163,7296.330599999999,430.60371142189507,380.60371142189507,False,True
641,53,0,123835.52,2,0,1,160110.65,0,False,False,False,0.593025988034178,11145.1968,1652.34783603884,1602.34783603884,True,True
624,51,10,123401.43,2,1,1,127825.25,0,False,False,True,0.3956307383901766,11106.128699999996,1098.4814745593326,1048.4814745593326,False,True
579,49,4,169377.31,1,1,1,123535.05,0,True,False,True,0.4679548215924316,15243.9579,1783.3708998642596,1733.3708998642596,False,True
698,38,2,130015.24,1,1,1,41595.3,0,False,False,True,0.2481880679476021,11701.3716,726.0352024352354,676.0352024352354,False,True
691,34,8,133936.04,2,1,0,91359.79,0,False,False,True,0.1862685892920894,12054.2436,561.3317375887992,511.33173758879923,False,True
638,34,6,114543.27,1,1,1,97755.29,0,False,False,True,0.1913406494088601,10308.8943,493.127632512324,443.127632512324,False,True
705,31,3,119794.67,1,0,0,182528.44,0,False,False,False,0.3592689082997864,10781.5203,968.3662569982464,918.3662569982464,False,True
648,32,8,157138.99,3,1,0,190994.48,1,True,False,False,0.7907423451867384,14142.5091,2795.770203139697,2745.770203139697,True,True
527,41,10,136733.24,1,1,1,57589.29,0,True,False,False,0.5904001193181556,12305.9916,1816.364727242055,1766.364727242055,True,True
717,28,9,82498.14,2,0,0,40437.67,0,True,False,False,0.1551320228516537,7424.8326,287.95732514322583,237.95732514322583,False,True
614,39,3,151914.93,1,0,0,56459.45,0,False,True,True,0.3673720593519847,13672.343699999998,1255.7092653092832,1205.7092653092832,False,True
737,43,0,80090.93,1,1,0,39920.0,1,False,False,True,0.6815514108437479,7208.1837,1228.1869425889768,1178.1869425889768,True,True
587,51,3,83739.32,1,0,1,148798.45,0,False,True,True,0.5149033710514402,7536.5388,970.1473085449941,920.1473085449941,True,True
682,35,2,181166.44,1,1,1,63737.19,1,False,False,False,0.4079841100624736,16304.9796,1663.0431479231968,1613.0431479231968,False,True
710,38,3,130588.82,1,1,1,154997.64,0,False,False,True,0.2371645057327582,11752.9938,696.8482413642929,646.8482413642929,False,True
609,33,6,94126.67,1,0,0,93718.16,0,True,False,True,0.3794712710746435,8471.4003,803.663259905779,753.663259905779,False,True
688,38,7,148045.68,1,1,0,175479.92,1,False,False,True,0.4291986613925841,13324.1112,1429.6726728214844,1379.6726728214844,False,True
733,44,6,168165.84,1,0,1,197193.49,0,False,False,False,0.403567920660489,15134.9256,1526.992613435801,1476.992613435801,False,True
583,26,10,72835.56,2,1,0,96792.15,0,True,False,False,0.1651797757803922,6555.2004,270.6966330668843,220.69663306688432,False,True
666,31,3,123212.08,2,1,1,112157.31,0,True,False,True,0.1904846754171131,11089.0872,528.0752939910159,478.0752939910159,False,True
606,40,6,119501.88,2,1,0,46774.94,0,False,False,True,0.2339848622767784,10755.1692,629.1366960063623,579.1366960063623,False,True
700,39,5,144550.83,2,1,1,189664.43,0,True,False,False,0.2909466357077855,13009.574699999996,946.2729977385304,896.2729977385304,False,True
677,34,3,126729.41,1,1,1,26106.39,1,True,False,True,0.4657254663300677,11405.6469,1327.9750553246477,1277.9750553246477,False,True
850,36,5,119984.07,1,1,0,191535.11,1,True,False,True,0.595926879285259,10798.5663,1608.7889789784915,1558.7889789784915,True,True
620,42,9,121490.05,1,1,1,29296.74,0,False,True,True,0.3295741134623929,10934.1045,900.8994492731651,850.8994492731651,False,True
610,46,5,91897.8,1,1,0,54394.28,0,False,True,True,0.7041269367195858,8270.802,1455.923619118556,1405.923619118556,True,True
609,39,2,139443.75,2,1,0,9234.06,0,False,True,True,0.2112467559055014,12549.9375,662.7833959229496,612.7833959229496,False,True
683,35,5,144961.97,1,0,1,26796.73,0,True,False,True,0.4317230530620379,13046.5773,1408.12704599147,1358.12704599147,False,True
633,42,3,126041.02,1,0,1,11796.89,0,True,False,True,0.6401619736258133,11343.6918,1815.4500327227388,1765.4500327227388,True,True
676,28,1,69459.05,2,1,1,128461.29,0,True,False,True,0.0838860952984898,6251.3145,131.09959097195778,81.09959097195778,False,True
693,38,7,198338.77,2,1,1,14278.18,0,False,False,True,0.2272615434557925,17850.4893,1014.1824374397773,964.1824374397773,False,True
569,35,2,109196.66,3,1,0,109393.19,1,True,False,True,0.8420747273715858,9827.6994,2068.9143232362244,2018.9143232362244,True,True
684,38,3,134168.5,3,1,0,3966.5,1,False,True,False,0.8540310003853797,12075.165,2578.141311192131,2528.141311192131,True,True
566,65,4,120100.41,1,1,0,107563.16,1,True,False,True,0.9212177318907768,10809.0369,2489.3691142354282,2439.3691142354282,True,True
432,38,2,135559.8,2,1,1,71856.3,0,True,False,True,0.2383884965691447,12200.381999999998,727.1076806373136,677.1076806373136,False,True
816,25,2,150355.35,2,1,1,35770.84,0,True,False,False,0.1652132510466639,13531.9815,558.9156641795779,508.9156641795779,False,True
593,35,6,133489.12,2,1,1,78101.29,0,False,False,False,0.171503406614349,12014.020799999998,515.1113735839116,465.1113735839116,False,True
715,37,9,105489.31,1,0,0,143096.49,1,True,False,False,0.6695563892579198,9494.0379,1589.1984339504609,1539.1984339504609,True,True
775,25,10,60205.2,2,1,0,14073.11,0,True,False,True,0.1253125784963034,5418.468,169.75054914492702,119.75054914492702,False,True
670,42,6,112333.63,1,1,1,65706.86,0,False,False,False,0.4599789246764299,10110.0267,1162.599802478999,1112.599802478999,False,True
616,57,7,116936.81,1,1,1,104379.36,0,True,False,False,0.7912788551706078,10524.3129,2081.916565742315,2031.916565742315,True,True
579,50,5,117721.02,1,0,1,192146.63,1,True,False,False,0.796178107421282,10594.8918,2108.855225414315,2058.855225414315,True,True
786,37,7,165896.22,2,1,1,66977.68,0,False,False,True,0.1462878052479802,14930.6598,546.0433632615618,496.0433632615618,False,True
704,44,9,153656.85,1,1,0,158742.81,0,False,True,False,0.6683704552517186,13829.1165,2310.7432227085133,2260.7432227085133,True,True
796,50,1,94164.0,1,1,1,189414.74,0,False,False,False,0.5716487889027569,8474.76,1211.146572560382,1161.146572560382,True,True
602,49,0,191808.73,1,0,0,97640.2,0,False,False,True,0.6100481682824622,17262.7857,2632.7826989344208,2582.7826989344208,True,True
619,58,5,152199.33,1,1,1,86022.09,0,False,False,True,0.435959832226071,13697.9397,1492.9378733637093,1442.9378733637093,False,True
492,52,8,125396.24,1,1,0,10014.72,1,True,False,False,0.9235795102937574,11285.6616,2605.8014534672657,2555.8014534672657,True,True
641,41,7,104405.54,3,1,0,17384.21,0,True,False,True,0.550360117343073,9396.4986,1292.8645180275055,1242.8645180275055,True,True
518,27,1,133801.49,1,1,1,143315.57,0,False,False,False,0.2231820801949539,12042.1341,671.8971346061472,621.8971346061472,False,True
625,42,6,100047.33,1,1,0,93429.95,0,True,False,True,0.6755556857861523,9004.259699999999,1520.7197091575283,1470.7197091575283,True,True
759,31,1,109848.6,1,1,1,42012.55,0,False,False,False,0.202332927525707,9886.374,500.0847485085085,450.0847485085085,False,True
604,32,7,127849.38,1,1,0,15798.7,0,False,False,False,0.3416664977594175,11506.4442,982.8416228695406,932.8416228695406,False,True
520,29,8,95947.76,1,1,0,4696.44,0,False,False,False,0.3158299996827035,8635.2984,681.8215727330124,631.8215727330124,False,True
626,43,4,137638.69,1,1,0,130442.08,1,False,False,True,0.6887766334909307,12387.4821,2133.052054566791,2083.052054566791,True,True
670,38,10,89416.99,1,0,0,144275.39,0,False,False,True,0.3472783773855785,8047.5291,698.6832119528061,648.6832119528061,False,True
508,60,7,143262.04,1,1,1,129562.74,0,False,False,False,0.5851777821277594,12893.583600000002,1886.2596636817132,1836.2596636817132,True,True
624,35,7,119656.45,2,1,1,4595.05,0,False,True,False,0.2387092023597291,10769.0805,642.6696540756782,592.6696540756782,False,True
654,29,4,132954.64,1,1,1,146715.07,0,False,False,True,0.1980317679476272,11965.9176,592.4079543609071,542.4079543609071,False,True
681,44,3,105206.7,2,1,1,163558.36,0,True,False,False,0.5958116492952437,9468.603,1410.3759924879728,1360.3759924879728,True,True
621,37,9,83061.26,2,1,0,9170.54,0,False,True,False,0.2392479756583351,7475.5134,447.12536198918946,397.12536198918946,False,True
632,40,5,147650.68,1,1,1,199674.83,0,False,False,True,0.3515486159023532,13288.561199999998,1167.8938242984282,1117.8938242984282,False,True
644,44,5,73348.56,1,1,0,157166.79,1,False,False,True,0.7001904155809521,6601.3704,1155.554070944949,1105.554070944949,True,True
568,27,1,116320.68,1,0,1,45563.94,0,False,True,False,0.2404363096662992,10468.8612,629.2735883341761,579.2735883341761,False,True
523,61,8,66250.71,1,1,1,21859.06,0,False,False,True,0.5134814378293955,5962.5639,765.416471130412,715.416471130412,True,True
477,24,2,95675.62,2,0,0,162699.7,1,True,False,False,0.3570035841266242,8610.8058,768.5221332045809,718.5221332045809,False,True
675,42,2,92616.64,2,1,0,8567.18,0,True,False,True,0.349329489077845,8335.497599999999,727.9587794544007,677.9587794544007,False,True
738,37,8,100565.94,1,1,1,128799.86,0,False,True,False,0.2440202027899664,9050.9346,552.1527241326809,502.1527241326809,False,True
717,42,5,190305.78,1,1,0,99347.8,1,False,True,False,0.7092338609312505,17127.5202,3036.854319905996,2986.854319905996,True,True
526,35,9,118536.4,1,1,0,40980.87,1,True,False,False,0.6588701336516758,10668.275999999998,1757.252108488241,1707.252108488241,True,True
660,19,5,127649.64,1,1,1,40368.65,0,False,False,True,0.1937668910295093,11488.4676,556.5211623863121,506.5211623863121,False,True
525,35,7,165358.77,1,0,1,94738.54,0,False,False,True,0.2205444577258569,14882.289299999997,820.5516058469555,770.5516058469555,False,True
616,36,10,78249.53,1,1,0,136934.91,0,True,False,False,0.3682890688840362,7042.457699999999,648.4150472470526,598.4150472470526,False,True
521,61,0,125193.96,1,1,1,109356.53,0,True,False,False,0.7830416317672596,11267.4564,2205.721861330613,2155.721861330613,True,True
687,41,2,154007.21,1,1,0,158408.23,0,True,False,False,0.5686711123935211,13860.648899999997,1970.537657114758,1920.537657114758,True,True
677,43,3,133214.88,2,1,1,95936.84,0,False,True,False,0.4510697264062521,11989.3392,1352.0069881839383,1302.0069881839383,False,True
695,63,1,146202.93,1,1,1,126688.83,1,False,True,True,0.4452885713050084,13158.2637,1464.8061109568882,1414.8061109568882,False,True
496,30,0,90963.49,1,0,1,27802.0,0,False,False,True,0.163087226108695,8186.7141,333.7871233784854,283.7871233784854,False,True
706,68,4,114386.85,1,1,1,28601.68,0,False,True,True,0.3144747906421908,10294.8165,809.3650658843179,759.3650658843179,False,True
667,71,4,137260.78,1,0,1,94433.08,1,False,True,True,0.411213459091274,12353.4702,1269.978303180743,1219.978303180743,False,True
559,33,9,111060.05,2,1,0,110371.84,0,False,False,True,0.2004024419617524,9995.4045,500.7758675488722,450.7758675488722,False,True
636,60,7,124447.73,1,1,1,141364.62,1,False,True,True,0.4561778328681899,11200.2957,1277.3316549772267,1227.3316549772267,False,True
648,33,7,135310.41,2,0,1,171668.2,0,True,False,True,0.1937825383047738,12177.9369,589.9678809493421,539.9678809493421,False,True
639,34,5,139393.19,2,0,0,33950.08,0,False,True,True,0.1802153249956902,12545.3871,565.2177533558099,515.2177533558099,False,True
766,26,3,104258.8,1,1,1,428.23,0,False,False,False,0.2377462335194942,9383.292,557.7105827534004,507.71058275340044,False,True
655,32,9,113447.01,1,1,0,82084.3,0,True,False,True,0.5703539926596058,10210.2309,1455.8614899478703,1405.8614899478703,True,True
778,33,4,111063.73,2,1,0,83556.65,0,True,False,False,0.3551550326176255,9995.7357,887.5089596426658,837.5089596426658,False,True
757,30,6,161378.02,1,0,0,71926.28,1,True,False,False,0.5422160480583195,14524.0218,1968.78942557722,1918.78942557722,True,True
529,39,2,82766.43,1,1,1,122925.44,0,False,True,False,0.3486342914209828,7448.9787,649.2423527211233,599.2423527211233,False,True
615,61,1,104267.7,1,1,0,62845.64,1,False,False,False,0.8486380120824178,9384.093,1990.9245071791333,1940.9245071791333,True,True
735,25,3,91718.8,1,0,0,28411.23,0,False,False,False,0.3277093535359843,8254.692,676.2849447396652,626.2849447396652,False,True
705,47,3,63488.7,1,0,1,28640.92,1,False,True,False,0.6455672993245746,5713.982999999999,922.1901434241325,872.1901434241325,True,True
644,46,6,12459.19,1,0,0,156787.34,1,False,True,False,0.8328677628487314,1121.3271,233.47929829966392,183.47929829966392,True,True
505,37,6,159863.9,2,0,1,125307.87,0,True,False,False,0.1911162868059639,14387.750999999998,687.4333866521985,637.4333866521985,False,True
471,23,6,104592.55,2,1,0,131736.23,0,True,False,True,0.2791542444144532,9413.3295,656.9427209991956,606.9427209991956,False,True
722,50,4,132088.59,1,1,1,128262.14,0,False,True,False,0.5329011015867774,11887.9731,1583.7784901559942,1533.7784901559942,True,True
744,44,5,120654.68,1,1,0,82290.81,0,False,True,True,0.6423007956138072,10858.9212,1743.6734315669096,1693.6734315669096,True,True
653,32,4,83772.95,1,0,1,23920.65,0,False,False,False,0.2148100977215502,7539.565499999999,404.89370045825706,354.89370045825706,False,True
660,31,6,172325.67,1,0,1,45438.38,0,False,False,False,0.2621482763910119,15509.3103,1016.4347407895918,966.4347407895918,False,True
787,46,7,117685.31,2,1,1,93360.35,0,False,False,True,0.3889658443924047,10591.6779,1029.950234476468,979.950234476468,False,True
684,35,6,135871.5,1,1,1,87219.41,0,False,False,True,0.1906205306244366,12228.435,582.7476921016081,532.7476921016081,False,True
625,49,4,128504.76,1,1,0,126812.63,1,True,False,False,0.9282828404520213,11565.4284,2683.997181549119,2633.997181549119,True,True
516,42,8,56228.25,1,1,0,46857.52,0,False,False,False,0.6153946141336999,5060.5425,778.5576497736722,728.5576497736722,True,True
732,45,6,98792.4,1,1,0,81491.7,1,True,False,False,0.9022091263096396,8891.315999999999,2005.4566100257296,1955.4566100257296,True,True
628,40,5,181768.32,2,1,1,129107.97,0,True,False,True,0.213291534851708,16359.1488,872.3169891048693,822.3169891048693,False,True
682,48,9,101198.01,1,1,1,49732.9,0,False,True,False,0.4968235364068844,9107.8209,1131.2449471246332,1081.2449471246332,False,True
778,34,5,139064.06,2,0,0,67949.32,0,False,False,True,0.1704962740643287,12515.7654,533.4728419408107,483.47284194081067,False,True
617,35,2,104508.1,1,1,1,147636.46,0,False,False,False,0.2806483189992041,9405.729,659.9255082030162,609.9255082030162,False,True
660,35,9,113948.58,1,1,0,188891.96,1,True,False,True,0.6125764222613576,10255.3722,1570.5498028086467,1520.5498028086467,True,True
611,37,1,117524.72,2,0,1,161064.29,0,True,False,True,0.269455483130509,10577.2248,712.5228046660003,662.5228046660003,False,True
665,37,5,160389.82,1,0,1,183542.08,0,False,False,False,0.3304851572046343,14435.0838,1192.6452347262675,1142.6452347262675,False,True
692,27,1,125547.53,1,0,0,7900.46,0,False,False,True,0.2746714659260891,11299.2777,775.8972924412421,725.8972924412421,False,True
507,46,6,92783.68,1,1,1,51424.29,0,False,True,True,0.4767578881064592,8350.5312,995.2954048697741,945.2954048697741,False,True
696,49,5,97036.22,2,1,0,152450.84,1,True,False,True,0.7431494481083659,8733.2598,1622.5293001392445,1572.5293001392445,True,True
641,40,5,102145.13,1,1,1,100637.07,0,False,True,True,0.3085316556549303,9193.0617,709.087636709732,659.087636709732,False,True
507,33,1,113452.66,1,0,0,142911.99,0,False,False,False,0.344425122177495,10210.7394,879.2087913418906,829.2087913418906,False,True
688,46,8,155681.72,1,1,0,26287.21,0,False,True,False,0.6588066386099333,14011.354799999996,2307.693389539788,2257.693389539788,True,True
535,38,8,127475.24,1,0,0,60775.76,1,True,False,True,0.6352098283274823,11472.7716,1821.9043196191035,1771.9043196191035,True,True
488,43,10,112751.13,1,1,1,28332.0,0,False,False,True,0.416430832092125,10147.6017,1056.4435549176155,1006.4435549176155,False,True
674,45,7,144889.18,1,1,1,102591.9,1,False,False,True,0.4781759466037447,13040.0262,1558.856717980658,1508.856717980658,False,True
829,22,7,150126.44,1,1,0,152107.93,1,False,False,False,0.3800506156315683,13511.3796,1283.7520337529531,1233.7520337529531,False,True
768,54,8,69712.74,1,1,1,69381.05,0,False,False,True,0.4485695513209619,6274.1466,703.5977813209846,653.5977813209846,False,True
682,35,2,117438.92,2,1,1,16910.98,0,True,False,False,0.2864897493239222,10569.502799999998,757.0135519126233,707.0135519126233,False,True
653,38,8,119315.75,1,1,0,150468.35,0,False,False,True,0.3562883784842776,10738.4175,956.4933396405474,906.4933396405474,False,True
712,30,1,89571.59,1,1,1,177613.19,0,False,False,False,0.229087549436372,8061.4431,461.6940611749375,411.6940611749375,False,True
620,34,8,102251.57,1,1,0,120672.09,0,True,False,False,0.5992582587664848,9202.6413,1378.689700372635,1328.689700372635,True,True
709,42,9,118546.71,1,0,1,77142.85,0,False,False,True,0.338426252632282,10669.2039,902.6846736116821,852.6846736116821,False,True
635,38,0,103257.14,1,0,0,158344.63,0,False,True,True,0.3295314053330668,9293.1426,765.5955852346475,715.5955852346475,False,True
749,43,1,124209.02,1,1,1,167179.48,0,False,True,False,0.4735296712153188,11178.8118,1323.3747690579814,1273.3747690579814,False,True
836,41,7,150302.84,1,1,1,156036.19,0,False,True,False,0.4137199987840347,13527.2556,1399.1240425958317,1349.1240425958317,False,True
542,34,8,108653.93,1,0,1,144725.14,0,False,True,True,0.2017696838582303,9778.8537,493.2690548862214,443.2690548862214,False,True
645,45,8,85325.93,1,0,0,22558.74,0,False,False,False,0.7116386811064982,7679.333699999999,1366.227726511171,1316.227726511171,True,True
747,37,9,135776.36,3,1,0,85470.45,1,True,False,True,0.8805858690894385,12219.872399999998,2690.16173937901,2640.16173937901,True,True
645,40,6,131411.24,1,1,1,194656.11,0,False,False,True,0.3324054154173851,11827.011599999998,982.840676011058,932.840676011058,False,True
714,45,9,106431.97,2,1,1,164117.69,0,True,False,False,0.6094341711646911,9578.8773,1459.4237870034435,1409.4237870034435,True,True
717,50,9,90305.76,1,1,1,124626.57,0,False,False,True,0.4850858297216694,8127.518399999999,985.6360016605337,935.6360016605337,False,True
645,28,7,117466.03,2,1,1,34490.06,0,True,False,True,0.1905240185736375,10571.9427,503.5522518335578,453.5522518335578,False,True
681,32,3,148884.47,2,1,1,90967.37,0,False,False,True,0.1537138006872427,13399.6023,514.9259493076297,464.9259493076297,False,True
681,44,4,91115.76,2,0,0,24208.84,1,True,False,False,0.6553396563664124,8200.418399999999,1343.5148440792013,1293.5148440792013,True,True
679,37,8,77373.87,2,0,1,174873.09,0,True,False,False,0.1891906407603918,6963.648299999999,329.36427097675323,279.36427097675323,False,True
528,23,7,104744.89,1,1,0,170262.97,0,False,True,True,0.2936604168851043,9427.0401,692.0871314396488,642.0871314396488,False,True
733,39,5,91538.51,1,1,1,93783.0,0,True,False,True,0.4194526864689625,8238.4659,863.9116635344847,813.9116635344847,False,True
726,34,0,185734.75,1,1,1,102036.82,0,False,False,False,0.3125661688141797,16716.1275,1306.223982521088,1256.223982521088,False,True
520,30,3,143396.54,2,1,1,898.51,0,False,False,True,0.1621152443125545,12905.6886,523.0522151026873,473.05221510268734,False,True
556,40,5,125909.85,1,1,1,95124.4,0,False,False,True,0.3323976081739309,11331.8865,941.6729921746143,891.6729921746143,False,True
674,36,2,154525.7,1,0,1,27468.72,0,False,False,True,0.2128908326374712,13907.312999999998,740.1848610799817,690.1848610799817,False,True
631,51,8,100654.8,1,1,0,171587.9,0,False,False,True,0.7915274240450902,9058.932,1792.5982776399096,1742.5982776399096,True,True
623,44,1,83325.77,1,0,1,80828.78,0,False,True,True,0.4346819477024712,7499.319299999999,814.9546799416831,764.9546799416831,False,True
665,35,8,110934.54,1,1,0,169287.99,0,False,False,True,0.2958684815456037,9984.1086,738.4957627671007,688.4957627671007,False,True
523,36,8,113680.54,1,0,0,13197.44,0,False,True,False,0.3614361326220534,10231.2486,924.4857314696995,874.4857314696995,False,True
706,31,1,117020.08,2,1,0,54439.53,0,True,False,True,0.3061128254408994,10531.8072,805.9803147477019,755.9803147477019,False,True
619,49,9,145359.99,1,1,0,38186.85,0,False,False,False,0.7713470400693774,13082.3991,2522.767455697822,2472.767455697822,True,True
593,39,8,151391.68,1,1,0,27274.6,1,True,False,False,0.6024619491916557,13625.2512,2052.173849044487,2002.1738490444868,True,True
608,66,8,123935.35,1,1,1,65758.19,0,False,True,True,0.280126281661562,11154.1815,781.144847143296,731.144847143296,False,True
684,40,2,70291.02,1,1,1,115468.84,1,False,True,True,0.4213700712159389,6326.1918,666.4169723229221,616.4169723229221,False,True
604,42,10,166031.45,1,1,0,98293.14,0,True,False,False,0.5841472768832638,14942.8305,2182.203436375795,2132.203436375795,True,True
636,36,6,96643.32,1,0,0,182059.28,0,True,False,True,0.4544315939868065,8697.8988,988.150004004983,938.150004004983,False,True
729,26,4,97268.1,2,1,0,39356.38,0,True,False,True,0.2467055738318535,8754.129,539.9231045857675,489.92310458576753,False,True
689,55,1,76296.81,1,1,0,42364.75,1,True,False,False,0.8933599284248401,6866.712899999999,1533.6115362144812,1483.6115362144812,True,True
809,42,6,64497.94,3,0,1,182436.81,1,True,False,False,0.8366096309928284,5804.8146,1214.0909501219455,1164.0909501219455,True,True
732,54,0,134249.7,1,0,1,13404.4,0,False,True,True,0.4513328693043404,12082.473,1363.3043018455555,1313.3043018455555,False,True
599,30,9,105443.68,1,1,1,121124.53,0,False,False,True,0.189252930485795,9489.9312,448.9993224271443,398.9993224271443,False,True
625,35,5,86147.46,2,1,0,163440.8,1,True,False,False,0.3742547645137082,7753.2714,725.4246905044671,675.4246905044671,False,True
537,38,1,96939.06,1,1,1,102606.92,0,False,True,False,0.3062194204447606,8724.515399999998,667.904012362347,617.904012362347,False,True
696,47,1,106758.6,1,1,1,80591.18,0,False,True,True,0.4356902459750448,9608.274,1046.5578156139068,996.5578156139068,False,True
679,33,9,112528.65,2,1,0,177362.45,0,False,False,False,0.270374263053328,10127.5785,684.5591433630573,634.5591433630573,False,True
684,60,2,116563.58,1,1,0,120257.7,1,False,False,True,0.8245152134564662,10490.7222,2162.440013511372,2112.440013511372,True,True
537,38,6,141786.78,1,0,1,147797.54,0,False,True,False,0.2988283105992199,12760.8102,953.3228384858232,903.3228384858232,False,True
850,41,3,136416.82,1,0,1,57844.26,0,False,False,True,0.2990667312245658,12277.5138,917.9489799326244,867.9489799326244,False,True
618,40,1,133245.52,2,1,1,54495.82,0,True,False,False,0.351732120970998,11992.0968,1054.5014105883795,1004.5014105883795,False,True
802,41,4,90757.64,2,0,1,169183.66,0,True,False,False,0.3347265390437309,8168.187599999999,683.5272914019796,633.5272914019796,False,True
547,43,1,92350.36,1,0,1,80262.91,0,False,False,True,0.4724344798523573,8311.5324,981.6636215425037,931.6636215425037,False,True
613,69,9,78778.49,1,0,1,8751.59,0,True,False,True,0.3671778004636959,7090.0641,650.8285353461534,600.8285353461534,False,True
592,34,6,102143.93,2,1,1,102628.98,0,True,False,False,0.2322715360275723,9192.953699999998,533.8153691323384,483.81536913233845,False,True
721,37,4,98459.6,1,0,0,90821.66,0,True,False,True,0.476766798806511,8861.364,1056.2010368348149,1006.2010368348149,False,True
671,47,7,114603.76,2,1,0,153194.32,1,True,False,False,0.7855242413032453,10314.3384,2025.5407115512323,1975.5407115512323,True,True
751,51,7,148074.79,1,1,0,146411.41,1,True,False,False,0.930026630264594,13326.7311,3098.5537043438417,3048.5537043438417,True,True
607,62,8,108004.64,1,1,1,23386.77,1,False,True,False,0.4944515457863351,9720.4176,1201.5688770021745,1151.5688770021745,False,True
509,29,0,107712.57,2,1,1,92898.17,0,True,False,False,0.1984758167209015,9694.1313,481.01265679178863,431.01265679178863,False,True
559,32,9,145303.52,1,1,0,103560.98,0,False,False,True,0.3000916251335464,13077.3168,981.0983127245572,931.0983127245572,False,True
684,37,4,138476.41,2,1,1,52367.29,0,True,False,True,0.2453990568531062,12462.8769,764.594559234091,714.594559234091,False,True
635,27,8,127471.56,1,1,1,152916.05,1,False,False,False,0.3135564050659365,11472.4404,899.3142922893037,849.3142922893037,False,True
709,26,6,156551.63,1,0,1,4410.77,0,False,False,True,0.1715964947155381,14089.6467,604.4334963750871,554.4334963750871,False,True
656,49,9,97092.87,1,1,0,74771.22,1,True,False,False,0.9067431520424396,8738.3583,1980.8616371545536,1930.8616371545536,True,True
609,37,5,129312.79,1,1,1,26793.82,0,False,True,True,0.2430037108534647,11638.1511,707.028476193333,657.028476193333,False,True
618,29,10,100315.1,2,1,1,32526.64,0,True,False,False,0.1691578535219116,9028.359,381.80445731630806,331.80445731630806,False,True
850,35,6,81684.97,1,1,0,824.0,0,False,False,False,0.3578457869446225,7351.647299999999,657.6890033519522,607.6890033519522,False,True
669,51,3,88827.53,1,0,0,85250.77,1,False,True,True,0.8129291215682585,7994.477699999999,1624.7359335145075,1574.7359335145075,True,True
594,40,0,152092.44,2,1,1,83508.93,0,True,False,True,0.3032904186827417,13688.3196,1037.884045636795,987.884045636795,False,True
608,38,9,102406.76,1,0,1,57600.66,0,False,True,False,0.2986785957452429,9216.6084,688.2009136114525,638.2009136114525,False,True
710,21,4,109130.96,2,1,1,56191.99,0,False,False,True,0.1263783538674451,9821.7864,310.31529931741494,260.31529931741494,False,True
530,33,9,75242.28,1,0,1,101694.67,0,True,False,True,0.2180142242039996,6771.8052,369.0874642846526,319.0874642846526,False,True
758,33,0,129142.54,2,1,1,26606.28,0,True,False,True,0.2345423668785457,11622.8286,681.5114324169135,631.5114324169135,False,True
631,22,6,139129.92,1,1,1,63747.51,0,True,False,False,0.4383308049479957,12521.6928,1372.1609210838806,1322.1609210838806,False,True
544,22,3,66483.32,1,0,1,110317.39,0,False,True,True,0.3046619090051482,5983.4988,455.73604173450343,405.73604173450343,False,True
596,40,5,62389.03,3,1,0,148623.43,1,True,False,True,0.8402476305141043,5615.012699999999,1179.5002791204006,1129.5002791204006,True,True
498,46,1,91857.66,1,1,0,101954.78,1,False,False,True,0.7771232889192128,8267.1894,1606.1563541615133,1556.1563541615133,True,True
570,30,10,176173.52,1,1,0,97045.32,1,False,False,False,0.4809569369208789,15855.616799999998,1906.4672222798065,1856.4672222798065,False,True
453,37,4,131834.76,2,1,0,8949.2,0,False,False,False,0.2572545060160712,11865.1284,763.0894363398143,713.0894363398143,False,True
562,48,3,92347.96,1,1,1,163116.75,0,False,False,True,0.5533019536845084,8311.3164,1149.6669004525238,1099.6669004525238,True,True
748,40,3,95297.11,1,0,0,171515.84,0,False,False,True,0.469140214091753,8576.739899999999,1005.9233982238198,955.9233982238198,False,True
735,53,8,123845.36,2,0,1,170454.93,1,False,False,False,0.5608432650718319,11146.0824,1562.80131149392,1512.80131149392,True,True
627,62,3,143426.34,2,1,1,143104.3,0,True,False,True,0.5127124889636394,12908.370599999998,1654.5707046977666,1604.5707046977666,True,True
562,31,2,112708.2,1,0,1,186370.3,0,True,False,True,0.4052796357122305,10143.738,1027.7626103500775,977.7626103500775,False,True
632,43,2,100013.51,1,1,0,24275.32,0,False,False,True,0.6394585405984722,9001.2159,1438.9760957564406,1388.9760957564406,True,True
479,33,2,208165.53,1,0,0,50774.81,1,False,False,False,0.4905628132215311,18734.8977,2297.6610302823983,2247.6610302823983,False,True
512,33,6,121685.31,2,1,1,83681.97,0,False,False,False,0.1675778594013421,10951.6779,458.8146848337464,408.8146848337464,False,True
704,39,2,111525.02,1,1,0,199484.96,0,False,False,True,0.3621277443674449,10037.2518,908.691838495519,858.691838495519,False,True
604,36,10,113546.3,1,1,1,134875.37,0,True,False,True,0.4272238754242483,10219.167,1091.4680323368973,1041.4680323368973,False,True
683,41,6,95696.52,2,1,1,184366.14,0,False,False,True,0.2333801294982766,8612.6868,502.50749017802434,452.50749017802434,False,True
537,28,0,88963.31,2,1,1,189839.93,0,False,False,True,0.1114577879529872,8006.6979,223.10220918545699,173.10220918545699,False,True
794,31,0,144880.34,2,0,1,175643.44,0,False,True,True,0.139111379363404,13039.2306,453.4763386508765,403.4763386508765,False,True
732,55,9,136576.02,1,0,1,3268.17,1,False,False,True,0.5032937706429078,12291.841799999998,1546.6018519170266,1496.6018519170266,True,True
495,38,2,63093.01,1,1,1,47089.72,0,False,False,False,0.3804241679403079,5678.3709,540.0473812222393,490.0473812222393,False,True
552,38,10,132271.12,2,1,1,46562.02,0,True,False,True,0.2579082141601136,11904.4008,767.560687743557,717.560687743557,False,True
602,29,3,88814.4,2,1,1,62487.97,0,False,False,False,0.1580846703978748,7993.295999999999,315.9043908881627,265.9043908881627,False,True
607,40,5,90594.55,1,0,1,181598.25,0,True,False,True,0.5252230633345988,8153.5095,1070.6028091294381,1020.6028091294381,True,True
675,33,0,141816.25,1,1,0,64815.05,1,True,False,False,0.5916228274188958,12763.4625,1887.7889429762622,1837.7889429762622,True,True
443,54,3,138547.97,1,1,1,70196.23,1,False,False,False,0.6329385499110487,12469.3173,1973.0779025606882,1923.0779025606882,True,True
727,31,2,52192.08,2,0,1,160383.47,0,False,False,False,0.1291754762407919,4697.287200000001,151.693577774944,101.693577774944,False,True
482,38,4,124976.19,1,1,0,35848.12,0,False,False,True,0.3702075119690691,11247.8571,1041.010297993657,991.0102979936571,False,True
588,35,3,104356.38,1,1,0,94498.82,0,True,False,True,0.5286991003979892,9392.0742,1241.395295102791,1191.395295102791,True,True
605,48,10,150315.92,1,0,1,133486.36,0,False,True,False,0.5689903566714185,13528.4328,1924.3869510193292,1874.3869510193292,True,True
583,39,1,129299.28,2,1,0,73107.6,0,False,False,True,0.2202899625920632,11636.9352,640.8750049735659,590.8750049735659,False,True
738,37,7,140950.92,2,1,0,195333.98,0,True,False,True,0.2824867947498055,12685.5828,895.8774061763157,845.8774061763157,False,True
744,30,1,128065.12,1,1,0,121525.48,0,False,True,True,0.3088490123783244,11525.8608,889.9376812225111,839.9376812225111,False,True
781,23,2,107433.48,1,1,0,173843.21,0,False,False,True,0.2756180085606347,9669.0132,666.2385407326224,616.2385407326224,False,True
699,34,2,117468.67,1,1,0,185227.42,0,False,False,True,0.2862905869019468,10572.1803,756.67892573005,706.67892573005,False,True
570,29,4,153040.03,1,1,1,131363.57,1,False,False,False,0.2655323889025935,13773.6027,914.3344071815529,864.3344071815529,False,True
692,45,6,142084.04,4,1,0,188305.85,1,True,False,True,0.9422717123557176,12787.5636,3012.339862557411,2962.339862557411,True,True
788,32,4,112079.58,1,0,0,89368.59,0,False,False,True,0.26642396915867,10087.1622,671.8654477178255,621.8654477178255,False,True
526,66,7,132044.6,2,1,1,158365.89,0,False,True,True,0.2969696859516833,11884.014,882.2979763563519,832.2979763563519,False,True
749,46,9,66582.81,1,1,0,78753.12,1,False,True,False,0.8007047323439186,5992.452899999999,1199.5463488445096,1149.5463488445096,True,True
658,38,6,102895.1,1,0,0,155665.76,0,False,False,False,0.4323527597566647,9260.559,1000.9570601348547,950.9570601348547,False,True
754,27,7,117578.35,2,0,1,87908.01,0,True,False,True,0.211996010584478,10582.0515,560.8381754498728,510.8381754498728,False,True
679,47,10,198546.1,2,1,0,191198.92,1,False,False,True,0.6504499710151721,17869.148999999998,2905.7468622789474,2855.7468622789474,True,True
600,28,2,116623.31,1,0,1,59905.29,0,True,False,True,0.3272005900597709,10496.0979,858.5823565512807,808.5823565512807,False,True
555,44,3,105770.7,3,1,0,60533.96,1,False,False,False,0.9223767962704428,9519.363,2195.1098866188477,2145.1098866188477,True,True
738,39,1,94435.45,2,0,1,189430.86,0,False,False,False,0.2648298026860523,8499.190499999999,562.7097357765424,512.7097357765424,False,True
706,39,8,112889.91,1,0,1,6723.66,0,True,False,False,0.5686123821524068,10160.0919,1444.2885145365933,1394.2885145365933,True,True
577,43,3,127940.47,1,0,0,125140.72,1,True,False,False,0.8691572038615771,11514.6423,2502.00857623356,2452.00857623356,True,True
578,36,8,129745.1,1,1,1,143683.75,0,True,False,False,0.5402741545941641,11677.059,1577.2032948427936,1527.2032948427936,True,True
656,46,7,141535.52,1,1,0,50595.15,1,True,False,False,0.8964690652315942,12738.1968,2854.849844508021,2804.849844508021,True,True
556,47,2,139914.27,1,1,1,50390.98,0,False,False,False,0.5967956256376676,12592.284299999998,1878.7550467564695,1828.7550467564695,True,True
569,41,4,120243.49,1,1,0,163150.03,1,False,False,True,0.4820848012595878,10821.9141,1304.2700770367078,1254.2700770367078,False,True
765,34,9,91835.16,1,0,0,138280.17,0,False,False,True,0.2772028310907202,8265.1644,572.7817427775584,522.7817427775584,False,True
588,22,9,67178.19,1,1,1,163534.75,1,False,True,False,0.3749571667234544,6046.0371000000005,566.7512352302227,516.7512352302227,False,True
850,38,7,115378.94,1,0,1,162087.82,0,False,True,True,0.1771280171083744,10384.1046,459.8289643109873,409.8289643109873,False,True
766,30,4,127786.28,2,1,1,28879.3,0,True,False,True,0.2221604989142788,11500.765199999998,638.7539336819938,588.7539336819938,False,True
612,33,0,64900.32,2,1,0,102426.12,0,False,False,False,0.2328534044794771,5841.0288,340.02586043566873,290.02586043566873,False,True
517,53,0,109172.88,1,1,0,54676.1,1,True,False,True,0.9379444622696362,9825.5592,2303.9572100856194,2253.9572100856194,True,True
696,43,4,114091.38,1,0,1,159888.1,0,True,False,True,0.6967166465543735,10268.2242,1788.5106826731162,1738.5106826731162,True,True
656,45,7,145933.27,1,1,1,199392.14,0,False,False,False,0.4338465299723025,13133.994299999998,1424.5344629327499,1374.5344629327499,False,True
473,35,7,131504.73,1,1,0,189560.43,0,True,False,False,0.5226946812115397,11835.4257,1546.578515816091,1496.578515816091,True,True
742,44,8,107926.02,1,0,1,17375.27,1,True,False,False,0.7930248496739454,9713.3418,1925.7303551941625,1875.7303551941625,True,True
834,57,8,112281.6,3,1,0,140225.14,1,True,False,False,0.9154690140036216,10105.344,2312.782326961853,2262.782326961853,True,True
850,33,0,124781.67,1,0,1,33700.52,0,False,False,True,0.1539967659602464,11230.3503,432.3594067001707,382.3594067001707,False,True
748,39,9,132865.56,1,1,1,59636.43,1,False,False,False,0.376069093794411,11957.9004,1124.2491917779562,1074.2491917779562,False,True
798,38,4,129055.13,1,1,0,157147.59,0,True,False,False,0.5652658520832429,11614.9617,1641.3853055661828,1591.3853055661828,True,True
612,76,6,96166.88,1,1,1,191393.26,0,True,False,True,0.3390709491042731,8655.0192,733.6663936649267,683.6663936649267,False,True
540,40,3,165298.12,1,0,1,199862.75,0,False,False,False,0.4158324234159372,14876.8308,1546.5671510782138,1496.5671510782138,False,True
598,48,6,120682.53,1,1,0,30635.52,1,False,False,True,0.7347546809177077,10861.4277,1995.121211006063,1945.121211006063,True,True
796,32,5,102773.15,2,0,1,117832.88,0,False,True,True,0.1013317438418186,9249.5835,234.319106466378,184.319106466378,False,True
579,42,0,144386.32,1,1,1,22497.1,1,True,False,True,0.6049836206285372,12994.768800000002,1965.4055694636882,1915.4055694636882,True,True
850,40,7,104449.8,1,1,1,747.88,0,True,False,False,0.5855838246389639,9400.482,1376.192550752434,1326.192550752434,True,True
599,35,6,137102.65,1,0,0,76870.81,0,False,True,True,0.3023958890410592,12339.2385,932.8337490742914,882.8337490742914,False,True
724,30,9,142475.87,1,1,1,107848.24,0,False,False,False,0.2499451879833882,12822.8283,801.2510574805525,751.2510574805525,False,True
773,37,2,103195.2,2,1,0,178268.36,0,False,True,True,0.1947194398174633,9287.568,452.1175095566495,402.1175095566495,False,True
526,28,1,112070.44,1,0,1,126281.83,0,False,False,True,0.1832668026736386,10086.3396,462.12280229312665,412.12280229312665,False,True
470,35,1,96473.59,1,0,0,5962.3,0,False,False,True,0.2579573782513774,8682.6231,559.9366728052117,509.93667280521174,False,True
548,49,9,108437.89,1,0,0,127022.87,1,True,False,True,0.9231989234419506,9759.4101,2252.469224437125,2202.469224437125,True,True
672,37,5,153195.59,1,1,1,162763.01,0,False,False,True,0.213443127064812,13787.6031,735.717280098124,685.717280098124,False,True
773,45,8,96877.21,1,1,1,113950.51,0,False,False,True,0.4600843561216284,8718.9489,1002.86299767847,952.86299767847,False,True
704,40,6,95452.89,1,0,1,179964.55,0,False,False,False,0.4395104826417965,8590.7601,943.9322794527219,893.9322794527219,False,True
586,41,3,63873.56,1,1,0,83753.64,0,False,True,True,0.4985899211776317,5748.6204,716.5510480290313,666.5510480290313,False,True
677,24,0,148298.59,2,0,0,182913.95,0,False,False,False,0.2565828987146656,13346.8731,856.1448471936988,806.1448471936988,False,True
634,37,7,143258.85,2,1,0,192721.98,0,True,False,False,0.3737499217548001,12893.2965,1204.7171395091095,1154.7171395091095,False,True
655,37,9,121342.24,1,1,1,180241.44,0,True,False,True,0.5319870558802363,10920.8016,1452.4312727590436,1402.4312727590436,True,True
619,28,6,99152.73,2,1,0,48475.12,0,True,False,False,0.2836874475987012,8923.7457,632.8886601632212,582.8886601632212,False,True
705,33,7,68423.89,1,1,1,64872.55,0,False,True,True,0.2654436720613347,6158.1501,408.66049391221884,358.66049391221884,False,True
630,25,7,79656.81,1,1,0,93524.22,0,True,False,False,0.3468175342907448,7169.1129,621.5935147574927,571.5935147574927,False,True
668,53,10,110240.04,1,0,0,183980.56,1,False,False,False,0.8557126105170816,9921.6036,2122.5103292679187,2072.5103292679187,True,True
573,32,9,125321.84,2,1,1,130234.63,0,False,False,False,0.2015290407000012,11278.9656,568.2597793640783,518.2597793640783,False,True
758,32,2,84378.9,1,1,1,75396.43,0,False,False,False,0.2031199382425682,7594.100999999999,385.6283315319563,335.6283315319563,False,True
580,35,10,136281.41,2,1,1,24799.47,0,True,False,True,0.158666705728085,12265.3269,486.52475347526627,436.52475347526627,False,True
622,59,5,119380.37,1,1,1,60429.43,0,False,False,True,0.4772146818320303,10744.2333,1281.8264689471512,1231.8264689471512,False,True
638,62,4,108716.59,2,1,1,74241.09,0,True,False,True,0.6128109711154975,9784.4931,1499.0111796209712,1449.0111796209712,True,True
753,31,6,106596.29,1,0,0,91305.77,0,False,False,False,0.3359704298125336,9593.6661,805.7970307737332,755.7970307737332,False,True
629,37,10,99546.25,3,0,1,25136.95,1,False,False,False,0.8979584847901455,8959.162499999999,2011.2389958721726,1961.2389958721726,True,True
708,19,7,112615.86,1,1,1,4491.77,0,False,True,True,0.1886705965739264,10135.4274,478.06428352242995,428.06428352242995,False,True
757,28,3,75381.15,1,1,1,199727.72,0,False,False,True,0.1951811882672089,6784.3035,331.04210467384604,281.04210467384604,False,True
520,45,1,123086.39,1,1,1,41042.4,1,True,False,False,0.8189144064468151,11077.7751,2267.937405191952,2217.937405191952,True,True
535,48,9,109472.47,1,1,0,157358.43,1,False,True,True,0.74901982310241,9852.5223,1844.9336275646376,1794.9336275646376,True,True
615,59,4,155766.05,1,1,1,110275.17,0,False,True,True,0.4516333347009272,14018.9445,1582.8556633805556,1532.8556633805556,False,True
850,38,7,101985.81,2,0,0,43801.27,0,True,False,True,0.2661468563461156,9178.7229,610.7220612767755,560.7220612767755,False,True
487,34,2,96019.5,1,0,0,9085.0,0,False,False,False,0.3527204404699532,8641.755000000001,762.0309075083552,712.0309075083552,False,True
609,35,2,147900.43,1,1,0,140000.29,0,False,False,False,0.3927761869261985,13311.0387,1307.0647561532653,1257.0647561532653,False,True
714,52,4,100755.66,1,1,1,186775.25,0,False,False,True,0.520785872370294,9068.0094,1180.6227965102566,1130.6227965102566,True,True
786,33,0,83036.05,1,0,1,154990.58,1,False,False,False,0.2246099073433053,7473.244499999999,419.64118867471643,369.64118867471643,False,True
698,27,6,125427.37,2,0,0,27654.44,0,False,True,True,0.167485201235941,11288.4633,472.6626368612586,422.6626368612586,False,True
601,46,3,98202.76,1,0,0,137763.93,0,False,False,False,0.7355791688310499,8838.248399999999,1625.307852998589,1575.307852998589,True,True
769,41,1,72509.91,1,1,0,25723.73,0,False,True,True,0.4368081088282692,6525.8919000000005,712.6406248141802,662.6406248141802,False,True
850,44,3,140393.65,2,0,1,186285.52,0,True,False,True,0.3533962741911353,12635.428499999998,1116.328338677121,1066.328338677121,False,True
646,50,5,142644.64,2,1,1,142208.5,1,False,True,False,0.5676405960281423,12838.0176,1821.8449905709451,1771.8449905709451,True,True
659,44,9,23503.31,1,0,1,169862.01,1,False,False,False,0.6816335980231731,2115.2979,360.4645296169656,310.4645296169656,True,True
487,33,8,145729.71,1,1,0,41365.85,0,False,True,True,0.3043006621024745,13115.673899999998,997.7770629225357,947.7770629225357,False,True
740,40,2,122295.17,2,1,1,30812.84,0,True,False,False,0.360892118382177,11006.565299999998,993.0456668071902,943.0456668071902,False,True
612,36,5,119799.27,2,1,0,159416.58,0,False,True,False,0.3424822666314457,10781.9343,923.1553244338326,873.1553244338326,False,True
655,37,8,163708.58,2,0,0,76259.23,0,False,True,True,0.2843129857023422,14733.7722,1047.2506912100416,997.2506912100416,False,True
617,34,1,61687.33,2,1,0,105965.25,0,False,False,True,0.1560612403565345,5551.8597,216.60752776686437,166.60752776686437,False,True
674,27,4,79144.34,1,0,1,50743.83,0,False,False,False,0.2237446573730656,7122.990599999999,398.43277281714165,348.43277281714165,False,True
624,27,7,104848.68,1,1,1,167387.36,0,True,False,False,0.4517440862367238,9436.381199999998,1065.7073506438496,1015.7073506438496,False,True
727,29,1,146652.01,1,1,1,173486.39,0,False,False,False,0.2351722052361914,13198.6809,775.9907233654498,725.9907233654498,False,True
549,37,1,130622.34,2,1,1,128499.94,0,True,False,False,0.3235893446326093,11756.010599999998,951.0299413870018,901.0299413870018,False,True
593,69,2,187013.13,2,0,1,105898.69,0,True,False,True,0.2105082432515863,16831.1817,885.775622878812,835.775622878812,False,True
703,44,6,98862.54,1,1,0,151516.7,0,False,False,True,0.6462976597782053,8897.6286,1437.6291354389073,1387.6291354389073,True,True
452,52,1,98443.14,2,0,0,92033.98,0,True,False,True,0.6856471706256785,8859.882599999999,1518.6883591914197,1468.6883591914197,True,True
479,23,9,123575.51,1,0,1,95148.28,0,True,False,False,0.3732050473858168,11121.7959,1037.6775914687207,987.6775914687207,False,True
742,31,4,105239.1,1,1,1,19700.24,0,False,False,True,0.1791878742192704,9471.519,424.2953388093575,374.2953388093575,False,True
668,56,9,110993.79,1,1,0,134396.64,1,True,False,True,0.9279454051407924,9989.4411,2317.4139921673955,2267.4139921673955,True,True
754,39,7,157691.98,2,1,0,133600.89,1,False,True,True,0.2883513776966266,14192.2782,1023.09074290595,973.09074290595,False,True
544,47,5,105245.21,1,0,0,99922.08,1,True,False,True,0.9125486734724936,9472.0689,2160.9309774337653,2110.9309774337653,True,True
762,31,7,117687.35,1,1,1,159344.43,0,False,False,True,0.1791039021444622,10591.8615,474.2609314059242,424.2609314059242,False,True
691,37,7,123067.63,1,1,1,98162.44,1,True,False,False,0.5945798825945083,11076.0867,1646.404582423149,1596.404582423149,True,True
676,41,4,101457.14,1,1,1,79101.67,0,False,False,False,0.398186174718737,9131.1426,908.9736856763255,858.9736856763255,False,True
576,52,2,100549.43,2,1,1,16644.16,0,False,True,True,0.4390116419544243,9049.4487,993.2033331423328,943.2033331423328,False,True
629,35,4,174588.8,2,0,1,158420.14,0,False,True,True,0.2060632366586582,15712.991999999998,809.4674972779006,759.4674972779006,False,True
625,52,8,121161.57,1,1,0,48988.28,0,False,True,True,0.8007965622362228,10904.5413,2183.079796450728,2133.079796450728,True,True
471,36,5,90063.74,2,1,1,96366.7,0,True,False,False,0.2012079554847913,8105.7366,407.73467224606094,357.73467224606094,False,True
504,42,3,134936.97,2,0,0,135178.91,0,False,False,True,0.3708796169952529,12144.3273,1126.0208644222485,1076.0208644222485,False,True
687,24,3,110495.27,1,1,0,158615.41,0,False,False,False,0.3427567234778975,9944.5743,852.1424258626265,802.1424258626265,False,True
660,37,2,133200.09,1,0,0,71433.88,0,True,False,False,0.6123521821842359,11988.0081,1835.2207300193238,1785.2207300193238,True,True
548,41,4,82596.8,1,0,1,55672.09,0,False,False,False,0.4344468559853049,7433.711999999999,807.3882016750581,757.3882016750581,False,True
609,31,9,103837.75,1,1,1,150218.11,0,True,False,True,0.3341376112938293,9345.3975,780.662199310331,730.662199310331,False,True
526,52,8,93590.47,1,0,1,21228.71,1,False,False,True,0.5732394030204055,8423.1423,1207.1192659019814,1157.1192659019814,True,True
725,40,8,104149.66,1,1,0,62027.9,0,True,False,True,0.6977380928437021,9373.4694,1635.0566656212002,1585.0566656212002,True,True
519,38,1,114141.64,1,1,1,60988.21,1,True,False,True,0.598936040521777,10272.7476,1538.179693205897,1488.179693205897,True,True
562,31,9,117153.0,1,1,1,108675.01,0,True,False,False,0.4631130984309045,10543.77,1220.7394984607045,1170.7394984607045,False,True
482,45,7,156353.46,1,1,0,72643.95,1,True,False,True,0.8340322610758351,14071.8114,2934.086169843678,2884.086169843678,True,True
535,37,3,175534.78,2,1,1,9241.52,0,False,True,True,0.206098708136053,15798.1302,813.9935562962911,763.9935562962911,False,True
561,27,9,135637.0,1,1,0,153080.4,1,False,False,False,0.3536541825460866,12207.329999999998,1079.2933280550797,1029.2933280550797,False,True
850,33,2,83415.04,1,0,1,74917.64,0,True,False,False,0.2725475258371188,7507.353599999999,511.52766231609655,461.52766231609655,False,True
601,43,3,141859.12,2,1,1,111249.62,0,True,False,True,0.4970396734735642,12767.320799999998,1586.4662403910609,1536.4662403910609,False,True
712,38,7,132767.66,2,1,1,59115.77,0,True,False,True,0.2583415993057046,11949.0894,771.7367164607106,721.7367164607106,False,True
589,31,10,110635.32,1,1,0,148218.86,0,False,False,False,0.3341761855697547,9957.1788,831.8630076050068,781.8630076050068,False,True
600,37,8,177657.35,1,1,1,77142.32,0,False,True,True,0.1972750112493006,15989.161500000002,788.5655036948461,738.5655036948461,False,True
642,41,4,157777.58,1,1,0,67484.6,0,True,False,True,0.5514757103489051,14199.9822,1957.736317671702,1907.736317671702,True,True
575,47,9,107915.94,2,1,1,63452.18,1,True,False,True,0.6184660036949281,9712.4346,1501.702653302587,1451.702653302587,True,True
570,57,5,86568.75,1,0,1,103660.31,0,True,False,False,0.5901255098617976,7791.1875,1149.444623966591,1099.444623966591,True,True
532,52,9,137755.76,1,1,0,163191.99,1,True,False,True,0.9282818212040744,12398.0184,2877.213774918406,2827.213774918406,True,True
796,30,2,137262.71,2,1,0,62905.29,0,False,False,True,0.1796322204320722,12353.6439,554.778121046031,504.77812104603095,False,True
736,50,9,116309.01,1,1,0,185360.4,1,True,False,True,0.9230840984135986,10467.8109,2415.667446747635,2365.667446747635,True,True
617,34,0,131244.65,2,1,0,183229.02,0,False,False,False,0.277235578959188,11812.018499999998,818.6779468810347,768.6779468810347,False,True
762,28,3,125155.83,2,1,1,106024.02,0,True,False,True,0.208398390659794,11264.0247,586.8511549580422,536.8511549580422,False,True
703,35,5,140691.08,2,1,0,167810.26,0,True,False,True,0.2779102736795008,12662.1972,879.7386723089521,829.7386723089521,False,True
507,41,3,58820.32,2,1,1,138536.09,0,False,False,True,0.2201336404316856,5293.8288,291.3374513915254,241.3374513915254,False,True
581,26,3,105099.45,1,1,1,184520.0,1,True,False,False,0.5341837285542117,9458.9505,1263.2043615749315,1213.2043615749315,True,True
648,23,9,168372.52,1,1,0,134676.72,0,False,False,True,0.2988621066609599,15153.5268,1132.2037356978285,1082.2037356978285,False,True
462,34,1,94682.56,2,1,0,138478.2,0,True,False,True,0.2167916743054,8521.4304,461.8437909732336,411.8437909732336,False,True
627,73,0,146329.73,1,0,1,43615.67,0,False,False,True,0.2613183058117506,13169.675700000002,860.3693355035452,810.3693355035452,False,True
632,49,5,167962.7,1,0,0,140201.21,0,False,False,False,0.7491676884830051,15116.643,2831.2251234831997,2781.2251234831997,True,True
619,44,3,116967.68,1,1,0,5075.17,1,False,False,True,0.6704282547525545,10527.0912,1764.4148452092438,1714.4148452092438,True,True
501,34,7,93244.42,1,0,1,199805.63,0,True,False,False,0.4168066389445009,8391.9978,874.4600992619113,824.4600992619113,False,True
533,43,4,80442.06,2,0,1,12537.42,0,True,False,True,0.3411984151748257,7239.785399999999,617.5508261714602,567.5508261714602,False,True
632,35,2,150561.03,2,0,0,64722.61,0,True,False,False,0.242951242297634,13550.4927,823.0272588025052,773.0272588025052,False,True
687,34,9,125474.44,1,1,0,198929.84,0,False,False,False,0.3388090839645155,11292.6996,956.5173017406125,906.5173017406125,False,True
667,33,4,127076.68,2,1,0,69011.66,0,True,False,False,0.3567784042868504,11436.901199999998,1020.109840030591,970.109840030591,False,True
497,37,8,128650.11,2,1,1,163641.53,0,False,True,True,0.1350390746253893,11578.5099,390.8878156092272,340.8878156092272,False,True
780,33,6,145580.61,1,1,1,154598.56,0,False,True,False,0.2909096090670128,13102.254899999998,952.8929627138381,902.8929627138381,False,True
477,47,9,144900.58,1,1,0,61315.37,1,False,False,True,0.7743561825345361,13041.052199999998,2524.604849456403,2474.604849456403,True,True
488,31,8,97588.6,1,0,0,124210.53,0,False,False,False,0.3143220241891212,8782.974,690.1705415201056,640.1705415201056,False,True
779,24,10,122200.31,2,1,0,43705.56,0,True,False,False,0.2780922307927229,10998.0279,764.6165282579013,714.6165282579013,False,True
693,46,3,151709.33,1,1,0,180736.24,0,False,True,False,0.7229907889799547,13653.8397,2467.900084327207,2417.900084327207,True,True
738,33,3,122134.4,2,0,1,27867.59,0,False,True,False,0.1969344493551654,10992.096,541.1805932547791,491.18059325477907,False,True
690,31,2,137260.45,2,1,0,55387.28,0,True,False,True,0.2664818957476144,12353.4405,822.9920608613394,772.9920608613394,False,True
611,30,9,88594.14,1,1,0,196332.45,0,False,False,False,0.2973231097392816,7973.4726,592.6744172132388,542.6744172132388,False,True
632,41,8,127205.32,4,1,0,93874.87,1,True,False,True,0.925881230997566,11448.4788,2649.9829110983846,2599.9829110983846,True,True
727,31,10,96997.09,2,0,0,76614.04,0,False,True,False,0.2110066009231142,8729.738099999999,460.50809085750126,410.50809085750126,False,True
550,31,5,142200.19,2,1,1,122221.71,0,False,False,True,0.1524888450732998,12798.0171,487.88871170183535,437.88871170183535,False,True
754,39,3,160761.41,1,1,1,24156.03,0,True,False,False,0.439090460726593,14468.5269,1588.2480356390263,1538.2480356390263,False,True
671,31,0,116234.61,1,1,0,172096.08,0,False,False,True,0.2723513637189151,10461.1149,712.2747272588156,662.2747272588156,False,True
756,26,5,155143.52,1,0,1,135034.57,1,True,False,False,0.4741259318379908,13962.9168,1655.0452347440842,1605.0452347440842,False,True
748,34,5,84009.47,1,1,1,137001.1,0,False,False,True,0.1758132513505109,7560.8523,332.3245064609971,282.3245064609971,False,True
488,28,7,139246.22,2,1,0,106799.49,0,True,False,False,0.267591326287328,12532.1598,838.3743155316838,788.3743155316838,False,True
710,58,7,170113.0,2,0,1,10494.64,0,True,False,True,0.3323229921434735,15310.169999999998,1271.9803761563107,1221.9803761563107,False,True
773,64,2,145578.28,1,0,1,186172.85,0,False,False,True,0.3334201058835123,13102.0452,1092.121324468641,1042.121324468641,False,True
657,75,7,126273.95,1,0,1,91673.6,0,False,True,True,0.2934661285079417,11364.6555,833.7853628528716,783.7853628528716,False,True
579,26,10,162482.76,1,1,1,18458.2,0,False,False,False,0.2436673400359985,14623.4484,890.8141934454195,840.8141934454195,False,True
709,32,2,87814.89,1,1,0,138578.37,0,False,False,False,0.3488416470782111,7903.340099999999,689.2535444758183,639.2535444758183,False,True
617,61,3,113858.95,1,1,1,38129.22,0,False,True,True,0.4553688149739031,10247.3055,1166.5758405526399,1116.5758405526399,False,True
568,43,5,87612.64,4,1,1,107155.4,1,True,False,True,0.7816518894104096,7885.1376,1540.8581758252658,1490.8581758252658,True,True
608,26,1,106648.98,1,0,1,7063.6,0,True,False,True,0.2977514740911891,9598.4082,714.4850476197391,664.4850476197391,False,True
608,38,8,103653.51,2,1,1,137079.86,0,True,False,False,0.3511974104314739,9328.8159,819.0639966179899,769.0639966179899,False,True
731,37,3,116880.53,1,0,0,172718.35,1,True,False,True,0.6180377468799867,10519.2477,1625.3230368451204,1575.3230368451204,True,True
850,40,4,97990.49,2,0,0,106691.02,0,True,False,False,0.263254371215343,8819.1441,580.4195586757505,530.4195586757505,False,True
591,34,4,150635.3,1,1,1,72274.84,0,True,False,False,0.3859711862204794,13557.176999999998,1308.1699221227498,1258.1699221227498,False,True
570,39,10,129674.89,2,1,0,80552.36,0,False,False,True,0.2596101696176394,11670.7401,757.4607042310964,707.4607042310964,False,True
611,53,3,83568.26,1,0,0,1235.49,0,False,False,True,0.7057946418539487,7521.143399999999,1327.0956780837973,1277.0956780837973,True,True
775,48,4,178144.91,2,0,0,50168.41,1,False,True,True,0.6900722708662974,16033.0419,2765.989408206874,2715.989408206874,True,True
699,36,6,147137.74,1,1,1,33687.9,0,True,False,True,0.4093593994741165,13242.3966,1355.2248799435204,1305.2248799435204,False,True
704,36,3,114370.41,1,0,1,66810.48,0,False,False,True,0.2140117768238334,10293.336899999998,550.7238298538322,500.72382985383217,False,True
835,47,5,108289.28,2,1,1,45859.55,1,True,False,False,0.5405874654240221,9746.035199999998,1317.1461166753254,1267.1461166753254,True,True
714,39,3,149887.49,2,1,0,63846.36,0,True,False,True,0.3241583752396042,13489.874099999995,1093.2139176107041,1043.2139176107041,False,True
581,43,4,170172.9,1,0,1,100236.02,0,False,True,False,0.5020212243331279,15315.561,1922.1841711421762,1872.1841711421762,True,True
689,28,2,64808.32,2,0,0,78591.15,0,True,False,False,0.1562530413507944,5832.748799999999,227.8461848587991,177.8461848587991,False,True
604,56,0,62732.65,1,0,1,124954.56,0,False,False,False,0.6640354914463602,5645.9385,937.2758866308565,887.2758866308565,True,True
698,29,5,95167.55,1,1,1,152723.23,0,False,False,True,0.1829914576625375,8565.0795,391.83409567512945,341.83409567512945,False,True
581,54,2,152508.99,1,1,0,187597.98,1,True,False,False,0.9197284089791152,13725.8091,3156.0041413735153,3106.0041413735153,True,True
573,31,0,134644.19,1,1,1,70381.49,0,True,False,True,0.3668756987866847,12117.9771,1111.4478291108858,1061.4478291108858,False,True
850,31,3,51293.47,1,0,0,35534.68,0,True,False,False,0.3560257341788869,4616.4123,410.89039459498593,360.89039459498593,False,True
690,49,8,116622.73,1,0,1,51011.29,0,False,True,True,0.4351380169506273,10496.0457,1141.8071279302899,1091.8071279302899,False,True
498,33,1,198113.86,1,1,0,69664.35,0,False,False,True,0.3354631805491406,17830.2474,1495.3478756955112,1445.3478756955112,False,True
497,29,4,85646.81,1,0,0,63233.02,1,False,False,False,0.3834781885926585,7708.212899999999,738.9828800446406,688.9828800446406,False,True
644,33,9,141234.98,1,1,0,95673.05,0,False,False,True,0.3028098373385154,12711.1482,962.2651797069407,912.2651797069407,False,True
690,40,9,77641.99,1,0,0,189051.59,1,False,False,False,0.6202595016512976,6987.7791,1083.5590955538382,1033.5590955538382,True,True
502,40,7,117304.29,1,0,0,196278.32,0,True,False,False,0.5823114116315294,10557.3861,1536.9216007575217,1486.9216007575217,True,True
590,36,6,92340.69,2,1,1,174667.58,0,True,False,True,0.1752153270035228,8310.6621,364.03884436682085,314.03884436682085,False,True
458,35,9,146780.52,2,1,1,3476.38,0,True,False,True,0.167467813484364,13210.246799999995,553.0727867962039,503.0727867962039,False,True
553,41,6,144974.55,1,1,1,19344.92,0,False,True,True,0.3116147367952966,13047.709499999995,1016.4646404059974,966.4646404059974,False,True
636,37,1,115137.26,1,1,0,52484.01,0,False,True,True,0.3514025312828085,10362.353399999998,910.3393037017541,860.3393037017541,False,True
807,33,10,101952.97,2,1,0,178153.65,0,False,False,True,0.1788516755584933,9175.7673,410.275339034958,360.275339034958,False,True
513,45,0,164649.52,3,1,0,49915.52,1,False,False,False,0.9498203668591612,14818.456799999996,3518.718018515657,3468.718018515657,True,True
694,32,0,91956.49,1,1,1,59961.81,0,False,False,True,0.1707548735360617,8276.0841,353.29542346732774,303.29542346732774,False,True
598,32,9,123938.6,2,1,0,198894.42,0,True,False,True,0.295881121650571,11154.474,825.0995696355328,775.0995696355328,False,True
762,46,6,123571.77,3,0,1,57014.17,1,True,False,True,0.9284327224151,11121.4593,2581.381683781933,2531.381683781933,True,True
588,34,3,120777.88,1,1,1,131729.52,0,False,False,False,0.2771260117241635,10870.0092,753.0905742502414,703.0905742502414,False,True
663,42,5,90248.79,1,1,1,79169.73,0,True,False,True,0.4820261044461504,8122.391099999999,978.8011351802705,928.8011351802705,False,True
631,48,1,106396.48,1,1,1,150661.42,1,True,False,True,0.7895418587771965,9575.6832,1890.100678197393,1840.100678197393,True,True
725,47,1,104887.43,1,0,0,86622.56,1,True,False,False,0.9293219504454668,9439.8687,2193.1692980582784,2143.1692980582784,True,True
850,34,2,72079.71,1,1,1,115767.93,0,False,False,True,0.1817270501264865,6487.173900000001,294.72374412613374,244.72374412613374,False,True
553,38,3,99844.68,1,0,0,187915.7,0,False,False,True,0.3881435394847136,8986.0212,871.9665186131682,821.9665186131682,False,True
466,26,3,156815.71,1,1,1,137476.09,0,False,False,True,0.2029066972036888,14113.413899999998,715.9265501794081,665.9265501794081,False,True
613,47,6,146034.74,1,1,1,77146.14,0,False,False,True,0.4879723490607026,13143.1266,1603.3705902510512,1553.3705902510512,False,True
558,27,1,152283.39,1,1,0,183271.15,0,False,False,True,0.263641841505394,13705.505099999998,903.3361508313922,853.3361508313922,False,True
775,33,1,118897.1,2,1,1,26362.4,0,True,False,False,0.2641311084001199,10700.739,706.5995131925976,656.5995131925976,False,True
698,52,8,96781.39,1,1,1,153373.71,0,True,False,True,0.7120189911022817,8710.3251,1550.4792224687203,1500.4792224687203,True,True
608,33,1,102772.67,2,1,0,70705.58,0,True,False,True,0.2699442133709783,9249.5403,624.2149700816657,574.2149700816657,False,True
633,40,4,150578.0,1,0,1,34670.62,1,False,False,True,0.3604422635227463,13552.02,1221.180191026382,1171.180191026382,False,True
608,42,10,163548.07,1,1,0,38866.85,0,False,False,True,0.5483246638790352,14719.3263,2017.7424114933358,1967.7424114933358,True,True
682,37,8,148580.12,1,1,0,35179.18,0,False,False,False,0.3894382185535127,13372.2108,1301.9124880185107,1251.9124880185107,False,True
596,32,3,96709.07,2,0,0,41788.37,0,True,False,True,0.2037495762782758,8703.8163,443.34972078223757,393.34972078223757,False,True
395,34,5,106011.59,1,1,1,17376.57,1,True,False,False,0.4971336135594428,9541.0431,1185.793308357347,1135.793308357347,False,True
578,37,1,135650.88,1,1,0,199428.19,0,True,False,True,0.5272668111845406,12208.5792,1609.2946559694774,1559.2946559694774,True,True
547,55,4,111362.76,3,1,0,16922.28,1,True,False,True,0.8860684040990603,10022.6484,2220.1880181585,2170.1880181585,True,True
609,37,1,39344.83,1,1,1,178291.89,1,False,False,True,0.4414727247979585,3541.0347,390.8175594032804,340.8175594032804,False,True
774,36,9,130809.77,1,1,0,152290.28,0,True,False,True,0.5632258447988555,11772.8793,1657.6974723643648,1607.6974723643648,True,True
712,27,2,133009.51,1,1,0,126809.15,0,False,False,False,0.3350816936828236,11970.8559,1002.8036674512554,952.8036674512554,False,True
585,28,9,135337.49,2,1,1,40385.61,0,True,False,False,0.2028601126504521,12180.374099999995,617.7280155126621,567.7280155126621,False,True
666,32,10,112536.57,2,1,1,34350.54,0,False,False,False,0.1748266615783621,10128.2913,442.6738388680423,392.6738388680423,False,True
708,35,8,122570.69,1,0,0,199005.88,0,False,True,False,0.376464815350071,11031.3621,1038.2299240090679,988.2299240090679,False,True
513,44,1,63562.02,2,0,1,52629.73,1,False,False,True,0.4599842780031398,5720.581799999999,657.8444222577253,607.8444222577253,False,True
690,44,9,100368.63,2,0,0,35342.33,0,True,False,True,0.5666245585723041,9033.1767,1279.6049400357806,1229.6049400357806,True,True
537,33,7,136082.0,1,1,0,62746.54,0,False,True,False,0.3738850338399475,12247.38,1144.778021437674,1094.778021437674,False,True
705,48,9,114169.16,1,0,0,173273.2,1,True,False,True,0.9208082189052118,10275.2244,2365.377769653843,2315.377769653843,True,True
670,45,5,47884.92,1,1,1,54340.24,0,False,False,False,0.574271625689612,4309.6428,618.7263942243828,568.7263942243828,True,True
747,49,6,202904.64,1,1,1,17298.72,1,False,False,True,0.615217221703313,18261.4176,2808.684650058996,2758.684650058996,True,True
743,43,2,161807.18,2,0,1,93228.86,1,False,True,True,0.450679518356297,14562.6462,1640.7715938522895,1590.7715938522895,False,True
532,52,3,110791.97,1,1,0,148704.77,1,True,False,True,0.9325602529432934,9971.2773,2324.70422026393,2274.70422026393,True,True
554,54,6,108755.0,1,1,0,40914.32,1,True,False,False,0.9360160914153371,9787.95,2290.4196754921877,2240.4196754921877,True,True
757,55,9,117294.12,4,1,0,94187.47,1,False,True,False,0.9611289460904444,10556.4708,2536.5324136096374,2486.5324136096374,True,True
491,26,4,102251.14,1,1,1,145900.89,0,True,False,True,0.3184559580813394,9202.6026,732.6559069562063,682.6559069562063,False,True
726,37,2,132057.92,2,1,0,34743.98,0,False,False,True,0.1985519121436773,11885.2128,589.9579319186272,539.9579319186272,False,True
850,35,7,114285.2,1,0,1,129660.59,0,True,False,False,0.5353288353828549,10285.667999999998,1376.5536678936744,1326.5536678936744,True,True
690,32,2,76087.98,1,0,1,151822.66,0,False,True,True,0.1934897915228457,6847.918199999998,331.2505662208751,281.2505662208751,False,True
689,40,8,160272.27,1,1,0,49656.24,0,False,False,True,0.4619359130562971,14424.5043,1665.799141051246,1615.799141051246,False,True
633,63,4,114552.6,1,1,0,73856.28,1,False,True,True,0.8115219060536788,10309.734,2091.6437466466045,2041.6437466466045,True,True
555,27,8,102000.17,1,1,1,116757.0,0,False,False,False,0.2415966274713606,9180.0153,554.4651841538725,504.46518415387254,False,True
494,33,1,137853.0,1,0,1,90273.85,0,False,False,False,0.2240580624310318,12406.77,694.9592118068631,644.9592118068631,False,True
696,42,7,162318.61,1,1,0,121061.89,0,True,False,True,0.5579656045561835,14608.674899999998,2037.7845305858107,1987.7845305858107,True,True
535,50,1,140292.58,3,0,0,69531.22,1,False,True,False,0.9417369031913108,12626.332199999995,2972.670746173181,2922.670746173181,True,True
590,24,7,126431.54,1,1,0,58781.11,0,False,False,True,0.3077727995991212,11378.8386,875.5242530271361,825.5242530271361,False,True
614,41,3,123475.04,1,1,1,179227.52,0,False,False,False,0.4774055985817323,11112.7536,1326.3226960748252,1276.3226960748252,False,True
766,45,6,97652.96,1,1,0,127332.33,0,True,False,False,0.8721293895886943,8788.7664,1916.2353689174067,1866.2353689174067,True,True
788,49,4,137455.99,1,1,0,184178.29,1,True,False,False,0.9129626089725276,12371.039099999998,2823.574033109287,2773.574033109287,True,True
726,33,7,99046.31,2,1,1,56053.06,0,True,False,False,0.2160952112661668,8914.1679,481.57724890314563,431.57724890314563,False,True
583,27,4,105907.42,2,1,1,195732.04,0,True,False,True,0.1564245787184982,9531.6678,372.74678002491856,322.74678002491856,False,True
565,52,5,97720.35,2,1,0,175070.94,1,True,False,True,0.7948984380376245,8794.8315,1747.7494555385247,1697.7494555385247,True,True
685,43,4,97392.18,2,1,0,43956.83,0,False,True,True,0.3911262238998561,8765.296199999999,857.0843010174393,807.0843010174393,False,True
658,28,9,152812.58,1,1,0,166682.57,0,True,False,False,0.4381336700214979,13753.132199999998,1506.4275712692092,1456.4275712692092,False,True
575,27,3,139301.68,1,1,0,99843.98,0,False,False,True,0.2916460667271318,12537.1512,914.102708860835,864.102708860835,False,True
844,41,10,76319.64,1,1,1,141175.18,1,False,False,False,0.5307104203421866,6868.767599999999,911.331635057198,861.331635057198,True,True
559,67,9,125919.35,1,1,0,175910.95,1,False,True,True,0.7962546264303224,11332.7415,2255.936962378478,2205.936962378478,True,True
725,37,6,124348.38,2,0,1,176984.34,0,False,False,True,0.163814146757978,11191.3542,458.3255348348284,408.3255348348284,False,True
450,29,7,117199.8,1,1,1,43480.63,0,False,False,True,0.1842059435009574,10547.982,485.7502440852789,435.7502440852789,False,True
738,57,9,148384.64,1,0,0,155047.11,1,True,False,False,0.9369081947779588,13354.6176,3128.012666891489,3078.012666891489,True,True
642,19,3,113905.48,1,1,1,176137.2,0,True,False,False,0.4303240609223409,10251.4932,1102.866046085441,1052.866046085441,False,True
618,32,5,133476.09,1,0,1,154843.4,0,False,True,True,0.2123443478001575,12012.8481,637.7150987542153,587.7150987542153,False,True
590,47,0,117879.32,1,1,1,8214.46,0,False,False,True,0.5391706736193604,10609.1388,1430.0341283293235,1380.0341283293235,True,True
550,34,8,122359.5,1,0,0,116495.55,0,False,False,True,0.2624191291418228,11012.355,722.4631522251495,672.4631522251495,False,True
743,59,5,108585.35,1,1,1,192127.22,1,True,False,True,0.7446971054354218,9772.6815,1819.4219063480741,1769.4219063480741,True,True
555,31,8,145875.74,1,1,0,137491.23,0,False,False,True,0.2785323290886787,13128.816599999998,914.1999664440268,864.1999664440268,False,True
667,36,3,121542.57,2,1,1,186841.71,0,False,True,False,0.2164457853230985,10938.831300000002,591.9159828113477,541.9159828113477,False,True
790,41,7,109508.68,1,0,0,86776.38,0,False,True,False,0.4730831061967192,9855.7812,1165.650896022807,1115.650896022807,False,True
727,34,2,146407.11,1,1,1,72073.72,0,True,False,True,0.3625028194536359,13176.639899999998,1194.1422786688186,1144.1422786688186,False,True
629,35,8,112330.83,1,1,1,91001.02,0,True,False,True,0.4304247564971888,10109.7747,1087.874328372235,1037.874328372235,False,True
619,35,4,90413.12,1,1,1,20555.21,0,False,False,False,0.2547628061709058,8137.1808,518.2627537320041,468.26275373200406,False,True
634,34,8,105302.66,1,1,1,123164.97,0,False,False,True,0.1787732957903118,9477.2394,423.5693306329493,373.5693306329493,False,True
536,35,4,121520.36,1,0,0,77178.42,0,True,False,False,0.5686319141551262,10936.8324,1554.7579856014504,1504.7579856014504,True,True
730,43,1,103960.38,1,1,1,193650.16,0,False,True,False,0.4152173530267004,9356.4342,971.2384605731232,921.2384605731232,False,True
583,39,8,102945.01,1,0,0,52861.89,0,True,False,True,0.5905131789706608,9265.050899999998,1367.7836650709953,1317.7836650709953,True,True
644,24,8,92760.55,1,1,0,35896.75,0,False,False,False,0.3119679341127606,8348.449499999999,651.1121358899271,601.1121358899271,False,True
807,40,1,134590.21,1,1,1,46253.65,0,True,False,False,0.5141218659634168,12113.1189,1556.9048228761826,1506.9048228761826,True,True
581,37,10,104255.03,1,1,0,86609.37,0,False,False,False,0.397757246302899,9382.952699999998,933.0343570355876,883.0343570355876,False,True
551,50,1,121399.98,1,0,1,84508.44,1,True,False,True,0.8156687032852916,10925.998199999998,2227.998695972857,2177.998695972857,True,True
637,35,8,147127.81,2,1,1,84760.7,0,True,False,True,0.1462547876281458,13241.5029,484.1582986292442,434.1582986292442,False,True
699,31,8,125927.51,2,1,0,147661.47,0,False,True,True,0.1905441801960277,11333.475899999998,539.8819685342341,489.88196853423415,False,True
640,48,1,111599.32,1,0,1,135995.58,0,True,False,True,0.7613516316020217,10043.9388,1911.742298272713,1861.742298272713,True,True
598,35,8,114212.6,1,1,1,74322.85,0,False,False,True,0.1935062017539274,10279.134,497.2690444149137,447.2690444149137,False,True
618,41,4,115251.64,1,0,0,136435.75,0,False,True,True,0.4628035935761345,10372.6476,1200.1246460447167,1150.1246460447167,False,True
491,68,3,107571.61,1,0,1,113695.99,0,False,False,False,0.3806635165542206,9681.4449,921.3432152399812,871.3432152399812,False,True
650,45,9,152367.21,3,1,0,150835.21,1,True,False,False,0.9514185145653524,13713.048899999998,3261.7121536500094,3211.7121536500094,True,True
413,39,1,130969.77,2,1,1,158891.79,0,True,False,True,0.3262909154680738,11787.2793,961.5205384187191,911.5205384187191,False,True
416,25,0,97738.97,2,1,1,160523.33,0,True,False,False,0.2365234541055797,8796.507300000001,520.1450726652367,470.14507266523674,False,True
678,40,4,113794.22,1,1,0,16618.76,0,False,True,False,0.5145270417423008,10241.4798,1317.3795761393824,1267.3795761393824,True,True
527,28,6,128396.33,2,1,0,79919.97,0,False,True,True,0.191035416727509,11555.6697,551.8855441762373,501.8855441762373,False,True
743,48,5,118207.69,2,0,0,186489.14,1,False,True,False,0.6783318131894651,10638.6921,1804.1408255393596,1754.1408255393596,True,True
683,73,9,124730.26,1,1,1,51999.5,0,True,False,True,0.3797009479033029,11225.7234,1065.6044539700722,1015.6044539700722,False,True
663,52,0,136298.65,1,1,0,144593.3,1,False,True,True,0.8295333240755995,12266.8785,2543.9461245341263,2493.9461245341263,True,True
635,47,2,125724.95,2,1,0,63236.97,0,False,False,False,0.6555635457483645,11315.2455,1854.4656152483064,1804.4656152483064,True,True
700,46,5,95872.86,1,1,0,98273.01,1,False,False,True,0.7149286446609832,8628.5574,1542.2007118403742,1492.2007118403742,True,True
679,37,7,74260.03,1,1,0,194617.98,0,False,False,True,0.3557367371513219,6683.402699999999,594.3829673915837,544.3829673915837,False,True
603,35,1,123407.69,1,1,0,152541.89,1,True,False,True,0.537974131346663,11106.6921,1493.7782586580863,1443.7782586580863,True,True
720,33,3,123783.91,2,1,1,142903.44,0,False,True,True,0.1099964390820526,11140.5519,306.3552596021988,256.3552596021988,False,True
594,36,6,153880.15,1,0,0,135431.72,0,False,False,True,0.3104299290406422,13849.213499999998,1074.8025910184258,1024.8025910184258,False,True
606,32,1,106301.85,2,0,1,59061.25,0,True,False,False,0.2253889703363222,9567.1665,539.0834516177888,489.0834516177888,False,True
753,44,3,138076.47,1,1,0,15523.09,1,True,False,True,0.8587785117271389,12426.8823,2667.984871750581,2617.984871750581,True,True
605,30,9,135422.31,1,0,1,186418.85,0,False,False,False,0.3105871867331702,12188.0079,946.3597713856634,896.3597713856634,False,True
726,38,5,126875.62,1,1,0,128052.29,0,False,False,False,0.4513281177319025,11418.8058,1288.4070321150327,1238.4070321150327,False,True
611,28,3,96381.68,2,1,0,181419.29,0,False,True,False,0.270487173130739,8674.3512,586.5751837078084,536.5751837078084,False,True
593,41,4,119703.1,2,1,1,109783.29,0,True,False,False,0.4094368928026606,10773.279,1102.7444697640387,1052.7444697640387,False,True
466,41,2,152102.18,2,1,0,181879.56,0,True,False,True,0.2712861914994786,13689.196199999998,928.4224754467836,878.4224754467836,False,True
741,36,0,127675.39,2,1,0,74260.16,0,True,False,False,0.3875883778010272,11490.7851,1113.4236891423034,1063.4236891423034,False,True
684,44,2,133776.86,2,0,1,49865.04,0,True,False,False,0.5758541011022167,12039.917399999998,1733.3089529304843,1683.3089529304843,True,True
550,33,9,72788.03,1,1,1,103608.06,0,False,True,False,0.2566137346609384,6550.922699999999,420.2641848805295,370.2641848805295,False,True
593,26,9,76226.9,1,1,0,167564.82,0,False,True,True,0.282142964966749,6860.420999999999,483.90488046503725,433.90488046503725,False,True
601,48,9,163630.76,1,0,1,41816.49,1,True,False,True,0.738995499160579,14726.7684,2720.7538911950605,2670.7538911950605,True,True
719,36,3,155423.17,1,1,1,199841.32,0,False,False,True,0.2368955564155262,13988.0853,828.4288125828357,778.4288125828357,False,True
850,55,0,98710.89,1,1,1,83617.17,1,True,False,True,0.7665963297383166,8883.9801,1702.6066345320608,1652.6066345320608,True,True
509,41,7,126683.8,1,0,1,114775.53,0,False,True,True,0.3007689913062233,11401.542,857.307571668885,807.307571668885,False,True
684,33,4,140700.61,1,1,0,103557.93,0,False,False,True,0.3100464255647265,12663.0549,981.5337271187237,931.5337271187237,False,True
806,30,8,168078.83,1,1,0,85028.36,1,True,False,True,0.5341270558844198,15127.094699999998,2019.9476390489522,1969.9476390489522,True,True
729,44,4,107726.93,2,1,0,153064.87,0,False,True,True,0.4109461398420382,9695.4237,996.0742359120028,946.0742359120028,False,True
672,21,1,35741.69,1,1,0,28789.94,0,True,False,False,0.3117977175207606,3216.7521,250.74399065252837,200.74399065252837,False,True
602,53,5,98268.84,1,0,1,45038.29,1,True,False,False,0.8072901068722916,8844.1956,1784.9579027808627,1734.9579027808627,True,True
739,20,4,133800.98,1,0,1,150245.81,0,False,False,False,0.2616252535263383,12042.088200000002,787.6285945778818,737.6285945778818,False,True
618,21,2,125682.79,1,0,0,57762.0,0,False,False,False,0.3221414050206633,11311.451099999998,910.9716875441317,860.9716875441317,False,True
762,26,6,130428.78,1,1,0,173365.89,0,False,False,True,0.30336528525979,11738.5902,890.2701911426939,840.2701911426939,False,True
606,47,0,137138.2,2,0,1,53784.22,0,True,False,False,0.6572010709382529,12342.438000000002,2027.8658678972472,1977.8658678972472,True,True
616,23,8,73112.95,1,1,1,62733.05,0,False,False,True,0.1965167311389854,6580.1655,323.2781536033819,273.2781536033819,False,True
772,47,9,152347.01,1,0,1,17671.78,0,False,False,True,0.458911744259897,13711.230900000002,1573.0612220672997,1523.0612220672997,False,True
652,41,8,115144.68,1,1,0,188905.43,0,False,True,True,0.4278589764189806,10363.0212,1108.4779108100488,1058.4779108100488,False,True
793,39,3,137817.52,1,0,0,83997.79,0,False,False,True,0.3568507642042839,12403.5768,1106.5564649866317,1056.5564649866317,False,True
743,45,7,157332.26,1,1,0,125424.42,0,False,True,True,0.7182222048561107,14159.9034,2542.489260124384,2492.489260124384,True,True
627,39,5,124586.93,1,1,0,93132.61,1,True,False,False,0.7060072267903515,11212.8237,1979.0836412315323,1929.0836412315323,True,True
713,38,6,116980.78,2,0,1,76038.38,0,False,True,True,0.1402418131588869,10528.2702,369.12592556866923,319.12592556866923,False,True
678,40,3,128398.38,1,1,0,168658.3,0,False,True,False,0.5678509405097268,11555.8542,1640.5006689658192,1590.5006689658192,True,True
615,33,3,137657.25,2,1,1,171657.57,0,True,False,False,0.2390701362136446,12389.1525,740.4690939366538,690.4690939366538,False,True
415,53,5,167259.44,1,1,1,22357.25,0,False,True,True,0.51644600303937,15053.3496,1943.560558318575,1893.560558318575,True,True
700,26,4,119009.57,1,1,0,141926.43,0,False,False,True,0.2846305649229621,10710.8613,762.1596256576231,712.1596256576231,False,True
623,33,2,80002.33,1,1,1,104079.62,0,True,False,True,0.2141193321928947,7200.209699999999,385.4260231532006,335.4260231532006,False,True
623,37,4,140211.88,1,1,1,93832.33,0,False,False,False,0.2657437599239393,12619.069199999998,838.359723987094,788.359723987094,False,True
679,44,3,118742.74,2,1,0,1568.91,0,False,False,False,0.4465532897661433,10686.8466,1193.061626614031,1143.061626614031,False,True
632,37,1,138207.08,1,1,0,60778.11,1,False,True,True,0.385258458498066,12438.637199999996,1198.0225483721745,1148.0225483721745,False,True
790,47,10,148636.21,1,0,1,16119.96,1,False,False,False,0.583212120756185,13377.2589,1950.4448832433877,1900.4448832433877,True,True
514,45,1,178827.79,1,1,0,60375.18,0,False,False,True,0.7278546381097777,16094.5011,2928.6143184244797,2878.6143184244797,True,True
491,33,5,83134.3,1,1,0,187946.55,0,False,False,True,0.3004078386613609,7482.086999999999,561.9193960865663,511.9193960865663,False,True
753,92,3,121513.31,1,0,1,195563.99,0,False,False,True,0.2731250816041263,10936.1979,746.7374859690937,696.7374859690937,False,True
693,37,6,95900.04,1,1,1,38196.24,0,True,False,False,0.5059304156780204,8631.0036,1091.6718097666228,1041.6718097666228,True,True
679,30,1,112543.42,1,1,1,179435.21,0,False,False,False,0.26269535352467,10128.9078,665.2042538349469,615.2042538349469,False,True
619,31,3,141751.82,1,0,1,61531.86,0,False,True,False,0.2553795288367136,12757.663800000002,814.5115425752995,764.5115425752995,False,True
680,37,6,124140.57,2,1,0,92826.35,0,False,True,False,0.2932162870097494,11172.6513,819.0008325601624,769.0008325601624,False,True
693,45,2,116546.59,2,0,0,23140.28,1,True,False,True,0.6694547787852454,10489.1931,1755.5101115990556,1705.5101115990556,True,True
636,29,6,157576.47,2,1,1,101102.39,0,False,True,False,0.2029861822893451,14181.8823,719.6815364384591,669.6815364384591,False,True
566,44,5,141428.99,2,0,0,68408.74,0,True,False,False,0.6661451155066302,12728.609099999998,2119.775194789561,2069.775194789561,True,True
597,35,0,127510.99,1,1,1,155356.34,0,False,True,True,0.2255009392299886,11475.9891,646.9615801607779,596.9615801607779,False,True
615,51,6,81818.49,1,1,1,169149.38,0,False,True,True,0.4743194505984644,7363.6641,873.182277575909,823.182277575909,False,True
589,36,1,100895.54,1,1,1,68075.14,0,False,False,True,0.222309179162095,9080.598599999998,504.6751052666171,454.6751052666171,False,True
606,45,5,63832.43,1,1,1,93707.8,0,True,False,True,0.4699411873496333,5744.9187,674.943478776278,624.943478776278,False,True
710,36,4,116085.06,1,1,0,58601.61,0,False,False,False,0.3959899412060691,10447.6554,1034.2916118968176,984.2916118968176,False,True
564,33,2,115761.51,1,0,1,112350.21,1,True,False,False,0.5195295137484909,10418.5359,1353.184222524549,1303.184222524549,True,True
678,32,4,139626.01,1,1,1,118235.52,1,True,False,True,0.3954767004984545,12566.3409,1242.4237591176948,1192.4237591176948,False,True
767,35,6,115576.44,1,0,1,27922.45,0,False,False,False,0.2473597869647146,10401.8796,643.2516804721528,593.2516804721528,False,True
583,41,5,77647.6,1,1,0,190429.52,0,True,False,False,0.5342182516472532,6988.284,933.3172151236183,883.3172151236183,True,True
651,34,10,148962.46,1,1,0,66389.43,1,True,False,False,0.5651644261330044,13406.621399999998,1894.2363724783638,1844.2363724783638,True,True
497,41,5,80542.81,1,0,0,88729.22,1,True,False,True,0.6423555237274949,7248.8529,1164.0851752507676,1114.0851752507676,True,True
850,35,9,102050.47,1,1,1,3769.71,0,False,False,True,0.1838649629135665,9184.5423,422.17888234189564,372.17888234189564,False,True
679,24,6,114948.76,2,0,1,135768.25,0,False,False,False,0.1967072654769684,10345.3884,508.7532656152873,458.7532656152873,False,True
606,39,8,136000.45,2,1,0,31708.53,0,True,False,True,0.3531747636969951,12240.0405,1080.7183528072874,1030.7183528072874,False,True
850,32,4,156001.68,2,1,1,151677.31,0,False,False,True,0.113116977195961,14040.151199999997,397.04486577956106,347.04486577956106,False,True
619,41,3,147974.16,2,1,0,170518.83,0,True,False,True,0.3522329941699385,13317.6744,1172.7310823230846,1122.7310823230846,False,True
640,26,5,90402.77,1,1,1,3298.65,0,True,False,True,0.2303102055307749,8136.249299999999,468.46531213315575,418.46531213315575,False,True
841,31,3,162701.65,2,1,1,126794.56,0,False,False,False,0.1633647481329312,14643.1485,598.0435666439023,548.0435666439023,False,True
753,35,5,82453.96,2,0,0,18254.75,0,True,False,False,0.2067159587657644,7420.856400000001,383.50236139726474,333.50236139726474,False,True
661,35,9,100107.99,1,1,0,83949.68,0,False,False,True,0.3059868728487429,9009.7191,689.2139431636475,639.2139431636475,False,True
617,39,5,83348.89,3,1,0,7953.62,1,True,False,False,0.8615320390889526,7501.4001,1615.6741310437683,1565.6741310437683,True,True
595,44,4,96553.52,2,1,0,143952.24,1,True,False,False,0.7183824245390551,8689.8168,1560.6529153960535,1510.6529153960535,True,True
669,50,9,201009.64,1,1,0,158032.5,1,False,False,True,0.8157583091685048,18090.8676,3689.443891191822,3639.443891191822,True,True
613,27,5,125167.74,1,1,0,199104.52,0,False,False,False,0.3071589865636694,11265.0966,865.0439137994596,815.0439137994596,False,True
582,43,5,153313.67,1,0,0,170563.73,0,False,False,False,0.6280093761690336,13798.2303,2166.3545007349144,2116.3545007349144,True,True
611,40,2,125879.29,1,1,0,93203.43,0,False,False,False,0.5462390325482847,11329.1361,1547.1040857179617,1497.1040857179617,True,True
455,37,6,170057.62,1,0,1,54398.56,0,True,False,False,0.3661397818384138,15305.1858,1400.959347452097,1350.959347452097,False,True
596,48,2,131326.47,1,0,0,1140.02,1,True,False,True,0.8903381153523849,11819.3823,2630.811640402834,2580.811640402834,True,True
585,56,1,128472.8,1,1,0,186476.91,1,False,True,False,0.8329644559676354,11562.552,2407.7987090693737,2357.7987090693737,True,True
742,32,6,160485.16,1,1,0,29023.03,0,False,False,True,0.3154048248735471,14443.6644,1138.9003601535717,1088.9003601535717,False,True
850,42,6,84445.68,3,0,1,60021.34,1,True,False,True,0.7164879369403263,7600.111199999999,1361.3469985512668,1311.3469985512668,True,True
738,40,1,115409.18,2,0,0,180456.8,0,True,False,False,0.3847973610882426,10386.8262,999.2058279605546,949.2058279605546,False,True
619,46,8,62400.48,1,1,1,132498.39,1,False,True,True,0.5161865120043765,5616.0432,724.7314376684742,674.7314376684742,True,True
628,50,4,143054.56,1,0,1,109608.81,1,False,False,False,0.6292160660995613,12874.9104,2025.2751183180824,1975.2751183180824,True,True
487,24,7,133628.09,2,1,1,98570.01,0,False,False,True,0.1351338033651397,12026.5281,406.29762085768175,356.29762085768175,False,True
513,41,9,107135.04,2,1,1,160546.58,0,False,True,False,0.354892967377045,9642.1536,855.4831257523142,805.4831257523142,False,True
803,65,2,151659.52,2,0,1,6930.17,0,False,False,False,0.3239270792787584,13649.356799999998,1105.349070564415,1055.349070564415,False,True
628,51,9,155903.82,2,1,1,71159.84,0,True,False,False,0.5513720918266689,14031.3438,1934.1228455362905,1884.1228455362905,True,True
521,49,4,82940.25,2,0,0,62413.01,1,False,True,False,0.7068318366242342,7464.622499999999,1319.0582078453954,1269.0582078453954,True,True
669,50,4,112650.89,1,0,0,166386.22,1,True,False,False,0.935642753769708,10138.5801,2371.52225101969,2321.52225101969,True,True
700,35,4,95853.39,2,1,0,192933.37,0,True,False,True,0.2326230827663258,8626.8051,501.6984991965653,451.6984991965653,False,True
663,42,1,82228.67,2,1,0,71359.78,0,False,False,False,0.3916108343893333,7400.5803,724.5368565620656,674.5368565620656,False,True
651,35,1,163700.78,3,1,1,29583.48,1,True,False,False,0.6906451438655856,14733.0702,2543.830846965193,2493.830846965193,True,True
728,34,4,106328.08,1,1,0,88680.65,0,False,False,True,0.2958241445604161,9569.5272,707.7242994469085,657.7242994469085,False,True
574,34,7,152992.91,1,1,1,134691.2,0,False,False,False,0.2762640310406836,13769.3619,950.9948558380015,900.9948558380015,False,True
464,38,3,116439.65,1,1,0,75574.48,0,False,False,True,0.377795537093422,10479.568499999998,989.7835524912015,939.7835524912015,False,True
604,27,9,101352.78,1,0,0,30252.3,0,False,True,True,0.2724499378187104,9121.7502,621.3050686969524,571.3050686969524,False,True
511,75,9,105609.17,1,0,1,105425.18,0,True,False,False,0.5012382259325289,9504.8253,1191.0454427926543,1141.0454427926543,True,True
489,47,8,103894.38,2,1,1,107625.46,0,False,False,False,0.4861119043228241,9350.4942,1136.3466354803802,1086.3466354803802,False,True
622,27,9,139834.93,1,1,1,152733.89,0,False,True,True,0.1964107889571037,12585.1437,617.9645008138808,567.9645008138808,False,True
652,36,6,112518.71,2,0,1,110421.31,0,False,False,False,0.2023644305180985,10126.6839,512.3201551150742,462.32015511507416,False,True
625,37,7,115895.42,1,1,0,48486.25,0,False,False,False,0.3933699538742949,10430.5878,1025.7699604419458,975.7699604419458,False,True
521,39,3,146408.68,1,0,0,72993.67,0,False,True,False,0.4464175989658805,13176.781199999998,1470.5867563506881,1420.5867563506881,False,True
546,34,4,165363.31,2,1,1,25744.13,1,False,False,True,0.2318438135105586,14882.6979,862.6153591153954,812.6153591153954,False,True
571,33,3,71843.15,1,1,0,26772.04,0,True,False,True,0.3277438864673626,6465.8835,529.7884469337982,479.78844693379824,False,True
748,35,5,105492.53,1,1,1,150057.2,0,False,True,True,0.1855461887168788,9494.327699999998,440.4090797910224,390.4090797910224,False,True
591,35,7,183027.25,1,1,1,56028.79,0,False,False,True,0.2699764954441884,16472.4525,1111.793749330215,1061.793749330215,False,True
814,29,1,131968.57,2,1,1,147693.92,0,True,False,True,0.1691295020619332,11877.1713,502.19501696832094,452.19501696832094,False,True
709,45,3,104118.5,1,0,1,174032.0,0,False,False,False,0.5897645306800892,9370.665,1381.6214614713344,1331.6214614713344,True,True
781,20,0,125023.1,2,1,1,108301.45,0,False,False,True,0.1168274575498185,11252.079000000002,328.6379454299261,278.6379454299261,False,True
656,30,4,74323.2,1,1,1,22929.08,0,False,False,False,0.2415056749118725,6689.088,403.86317799622685,353.86317799622685,False,True
683,38,7,109346.13,2,1,0,102665.92,0,False,False,True,0.2527791396872453,9841.1517,621.9094650644179,571.9094650644179,False,True
637,39,3,109698.41,1,1,1,88391.29,1,True,False,False,0.6546591853964112,9872.8569,1615.8391139223345,1565.8391139223345,True,True
793,34,5,127758.09,1,1,0,143357.03,0,True,False,False,0.5731462337159718,11498.2281,1647.5415324805388,1597.5415324805388,True,True
638,50,1,102645.48,1,1,0,168359.98,1,True,False,True,0.933508649717648,9238.0932,2155.9599772744464,2105.9599772744464,True,True
520,31,4,93249.4,1,1,0,77335.75,0,False,False,True,0.3035024577164527,8392.445999999998,636.781996813153,586.781996813153,False,True
840,51,1,87779.83,1,0,1,36687.11,1,True,False,False,0.6563219015317105,7900.1847,1296.2660611889314,1246.2660611889314,True,True
686,38,0,138131.34,1,0,1,115927.85,0,False,False,True,0.2223643269779161,12431.8206,691.0983552072983,641.0983552072983,False,True
533,38,4,70362.52,2,1,1,104189.46,0,True,False,True,0.1778624773697577,6332.6268,281.58417272653026,231.58417272653026,False,True
445,48,7,168286.58,1,1,0,16645.77,1,True,False,False,0.8048649656942719,15145.7922,3047.5793798663926,2997.5793798663926,True,True
720,44,3,86102.27,1,1,0,180134.88,1,False,False,True,0.693201982842862,7749.204299999999,1342.940946553608,1292.940946553608,True,True
643,25,4,115142.9,1,1,1,148098.95,0,True,False,True,0.3238419851591468,10362.861,838.9823695420754,788.9823695420754,False,True
652,47,0,126597.89,2,1,1,38798.79,1,True,False,False,0.6629889795937848,11393.8101,1888.4926329710897,1838.4926329710897,True,True
525,30,0,157989.21,2,1,1,100687.67,0,True,False,False,0.1551374400450049,14219.028899999998,551.4759358679854,501.4759358679854,False,True
662,54,1,187997.15,1,0,0,111442.71,1,False,True,False,0.8409275246948369,16919.7435,3557.069504981639,3507.069504981639,True,True
724,54,8,172192.49,1,1,1,136902.01,0,True,False,True,0.4417670522869584,15497.3241,1711.55179649816,1661.55179649816,False,True
581,38,1,133105.47,1,1,0,105732.9,1,True,False,True,0.6532864167194908,11979.4923,1956.509899696433,1906.509899696433,True,True
647,35,3,192407.97,1,1,1,40145.28,0,True,False,True,0.3408282417745621,17316.7173,1475.5065776665356,1425.5065776665356,False,True
785,38,9,107199.75,1,0,0,146398.51,0,True,False,False,0.6104218156251309,9647.9775,1472.333985665103,1422.333985665103,True,True
794,55,6,115796.7,1,1,0,160526.36,1,True,False,False,0.9140400602365966,10421.703,2381.4635094719797,2331.4635094719797,True,True
823,37,5,164858.18,1,1,1,173516.71,0,False,False,True,0.2166553877288037,14837.2362,803.6417904337104,753.6417904337104,False,True
687,38,4,117633.28,1,0,1,88396.6,0,True,False,True,0.4690008250726838,10586.9952,1241.3273709601358,1191.3273709601358,False,True
527,30,6,126663.51,1,1,1,162267.91,0,True,False,False,0.4378350133766975,11399.7159,1247.7986908917628,1197.7986908917628,False,True
576,71,6,140273.47,1,1,1,193135.25,1,True,False,False,0.654296518474209,12624.6123,2065.059968744169,2015.059968744169,True,True
727,21,8,153344.72,1,1,1,163295.87,0,True,False,True,0.2895373572922164,13801.0248,998.9780621290848,948.9780621290848,False,True
671,23,9,123943.18,1,1,1,159553.27,0,True,False,False,0.4165983744460292,11154.8862,1161.7768645126112,1111.7768645126112,False,True
643,33,7,98630.31,2,1,1,40250.82,0,True,False,True,0.1554364886049881,8876.7279,344.94185376948246,294.94185376948246,False,True
707,33,2,58036.33,1,1,1,83335.78,0,False,False,False,0.2816633180291016,5223.2697,367.80086866571753,317.80086866571753,False,True
498,45,7,109200.74,2,0,1,165990.44,0,True,False,True,0.581211354228101,9828.0666,1428.045974507492,1378.045974507492,True,True
655,30,1,83173.98,2,1,1,184259.6,0,True,False,False,0.1245273768622804,7485.6582,233.04234493340488,183.04234493340488,False,True
477,22,5,82559.42,2,0,0,163112.9,1,False,False,True,0.1879336590528405,7430.3478,349.1031125223059,299.1031125223059,False,True
558,32,5,73494.21,1,0,0,136301.1,0,False,False,True,0.2922572276186059,6614.4789,483.2823163639415,433.2823163639415,False,True
586,29,2,132450.24,1,1,1,36176.63,0,False,True,True,0.2012393153418045,11920.521599999998,599.7194013252979,549.7194013252979,False,True
850,49,6,128663.9,1,1,0,65769.3,1,False,False,True,0.7643292614373592,11579.750999999998,2212.6856323646302,2162.6856323646302,True,True
505,36,2,79951.9,1,0,1,174123.16,1,False,False,False,0.4287217846240868,7195.670999999999,771.2352281719467,721.2352281719467,False,True
591,51,8,132508.3,1,1,1,161304.68,1,True,False,False,0.8000799533209026,11925.746999999998,2385.387775769223,2335.387775769223,True,True
761,38,1,120530.13,2,1,0,109394.62,0,True,False,False,0.413805672048794,10847.7117,1122.2111575525164,1072.2111575525164,False,True
554,35,10,74988.59,2,0,1,190155.13,0,False,False,False,0.1641970799231388,6748.973099999999,277.04041887495345,227.04041887495345,False,True
774,47,6,94722.88,1,0,1,61450.96,0,False,False,False,0.5650575383769758,8525.0592,1204.2872415174977,1154.2872415174977,True,True
792,31,6,71269.89,2,0,1,125912.77,0,False,False,True,0.0848603340629781,6414.2901,136.07970016571332,86.07970016571332,False,True
673,41,9,98612.1,1,1,0,151349.35,0,True,False,False,0.634573948908328,8875.089,1407.975068410716,1357.975068410716,True,True
765,40,6,138033.55,1,1,1,67972.45,0,False,False,True,0.3028917755649793,12423.0195,940.7076085583404,890.7076085583404,False,True
748,41,2,91621.69,1,1,1,71139.31,0,False,False,False,0.4021016518322178,8245.9521,828.9277400848364,778.9277400848364,False,True
422,54,3,140014.42,1,0,1,86350.97,0,False,False,True,0.5283584112429616,12601.2978,1664.5004213018567,1614.5004213018567,True,True
568,27,5,126815.97,2,0,1,118648.12,0,False,True,True,0.1309274669878205,11413.4373,373.5831088283273,323.5831088283273,False,True
502,64,3,139663.37,1,0,1,100995.11,0,False,False,False,0.4721772256342115,12569.7033,1483.7819078097982,1433.7819078097982,False,True
689,34,1,165312.27,1,1,0,155495.63,0,False,False,True,0.2954231787098538,14878.1043,1098.8342163706861,1048.8342163706861,False,True
678,54,1,123699.28,2,0,1,105221.76,0,True,False,False,0.6788929184452779,11132.9352,1889.5177171975408,1839.5177171975408,True,True
636,29,3,97325.15,1,0,1,131924.38,0,True,False,False,0.3602590542862772,8759.2635,788.9009961885765,738.9009961885765,False,True
647,32,5,97041.16,1,1,1,23132.73,0,False,False,True,0.1755740760875256,8733.7044,383.3530202128893,333.3530202128893,False,True
646,50,0,104129.24,2,1,0,181794.86,1,False,False,True,0.6517431300019918,9371.6316,1526.9741280523938,1476.9741280523938,True,True
581,28,3,104367.5,1,1,1,29937.75,0,False,False,True,0.199147652738494,9393.075,467.6522095616574,417.6522095616574,False,True
565,46,7,135369.71,1,0,1,140130.22,0,False,False,True,0.5079174040851511,12183.273899999998,1547.0242131365933,1497.0242131365933,True,True
657,41,6,112119.48,1,1,0,17536.82,0,False,True,False,0.5143258565725808,10090.7532,1297.4838207631276,1247.4838207631276,True,True
847,66,7,123760.68,1,0,1,53157.16,0,False,False,True,0.2634899624050707,11138.461199999998,733.7181807095845,683.7181807095845,False,True
480,42,1,152160.21,2,1,0,101778.9,0,False,False,False,0.4902615626120702,13694.418899999995,1678.4618022445663,1628.4618022445663,False,True
740,36,4,172381.8,1,1,1,86480.29,0,False,False,True,0.1970448015865361,15514.362,764.2560955079238,714.2560955079238,False,True
588,41,6,106116.56,2,1,0,198766.61,0,True,False,True,0.3418298816865988,9550.4904,816.1607508702494,766.1607508702494,False,True
681,36,5,141952.07,1,1,1,185144.08,0,False,False,True,0.2448559941193905,12775.6863,782.0508423859944,732.0508423859944,False,True
589,37,6,138497.84,1,0,1,18988.58,0,False,False,False,0.2698899841570305,12464.8056,841.0315464761163,791.0315464761163,False,True
556,33,3,124213.36,2,1,0,62627.55,0,True,False,True,0.3261581779882956,11179.2024,911.5470715365954,861.5470715365954,False,True
850,37,4,126872.6,1,1,0,197266.58,0,False,False,True,0.3148472386795259,11418.534,898.7734749170704,848.7734749170704,False,True
437,26,1,120923.52,1,0,1,78854.57,0,False,False,False,0.2051492053353537,10883.1168,558.1656907729594,508.16569077295935,False,True
605,47,7,142643.54,1,1,0,189310.27,0,False,True,True,0.6585782229374143,12837.9186,2113.693404450795,2063.693404450795,True,True
758,41,10,79857.64,1,1,1,78088.17,0,True,False,True,0.3420793691211803,7187.187599999999,614.6471499908924,564.6471499908924,False,True
600,46,10,95502.21,1,0,0,19842.18,0,False,False,True,0.6347667180796037,8595.1989,1363.986549248605,1313.986549248605,True,True
608,23,8,197715.93,2,1,1,116124.28,0,True,False,True,0.1356371468066117,17794.4337,603.3965540268547,553.3965540268547,False,True
608,30,8,85859.76,1,0,0,142730.27,0,False,False,False,0.3410681753701221,7727.3784,658.8907128206233,608.8907128206233,False,True
554,44,7,85304.27,1,1,1,58076.52,0,False,False,True,0.4448316753787473,7677.3843,853.7859301738728,803.7859301738728,False,True
683,35,1,132371.3,2,0,0,186123.57,0,True,False,False,0.3481606073205621,11913.417,1036.945624495777,986.9456244957771,False,True
668,39,4,79896.0,1,1,0,38466.39,0,True,False,True,0.4039198432875872,7190.64,726.110545484364,676.110545484364,False,True
850,31,4,146587.3,1,1,1,89874.82,0,True,False,True,0.3396727130228651,13192.857,1120.3133824281742,1070.3133824281742,False,True
588,32,3,109109.33,1,0,1,4993.94,0,False,True,True,0.2109931910257068,9819.8397,517.9798284159798,467.9798284159798,False,True
517,56,9,142147.32,1,0,0,39488.04,1,False,False,True,0.8183304781809551,12793.2588,2617.278397824178,2567.278397824178,True,True
729,36,8,109106.8,1,0,0,121311.12,0,False,False,False,0.3605562626940326,9819.612,885.1306509563688,835.1306509563688,False,True
654,36,2,112262.84,1,1,0,12873.39,0,False,False,True,0.3360412596699683,10103.655599999998,848.8112887738821,798.8112887738821,False,True
642,26,8,144238.7,1,1,1,184399.76,0,False,True,True,0.2290797578921155,12981.483,743.4487456801533,693.4487456801533,False,True
472,32,1,159397.75,1,0,1,57323.18,0,False,True,False,0.2614572629498323,14345.7975,937.7032372956368,887.7032372956368,False,True
470,30,4,125385.01,1,1,0,68293.93,0,False,True,True,0.3013768378026243,11284.6509,850.2331009871347,800.2331009871347,False,True
633,60,8,69365.25,1,1,1,10288.24,0,False,False,False,0.54773415340287,6242.8725,854.8586208973898,804.8586208973898,True,True
602,31,7,155271.83,1,1,1,179446.31,0,False,False,True,0.2582313678889104,13974.4647,902.1612837490729,852.1612837490729,False,True
640,29,5,197200.04,2,1,0,141453.62,0,False,True,True,0.2653214592328576,17748.0036,1177.2315534055026,1127.2315534055026,False,True
454,48,5,144837.79,1,1,1,93151.77,0,False,True,False,0.5752829409562242,13035.4011,1874.7609703379999,1824.7609703379999,True,True
621,50,3,163085.79,1,0,1,131048.36,0,False,True,True,0.4921497823373352,14677.7211,1805.909311143278,1755.909311143278,False,True
795,38,7,125903.22,2,1,1,127068.92,0,True,False,True,0.2704285064608925,11331.2898,766.0759442223864,716.0759442223864,False,True
550,22,6,154377.3,1,1,1,51721.52,0,False,False,True,0.2031363537890529,13893.957,705.5919411704721,655.5919411704721,False,True
630,41,7,107511.52,1,0,1,46156.87,0,False,True,True,0.3034031336914622,9676.0368,733.9349717084771,683.9349717084771,False,True
573,30,8,127406.5,1,1,0,192950.6,0,True,False,True,0.5155817709141755,11466.585,1477.99055015948,1427.99055015948,True,True
561,24,8,143656.55,1,0,1,180932.46,0,False,True,True,0.2447669201546032,12929.089499999998,791.1533543295545,741.1533543295545,False,True
662,39,5,138106.75,1,0,0,19596.73,0,False,False,False,0.4334803484693812,12429.607499999998,1346.9976476094084,1296.9976476094084,False,True
637,27,9,128940.24,1,1,0,46786.92,0,False,False,True,0.2890843722801339,11604.6216,838.6786876961207,788.6786876961207,False,True
651,37,9,114453.58,1,0,1,175820.91,0,True,False,True,0.5237329974063775,10300.8222,1348.720121639039,1298.720121639039,True,True
638,41,1,131762.94,1,1,1,47675.29,0,False,False,True,0.3449201938782883,11858.6646,1022.5732232423986,972.5732232423986,False,True
709,41,3,150300.65,2,1,0,71672.86,0,False,False,False,0.3323546668430677,13527.0585,1123.9452552835467,1073.9452552835467,False,True
787,39,10,108935.39,1,1,1,101168.3,0,False,True,True,0.1795768591282289,9804.1851,440.1511916424452,390.1511916424452,False,True
653,37,7,135847.47,1,1,0,144880.81,0,False,False,True,0.3481732053894204,12226.2723,1064.2151041637205,1014.2151041637205,False,True
661,37,7,109908.06,2,1,0,115037.67,1,True,False,True,0.429822851362677,9891.7254,1062.9224040811541,1012.9224040811541,False,True
681,49,8,142946.18,1,0,0,187280.51,1,True,False,True,0.906473829629143,12865.156199999998,2915.481852347778,2865.481852347778,True,True
436,45,3,104339.11,2,1,1,183540.22,1,True,False,True,0.6079929069131221,9390.5199,1427.3423728566302,1377.3423728566302,True,True
663,33,5,157274.36,2,1,1,28531.81,0,False,False,True,0.1451639154766835,14154.692399999998,513.6876427880135,463.6876427880135,False,True
662,64,0,98848.19,1,0,1,42730.12,0,False,False,True,0.3579086864784898,8896.337099999999,796.0190814827141,746.0190814827141,False,True
607,39,8,105103.33,1,1,0,104721.5,1,True,False,False,0.7169283076548021,9459.2997,1695.4099313801441,1645.4099313801441,True,True
850,66,0,127120.62,1,0,1,118929.64,1,True,False,False,0.7054574371425093,11440.8558,2017.7592028462532,1967.7592028462532,True,True
666,36,3,129118.5,2,0,0,139435.12,0,True,False,False,0.3557895669132095,11620.665,1033.627841898373,983.6278418983729,False,True
825,36,3,146053.66,1,1,1,138344.7,0,False,False,False,0.2630630111213662,13144.8294,864.4796006601654,814.4796006601654,False,True
808,67,10,124577.15,1,0,1,169894.4,0,False,True,False,0.3890076260782624,11211.943499999998,1090.3828811646508,1040.3828811646508,False,True
515,29,4,151012.55,2,1,0,9770.97,0,False,True,True,0.2349378438228388,13591.1295,798.2676649617442,748.2676649617442,False,True
663,58,5,216109.88,1,0,1,74176.71,1,False,True,False,0.6470178400518697,19449.8892,3146.106324858047,3096.106324858047,True,True
444,34,2,144318.97,1,1,0,112668.06,0,False,False,True,0.2890377268460947,12988.707299999998,938.5566081653188,888.5566081653188,False,True
824,77,3,27517.15,2,0,1,2746.41,0,True,False,True,0.0953864953144359,2476.5435,59.05720123968668,9.057201239686677,False,True
662,29,5,147092.65,1,1,0,10928.3,0,False,False,True,0.3547983183552754,13238.338499999998,1174.2350594044747,1124.2350594044747,False,True
699,51,2,92246.14,2,0,1,91346.03,0,True,False,False,0.615556266375021,8302.1526,1277.6105143329182,1227.6105143329182,True,True
603,40,8,148897.02,1,0,0,105052.9,0,True,False,False,0.6165018475670831,13400.731799999998,2065.3939783627407,2015.3939783627407,True,True
804,33,10,138335.96,1,1,1,80483.76,0,True,False,False,0.4736509353930518,12450.236399999998,1474.2665291811552,1424.2665291811552,False,True
454,50,10,92895.56,1,1,0,154344.0,1,True,False,False,0.9203802902549038,8360.6004,1923.732955714316,1873.732955714316,True,True
631,46,9,160736.63,1,0,1,93503.02,0,False,True,True,0.4400315333110889,14466.2967,1591.4066795585366,1541.4066795585366,False,True
668,28,4,107141.27,1,1,0,193018.71,0,False,False,True,0.2812810806586671,9642.7143,678.0782746966956,628.0782746966956,False,True
842,37,4,132446.08,2,1,0,87071.18,1,False,False,False,0.2589320619435671,11920.1472,771.6270732917095,721.6270732917095,False,True
707,57,1,92053.0,1,1,1,164064.44,1,False,False,False,0.647837508187571,8284.769999999999,1341.7961881767856,1291.7961881767856,True,True
715,38,2,96798.79,2,1,1,4554.67,0,False,True,True,0.1479654534326696,8711.891099999999,322.26472921688463,272.26472921688463,False,True
573,35,9,134498.54,2,1,1,119924.8,0,True,False,True,0.1967016125863061,12104.8686,595.2617934413354,545.2617934413354,False,True
509,55,8,132387.91,2,1,1,170360.11,0,False,False,True,0.4365685146934156,11914.9119,1300.4188477214755,1250.4188477214755,False,True
670,40,2,147171.2,1,0,1,69850.04,0,True,False,False,0.5616387023190174,13245.408,1859.7834402014828,1809.7834402014828,True,True
613,44,9,100524.69,1,1,1,47298.95,0,False,True,True,0.3930062611387046,9047.2221,888.903732803115,838.903732803115,False,True
555,51,9,138214.5,1,1,0,198715.27,1,True,False,False,0.8824287711349618,12439.304999999998,2744.200156230746,2694.200156230746,True,True
541,34,3,128743.55,1,1,0,134851.12,0,False,False,True,0.2871206217881273,11586.9195,831.7108828622443,781.7108828622443,False,True
756,31,10,122647.32,1,0,0,61666.87,0,False,False,True,0.2757395021440287,11038.2588,760.9209965122359,710.9209965122359,False,True
684,24,9,79263.9,1,0,1,196574.48,0,False,True,False,0.2437583083219789,7133.751,434.72776893755633,384.72776893755633,False,True
604,53,2,121389.78,1,1,1,48201.64,1,False,False,False,0.5898932328280742,10925.0802,1611.157719520996,1561.157719520996,True,True
624,38,7,123906.55,1,1,0,135096.78,0,False,True,True,0.3718918555439072,11151.5895,1036.7963278547381,986.7963278547381,False,True
661,38,7,143006.7,1,1,1,15650.89,0,False,True,True,0.2156894728457992,12870.603,694.0133940693904,644.0133940693904,False,True
627,28,3,157597.61,1,0,1,34097.22,0,False,True,False,0.2459284297214023,14183.7849,872.0489869907843,822.0489869907843,False,True
812,38,3,127117.8,2,1,1,174822.74,0,False,True,True,0.1204426644801167,11440.602,344.48414703413806,294.48414703413806,False,True
473,39,9,117103.26,2,1,1,85937.52,1,False,False,False,0.3491585280570626,10539.2934,919.9710425763787,869.9710425763787,False,True
717,36,2,102989.83,2,0,1,49185.57,0,False,True,True,0.1477489008533558,9269.0847,342.37426908541426,292.37426908541426,False,True
693,28,1,145118.83,1,0,1,77742.38,0,False,True,True,0.167647740963869,13060.694699999998,547.3989904684441,497.39899046844414,False,True
705,92,1,126076.24,2,1,1,34436.83,0,False,False,True,0.2204516458528012,11346.8616,625.3585787459873,575.3585787459873,False,True
639,37,5,98186.7,1,0,1,173386.95,0,False,False,True,0.2707672346588963,8836.803,598.1791778838597,548.1791778838597,False,True
638,33,5,129335.65,1,1,1,56585.2,1,True,False,False,0.5243810224106814,11640.2085,1525.9761085758762,1475.9761085758762,True,True
608,48,7,75801.74,1,1,0,125762.95,0,False,True,True,0.7391260944864436,6822.1566,1260.6084909332287,1210.6084909332287,True,True
762,44,7,159316.64,1,0,0,24780.13,0,False,False,False,0.5738107477996176,14338.4976,2056.896007544756,2006.8960075447558,True,True
662,38,2,96479.81,1,1,0,120259.41,0,False,False,False,0.4256826881289048,8683.1829,924.0701595967348,874.0701595967348,False,True
747,29,7,117726.33,1,1,1,175398.34,0,True,False,True,0.3819116828733282,10595.3697,1011.6238681980176,961.6238681980176,False,True
625,43,4,122351.29,1,1,0,71216.6,0,False,False,True,0.6590278317962356,11011.6161,1814.2403707388798,1764.2403707388798,True,True
679,50,6,132598.38,2,1,1,184017.98,0,True,False,False,0.6001514693474043,11933.8542,1790.530033276923,1740.530033276923,True,True
535,38,2,119272.29,1,0,0,195896.59,1,False,False,True,0.4220392446203782,10734.5061,1132.5957114542105,1082.5957114542105,False,True
585,55,10,106415.57,3,1,1,122960.98,1,False,False,True,0.8948034667237275,9577.4013,2142.4729713610836,2092.4729713610836,True,True
728,32,9,127772.1,2,1,1,152643.48,0,True,False,False,0.2509414102537005,11499.489,721.4244967142289,671.4244967142289,False,True
621,41,5,104631.67,1,1,1,95551.22,0,False,True,True,0.3201254790342935,9416.8503,753.6434283204326,703.6434283204326,False,True
825,37,6,118050.79,1,0,1,52301.15,0,True,False,True,0.4887334952330215,10624.5711,1298.145942263687,1248.145942263687,False,True
487,40,6,136093.74,1,0,1,193408.43,0,False,True,False,0.3916557087799824,12248.436599999995,1199.292529504919,1149.292529504919,False,True
600,39,7,88477.36,2,1,0,58632.37,0,True,False,False,0.3713259096981055,7962.9624,739.2135642679524,689.2135642679524,False,True
606,34,3,161572.24,1,0,1,191076.22,0,False,True,True,0.2925515828492503,14541.5016,1063.5348275212264,1013.5348275212264,False,True
623,50,7,126608.37,1,0,1,645.61,1,True,False,True,0.8287399290630735,11394.753299999998,2360.8217603833054,2310.8217603833054,True,True
575,54,9,68332.96,1,1,1,144390.75,0,False,False,False,0.6337926325858543,6149.9664,974.4508487426373,924.4508487426373,True,True
577,48,6,179852.26,1,1,0,193580.32,0,False,True,True,0.679036446909661,16186.7034,2747.8403909791323,2697.8403909791323,True,True
693,46,2,104763.41,1,1,1,62368.33,0,True,False,True,0.7563039163524634,9428.7069,1782.7419886523735,1732.7419886523735,True,True
800,60,6,88541.57,2,1,1,131718.12,0,False,False,True,0.282686131248971,7968.7413,563.1631622552239,513.1631622552239,False,True
760,38,6,162888.73,1,1,0,91098.76,1,False,False,True,0.41786881165774,14659.9857,1531.4877008446153,1481.4877008446153,False,True
478,35,1,92474.05,1,1,0,178626.07,0,False,False,True,0.3042903780575412,8322.6645,633.1266817877694,583.1266817877694,False,True
709,30,9,115479.48,2,1,1,134732.99,0,True,False,True,0.1892760571515298,10393.1532,491.7937647669512,441.7937647669512,False,True
684,26,5,87098.91,1,0,0,106095.82,0,False,False,False,0.3436852424888341,7838.901899999999,673.5287250869204,623.5287250869204,False,True
546,42,9,86351.85,2,1,0,57380.13,0,True,False,False,0.3861747407724757,7771.666499999999,750.3053240019084,700.3053240019084,False,True
576,63,3,148843.56,1,1,0,69414.13,1,True,False,True,0.9187150334178282,13395.9204,3076.758364487142,3026.758364487142,True,True
481,44,3,163714.52,1,1,0,96123.72,0,True,False,True,0.6949022252874804,14734.306799999998,2559.7256458471134,2509.7256458471134,True,True
606,36,0,94153.56,1,0,1,120138.27,0,False,True,True,0.2376405544214384,8473.8204,503.4308444809237,453.4308444809237,False,True
559,50,5,162702.35,1,0,0,150548.5,1,False,False,True,0.8096783929731305,14643.2115,2964.072988821416,2914.072988821416,True,True
608,56,10,129255.2,2,1,0,142492.04,1,False,False,False,0.7760930121136166,11632.968,2257.0662937353286,2207.0662937353286,True,True
698,41,3,90605.29,1,1,1,14357.0,0,False,False,True,0.3400670269259879,8154.476099999998,693.2671108665061,643.2671108665061,False,True
528,29,3,102787.42,1,1,0,55972.56,0,False,False,True,0.3022498579247394,9250.8678,699.0183695576367,649.0183695576367,False,True
802,39,7,120145.96,2,0,1,59497.01,1,False,False,False,0.316813848967447,10813.1364,856.4378405735009,806.4378405735009,False,True
669,47,0,63723.78,2,1,1,181928.25,0,True,False,True,0.242770419486417,5735.1402,348.08059804185336,298.08059804185336,False,True
581,24,10,159203.71,1,1,1,102517.83,1,False,True,False,0.3158600327538086,14328.333899999998,1131.4370037403762,1081.4370037403762,False,True
707,34,9,162691.16,2,1,0,94912.78,0,True,False,True,0.2176536330806461,14642.2044,796.7322459923555,746.7322459923555,False,True
735,43,9,127806.91,1,1,1,73069.59,0,False,False,True,0.3944203230259823,11502.6219,1134.2169613609346,1084.2169613609346,False,True
765,43,9,157960.49,2,0,0,136602.8,0,False,False,True,0.4010406501038986,14216.4441,1425.3429960074336,1375.3429960074336,False,True
469,52,8,139493.25,3,0,0,150093.32,1,True,False,False,0.944439265325835,12554.392499999998,2964.215307328043,2914.215307328043,True,True
594,21,2,87096.82,2,1,0,168186.11,0,True,False,False,0.2535070591497625,7838.713800000001,496.792320738665,446.792320738665,False,True
675,34,10,84944.58,1,0,0,146230.63,0,False,False,False,0.3680973913203608,7645.012199999999,703.527261858083,653.527261858083,False,True
703,50,8,160139.59,2,1,1,79314.1,0,False,False,True,0.3820633345185234,14412.5631,1376.6279792361568,1326.6279792361568,False,True
724,36,6,94615.11,2,1,1,10627.21,0,True,False,True,0.1704192181391239,8515.3599,362.795244082812,312.795244082812,False,True
563,30,7,90727.79,1,1,0,122268.75,0,False,False,True,0.2731317405830674,8165.501099999999,557.5643820439877,507.56438204398773,False,True
714,26,3,119545.48,2,1,0,65482.94,0,True,False,True,0.3137988774864217,10759.0932,844.0478422329481,794.0478422329481,False,True
614,36,1,118311.76,1,1,0,146134.68,0,False,False,True,0.2969055707647647,10648.058399999998,790.3669641971367,740.3669641971367,False,True
740,33,1,129574.98,1,1,1,123300.38,0,False,False,True,0.1805521374022653,11661.748199999998,526.388390839255,476.38839083925495,False,True
587,33,8,148163.57,1,0,0,122925.4,0,False,False,True,0.2667268741472068,13334.7213,889.1821324932944,839.1821324932944,False,True
465,24,5,117154.9,1,1,1,127744.02,0,True,False,True,0.3382240152100864,10543.941,891.5535152895634,841.5535152895634,False,True
689,40,5,154251.67,1,0,1,118319.5,0,False,True,False,0.3737464036283445,13882.6503,1297.1476556137393,1247.1476556137393,False,True
579,33,1,65667.79,2,0,0,164608.98,0,False,False,False,0.2087874049258745,5910.101099999999,308.488667879639,258.488667879639,False,True
551,42,1,50194.59,1,1,1,23399.58,0,False,False,True,0.4745194817672103,4517.513099999999,535.9119937721458,485.9119937721458,False,True
527,39,9,96748.89,2,1,0,94711.43,0,True,False,False,0.416582636053188,8707.400099999999,906.8379217069481,856.8379217069481,False,True
685,43,1,132667.17,1,1,1,41876.98,0,False,False,False,0.4920306686786333,11940.0453,1468.7171182530433,1418.7171182530433,False,True
622,41,2,127087.06,1,1,0,102402.91,1,False,False,True,0.4577083479541975,11437.8354,1308.7981862765096,1258.7981862765096,False,True
528,34,1,125566.9,1,1,1,176763.27,0,False,False,True,0.235956925841603,11301.021,666.6385435078496,616.6385435078496,False,True
546,52,1,106074.89,1,1,1,23548.45,1,True,False,False,0.82486087853002,9546.7401,1968.6831064959429,1918.6831064959429,True,True
576,46,4,137367.94,1,1,1,33450.11,0,True,False,True,0.7946216147727363,12363.1146,2455.999521768098,2405.999521768098,True,True
733,38,3,157658.36,1,0,0,19658.43,0,False,False,False,0.4224837494964465,14189.2524,1498.6821391258632,1448.6821391258632,False,True
727,45,6,114422.85,2,1,1,104678.78,1,True,False,True,0.6392719915564041,10298.0565,1645.8147719788433,1595.8147719788433,True,True
605,41,5,103154.66,1,0,0,143203.78,0,False,True,True,0.4542001833026418,9283.9194,1054.189473311738,1004.1894733117381,False,True
564,24,6,149592.14,1,1,1,153771.8,0,False,True,False,0.3004107655776885,13463.2926,1011.1295092906071,961.1295092906071,False,True
593,48,3,133903.12,2,1,1,85902.39,1,True,False,False,0.6576460844162868,12051.2808,1981.3694075802941,1931.3694075802941,True,True
736,26,0,84587.9,1,0,1,188037.76,0,True,False,False,0.286689555153642,7612.910999999999,545.6355170035669,495.63551700356686,False,True
675,32,8,197436.82,1,1,1,52710.7,0,False,True,True,0.2798213043510135,17769.3138,1243.058141234616,1193.058141234616,False,True
656,32,1,104254.27,1,1,1,17034.37,0,False,True,False,0.2552677917498905,9382.8843,598.7870388764293,548.7870388764293,False,True
462,39,4,140133.08,2,0,0,131304.45,0,False,False,True,0.2466751699982011,12611.977199999998,777.7654049558589,727.7654049558589,False,True
850,36,0,136980.23,2,1,1,99019.65,0,True,False,False,0.2368061293972624,12328.2207,729.8495565805522,679.8495565805522,False,True
636,48,3,120568.41,1,1,0,190160.04,1,True,False,False,0.9323077328175364,10851.1569,2529.154371971592,2479.154371971592,True,True
850,27,7,43658.33,2,1,1,3025.49,0,False,False,False,0.1287927993008848,3929.2497,126.51476700379045,76.51476700379045,False,True
610,57,7,72092.95,4,0,1,113228.82,1,False,False,False,0.9187208556541095,6488.365499999999,1490.249175989151,1440.249175989151,True,True
651,35,0,181821.96,2,0,1,36923.67,1,False,False,True,0.3810081137029605,16363.976399999998,1558.7019452109403,1508.7019452109403,False,True
665,25,7,90920.75,1,0,1,112256.57,0,False,False,True,0.1728594621381395,8182.8675,353.62151869941556,303.62151869941556,False,True
698,27,1,94920.71,1,1,1,40339.9,0,False,False,False,0.1972654123423492,8542.8639,421.3028924545174,371.3028924545174,False,True
733,45,2,113939.36,2,1,0,3218.71,0,True,False,True,0.5765933789770589,10254.5424,1478.1753130698798,1428.1753130698798,True,True
473,25,6,110666.42,2,0,0,46758.42,0,False,False,False,0.2352469088205251,9959.9778,585.7634973427636,535.7634973427636,False,True
754,48,7,141819.02,1,1,0,93550.53,1,True,False,False,0.9138717312242506,12763.711799999995,2916.0988498783477,2866.0988498783477,True,True
649,56,8,156974.26,1,1,0,89405.26,1,False,False,False,0.822527710479952,14127.683399999998,2905.1027703469053,2855.1027703469053,True,True
578,50,5,151215.34,2,1,0,169804.4,0,False,False,True,0.6519105826167049,13609.3806,2218.0248089996203,2168.0248089996203,True,True
690,26,8,116318.23,1,1,1,83253.05,0,False,True,True,0.1737758535490364,10468.6407,454.7992432851705,404.7992432851705,False,True
610,49,6,113882.33,1,1,0,195813.81,1,True,False,True,0.8967068608601503,10249.4097,2297.678999439144,2247.678999439144,True,True
492,48,6,127253.98,1,1,1,92144.09,1,False,False,False,0.6101506060641853,11452.8582,1746.9920929742934,1696.9920929742934,True,True
575,41,2,100062.39,1,0,0,126307.25,0,False,True,True,0.4488819726189513,9005.615099999999,1010.6145676837535,960.6145676837535,False,True
674,41,4,126605.14,1,1,1,166694.93,0,False,True,False,0.4456124967230548,11394.4626,1269.3787320008678,1219.3787320008678,False,True
507,31,0,106942.08,1,0,1,44001.11,0,False,False,False,0.2221075221419357,9624.7872,534.4344090338549,484.4344090338549,False,True
584,41,3,88594.93,1,1,0,178997.89,0,True,False,False,0.5930678117992073,7973.543699999999,1182.2130286110887,1132.2130286110887,True,True
744,29,6,123737.04,2,1,0,141558.04,0,True,False,True,0.3092134531633068,11136.3336,860.87604200864,810.87604200864,False,True
687,35,1,110752.15,2,1,1,47921.22,0,False,False,False,0.1999913539323164,9967.693499999998,498.36312966183726,448.36312966183726,False,True
705,54,3,125889.3,3,1,0,96013.5,1,True,False,False,0.950522328320716,11330.037,2692.363287299965,2642.363287299965,True,True
544,48,10,78314.63,3,1,1,103713.93,1,False,False,True,0.8428942797908664,7048.3167,1485.2464571461092,1435.2464571461092,True,True
564,36,7,206329.65,1,1,1,46632.87,1,False,False,False,0.3579015157286314,18569.6685,1661.5281256820551,1611.5281256820551,False,True
702,40,7,145536.9,1,0,1,135334.24,0,False,False,True,0.3357756501683681,13098.321,1099.5243124722472,1049.5243124722472,False,True
658,31,2,77082.65,2,0,0,13482.28,0,True,False,True,0.1343611555364839,6937.4385,233.0305633308229,183.0305633308229,False,True
654,24,8,145081.73,1,1,1,130075.07,0,False,False,False,0.2757240289762761,13057.3557,900.0566803450861,850.0566803450861,False,True
649,41,4,115897.73,1,1,0,143544.48,0,True,False,False,0.7188355765907702,10430.7957,1874.5067603275068,1824.5067603275068,True,True
597,24,0,108058.07,2,1,1,187826.11,0,False,True,True,0.1482805811788744,9725.2263,360.51555196501863,310.51555196501863,False,True
782,33,7,191523.09,1,1,1,167058.75,0,False,False,True,0.2228712904628871,17237.0781,960.4124599891425,910.4124599891425,False,True
679,39,7,91187.9,1,0,1,6075.36,0,False,True,False,0.2955899985609914,8206.911,606.4702026700461,556.4702026700461,False,True
806,34,5,113958.55,1,0,1,32125.98,0,False,False,True,0.1720893711521135,10256.2695,441.2487421554004,391.2487421554004,False,True
668,43,1,147167.25,1,0,0,141679.73,0,False,True,True,0.6178816687489721,13245.0525,2045.9687853419362,1995.9687853419362,True,True
659,29,9,82916.48,1,1,1,84133.48,0,True,False,True,0.192549855945682,7462.483199999999,359.22501628926796,309.22501628926796,False,True
781,48,0,57098.96,1,1,0,85644.06,1,False,False,False,0.8186665537843298,5138.9064,1051.7626981770593,1001.7626981770593,True,True
628,39,1,115341.19,1,1,1,107674.3,1,True,False,True,0.6043705305061745,10380.7071,1568.448364264053,1518.448364264053,True,True
751,30,3,165257.2,1,0,0,134822.05,0,False,False,True,0.2723344088511692,14873.148,1012.6174920839874,962.6174920839874,False,True
708,46,7,68799.72,1,1,1,39704.14,0,False,True,True,0.4390415489808866,6191.9748,679.6335518606538,629.6335518606538,False,True
550,39,2,116120.19,2,1,1,195638.13,0,False,True,True,0.173481807545988,10450.8171,453.2566602101301,403.2566602101301,False,True
592,31,2,84102.11,2,0,1,116385.24,0,False,False,False,0.1390784427598718,7569.189899999999,263.1777860614374,213.17778606143742,False,True
501,25,6,104013.79,1,1,0,114774.35,0,True,False,True,0.4449550341064739,9361.2411,1041.3328382323562,991.3328382323562,False,True
431,42,8,120822.86,2,1,0,126153.24,0,True,False,True,0.4308985259859079,10874.0574,1171.4038262865386,1121.4038262865386,False,True
719,40,4,128389.12,1,1,1,176091.31,0,False,True,True,0.3044024973625584,11555.020799999998,879.3442971490769,829.3442971490769,False,True
850,36,7,102800.72,1,1,1,87352.43,0,True,False,True,0.431147158427233,9252.0648,997.2503620261565,947.2503620261565,False,True
554,31,6,135470.9,1,1,0,107074.81,0,True,False,False,0.589486060262237,12192.380999999998,1796.8096602265382,1746.8096602265382,True,True
418,36,7,90145.04,1,1,1,69157.93,0,False,False,True,0.2240390415298014,8113.053599999999,454.41018810597615,404.41018810597615,False,True
750,33,3,161801.47,1,0,1,153288.97,1,False,True,False,0.343856573945866,14562.1323,1251.8212305061083,1201.8212305061083,False,True
766,37,2,99660.13,2,0,1,147700.78,0,True,False,True,0.2171151133122342,8969.4117,486.8487093973948,436.8487093973948,False,True
652,38,6,123081.84,2,1,1,188657.97,0,False,True,False,0.2338393136755473,11077.3656,647.5808923092793,597.5808923092793,False,True
658,42,8,102870.93,1,0,1,103764.55,1,False,False,True,0.3802110656087892,9258.383699999998,880.034983098011,830.034983098011,False,True
659,37,1,151105.68,1,1,1,140934.57,0,False,False,False,0.2841866945808584,13599.5112,966.2000339608408,916.2000339608408,False,True
574,35,5,163856.76,1,1,1,15118.2,0,True,False,True,0.3177466654507868,14747.1084,1171.4611297853219,1121.4611297853219,False,True
738,35,8,127290.61,1,1,0,16081.62,0,False,True,True,0.3165029664465482,11456.1549,906.4767524802896,856.4767524802896,False,True
571,49,4,180614.04,1,0,0,523.0,0,False,False,True,0.5619450256652077,16255.263599999998,2283.6411302241786,2233.6411302241786,True,True
686,44,7,55053.62,1,1,0,181757.19,0,False,False,False,0.698001272125225,4954.8258000000005,864.6186778897215,814.6186778897215,True,True
679,33,4,96110.22,1,1,0,1173.23,0,False,True,True,0.3203537561857623,8649.9198,692.7585746588994,642.7585746588994,False,True
617,46,3,106521.49,1,0,1,86587.37,0,False,True,False,0.5403116388210976,9586.9341,1294.9830187102161,1244.9830187102161,True,True
673,39,7,82255.51,2,1,0,109545.56,0,False,False,True,0.212366560715049,7402.995899999999,393.03719456765214,343.03719456765214,False,True
677,26,3,102395.79,1,1,0,119368.99,0,True,False,False,0.5546115333108846,9215.621099999998,1277.7724371707852,1227.7724371707852,True,True
613,39,8,118201.41,1,1,0,23315.59,0,False,True,True,0.3645787737448957,10638.1269,969.6088150361471,919.6088150361471,False,True
576,55,6,44582.07,3,0,1,67539.85,1,False,False,False,0.8507628105134823,4012.3863,853.3972613634481,803.3972613634481,True,True
466,26,9,105522.06,1,1,0,10842.46,0,False,False,True,0.2715261474163561,9496.9854,644.6699644328454,594.6699644328454,False,True
510,50,7,123936.54,1,1,1,23768.01,0,True,False,False,0.7878596384496551,11154.288599999998,2197.003445889777,2147.003445889777,True,True
696,66,7,119499.42,2,1,1,174027.3,0,True,False,False,0.5726620306820785,10754.9478,1539.7375617569382,1489.7375617569382,True,True
554,44,9,135814.7,2,0,0,115091.38,0,False,False,False,0.5541479583291238,12223.323,1693.382371111855,1643.382371111855,True,True
659,39,8,106259.63,2,1,1,198103.32,0,True,False,True,0.294996410811252,9563.3667,705.2897129429618,655.2897129429618,False,True
556,38,2,115463.16,1,1,0,150679.65,0,False,True,True,0.3671667116737923,10391.6844,953.8701474749613,903.8701474749613,False,True
587,42,5,120233.83,1,1,0,194890.33,0,False,True,True,0.5172713520762559,10821.0447,1399.3541057116506,1349.3541057116506,True,True
539,40,7,81132.21,1,1,0,167289.82,0,False,False,False,0.59357597458104,7301.8989,1083.5579389649308,1033.5579389649308,True,True
644,34,10,122196.99,2,1,1,182099.71,0,True,False,False,0.237327893959708,10997.7291,652.5169714105988,602.5169714105988,False,True
572,39,4,112290.22,1,1,0,49373.97,1,True,False,True,0.6868781500324934,10106.1198,1735.4182180576881,1685.4182180576881,True,True
588,44,8,154409.74,1,1,0,49324.03,1,False,False,True,0.6307285584014433,13896.8766,2191.2892360501874,2141.2892360501874,True,True
627,48,1,132759.8,1,1,0,78899.22,0,False,True,True,0.7052470477691324,11948.381999999998,2106.64028277946,2056.64028277946,True,True
532,60,5,76705.87,2,0,1,13889.73,0,False,False,True,0.3467039367668852,6903.528299999999,598.3701097979006,548.3701097979006,False,True
518,29,9,125961.74,2,1,0,160303.08,1,True,False,True,0.3477660617820173,11336.5566,985.617410737734,935.617410737734,False,True
557,39,7,49572.73,1,1,0,115287.99,1,False,False,False,0.57764331081112,4461.545700000001,644.2955073707791,594.2955073707791,True,True
639,35,1,103015.12,2,1,1,139094.12,0,False,False,False,0.1724838115710527,9271.3608,399.7899123086111,349.7899123086111,False,True
633,32,1,104001.38,1,0,1,36642.65,0,False,False,False,0.2204433376683767,9360.1242,515.8442549096361,465.8442549096361,False,True
623,50,2,87116.71,1,1,1,104382.11,0,False,True,False,0.5434039566076134,7840.5039,1065.140210264356,1015.140210264356,True,True
611,68,5,82547.11,2,1,1,146448.01,0,False,False,True,0.2177828721005016,7429.239899999999,404.49030073641075,354.49030073641075,False,True
521,27,4,121325.84,1,1,1,164223.7,1,False,False,True,0.2334242579378556,10919.325599999998,637.2088688404574,587.2088688404574,False,True
775,28,9,111167.7,1,1,0,149331.01,0,False,False,True,0.2726897048548621,10005.093,682.0714643038617,632.0714643038617,False,True
681,48,5,139714.4,2,0,0,73066.72,0,True,False,True,0.6358439600729634,12574.295999999998,1998.8225409424056,1948.8225409424056,True,True
564,32,10,139875.2,2,1,0,15378.23,0,True,False,False,0.2595963934467336,12588.768,816.9996926844124,766.9996926844124,False,True
646,44,2,113063.83,1,0,0,53072.49,1,True,False,False,0.8894438109257382,10175.7447,2262.6882862438456,2212.6882862438456,True,True
670,50,8,138340.06,1,0,1,3159.15,0,False,False,False,0.5492686845384486,12450.6054,1709.6819124413262,1659.6819124413262,True,True
751,43,1,114974.24,1,1,0,125920.54,0,False,False,True,0.6493846617571966,10347.6816,1679.9064289467915,1629.9064289467915,True,True
635,65,5,117325.54,1,1,0,155799.86,1,True,False,False,0.9222668442116118,10559.298599999998,2434.622749227522,2384.622749227522,True,True
741,50,1,78737.61,1,1,1,13018.96,0,False,True,True,0.4791604209297523,7086.384899999999,848.87879288856,798.87879288856,False,True
646,25,5,182876.88,2,1,1,42537.59,1,False,True,True,0.333250111035823,16458.919199999997,1371.2341627324097,1321.2341627324097,False,True
805,50,9,130023.38,1,1,0,62989.82,1,True,False,True,0.9164056529827024,11702.1042,2680.968610168156,2630.968610168156,True,True
637,36,2,152606.82,1,1,1,71692.8,0,False,False,True,0.2149870478840004,13734.6138,738.1910186722131,688.1910186722131,False,True
672,28,4,167268.98,1,1,1,169469.3,0,False,False,True,0.2044696444788048,15054.2082,769.532149640977,719.532149640977,False,True
493,54,3,167831.88,2,1,0,150159.95,1,False,False,True,0.7537444635521626,15104.8692,2846.3028830448957,2796.3028830448957,True,True
524,29,9,144287.6,2,1,0,32063.3,0,True,False,True,0.2731331906394114,12985.883999999998,886.7189825483204,836.7189825483204,False,True
624,45,5,151855.33,1,1,0,68794.15,0,True,False,False,0.8567306627253168,13666.9797,2927.230143958613,2877.230143958613,True,True
464,37,4,155994.15,1,0,0,143665.44,0,True,False,True,0.3932514365497249,14039.4735,1380.2607805691985,1330.2607805691985,False,True
718,26,7,147527.03,1,0,0,51099.56,0,True,False,True,0.3779674163192786,13277.432699999998,1254.6092332430255,1204.6092332430255,False,True
574,33,8,100267.03,1,1,0,103006.27,0,False,False,True,0.28705540531198,9024.0327,647.5993410617652,597.5993410617652,False,True
478,48,0,83287.05,2,0,1,44147.95,1,False,True,True,0.5479446506307454,7495.8345,1026.825604072097,976.8256040720969,True,True
465,53,1,117438.17,1,0,0,74898.8,1,True,False,True,0.9149329866997846,10569.4353,2417.581251689783,2367.581251689783,True,True
558,56,7,121235.05,2,1,1,116253.1,0,False,False,False,0.4917144858285425,10911.1545,1341.293181190822,1291.293181190822,False,True
540,37,3,129965.18,1,0,0,19374.08,0,True,False,True,0.561114701833192,11696.8662,1640.8208975489354,1590.8208975489354,True,True
568,46,8,150836.92,1,0,0,64516.8,1,True,False,True,0.8295352405093331,13575.322800000002,2815.3021659724586,2765.3021659724586,True,True
523,60,1,163894.35,1,0,1,57061.71,0,True,False,True,0.5584422857774847,14750.4915,2059.3245474003397,2009.3245474003397,True,True
595,34,2,87967.42,2,0,1,156309.52,0,True,False,True,0.1151605363116148,7917.067799999999,227.93344346585403,177.93344346585403,False,True
589,20,2,121093.29,2,1,0,3529.72,0,True,False,False,0.2890339669235637,10898.3961,787.5016644718239,737.5016644718239,False,True
785,31,2,121691.54,2,0,0,81778.72,0,False,True,False,0.2225902696053921,10952.2386,609.4654356891456,559.4654356891456,False,True
602,39,6,154121.32,2,1,0,176614.86,1,False,False,False,0.3968884755975398,13870.9188,1376.301954417314,1326.301954417314,False,True
755,43,6,165048.5,3,1,0,16929.41,1,True,False,True,0.8603778497989732,14854.365,3195.091654707281,3145.091654707281,True,True
620,33,9,127638.35,1,1,1,192717.57,0,False,False,False,0.3249762227911003,11487.4515,933.2871494914897,883.2871494914897,False,True
818,72,8,135290.42,2,1,1,63729.72,0,True,False,False,0.312987968780322,12176.1378,952.7461594028247,902.7461594028247,False,True
624,71,4,170252.05,3,1,1,73679.59,1,False,False,False,0.8436407772549098,15322.6845,3231.71036530294,3181.71036530294,True,True
669,35,4,108269.2,2,1,0,174969.92,0,True,False,False,0.3931966529991525,9744.228,957.8494589151564,907.8494589151564,False,True
603,35,9,145623.36,1,1,0,163181.62,0,True,False,False,0.5137928116486288,13106.1024,1683.4553004627103,1633.4553004627103,True,True
597,41,4,145809.53,2,1,1,52319.26,0,False,False,False,0.2851849073991124,13122.8577,935.6102394965573,885.6102394965573,False,True
580,76,2,130334.84,2,1,1,51672.08,0,True,False,True,0.3190688988171983,11730.135599999998,935.6803622171037,885.6803622171037,False,True
699,54,3,111009.32,1,1,1,155905.79,1,True,False,False,0.7966134391627894,9990.8388,1989.7091141472588,1939.7091141472588,True,True
748,39,3,157371.54,1,0,1,97734.3,0,False,False,False,0.2914988213676547,14163.4386,1032.1564146032863,982.1564146032863,False,True
686,37,9,134560.62,1,1,0,27596.39,0,False,False,True,0.3386940000275247,12110.4558,1025.434679264634,975.434679264634,False,True
682,36,5,72373.62,2,1,0,36895.99,0,True,False,True,0.1655217153915311,6513.6258,269.5366289586335,219.53662895863351,False,True
778,34,7,109564.1,1,0,1,113046.81,0,False,False,False,0.2545556459257133,9860.769,627.5286055298125,577.5286055298125,False,True
742,25,4,132116.13,2,1,0,129933.5,0,False,False,False,0.2555843288299381,11890.4517,759.7532793073241,709.7532793073241,False,True
649,24,7,101195.23,1,0,0,133091.32,0,True,False,True,0.4238876213774062,9107.5707,965.1466201373896,915.1466201373896,False,True
763,67,1,149436.73,2,0,1,106282.74,0,False,False,True,0.2041910233926974,13449.3057,686.5568737010597,636.5568737010597,False,True
595,30,9,130682.11,2,1,1,57862.88,0,True,False,True,0.1828343286524463,11761.3899,537.5964565965406,487.59645659654063,False,True
628,51,10,115280.49,2,0,0,12628.61,1,True,False,False,0.768051837619567,10375.2441,1992.1813241891425,1942.1813241891425,True,True
625,36,8,129944.39,2,0,0,198914.8,0,False,False,False,0.2729647534200306,11694.9951,798.0803634299916,748.0803634299916,False,True
805,56,6,151802.29,1,1,0,46791.09,1,True,False,True,0.8733987778002372,13662.2061,2983.138527448736,2933.138527448736,True,True
554,38,3,138731.95,1,1,1,194138.36,0,False,False,False,0.3400964390077642,12485.875500000002,1061.600448861072,1011.600448861072,False,True
675,35,8,155621.08,1,0,1,35177.31,0,False,True,False,0.236729546531794,14005.8972,828.9024232317308,778.9024232317308,False,True
556,54,4,150005.38,1,1,0,157015.5,1,False,False,False,0.8579217749607669,13500.4842,2895.5898419234477,2845.5898419234477,True,True
601,47,1,64430.06,2,0,1,96517.97,0,False,False,True,0.4329184974522925,5798.7054,627.5917072341236,577.5917072341236,False,True
600,53,7,106261.63,1,1,0,93629.66,1,True,False,True,0.9249507646755588,9563.5467,2211.4524582938543,2161.4524582938543,True,True
606,41,4,132670.53,1,1,0,156476.36,1,True,False,False,0.7022429933830996,11940.347699999998,2096.256377720752,2046.256377720752,True,True
753,38,1,117314.92,1,1,0,122021.33,1,True,False,False,0.6857118635740312,10558.3428,1809.995229410364,1759.995229410364,True,True
559,38,3,145874.35,1,1,0,56311.39,1,False,True,True,0.4152502841958728,13128.6915,1362.923219123735,1312.923219123735,False,True
754,50,7,146777.44,2,0,1,150685.52,0,False,True,False,0.5542852630242785,13209.9696,1830.522868569681,1780.522868569681,True,True
621,51,4,109978.83,1,0,0,177740.58,1,True,False,True,0.9235556113372848,9898.0947,2285.3602254332095,2235.3602254332095,True,True
650,24,8,108881.73,1,1,0,104492.83,0,False,True,True,0.2955252810611571,9799.355699999998,723.9893368651879,673.9893368651879,False,True
519,39,2,112957.26,2,1,0,97593.16,0,False,False,True,0.236394526264923,10166.1534,600.805754232384,550.805754232384,False,True
552,42,8,103362.14,1,0,1,186869.58,1,True,False,False,0.6923271126500653,9302.5926,1610.109268729466,1560.109268729466,True,True
577,41,4,89015.61,1,0,1,135227.23,0,False,True,True,0.3579834183306164,8011.404899999999,716.9875279331625,666.9875279331625,False,True
576,45,5,133618.01,1,0,0,135244.87,0,False,True,True,0.6820344960945377,12025.6209,2050.4720726888604,2000.4720726888604,True,True
646,40,5,93680.43,2,1,1,179473.26,0,False,False,True,0.2127799854575751,8431.2387,448.49971199383606,398.49971199383606,False,True
711,45,1,97486.15,2,1,0,50610.62,0,True,False,False,0.6828568468548994,8773.753499999999,1497.8044125230342,1447.8044125230342,True,True
806,37,2,137794.18,2,0,1,75232.02,0,False,True,False,0.2013952130803763,12401.4762,624.3994854525538,574.3994854525538,False,True
670,39,8,101928.51,1,0,0,89205.54,0,False,False,False,0.4463056046503221,9173.5659,1023.553468949769,973.553468949769,False,True
670,35,2,79585.96,1,0,1,198802.9,0,True,False,False,0.3407153702010797,7162.736400000001,610.1135960446874,560.1135960446874,False,True
733,24,3,161884.99,1,1,1,9617.24,0,False,False,False,0.2493231943272893,14569.6491,908.137863459929,858.137863459929,False,True
764,39,1,129068.54,2,1,1,187905.12,0,False,False,False,0.2348495490528418,11616.1686,682.0129893579452,632.0129893579452,False,True
588,49,6,132623.76,3,1,0,36292.94,1,True,False,True,0.9598989480646404,11936.1384,2864.3716735284897,2814.3716735284897,True,True
564,31,5,121461.87,1,1,1,20432.09,1,False,True,True,0.2607981129492947,10931.5683,712.7330960540825,662.7330960540825,False,True
715,32,8,175307.32,1,1,0,187051.23,0,False,False,True,0.3119363391421164,15777.6588,1230.406281576349,1180.406281576349,False,True
621,31,7,136658.61,1,1,1,148689.13,0,False,False,True,0.1993114283725689,12299.2749,612.8465120664712,562.8465120664712,False,True
796,23,3,146584.19,2,0,0,125445.8,0,False,True,False,0.2369377197598343,13192.5771,781.4547839574519,731.4547839574519,False,True
527,46,10,131414.76,1,1,0,54947.51,0,False,True,False,0.6853942649287111,11827.3284,2026.5957636971173,1976.5957636971173,True,True
596,34,4,99441.21,2,0,1,4802.27,0,True,False,True,0.151165088081698,8949.7089,338.22088354351416,288.22088354351416,False,True
553,38,1,181110.13,2,1,0,184544.59,0,False,True,True,0.2748608071062392,16299.9117,1120.051721405608,1070.051721405608,False,True
850,33,3,100476.46,2,1,1,136539.13,0,False,True,True,0.1066673260073128,9042.8814,241.1449945848163,191.1449945848163,False,True
599,33,2,51949.95,2,1,0,85045.92,0,True,False,True,0.1351614452555434,4675.4955,157.9866822664474,107.98668226644739,False,True
492,35,8,121063.49,1,0,0,85421.48,0,False,False,True,0.2747531213416682,10895.7141,748.4078645553561,698.4078645553561,False,True
707,48,8,88441.64,1,1,1,119903.2,1,False,True,True,0.470172235116045,7959.747599999999,935.6130800128935,885.6130800128935,False,True
743,30,1,127023.39,1,1,1,138780.89,0,False,False,False,0.2347125800270074,11432.1051,670.8147207902274,620.8147207902274,False,True
522,41,5,144147.68,1,1,1,14789.9,0,False,False,True,0.3702570454693267,12973.291199999998,1200.8631174313039,1150.8631174313039,False,True
681,57,2,173306.13,1,0,1,131964.66,0,False,True,False,0.6001188246167493,15597.5517,2340.0960982757447,2290.0960982757447,True,True
630,28,8,106425.75,1,1,1,20344.84,0,True,False,False,0.4891220469199113,9578.3175,1171.2415654122017,1121.2415654122017,False,True
430,66,6,135392.31,2,1,1,172852.06,1,True,False,False,0.6210788519116737,12185.3079,1892.0092601805618,1842.0092601805618,True,True
703,39,6,152685.4,1,0,0,183656.12,0,False,True,True,0.3535170616862232,13741.686,1214.4801143336774,1164.4801143336774,False,True
755,38,1,82083.52,1,0,1,10333.78,0,True,False,False,0.3449218122115859,7387.516799999999,637.0289205998839,587.0289205998839,False,True
612,63,2,131629.17,2,1,0,122109.58,1,False,True,False,0.7566263467719838,11846.6253,2240.8672055788893,2190.8672055788893,True,True
554,55,0,108477.27,1,0,1,140003.0,1,True,False,False,0.8505692866604526,9762.9543,2076.0172686623996,2026.0172686623996,True,True
683,30,4,114779.35,1,0,0,183171.47,0,False,False,True,0.3010541581460493,10330.141500000002,777.4830132030169,727.4830132030169,False,True
749,41,5,57568.94,1,1,1,61128.29,0,False,False,True,0.3639592074857509,5181.2046,471.4367800093817,421.4367800093817,False,True
699,32,4,110559.46,1,1,1,127429.56,0,False,False,False,0.2507515633939651,9950.3514,623.7665424673323,573.7665424673323,False,True
605,33,9,128152.82,1,0,0,147822.81,0,False,False,True,0.2697437811513433,11533.7538,777.7895902201685,727.7895902201685,False,True
515,45,7,120961.5,3,1,1,39288.11,1,True,False,True,0.9307171113291928,10886.535,2533.0711018960383,2483.0711018960383,True,True
632,65,6,129472.33,1,1,1,85179.48,0,True,False,True,0.6891286005679753,11652.5097,2007.5194256664395,1957.5194256664395,True,True
558,32,10,105000.23,1,1,0,190019.61,0,False,False,True,0.2815162019967933,9450.0207,665.0834840637694,615.0834840637694,False,True
434,55,8,109339.17,2,1,0,96405.88,1,True,False,True,0.8220918377909554,9840.5253,2022.453882176348,1972.453882176348,True,True
525,59,6,55328.4,1,1,0,83342.73,1,False,False,False,0.8757407758442048,4979.5560000000005,1090.2000586999163,1040.2000586999163,True,True
640,23,3,72012.76,1,1,0,161333.13,0,True,False,True,0.2768015888221161,6481.1484,448.4980436279789,398.4980436279789,False,True
690,36,6,110480.48,1,0,0,81292.33,0,False,False,False,0.3783819338646451,9943.2432,940.5858977256206,890.5858977256206,False,True
607,34,9,132439.99,1,1,0,177747.72,0,False,True,True,0.2988321248297733,11919.5991,890.4897815430132,840.4897815430132,False,True
780,34,5,94108.54,2,1,0,177235.21,0,True,False,True,0.2141972555714623,8469.7686,453.55029736133656,403.55029736133656,False,True
616,28,10,105173.99,1,0,1,29835.37,1,True,False,False,0.4862025167394911,9465.6591,1150.5568192545168,1100.5568192545168,False,True
676,29,7,131959.86,1,0,0,189268.81,0,False,False,True,0.2834960850010531,11876.387399999998,841.7273329639589,791.7273329639589,False,True
490,34,5,122952.9,2,0,0,154360.97,0,False,False,True,0.2000645708868298,11065.761,553.4666815003042,503.46668150030416,False,True
678,36,0,107379.68,1,1,1,84460.18,0,False,False,True,0.1840039548194322,9664.1712,444.56143021301455,394.56143021301455,False,True
637,30,6,122641.56,2,1,0,65618.01,0,True,False,True,0.3205996431273981,11037.7404,884.6739082932161,834.6739082932161,False,True
744,30,1,124037.28,1,1,1,142210.94,0,False,True,False,0.2521807100905116,11163.3552,703.7957103321512,653.7957103321512,False,True
640,50,9,117565.03,2,0,0,82559.77,0,False,False,False,0.6606301812521909,10580.8527,1747.507659250933,1697.507659250933,True,True
684,38,5,133189.4,1,0,0,127388.06,0,False,False,False,0.4238378763671491,11987.045999999998,1270.141030138832,1220.141030138832,False,True
495,39,8,120252.02,2,1,1,10160.23,0,True,False,True,0.3207664009383981,10822.681799999998,867.8881723718758,817.8881723718758,False,True
559,28,3,152264.81,1,0,0,64242.31,0,True,False,False,0.433954304747372,13703.8329,1486.7093196234157,1436.7093196234157,False,True
684,38,5,105069.98,2,1,1,198355.28,0,False,False,True,0.1584493462323573,9456.2982,374.58606689205425,324.58606689205425,False,True
613,42,7,115076.06,1,1,1,79323.61,0,False,False,True,0.3748644147264426,10356.845399999998,970.6031973208122,920.6031973208122,False,True
736,42,7,117280.23,3,0,0,41921.06,1,False,False,False,0.8795317074078605,10555.2207,2320.912821084448,2270.912821084448,True,True
692,49,6,110540.43,2,0,1,107472.99,0,True,False,True,0.6187819952360516,9948.6387,1539.0096261671495,1489.0096261671495,True,True
703,36,7,135095.47,1,1,0,143859.66,0,False,True,True,0.3247263184407567,12158.5923,987.0537287502832,937.0537287502832,False,True
720,23,0,187861.18,2,1,1,104120.17,0,True,False,True,0.1704024517295788,16907.5062,720.2701272782635,670.2701272782635,False,True
777,44,3,124655.59,2,0,1,79792.3,0,True,False,True,0.5243846471890778,11219.0031,1470.7682456016676,1420.7682456016676,True,True
552,38,9,134105.01,1,0,0,57850.1,0,False,False,False,0.4348355680912142,12069.4509,1312.0566346626292,1262.0566346626292,False,True
597,52,8,83693.34,2,1,1,161083.53,0,True,False,True,0.3627893561839997,7532.400599999999,683.1686910484932,633.1686910484932,False,True
501,42,9,114631.23,1,0,1,91429.74,0,False,False,True,0.3655484448743858,10316.810699999998,942.8235268621057,892.8235268621057,False,True
709,44,9,128601.98,1,1,0,117031.2,0,False,False,True,0.6750530295827589,11574.178199999998,1953.2960147101805,1903.2960147101805,True,True
621,34,2,91258.52,2,1,0,44857.4,0,True,False,False,0.2765040869121307,8213.2668,567.7504592749293,517.7504592749293,False,True
799,70,8,70416.75,1,1,1,36483.52,0,False,False,True,0.2366078115908667,6337.5075,374.8759451289261,324.8759451289261,False,True
670,33,6,88294.6,1,1,0,66979.06,0,False,False,True,0.3078410666567606,7946.514000000001,611.5658364907204,561.5658364907204,False,True
524,28,1,93577.3,1,1,1,51670.82,0,False,False,True,0.172107529822007,8421.957,362.3705538842902,312.3705538842902,False,True
689,30,5,136650.89,1,1,1,41865.72,1,True,False,False,0.4948492253983688,12298.5801,1521.4857089961981,1471.4857089961981,False,True
573,72,8,98765.84,1,1,1,96015.53,0,False,True,False,0.2703334861749905,8888.925599999999,600.7435614495297,550.7435614495297,False,True
657,33,1,84309.57,2,0,0,103914.4,0,False,False,True,0.1795240123364945,7587.8613,340.5508264072023,290.5508264072023,False,True
686,39,10,136258.06,1,0,0,89199.51,0,False,True,True,0.3353629138504566,12263.2254,1028.1577508372327,978.1577508372327,False,True
753,47,1,131160.85,1,1,0,197444.69,0,True,False,False,0.8053037161078034,11804.4765,2376.5471980393095,2326.5471980393095,True,True
520,30,4,145222.99,2,0,0,145160.96,0,False,True,False,0.3067172833161417,13070.0691,1002.2040217765623,952.2040217765623,False,True
547,25,4,98141.57,2,1,1,52309.8,0,True,False,True,0.142069158202086,8832.7413,313.7150302769497,263.7150302769497,False,True
648,28,9,102282.61,1,1,1,157891.11,0,False,True,False,0.3076851937743995,9205.4349,708.0940052460301,658.0940052460301,False,True
639,37,4,116121.84,2,0,1,181850.74,0,False,False,False,0.2533699321866491,10450.9656,661.9901113392506,611.9901113392506,False,True
711,25,5,190066.54,1,0,0,51345.39,1,False,False,False,0.4285807776842512,17105.988599999997,1832.8244743114835,1782.8244743114835,False,True
484,55,8,149349.58,3,0,0,137519.92,1,True,False,False,0.9541014096963454,13441.462199999998,3206.1295083500345,3156.1295083500345,True,True
721,36,1,155176.83,2,1,1,49653.37,0,False,False,True,0.1632526703553002,13965.914699999998,569.9932171823352,519.9932171823352,False,True
548,32,2,98986.28,1,1,1,55867.38,0,True,False,True,0.3070796403353888,8908.765199999998,683.9251033621069,633.9251033621069,False,True
679,41,8,147726.98,3,1,0,172749.4,1,False,False,True,0.8833368782220358,13295.4282,2936.085510203305,2886.085510203305,True,True
757,36,7,144852.06,1,0,0,130861.95,0,False,False,True,0.3328060999390687,13036.685399999998,1084.6721060266493,1034.6721060266493,False,True
581,54,4,89299.81,1,0,0,5558.47,1,False,False,True,0.8374794554309711,8036.982899999999,1682.7020156000067,1632.7020156000067,True,True
625,41,6,97663.16,2,1,0,57128.78,0,False,False,True,0.2427548474741629,8789.6844,533.4346239670073,483.43462396700727,False,True
744,39,4,95161.75,1,1,0,19409.77,0,False,True,True,0.3524689911744413,8564.557499999999,754.6852354701236,704.6852354701236,False,True
799,31,9,154586.92,1,0,1,88604.89,1,True,False,True,0.4404003964843639,13912.822800000002,1531.8031693341748,1481.8031693341748,False,True
751,34,8,127095.14,2,0,0,479.54,0,False,True,False,0.2398656910095845,11438.5626,685.9296805513474,635.9296805513474,False,True
781,35,7,92526.15,2,1,1,173837.54,0,True,False,True,0.1705592936668979,8327.3535,355.07688276864246,305.07688276864246,False,True
777,46,0,107362.8,1,1,0,487.3,0,True,False,False,0.6978566613142635,9662.652,1685.7865160403976,1635.7865160403976,True,True
539,47,2,127286.04,2,1,1,166929.43,1,False,False,False,0.5435639866785811,11455.743599999998,1556.7324153959098,1506.7324153959098,True,True
555,40,10,139930.18,1,1,1,105720.09,0,False,False,True,0.3216534420103485,12593.7162,1012.7030408578718,962.7030408578718,False,True
679,30,4,77949.69,1,1,1,121151.46,0,True,False,False,0.242168441501928,7015.472099999999,424.73148621431443,374.73148621431443,False,True
571,38,1,121405.04,1,1,1,154844.22,0,False,False,True,0.2585951060189047,10926.4536,706.3818567756607,656.3818567756607,False,True
512,35,5,124580.69,1,1,1,18785.48,0,False,True,False,0.2972488052667998,11212.2621,833.2078783908049,783.2078783908049,False,True
697,35,5,133087.76,1,1,0,64771.61,0,False,False,True,0.3451491725193207,11977.898400000002,1033.540430320124,983.540430320124,False,True
580,45,8,103741.14,1,1,0,47428.73,1,True,False,True,0.8885692985638827,9336.7026,2074.076820045395,2024.076820045395,True,True
600,32,7,98877.95,1,1,0,132973.21,0,False,False,False,0.341703504278503,8899.0155,760.2061952446786,710.2061952446786,False,True
521,37,5,105843.26,2,1,1,84908.2,0,False,False,True,0.1656422163747516,9525.8934,394.47252393140457,344.47252393140457,False,True
664,44,7,77526.66,3,0,0,57338.56,1,False,True,True,0.8687657778411833,6977.3994,1515.4314542624013,1465.4314542624013,True,True
702,36,2,105264.88,2,1,1,52909.87,0,True,False,False,0.2798115322854735,9473.8392,662.7223657945461,612.7223657945461,False,True
582,40,3,110150.43,1,1,1,191757.65,1,True,False,False,0.7119341241417186,9913.5387,1764.4466228823828,1714.4466228823828,True,True
724,31,9,138166.3,1,1,0,12920.43,0,True,False,True,0.4740078393472513,12434.967,1473.567960006093,1423.567960006093,False,True
567,40,7,122265.24,1,1,0,138552.74,0,True,False,True,0.7004847192674737,11003.8716,1927.0109771453317,1877.0109771453317,True,True
779,55,0,133295.98,1,1,0,22832.71,1,False,True,False,0.833520691317082,11996.6382,2499.8615414862284,2449.8615414862284,True,True
563,32,0,148326.09,1,1,0,191604.27,1,False,False,False,0.3706958137901444,13349.3481,1237.1368643743544,1187.1368643743544,False,True
821,31,2,68927.57,1,1,1,25445.0,0,True,False,False,0.247643999385405,6203.4813,384.0637298111429,334.0637298111429,False,True
747,47,5,139914.6,4,0,1,129964.56,1,False,False,False,0.9165578409134816,12592.314,2885.3960329861516,2835.3960329861516,True,True
600,58,8,118723.11,1,0,0,6209.51,1,True,False,False,0.9361807140218752,10685.0799,2500.791432540697,2450.791432540697,True,True
625,32,7,106957.28,1,1,1,134794.02,0,False,True,True,0.2117927646347774,9626.1552,509.68750565285956,459.68750565285956,False,True
773,41,7,190238.93,1,1,1,57549.65,0,False,False,False,0.3916941544472264,17121.503699999997,1676.5982286591393,1626.5982286591393,False,True
726,53,1,113537.73,1,0,1,28367.21,0,False,False,False,0.6010283480749588,10218.3957,1535.3863718868154,1485.3863718868154,True,True
641,40,4,101090.27,1,1,1,51703.09,0,False,True,False,0.3896894492663326,9098.1243,886.3607619559094,836.3607619559094,False,True
762,60,10,168920.75,1,1,0,31445.03,1,False,True,False,0.7956193144003734,15202.867499999998,3023.9237543174295,2973.9237543174295,True,True
507,31,9,111589.67,1,1,0,150037.19,0,True,False,True,0.5370320397389974,10043.0703,1348.362632112786,1298.362632112786,True,True
606,27,6,172310.33,1,0,1,111448.92,0,True,False,False,0.3520101513725291,15507.929699999995,1364.7371702928845,1314.7371702928845,False,True
655,34,7,118028.35,1,1,0,51226.32,1,True,False,True,0.5887028874900507,10622.5515,1563.3816851404424,1513.3816851404424,True,True
697,51,1,147910.3,1,1,1,53581.14,0,True,False,True,0.7372731857334791,13311.926999999998,2453.6317068853787,2403.6317068853787,True,True
504,42,7,131287.36,2,1,1,149697.78,0,True,False,True,0.3822520150027252,11815.862399999998,1129.159302848734,1079.159302848734,False,True
653,74,0,121276.32,1,1,1,160348.31,0,False,False,False,0.2914742072360289,10914.8688,795.3506826413166,745.3506826413166,False,True
660,38,6,109869.32,1,1,1,154641.91,0,False,True,True,0.2218163678941965,9888.2388,548.343303871617,498.34330387161697,False,True
652,34,6,97435.85,2,1,1,104331.76,0,False,False,False,0.1602148026920223,8769.2265,351.23997336478834,301.23997336478834,False,True
594,35,2,133853.27,1,1,1,65361.66,0,False,False,True,0.2261493048122899,12046.7943,681.0935390404142,631.0935390404142,False,True
756,32,0,109528.16,2,1,1,56176.31,0,True,False,True,0.2451827115055423,9857.5344,604.2242532377898,554.2242532377898,False,True
642,33,4,84607.34,2,0,1,60059.47,0,False,False,False,0.1478628610610203,7614.660599999999,281.4813755811564,231.48137558115639,False,True
486,37,1,101438.0,1,0,0,51364.56,0,True,False,True,0.5213058454925232,9129.42,1189.8050029890878,1139.8050029890878,True,True
629,59,9,113657.83,1,1,1,116848.79,1,False,False,True,0.477801504123818,10229.2047,1221.8823479126072,1171.8823479126072,False,True
581,44,7,189318.16,2,1,0,45026.23,1,False,True,False,0.6931749216076749,17038.6344,2952.688516130458,2902.688516130458,True,True
667,31,3,99513.91,1,1,1,189657.26,0,False,False,True,0.2266294532649752,8956.2519,507.4376178500988,457.4376178500988,False,True
667,35,4,97585.32,2,0,0,57213.46,0,False,True,True,0.1823695535954749,8782.6788,400.4233030321103,350.4233030321103,False,True
644,32,3,136659.74,1,1,1,14187.78,0,False,True,True,0.2139005196588758,12299.3766,657.7107615550542,607.7107615550542,False,True
571,30,4,85755.86,1,1,0,145115.95,0,False,False,False,0.3519893863354397,7718.0274,679.1659320615273,629.1659320615273,False,True
599,33,4,51690.89,1,1,0,111622.76,1,False,True,True,0.376827424804891,4652.1801,438.26726170289004,388.26726170289004,False,True
709,34,2,111669.68,1,1,0,57029.66,0,False,False,False,0.3557388645213183,10050.2712,893.8180162048267,843.8180162048267,False,True
653,31,2,154741.45,2,0,0,25183.01,0,True,False,True,0.214306623120624,13926.7305,746.1476461414999,696.1476461414999,False,True
648,31,7,125681.51,1,0,1,129980.93,0,True,False,True,0.4000456096553639,11311.3359,1131.262566533026,1081.262566533026,False,True
663,37,8,155303.71,1,1,0,118716.63,0,True,False,False,0.5159771520971526,13977.333899999998,1802.9962349082464,1752.9962349082464,True,True
613,43,4,140681.68,1,0,1,20134.07,0,True,False,False,0.7842816926893699,12661.3512,2482.5164877176458,2432.5164877176458,True,True
620,28,9,71902.52,1,0,1,190208.23,0,False,False,True,0.2274246449199083,6471.2268,367.9291142965486,317.9291142965486,False,True
661,51,6,146606.6,1,1,1,68021.9,0,False,False,True,0.4794019683854831,13194.594,1581.3785839118211,1531.3785839118211,False,True
669,45,1,123949.75,1,0,0,110881.56,0,True,False,True,0.8605109202512284,11155.4775,2399.8525523417184,2349.8525523417184,True,True
767,33,1,144753.21,1,1,1,132480.75,0,True,False,False,0.4524299747210596,13027.788899999998,1473.540550674575,1423.540550674575,False,True
491,72,6,91285.22,1,1,1,7032.95,0,False,False,False,0.3000003352341128,8215.6698,616.175923543194,566.175923543194,False,True
679,58,8,125850.53,2,1,1,87008.17,0,True,False,True,0.5937334130664579,11326.5477,1681.2374560452595,1631.2374560452595,True,True
687,28,7,108116.66,1,1,1,27411.19,0,False,False,True,0.188116778293535,9730.4994,457.61754957879384,407.61754957879384,False,True
850,28,8,67639.56,2,1,1,194245.29,0,False,False,True,0.0865033904444411,6087.5604,131.6486535338295,81.6486535338295,False,True
663,53,6,150200.23,1,0,1,151317.27,1,False,True,False,0.6081356280680515,13518.0207,2055.1975021578555,2005.1975021578555,True,True
547,22,7,141287.15,1,1,0,118142.79,0,False,True,False,0.3557363609896788,12715.8435,1130.8719734010654,1080.8719734010654,False,True
687,36,4,97157.96,1,0,1,63185.05,0,False,False,False,0.275608995187191,8744.216400000001,602.4961739258392,552.4961739258392,False,True
502,33,6,125241.17,2,1,1,158736.07,0,True,False,False,0.2405113962812393,11271.7053,677.7433950434113,627.7433950434113,False,True
793,54,2,128966.13,1,0,0,18633.4,1,True,False,True,0.8983351596897147,11606.9517,2606.7332022325763,2556.7332022325763,True,True
727,59,5,152581.06,1,1,0,71830.1,1,True,False,True,0.8513581491239768,13732.2954,2922.775398741925,2872.775398741925,True,True
474,37,5,142688.57,2,1,1,110953.33,0,True,False,False,0.2525762007349719,12841.9713,810.8940802253869,760.8940802253869,False,True
850,31,1,130089.56,2,1,1,4466.21,0,True,False,False,0.2444396052204341,11708.0604,715.4784155182494,665.4784155182494,False,True
713,32,1,117094.02,1,0,0,149558.83,1,False,False,False,0.3255686311802231,10538.4618,857.7481457427675,807.7481457427675,False,True
600,49,7,90218.9,1,1,0,91347.76,0,False,False,True,0.7382014534085442,8119.700999999999,1498.493769860702,1448.493769860702,True,True
650,42,4,194532.66,1,1,0,171045.31,1,False,True,True,0.6391262871227704,17507.9394,2797.446075973116,2747.446075973116,True,True
850,56,1,169743.83,1,0,0,155850.4,1,True,False,True,0.8314927249110826,15276.944699999998,3175.66709422973,3125.66709422973,True,True
418,34,8,155973.88,1,1,0,154208.96,0,False,False,True,0.2802903417431915,14037.6492,983.6543728847597,933.6543728847597,False,True
797,59,4,129321.44,1,1,1,93624.55,0,False,True,True,0.397395814026393,11638.9296,1156.3154756969702,1106.3154756969702,False,True
788,42,6,138650.49,2,1,0,64746.07,0,True,False,False,0.3576791859350541,12478.5441,1115.828873835668,1065.828873835668,False,True
699,43,2,136487.86,2,1,0,82815.93,0,False,True,True,0.4028979268497991,12283.907399999998,1237.2902062687263,1187.2902062687263,False,True
651,41,4,38617.2,1,1,1,104876.8,0,False,False,False,0.470859438131175,3475.548,409.1236446194822,359.1236446194822,False,True
676,34,8,82909.14,1,1,0,91817.38,1,False,False,False,0.3576691864727413,7461.822599999999,667.2160047364788,617.2160047364788,False,True
708,54,8,145151.4,1,0,1,125311.17,1,True,False,False,0.8050381144871431,13063.625999999998,2629.1792108513046,2579.1792108513046,True,True
499,42,0,147187.84,1,1,1,14868.94,1,False,True,False,0.536570662888446,13246.905599999998,1776.9752297531668,1726.9752297531668,True,True
850,54,7,108185.81,2,0,0,24093.4,1,False,True,True,0.6914280901719281,9736.7229,1683.0609298200693,1633.0609298200693,True,True
719,49,5,105918.1,1,1,1,16246.59,0,False,False,True,0.522197266563585,9532.629,1244.4782017411903,1194.4782017411903,True,True
632,42,6,59972.26,2,0,1,148172.94,0,True,False,True,0.2026628287939448,5397.5034,273.4683268672337,223.4683268672337,False,True
669,25,7,157228.61,2,1,0,124382.9,0,False,True,True,0.2134811562945407,14150.574899999996,755.220272971126,705.220272971126,False,True
596,21,4,210433.08,2,0,1,197297.77,1,False,False,True,0.2444331712810639,18938.9772,1157.328564453941,1107.328564453941,False,True
733,30,1,102452.71,1,1,0,21556.95,0,True,False,False,0.5670300593668539,9220.7439,1307.109740255889,1257.109740255889,True,True
493,37,8,142987.46,2,1,0,158840.99,0,False,False,False,0.3578113611206211,12868.871399999998,1151.1570979300582,1101.1570979300582,False,True
615,29,7,143330.56,2,1,1,126396.01,0,False,True,False,0.1972700181329508,12899.7504,636.1834988296349,586.1834988296349,False,True
666,36,4,120165.4,2,1,0,33701.5,0,False,False,True,0.2023726682327686,10814.886,547.1593341133034,497.15933411330343,False,True
707,73,6,66573.17,1,1,1,62768.8,0,False,False,True,0.2383980869624389,5991.5853,357.0956183480676,307.0956183480676,False,True
603,40,4,102833.46,2,1,1,38829.11,0,False,False,True,0.230035652235698,9255.0114,532.2456459619551,482.2456459619551,False,True
671,34,5,164757.56,1,1,0,110748.88,0,False,False,False,0.3802670872202496,14828.180399999996,1409.6672423710984,1359.6672423710984,False,True
568,36,10,153610.61,1,1,1,54083.8,1,False,True,False,0.2764324104428271,13824.954899999995,955.4164018175932,905.4164018175932,False,True
850,36,3,169025.83,1,1,0,174235.06,0,True,False,False,0.399042521825802,15212.324699999996,1517.5911027802338,1467.5911027802338,False,True
644,26,4,153455.72,2,1,1,82696.84,0,False,True,False,0.1809200798019618,13811.0148,624.6724749405189,574.6724749405189,False,True
850,30,10,153972.89,2,1,0,62811.03,0,False,False,True,0.1871510134334202,13857.5601,648.364104107382,598.364104107382,False,True
683,34,9,114609.55,2,0,1,25339.29,0,False,True,True,0.1245628683429387,10314.8595,321.2121214686026,271.2121214686026,False,True
663,37,7,143625.83,2,0,1,176487.05,0,True,False,True,0.2406935253570651,12926.324699999996,777.8206654882764,727.8206654882764,False,True
682,38,1,116520.28,1,1,1,49833.5,1,True,False,False,0.6197732023601186,10486.8252,1624.8633091986976,1574.8633091986976,True,True
639,77,6,80926.02,2,1,1,55829.25,0,False,False,True,0.1700373179563287,7283.3418,309.60997635780484,259.60997635780484,False,True
704,23,6,166594.78,1,1,1,155823.2,0,False,False,True,0.1931331181508134,14993.5302,723.9368099035972,673.9368099035972,False,True
691,40,0,115465.98,1,1,1,60622.61,0,False,False,False,0.4154451957666537,10391.9382,1079.3201999734918,1029.3201999734918,False,True
589,41,7,92618.62,1,1,1,101178.85,0,True,False,False,0.574684559967981,8335.675799999999,1197.5960447896869,1147.5960447896869,True,True
620,25,8,141825.88,1,1,1,73857.94,1,True,False,False,0.4459459538098839,12764.3292,1423.0502399593381,1373.0502399593381,False,True
647,28,6,149594.02,2,1,0,102325.19,0,False,True,True,0.2217744890197651,13463.461799999995,746.4630902830314,696.4630902830314,False,True
737,39,7,130051.66,2,0,0,55356.39,1,False,True,False,0.284210833248667,11704.649399999998,831.6470397143776,781.6470397143776,False,True
666,37,2,158468.76,1,0,1,93266.01,0,True,False,False,0.4068574152038199,14262.1884,1450.6692768934759,1400.6692768934759,False,True
696,44,8,161889.79,1,0,0,75562.47,0,False,False,True,0.609452761066692,14570.0811,2219.9440388401563,2169.9440388401563,True,True
836,29,9,133681.78,1,1,1,153747.73,0,False,False,False,0.2998271599292738,12031.3602,901.8321397130247,851.8321397130247,False,True
596,20,3,187294.46,1,1,0,103456.47,0,False,True,True,0.3683531408928411,16856.501399999997,1552.286308788643,1502.286308788643,False,True
599,28,7,119706.22,1,0,0,31190.42,0,False,False,True,0.2740002057774138,10773.5598,737.9894005388184,687.9894005388184,False,True
721,45,7,138523.2,1,0,0,59604.45,1,True,False,False,0.8950531364823054,12467.088,2789.676554300228,2739.676554300228,True,True
603,56,5,90778.76,2,1,0,162223.67,1,False,True,False,0.80595701843121,8170.0884,1646.1850217958538,1596.1850217958538,True,True
572,47,4,99353.42,1,1,0,196549.85,1,True,False,True,0.9009844280790182,8941.807799999999,2014.1073966688757,1964.1073966688757,True,True
453,40,1,111524.49,1,1,1,120373.84,1,True,False,False,0.7023897271358359,10037.2041,1762.5072622514235,1712.5072622514235,True,True
668,37,7,128645.67,1,1,0,92149.64,0,False,False,False,0.3985262007828104,11578.110299999998,1153.5450775258312,1103.5450775258312,False,True
762,35,1,117458.51,1,0,1,178361.48,1,True,False,True,0.4871722221324953,10571.2659,1287.5067748141182,1237.5067748141182,False,True
633,39,9,129189.15,2,0,0,170998.83,0,False,False,False,0.3637437972486333,11627.0235,1057.3144196472736,1007.3144196472736,False,True
647,33,7,121260.19,2,1,0,77216.48,0,False,True,True,0.189534904329635,10913.4171,517.1183664894756,467.11836648947565,False,True
796,56,6,94231.13,1,0,0,121164.6,1,False,True,True,0.8531577603398073,8480.8017,1808.8654460645075,1758.8654460645075,True,True
556,34,8,163757.06,1,1,1,104000.06,0,False,False,True,0.2119393198239707,14738.1354,780.897598037396,730.897598037396,False,True
715,35,2,141005.47,1,1,1,60407.93,0,False,False,True,0.1973891574590381,12690.4923,626.2413957093527,576.2413957093527,False,True
807,42,9,105356.09,2,1,1,130489.37,0,True,False,False,0.4427276939086181,9482.0481,1049.4913222108985,999.4913222108985,False,True
626,23,6,85897.95,1,1,0,109742.8,0,True,False,False,0.3882946010073352,7730.815499999999,750.4584800084556,700.4584800084556,False,True
850,31,4,164672.66,1,0,1,61936.1,0,True,False,False,0.3914519808351873,14820.5394,1450.3823762939844,1400.3823762939844,False,True
737,45,2,99169.67,2,1,1,78650.95,0,True,False,False,0.6201408664438918,8925.2703,1383.7312142719834,1333.7312142719834,True,True
730,37,5,124053.03,1,1,0,118591.67,0,True,False,False,0.6569931812891828,11164.7727,1833.7948836359046,1783.7948836359046,True,True
748,40,3,103499.09,2,0,0,38153.19,0,True,False,False,0.3008082365220208,9314.9181,700.5010217520132,650.5010217520132,False,True
753,38,9,151766.71,1,1,1,180829.99,0,True,False,False,0.4498832703445798,13659.0039,1536.2393360453425,1486.2393360453425,False,True
622,29,7,101486.96,1,1,1,8788.35,0,False,False,True,0.1903342824317047,9133.8264,434.62007342494013,384.62007342494013,False,True
699,36,2,123601.56,2,1,0,103557.85,0,True,False,True,0.3379899610465492,11124.140399999998,939.961945118086,889.961945118086,False,True
570,38,1,127201.58,1,1,0,147168.28,1,True,False,True,0.6460044863025138,11448.1422,1848.8878052572827,1798.8878052572827,True,True
552,33,3,144962.74,1,1,0,58844.84,1,True,False,True,0.520417870413442,13046.6466,1697.4270099021935,1647.4270099021935,True,True
714,33,8,122017.19,1,0,0,162515.17,0,False,True,True,0.2762294345328303,10981.5471,758.3566364321605,708.3566364321605,False,True
503,32,9,100262.88,2,1,1,157921.25,0,False,True,True,0.0999278227144861,9023.6592,225.42865419338537,175.42865419338537,False,True
685,43,6,117302.62,1,0,0,68701.73,0,False,True,False,0.5912670161322906,10557.2358,1560.536327517749,1510.536327517749,True,True
606,35,0,135984.15,2,1,0,186778.89,0,False,False,False,0.2898677927611885,12238.5735,886.8920717476434,836.8920717476434,False,True
724,31,2,160997.54,2,0,1,64831.36,0,True,False,True,0.1666777394628586,14489.7786,603.780885591326,553.780885591326,False,True
779,37,2,128389.63,1,1,1,6589.16,1,True,False,False,0.6070707193576199,11555.0667,1753.6856634485698,1703.6856634485698,True,True
610,50,5,130554.51,3,1,0,184758.17,1,False,True,False,0.9038682071949452,11749.9059,2655.0915951355773,2605.0915951355773,True,True
646,57,6,90212.0,1,1,0,13911.27,1,True,False,False,0.9110227778086196,8119.079999999999,1849.1667037126017,1799.1667037126017,True,True
628,29,9,71996.29,1,1,1,34857.46,0,False,False,False,0.2272583660879298,6479.666099999999,368.139582670337,318.139582670337,False,True
528,32,4,85615.66,2,1,0,156192.43,0,False,False,False,0.2759363204466262,7705.4094,531.5505793427113,481.55057934271133,False,True
432,27,6,62339.81,2,0,0,53874.67,0,False,False,False,0.1792825025417657,5610.582899999999,251.46983575750926,201.46983575750926,False,True
622,47,6,142319.03,1,0,0,100183.05,0,False,True,False,0.7350760512476238,12808.7127,2353.8444882703225,2303.8444882703225,True,True
634,24,2,87413.19,1,1,0,63340.65,0,False,False,False,0.3322662774685368,7867.1871,653.5002429663734,603.5002429663734,False,True
718,35,3,97560.16,1,1,1,53511.74,0,False,False,True,0.1862548825956052,8780.4144,408.84876330319025,358.84876330319025,False,True
636,30,8,141787.31,2,1,1,109685.61,0,True,False,True,0.1621442142276086,12760.8579,517.2748192664179,467.2748192664179,False,True
691,36,7,129934.64,1,0,0,75664.56,1,False,True,True,0.3416731364410308,11694.1176,998.8914595755649,948.8914595755649,False,True
698,37,2,166178.02,2,1,1,71972.95,0,False,False,False,0.2157782136309068,14956.0218,806.7959167572249,756.7959167572249,False,True
712,39,5,163097.55,2,1,1,23702.42,0,False,True,False,0.2554601283073188,14678.7795,937.4607236162102,887.4607236162102,False,True
778,35,1,151958.19,3,1,1,131238.37,1,True,False,False,0.8379021144849781,13676.237099999998,2864.836996071976,2814.836996071976,True,True
550,33,4,118400.91,1,0,1,13999.64,1,True,False,True,0.4283957273197712,10656.0819,1141.2549889823872,1091.2549889823872,False,True
665,43,2,116322.27,4,1,0,35640.12,1,True,False,False,0.9265090986470272,10469.0043,2424.9069344312134,2374.9069344312134,True,True
647,30,6,143138.91,2,1,0,2955.46,0,True,False,True,0.2414877175394597,12882.5019,777.7414950071882,727.7414950071882,False,True
512,36,0,129804.17,1,1,0,53020.9,0,False,False,True,0.311760029834481,11682.3753,910.5244180164009,860.5244180164009,False,True
768,37,9,108308.11,1,1,0,41788.25,1,True,False,True,0.6322623857153956,9747.7299,1540.7807404708237,1490.7807404708237,True,True
666,30,3,110153.27,1,0,1,74849.46,0,True,False,True,0.3512869124548834,9913.7943,870.6465475899555,820.6465475899555,False,True
700,30,4,116377.48,1,1,1,134417.31,0,True,False,False,0.4627331268638051,10473.9732,1211.6635923809235,1161.6635923809235,False,True
651,37,10,117791.06,2,1,1,75837.58,0,True,False,False,0.3077508820309764,10601.1954,815.6318087331824,765.6318087331824,False,True
686,35,8,105419.73,1,1,0,35356.46,0,False,False,False,0.3768739616314513,9487.7757,893.9239037824041,843.9239037824041,False,True
850,47,4,99219.47,2,1,1,122141.13,0,True,False,False,0.5117863331194328,8929.7523,1142.5312963204553,1092.5312963204553,True,True
658,55,8,119327.93,1,0,1,119439.66,0,True,False,False,0.7987908901647987,10739.5137,2144.6564270900126,2094.6564270900126,True,True
448,36,6,83947.12,2,1,0,81999.53,0,False,False,False,0.2918179084813551,7555.2408,551.18864208225,501.18864208225,False,True
609,32,4,99883.16,1,1,1,120594.85,0,False,True,True,0.2049246888406473,8989.4844,460.5418233769632,410.5418233769632,False,True
704,50,4,165438.26,1,1,0,120770.75,1,False,False,True,0.8151143271611994,14889.4434,3034.14965969894,2984.14965969894,True,True
698,31,1,156111.24,1,0,0,134790.74,0,False,False,True,0.2593719331012734,14050.0116,911.0446671968288,861.0446671968288,False,True
759,44,2,111095.58,2,1,0,100137.7,0,False,False,True,0.3945452549083529,9998.6022,986.2252634315545,936.2252634315545,False,True
677,56,0,119963.45,1,0,0,158325.87,1,False,False,False,0.8575853069166678,10796.7105,2314.7750719582273,2264.7750719582273,True,True
567,35,8,153137.74,1,1,0,88659.07,0,False,True,True,0.3134034399448219,13782.396599999996,1079.8626262809541,1029.8626262809541,False,True
490,40,6,156111.08,1,0,0,190889.13,0,False,True,True,0.3792936970745597,14049.997199999998,1332.2688454688027,1282.2688454688027,False,True
626,34,7,113014.7,2,1,1,56646.28,0,False,False,True,0.1286011898621637,10171.323,327.0110600680981,277.0110600680981,False,True
718,43,5,132615.73,2,1,0,32999.1,0,True,False,True,0.5493794681886978,11935.4157,1639.2680824692584,1589.2680824692584,True,True
616,44,5,102016.38,1,0,1,178235.37,1,False,False,True,0.5179027016727994,9181.4742,1188.7775733797762,1138.7775733797762,True,True
538,42,4,80380.24,1,1,0,119216.46,0,True,False,False,0.5329464772403842,7234.221600000001,963.8632293240742,913.8632293240742,True,True
600,26,6,108909.12,1,1,0,82547.01,0,False,False,False,0.3458423008392812,9801.820799999998,847.4710644715808,797.4710644715808,False,True
654,35,2,90865.8,1,1,1,86764.46,0,False,False,False,0.2356054238526798,8177.922,481.6906947610387,431.6906947610387,False,True
622,40,4,99799.76,2,1,0,197372.13,0,False,False,True,0.240866380935815,8981.978399999998,540.8641577129155,490.86415771291547,False,True
682,28,10,200724.96,1,0,1,82872.64,1,False,False,True,0.3602294978514397,18065.2464,1626.9086598086321,1576.9086598086321,False,True
610,37,10,140363.95,2,1,1,129563.86,0,False,True,False,0.2134368529196044,12632.7555,674.0738944057058,624.0738944057058,False,True
795,36,1,151844.64,1,1,1,135388.89,0,False,False,False,0.2423712954252243,13666.0176,828.0625972539787,778.0625972539787,False,True
824,49,8,133231.48,1,1,1,67885.37,0,True,False,True,0.783762727886782,11990.8332,2349.492034616848,2299.492034616848,True,True
630,36,8,126598.99,2,1,1,134407.93,0,False,False,False,0.2248799854627629,11393.9091,640.5655281930104,590.5655281930104,False,True
609,71,6,113317.1,1,1,0,108258.22,1,True,False,False,0.8964633858319511,10198.539,2285.6542006198,2235.6542006198,True,True
681,58,8,93173.88,1,1,1,139761.25,0,False,False,False,0.5785958632076533,8385.6492,1212.9754843576418,1162.9754843576418,True,True
563,44,7,105007.31,2,1,1,197812.16,0,True,False,True,0.4191968718712953,9450.657899999998,990.4215572014359,940.4215572014359,False,True
674,44,4,131593.85,1,0,1,171345.02,1,True,False,False,0.7834936004481992,11843.4465,2319.8161350001556,2269.8161350001556,True,True
576,44,9,119530.52,1,1,0,119056.68,1,True,False,True,0.8763330345189649,10757.7468,2356.8422244576714,2306.8422244576714,True,True
566,54,4,118614.6,2,1,1,172601.62,0,True,False,True,0.6076549207533425,10675.314,1621.7267706717619,1571.7267706717619,True,True
545,37,9,95829.13,2,0,1,104936.88,0,True,False,True,0.1986344479763152,8624.6217,428.28674259601223,378.28674259601223,False,True
641,50,6,153590.73,2,1,1,130910.78,0,False,False,True,0.3878481594841063,13823.1657,1340.3223437472068,1290.3223437472068,False,True
699,64,9,113109.52,1,1,0,27980.8,1,False,False,True,0.8052583830988591,10179.8568,2049.3537567364815,1999.3537567364815,True,True
623,35,0,130557.24,1,1,1,47880.71,0,False,False,False,0.2636164303075993,11750.1516,774.3832550912815,724.3832550912815,False,True
644,40,8,93183.19,1,1,0,73882.49,0,False,False,True,0.4513341554149576,8386.4871,946.2770180442343,896.2770180442343,False,True
586,58,7,151933.63,1,1,0,162960.05,1,False,False,True,0.8312816134679245,13674.0267,2841.7417444448697,2791.7417444448697,True,True
500,30,2,125495.64,2,1,1,68807.47,0,True,False,True,0.160867330996602,11294.6076,454.2333448164841,404.2333448164841,False,True
595,26,8,118547.72,1,1,1,151192.18,0,True,False,False,0.4526941454999139,10669.2948,1207.4818231431686,1157.4818231431686,False,True
670,43,1,97792.21,1,0,0,120225.62,0,False,True,True,0.6144000060664488,8801.298900000002,1351.8795243881577,1301.8795243881577,True,True
660,40,8,167181.01,1,1,1,185156.94,0,False,False,False,0.435932115806226,15046.2909,1639.790356768241,1589.790356768241,False,True
580,35,9,121355.19,1,0,1,35671.45,0,True,False,True,0.442603202316887,10921.9671,1208.5244035149208,1158.5244035149208,False,True
578,46,5,113226.47,1,1,0,56770.76,0,False,False,True,0.7178309503201011,10190.3823,1828.7429526335343,1778.7429526335343,True,True
579,33,1,118392.75,1,1,1,157564.75,0,False,False,False,0.2516276413594531,10655.3475,670.2949898225862,620.2949898225862,False,True
711,52,8,145262.54,1,0,1,131473.31,0,True,False,False,0.8052963016089748,13073.6286,2632.03619004733,2582.03619004733,True,True
692,40,6,163505.16,1,0,0,90424.09,0,False,False,True,0.4584136192824575,14715.4644,1686.4423237565393,1636.4423237565393,False,True
760,33,1,118114.28,2,0,1,156660.21,0,False,True,False,0.2002245106223175,10630.285199999998,532.110912986416,482.110912986416,False,True
630,51,0,108449.23,3,0,0,88372.69,1,True,False,False,0.9610152634692528,9760.4307,2344.980720183471,2294.980720183471,True,True
611,36,10,103294.56,1,1,0,160548.12,0,True,False,False,0.5854943309068584,9296.5104,1360.7635341041625,1310.7635341041625,True,True
755,42,2,119919.12,1,1,0,156868.21,0,False,False,True,0.5795859939389586,10792.7208,1563.827453043418,1513.827453043418,True,True
555,29,4,128744.04,1,1,1,47454.93,0,False,False,True,0.2039781524425598,11586.9636,590.8718568867978,540.8718568867978,False,True
584,62,9,137727.34,2,0,1,121102.9,0,True,False,False,0.5557612904297036,12395.4606,1722.229294631637,1672.229294631637,True,True
705,44,10,106731.58,1,1,0,137419.87,1,True,False,False,0.8845491010970865,9605.8422,2124.2097708226147,2074.2097708226147,True,True
688,38,7,123544.21,1,1,1,157664.02,0,False,False,False,0.3131859482218142,11118.9789,870.5769875137112,820.5769875137112,False,True
626,37,2,133968.96,2,1,0,148689.65,0,False,False,False,0.3116290010480085,12057.2064,939.3437964654137,889.3437964654137,False,True
636,76,9,126534.6,1,1,1,39789.62,0,False,True,True,0.2398434717704852,11388.114,682.8411996695169,632.8411996695169,False,True
706,30,6,87609.68,2,0,0,137674.55,1,False,True,True,0.2054071124371258,7884.8712,404.9021562826638,354.9021562826638,False,True
622,36,0,108960.0,2,1,0,111180.3,1,False,True,False,0.3862788341529883,9806.4,947.001189809466,897.001189809466,False,True
512,51,6,144953.31,1,1,1,165035.17,0,False,False,True,0.5426594674376813,13045.7979,1769.8564351784053,1719.8564351784053,True,True
635,41,4,103544.88,2,1,0,193746.55,0,False,False,True,0.2599744649880812,9319.0392,605.678057555739,555.678057555739,False,True
598,38,1,101487.18,1,1,1,75959.1,1,True,False,True,0.4874147114843122,9133.8462,1112.9927525787703,1062.9927525787703,False,True
708,52,10,105355.81,1,1,0,123.07,1,False,False,True,0.7423603492399482,9482.0229,1759.7694578862965,1709.7694578862965,True,True
574,36,4,77967.5,1,1,0,167066.95,1,False,True,True,0.3585386974563498,7017.075000000001,628.973232613379,578.973232613379,False,True
656,28,8,120047.77,1,1,1,137173.39,0,False,True,True,0.187588807080581,10804.2993,506.69140425713914,456.69140425713914,False,True
697,32,7,175464.85,3,1,0,116442.42,1,False,False,True,0.8952364542000767,15791.8365,3534.3569283918373,3484.3569283918373,True,True
718,52,8,79475.3,3,1,1,32421.32,1,False,False,True,0.8159591224208101,7152.777,1459.0934109479388,1409.0934109479388,True,True
586,37,8,167735.69,2,0,1,104665.79,0,True,False,True,0.1752954419541466,15096.2121,661.5742929757589,611.5742929757589,False,True
749,33,1,74385.98,1,1,0,20164.47,0,False,False,False,0.3745521283724906,6694.738199999999,626.882110426654,576.882110426654,False,True
561,49,5,94754.0,1,1,1,26691.31,0,True,False,True,0.7114633140840033,8527.86,1516.8148844111022,1466.8148844111022,True,True
615,43,3,86920.86,1,1,1,150048.37,0,True,False,True,0.5240167397839,7822.877399999999,1024.829677719288,974.8296777192879,True,True
582,39,1,132077.48,2,1,0,192255.15,0,False,False,False,0.2949168912667359,11886.9732,876.417295678751,826.417295678751,False,True
601,40,10,127847.86,1,0,0,173245.68,0,False,False,True,0.4451038812555625,11506.3074,1280.3755206649,1230.3755206649,False,True
708,42,9,176702.36,2,1,1,104804.74,0,True,False,True,0.2164558751702449,15903.2124,860.5859395150727,810.5859395150727,False,True
797,33,10,83555.58,1,0,0,69767.14,0,True,False,False,0.4174171622457585,7520.002199999999,784.744494601465,734.744494601465,False,True
594,38,7,96858.35,1,1,0,77511.45,0,False,True,False,0.4410960394871772,8717.2515,961.2862779659137,911.2862779659137,False,True
619,42,8,132796.04,3,1,1,191821.35,1,True,False,False,0.9254961635029808,11951.6436,2765.3000748387385,2715.3000748387385,True,True
794,30,1,154970.54,1,0,1,156768.45,0,False,True,False,0.235444651546781,13947.3486,820.9571577821208,770.9571577821208,False,True
674,44,3,88902.21,1,1,0,73731.32,0,True,False,True,0.7606030584003747,8001.198899999999,1521.4340885524282,1471.4340885524282,True,True
418,28,7,98738.92,1,1,0,122190.22,0,False,False,True,0.263401145704006,8886.502799999998,585.1787547054643,535.1787547054643,False,True
599,40,10,137456.28,2,1,1,14113.11,0,True,False,True,0.3100082955646124,12371.0652,958.7832092426727,908.7832092426727,False,True
430,60,7,73937.02,1,1,0,161937.62,1,False,False,False,0.8697337869108749,6654.3318,1446.8742989438647,1396.8742989438647,True,True
537,45,7,158621.04,1,1,0,120892.96,1,False,False,False,0.7551848722031741,14275.8936,2695.2347209755276,2645.2347209755276,True,True
683,30,1,113257.2,1,1,1,65035.02,0,False,True,True,0.1906719891032127,10193.148,485.88695109585854,435.88695109585854,False,True
691,29,9,116536.43,1,1,0,51987.99,0,False,False,False,0.347957614299783,10488.2787,912.3691086408074,862.3691086408074,False,True
691,60,6,101070.69,1,1,0,177355.8,1,False,False,False,0.8452504445576391,9096.3621,1922.176027220565,1872.176027220565,True,True
680,31,3,127331.46,3,1,1,176433.6,0,True,False,False,0.5381172663218945,11459.8314,1541.6832863694522,1491.6832863694522,True,True
681,46,0,105969.42,1,1,0,5771.56,0,False,False,True,0.698582384967509,9537.2478,1665.638328537532,1615.638328537532,True,True
762,36,5,119547.46,1,1,1,42693.65,0,False,False,True,0.2114768901762385,10759.2714,568.8343140585359,518.8343140585359,False,True
678,28,5,138668.18,1,1,1,54144.01,0,False,True,True,0.2076415441903467,12480.1362,647.8486880684615,597.8486880684615,False,True
634,37,7,51582.5,2,1,1,184312.88,0,False,False,False,0.1937219258568535,4642.424999999999,224.83487791150074,174.83487791150074,False,True
590,37,6,169902.92,1,1,1,128256.18,0,False,True,True,0.2323745380145984,15291.2628,888.3250322024536,838.3250322024536,False,True
610,27,4,87262.4,2,1,0,182720.07,0,False,False,False,0.2498244452733361,7853.616,490.5063151474492,440.5063151474492,False,True
598,19,3,150348.37,1,1,1,173784.04,0,True,False,True,0.2679806212122093,13531.3533,906.5351157939696,856.5351157939696,False,True
822,46,3,115074.02,2,1,0,26249.86,0,True,False,False,0.5443077157546908,10356.6618,1409.302731800466,1359.302731800466,True,True
850,28,8,99986.98,1,1,0,196582.55,0,False,False,True,0.2500667521711043,8998.8282,562.5769353299362,512.5769353299362,False,True
723,68,3,110357.0,1,0,0,141977.54,1,True,False,False,0.9344281361942832,9932.13,2320.2154310848314,2270.2154310848314,True,True
705,42,8,166685.92,2,1,1,55313.51,0,True,False,True,0.256069003909581,15001.732800000002,960.3696937534224,910.3696937534224,False,True
677,40,7,95312.8,1,1,1,62944.75,0,False,True,True,0.2868469854276875,8578.152,615.1542604351221,565.1542604351221,False,True
736,43,4,202443.47,1,1,0,72375.03,0,False,False,True,0.6266413601597054,18219.9123,2854.3376564156365,2804.3376564156365,True,True
661,47,0,109493.62,1,0,0,188324.01,1,True,False,False,0.9334420089768962,9854.4258,2299.6337540164395,2249.6337540164395,True,True
501,38,9,88977.39,2,0,1,133403.07,0,True,False,True,0.1823939539984252,8007.965099999999,365.1511045175986,315.1511045175986,False,True
516,29,2,104982.57,1,1,0,157378.5,0,False,False,False,0.3336187552150532,9448.4313,788.0434722602367,738.0434722602367,False,True
517,59,8,154110.99,2,1,0,101240.08,1,True,False,False,0.7572643764239192,13869.9891,2625.812161704514,2575.812161704514,True,True
766,32,6,185714.28,1,1,1,102502.5,0,False,False,True,0.2194337304829372,16714.2852,916.9194884479365,866.9194884479365,False,True
520,23,3,116022.53,2,1,1,37577.66,0,True,False,False,0.2248089258528733,10442.0277,586.8652577407373,536.8652577407373,False,True
790,34,2,164011.48,1,1,0,199420.41,0,True,False,False,0.3504877763860876,14761.0332,1293.3904258573036,1243.3904258573036,False,True
811,40,1,101514.89,1,1,1,121765.0,0,False,False,True,0.2671957770727461,9136.3401,610.2978731550977,560.2978731550977,False,True
660,39,9,134599.33,2,1,0,183095.87,0,True,False,True,0.417370198218489,12113.9397,1263.9993534489558,1213.9993534489558,False,True
566,32,10,147511.26,1,1,1,159891.03,0,False,True,True,0.2096243955218879,13276.0134,695.7440709788709,645.7440709788709,False,True
768,25,0,78396.08,1,1,1,8316.19,0,False,False,True,0.1565406971046699,7055.647199999999,276.123982803153,226.123982803153,False,True
715,31,3,110581.29,1,1,1,94715.24,0,False,False,False,0.2319231204591246,9952.3161,577.0430514268963,527.0430514268963,False,True
750,42,8,151836.36,2,1,0,68695.38,0,True,False,True,0.3363258686946613,13665.272399999998,1148.9961527197945,1098.9961527197945,False,True
431,45,5,83624.55,2,0,0,36899.62,0,True,False,True,0.4344717696911068,7526.2095,817.481390132755,767.481390132755,False,True
704,24,2,148197.15,2,1,0,182775.08,0,False,False,True,0.2032533511194279,13337.7435,677.7352656865919,627.7352656865919,False,True
535,30,5,122924.75,1,0,0,62390.59,1,False,True,False,0.3742380552657088,11063.2275,1035.0701861405275,985.0701861405275,False,True
614,38,4,72594.0,1,1,1,76042.48,0,False,False,False,0.3328169803341927,6533.459999999999,543.6116070835586,493.6116070835586,False,True
748,38,4,115221.36,1,0,1,70956.75,0,False,False,True,0.2210367897029072,10369.9224,573.0335891910667,523.0335891910667,False,True
492,51,8,117808.74,2,1,1,67311.12,0,True,False,True,0.60908071980483,10602.7866,1614.4882235662515,1564.4882235662515,True,True
573,40,7,147754.68,1,1,1,110454.46,0,False,False,True,0.3210839784597629,13297.921199999995,1067.4373610351056,1017.4373610351056,False,True
680,31,10,113292.17,1,1,1,122639.73,0,False,False,True,0.1831640658613148,10196.295299999998,466.89872596765355,416.89872596765355,False,True
612,44,2,115163.38,1,1,1,97677.52,1,True,False,True,0.7663674794895422,10364.7042,1985.793058352168,1935.793058352168,True,True
809,50,10,118098.62,1,1,1,100720.02,1,True,False,True,0.7741249886570851,10628.8758,2057.0195895281418,2007.0195895281418,True,True
540,37,0,120825.7,1,1,0,28257.89,0,False,True,True,0.3220407717264178,10874.312999999998,875.4930376286543,825.4930376286543,False,True
526,61,6,133845.28,2,1,1,45180.8,0,True,False,True,0.5480100851577399,12046.0752,1650.3426740421344,1600.3426740421344,True,True
576,29,5,108541.04,1,1,1,126469.09,0,False,False,False,0.2466726982321991,9768.6936,602.4175021289037,552.4175021289037,False,True
750,37,2,113817.06,1,0,0,88333.74,0,False,True,False,0.3555365253748953,10243.5354,910.4877459176846,860.4877459176846,False,True
665,28,8,137300.23,1,1,0,90174.83,0,False,False,True,0.279480889879749,12357.0207,863.3877853746197,813.3877853746197,False,True
640,37,5,158024.38,1,1,0,81298.09,0,False,True,True,0.3598505944775617,14222.194199999998,1279.4662594113322,1229.4662594113322,False,True
457,33,7,127837.54,1,0,1,60013.17,0,False,False,False,0.2387393198664461,11505.3786,686.696565442491,636.696565442491,False,True
695,36,4,161533.0,1,1,0,100940.91,0,False,False,True,0.3550702715910253,14537.97,1290.5002390705445,1240.5002390705445,False,True
645,31,7,161171.7,2,1,0,12599.94,1,False,False,True,0.3130379726166772,14505.453,1135.1893997516245,1085.1893997516245,False,True
647,32,9,80958.36,1,1,1,128590.73,0,False,True,True,0.1999088399636265,7286.252399999999,364.1465662415473,314.1465662415473,False,True
641,33,2,146193.6,2,1,1,55796.83,1,False,False,True,0.1714569690323554,13157.424,563.9830098283925,513.9830098283925,False,True
660,26,4,115021.76,1,0,1,162443.05,0,True,False,True,0.3238461852998946,10351.9584,838.1105595558001,788.1105595558001,False,True
615,41,1,126773.43,1,1,1,55551.26,0,False,True,True,0.3245971376159126,11409.6087,925.8815813344034,875.8815813344034,False,True
705,40,3,92889.91,1,1,1,109496.69,0,True,False,False,0.6200707823170226,8360.0919,1295.962181168801,1245.962181168801,True,True
754,61,5,146622.35,1,1,1,41815.22,1,False,False,True,0.4324079092535248,13196.0115,1426.5149358001174,1376.5149358001174,False,True
713,45,4,131038.14,1,1,0,74005.04,1,True,False,True,0.8695333995744318,11793.4326,2563.6958853324822,2513.6958853324822,True,True
587,46,6,88820.29,1,0,0,70224.34,0,False,False,False,0.720332760250148,7993.826099999999,1439.5537048931687,1389.5537048931687,True,True
569,31,1,115406.97,1,0,0,145528.22,0,False,True,True,0.2866646032168479,10386.6273,744.369598428945,694.369598428945,False,True
568,38,3,132951.92,1,0,1,124486.28,0,False,False,False,0.2857667992748418,11965.6728,854.8480043065085,804.8480043065085,False,True
634,74,5,108891.7,1,1,0,10078.02,0,True,False,True,0.546378864261919,9800.253,1338.662775904866,1288.662775904866,True,True
770,46,5,141788.63,2,0,0,164967.21,0,True,False,False,0.6027062701118114,12760.9767,1922.7801674601828,1872.7801674601828,True,True
676,64,4,116954.32,1,1,1,91149.48,0,False,True,False,0.3958892129388676,10525.8888,1041.7714581285104,991.7714581285104,False,True
723,47,10,90450.0,2,0,0,103379.31,1,True,False,False,0.7242271821206413,8140.5,1473.8928440132702,1423.8928440132702,True,True
614,39,8,125997.22,1,1,1,128049.34,1,True,False,False,0.6737573319342949,11339.7498,1910.0598925126135,1860.0598925126135,True,True
752,31,4,144637.86,2,1,0,40496.72,0,False,True,False,0.2170534023207805,13017.407399999996,706.3681413914261,656.3681413914261,False,True
677,29,3,86616.35,1,0,0,91903.9,1,False,False,False,0.3582022596133381,7795.4715,698.0888765128445,648.0888765128445,False,True
608,48,2,127924.25,2,1,0,32202.61,0,True,False,False,0.7253095148421902,11513.1825,2087.6552033411485,2037.6552033411485,True,True
777,29,9,131240.61,1,1,1,163746.09,1,False,False,False,0.3327004107901428,11811.654899999998,982.4356093353506,932.4356093353506,False,True
848,35,5,120046.74,2,1,0,84710.65,0,False,True,True,0.1922793241685844,10804.2066,519.3563858064398,469.3563858064398,False,True
486,39,8,97819.36,1,0,1,120531.31,0,False,False,False,0.3778832759597477,8803.7424,831.6967547044328,781.6967547044328,False,True
598,64,1,62979.93,1,1,1,152273.57,0,False,True,False,0.484838174846467,5668.1937,687.0391720460607,637.0391720460607,False,True
612,46,9,161450.03,1,1,1,96961.0,1,True,False,True,0.6849789669813069,14530.5027,2488.2721822912727,2438.2721822912727,True,True
793,56,8,119496.25,2,1,0,29880.99,0,False,False,True,0.6173732096722305,10754.6625,1659.9101266416437,1609.9101266416437,True,True
517,62,1,43772.66,3,1,0,187756.24,1,False,False,True,0.9520086831052282,3939.539400000001,937.6189290587905,887.6189290587905,True,True
684,32,9,100249.41,2,0,1,67599.69,0,False,False,True,0.1226899616671029,9022.4469,276.74091607611786,226.74091607611786,False,True
740,60,5,108028.08,2,0,0,25980.42,1,False,False,False,0.7474292134122459,9722.5272,1816.7252143687915,1766.7252143687915,True,True
666,71,1,53013.29,2,1,1,112222.64,0,True,False,True,0.1799690717403365,4771.1961,214.66693330202844,164.66693330202844,False,True
757,33,1,122088.67,1,1,0,42581.09,0,True,False,True,0.5587582817788248,10987.9803,1534.906248161894,1484.906248161894,True,True
684,18,9,90544.0,1,0,1,4777.23,0,True,False,True,0.219912983477842,8148.959999999999,448.0155264603988,398.0155264603988,False,True
842,44,3,141252.18,4,0,1,128521.16,1,False,False,True,0.8464024647085406,12712.696199999998,2690.0143491927242,2640.0143491927242,True,True
482,35,5,147813.05,2,0,0,109029.72,0,False,False,False,0.2843025013431304,13303.1745,945.531446538537,895.531446538537,False,True
735,55,6,134140.68,1,1,0,2267.88,0,False,False,True,0.7551171842665512,12072.6612,2279.0684829870106,2229.0684829870106,True,True
850,35,2,128548.49,4,1,0,75478.95,1,False,False,False,0.8763214938780151,11569.3641,2534.6206078326695,2484.6206078326695,True,True
635,43,10,122198.21,2,0,1,179144.54,0,False,False,True,0.3235649102394406,10997.8389,889.6286891265821,839.6286891265821,False,True
638,42,8,145177.84,1,1,0,193471.74,1,True,False,True,0.6738295594366676,13066.0056,2201.065199261258,2151.065199261258,True,True
820,31,2,94222.53,1,1,0,103570.8,0,False,True,False,0.3633622774022661,8480.027699999999,770.3305443765751,720.3305443765751,False,True
694,58,1,143212.22,1,0,0,102628.56,1,True,False,False,0.943776424370692,12889.0998,3041.1071306502504,2991.1071306502504,True,True
543,41,6,143350.41,1,1,1,192070.16,1,True,False,True,0.6055653363724017,12901.5369,1953.1808831423632,1903.1808831423632,True,True
649,41,3,130931.83,1,1,1,144808.37,0,False,False,False,0.4472128283653455,11783.864699999998,1317.473865390388,1267.473865390388,False,True
777,30,4,137851.31,1,1,0,5008.23,1,False,False,False,0.359515538377974,12406.617899999996,1115.0929784420769,1065.0929784420769,False,True
441,60,1,140614.15,1,0,1,174381.23,0,False,False,True,0.437710502067376,12655.2735,1384.8365293712395,1334.8365293712395,False,True
579,22,3,118680.57,1,1,1,49829.8,0,False,True,True,0.2131355465891495,10681.2513,569.1385835203909,519.1385835203909,False,True
777,35,7,122917.69,1,1,1,76169.68,0,True,False,True,0.4695848653910084,11062.5921,1298.7064555385332,1248.7064555385332,False,True
660,40,5,131754.11,2,1,1,38761.61,0,False,False,True,0.2181692048798876,11857.869899999998,646.755511913038,596.755511913038,False,True
842,35,9,119948.09,1,1,0,48217.97,1,True,False,False,0.682659684330273,10795.3281,1842.3838182469317,1792.3838182469317,True,True
490,38,3,97266.1,1,1,1,92797.23,0,False,True,False,0.3034903791278876,8753.949,664.1848252190482,614.1848252190482,False,True
605,28,10,113690.83,1,1,0,33114.24,0,True,False,True,0.5345256315245771,10232.1747,1367.339910846825,1317.339910846825,True,True
563,42,6,99056.22,2,1,0,154347.95,1,False,True,False,0.4966213073672722,8915.059799999999,1106.852163283353,1056.852163283353,False,True
621,36,7,116338.68,1,1,1,155743.48,0,False,True,False,0.2832831780632002,10470.481199999998,741.5277975467474,691.5277975467474,False,True
850,40,6,97339.99,1,0,1,88815.25,0,False,False,True,0.2661977866020028,8760.5991,583.0130224318743,533.0130224318743,False,True
549,55,1,137592.31,2,0,1,116548.02,1,True,False,False,0.692469701220165,12383.3079,2143.7663804075773,2093.7663804075773,True,True
764,34,6,108760.27,2,1,0,166324.79,1,True,False,True,0.3083591937965397,9788.4243,754.5876564216146,704.5876564216146,False,True
627,30,3,128770.88,2,1,1,40199.01,0,True,False,True,0.1880241957799102,11589.3792,544.7709259171047,494.7709259171047,False,True
614,36,1,44054.84,1,1,1,73329.08,0,False,True,False,0.3437037159235557,3964.9356,340.6907747793982,290.6907747793982,False,True
685,44,2,119657.53,1,1,0,145387.05,1,True,False,False,0.8848334984950675,10769.1777,2382.2322950515163,2332.2322950515163,True,True
683,49,7,108797.63,2,0,0,140763.18,0,True,False,False,0.7784515396482328,9791.7867,1905.6078581305221,1855.6078581305221,True,True
561,49,1,102025.32,1,1,0,133051.64,1,True,False,False,0.9461025006774104,9182.2788,2171.8442336492926,2121.8442336492926,True,True
601,20,9,122446.61,2,1,0,86791.9,0,False,True,False,0.2407964655071529,11020.1949,663.405995279988,613.405995279988,False,True
766,27,7,158786.67,2,0,1,47579.25,0,False,False,False,0.1689000389737081,14290.800300000004,603.42918190887,553.42918190887,False,True
699,29,3,125689.29,1,1,1,151623.71,0,False,False,True,0.1909406102397836,11312.036099999998,539.9817689971153,489.9817689971153,False,True
850,29,1,154640.41,1,1,1,164039.51,0,True,False,True,0.2654973395361447,13917.6369,923.773892395019,873.773892395019,False,True
792,50,4,146710.76,1,1,0,16528.4,1,True,False,False,0.9170290522411892,13203.9684,3027.105656918653,2977.105656918653,True,True
636,67,7,136709.35,1,0,1,66753.1,1,True,False,True,0.5803677691152447,12303.8415,1785.1882607256416,1735.1882607256416,True,True
850,43,5,129305.09,2,0,1,19244.58,0,True,False,True,0.4794955529070949,11637.4581,1395.0273515231625,1345.0273515231625,False,True
711,21,0,82844.33,2,0,1,1408.68,0,False,False,False,0.1958182183434823,7455.9897,365.0046547603387,315.0046547603387,False,True
749,33,10,76692.22,1,0,1,30396.43,0,True,False,False,0.2502807470340977,6902.2998,431.8781875493258,381.8781875493258,False,True
705,34,7,117715.84,1,1,0,2498.67,0,False,False,True,0.3046512070111454,10594.4256,806.9011366574446,756.9011366574446,False,True
585,54,8,87105.32,1,1,1,55346.14,0,False,False,True,0.4713030980912933,7839.4788,923.6926614652535,873.6926614652535,False,True
741,64,2,69311.16,1,1,1,59237.72,0,False,False,False,0.4361269471058228,6238.0044,680.1404537511725,630.1404537511725,False,True
586,33,10,66948.67,2,1,1,140759.03,0,False,True,False,0.149233785994696,6025.380299999999,224.79757855671426,174.79757855671426,False,True
551,76,2,128410.71,2,1,1,181718.73,0,False,True,True,0.2410771441699802,11556.9639,696.5299630718891,646.5299630718891,False,True
606,38,3,99897.53,1,0,0,37054.65,0,True,False,True,0.5278688994324326,8990.777699999999,1186.4879823851643,1136.4879823851643,True,True
584,31,6,152622.34,1,1,0,99298.8,0,True,False,False,0.460013051754352,13736.010599999998,1579.6860387590316,1529.6860387590316,False,True
585,56,4,138227.19,2,1,1,55287.84,0,False,False,True,0.4418241268740452,12440.4471,1374.122419470062,1324.122419470062,False,True
508,25,2,111395.53,1,0,1,48197.06,0,False,False,False,0.2224760657376057,10025.597699999998,557.613883240997,507.613883240997,False,True
458,44,7,84386.57,1,1,0,178642.73,0,True,False,True,0.6202664672004912,7594.7913,1177.6985921940063,1127.6985921940063,True,True
502,33,5,174673.65,2,1,0,33300.56,0,True,False,True,0.187055872334445,15720.6285,735.1589694283094,685.1589694283094,False,True
660,46,5,109019.65,2,1,1,33680.56,0,True,False,True,0.6236943823036002,9811.768499999998,1529.886223478355,1479.886223478355,True,True
698,52,1,107906.75,1,1,0,168886.39,1,True,False,False,0.9448428363688138,9711.6075,2293.9856940001614,2243.9856940001614,True,True
678,54,7,128914.97,1,0,0,191746.23,1,False,False,True,0.8290868887351337,11602.3473,2404.8385062453694,2354.8385062453694,True,True
773,63,9,111179.83,1,1,1,93091.02,0,False,True,True,0.3375074203882377,10006.1847,844.2903965063131,794.2903965063131,False,True
619,52,8,124099.13,1,0,0,23904.52,0,True,False,False,0.929376494189815,11168.9217,2595.0333233566375,2545.0333233566375,True,True
684,59,9,122471.09,1,0,1,15807.07,0,True,False,True,0.7325373835949762,11022.3981,2018.5796662790594,1968.5796662790594,True,True
635,34,3,134692.4,2,1,1,83773.02,0,False,False,True,0.1387985377792503,12122.316,420.63993382450263,370.63993382450263,False,True
680,25,4,123816.5,1,1,1,90162.35,0,False,False,False,0.240052408652715,11143.485,668.7551037588499,618.7551037588499,False,True
608,34,3,106288.54,1,1,1,36639.25,0,True,False,True,0.4145638036043444,9565.9686,991.4260819939313,941.4260819939313,False,True
603,55,7,127723.25,2,1,0,139469.11,1,True,False,False,0.8283745119358447,11495.0925,2380.5604098362223,2330.5604098362223,True,True
579,43,2,145843.82,1,1,1,198402.37,1,False,True,True,0.4813945213781946,13125.9438,1579.6893583095202,1529.6893583095202,False,True
756,34,2,148200.72,1,0,0,194584.48,0,True,False,False,0.4636524766275788,13338.0648,1546.0566944847828,1496.0566944847828,False,True
611,30,2,104145.65,1,0,0,159629.64,0,False,False,True,0.2627146006309831,9373.108499999998,615.6131140620932,565.6131140620932,False,True
532,24,8,142755.25,1,0,0,34231.48,0,True,False,True,0.3977898590443401,12847.9725,1277.6982924451395,1227.6982924451395,False,True
684,63,3,81245.79,1,1,0,69643.31,1,True,False,False,0.8729484121879956,7312.1210999999985,1595.7761259928345,1545.7761259928345,True,True
647,33,3,168560.46,2,0,0,90270.16,0,True,False,False,0.2303975311970698,15170.4414,873.8080614324548,823.8080614324548,False,True
774,42,2,132193.94,2,1,1,162865.52,0,True,False,True,0.2974551118397792,11897.4546,884.7396721629237,834.7396721629237,False,True
542,25,8,139330.1,1,0,0,54372.37,0,True,False,True,0.3912585328146148,12539.709,1226.5670363155552,1176.5670363155552,False,True
777,28,2,134571.5,1,0,1,118313.38,0,False,False,False,0.224612461398459,12111.435,680.0948066043613,630.0948066043613,False,True
581,50,2,143829.2,2,1,0,181224.24,1,True,False,True,0.6690125234399715,12944.628,2165.029560817928,2115.029560817928,True,True
673,44,8,133444.97,1,0,1,5708.19,0,False,False,False,0.5137088181039341,12010.0473,1542.4168009638363,1492.4168009638363,True,True
594,23,4,104753.84,2,1,0,56756.52,1,True,False,False,0.3237381434454305,9427.8456,763.0383078085428,713.0383078085428,False,True
648,51,2,116574.84,1,1,0,4121.04,1,True,False,False,0.9142987097522562,10491.7356,2398.1450805354534,2348.1450805354534,True,True
734,40,9,176914.8,1,1,1,12799.23,0,False,False,False,0.4114821034273585,15922.332,1637.938665707185,1587.938665707185,False,True
572,36,8,68348.18,2,0,1,50400.32,0,False,False,False,0.1625644436111401,6151.336199999999,249.99713670451618,199.99713670451618,False,True
749,42,2,56726.83,2,0,1,185543.35,0,False,False,True,0.2315636971130596,5105.4147,295.5571758068405,245.55717580684052,False,True
573,46,3,65269.23,1,0,1,189988.65,1,False,True,True,0.5539771020804207,5874.2307,813.5473250344603,763.5473250344603,True,True
624,33,6,66220.17,1,0,1,170819.01,0,False,True,True,0.3111337656461758,5959.815299999999,463.57494421117315,413.57494421117315,False,True
665,41,8,96147.55,1,1,0,137037.97,0,False,False,False,0.5720853473516124,8653.2795,1237.6036021220218,1187.6036021220218,True,True
569,32,8,145330.43,1,1,1,132038.65,0,True,False,False,0.4051744612924086,13079.738699999998,1324.894020404492,1274.894020404492,False,True
537,47,4,124192.28,2,1,1,50881.51,0,True,False,False,0.659210733161388,11177.3052,1842.0498889151488,1792.0498889151488,True,True
706,46,7,111288.18,1,1,1,149170.25,1,True,False,False,0.7875785092089777,10015.9362,1972.0840251820582,1922.0840251820582,True,True
734,43,7,107805.67,1,0,0,182505.68,0,False,False,True,0.5803119330118185,9702.5103,1407.6206268150197,1357.6206268150197,True,True
586,36,5,103700.69,1,1,0,194072.56,1,True,False,False,0.6033915944219556,9333.0621,1407.8728053395312,1357.8728053395312,True,True
557,27,3,87739.08,1,1,1,123096.56,0,False,False,False,0.207738465129418,7896.5172,410.10259074901234,360.10259074901234,False,True
643,20,0,133313.34,1,1,1,3965.69,0,False,True,False,0.2582682419751507,11998.200599999998,774.6885439567994,724.6885439567994,False,True
643,41,7,154902.66,1,1,1,49667.28,0,True,False,True,0.5411525862733368,13941.2394,1886.0844392914357,1836.0844392914357,True,True
758,68,6,112595.85,1,1,0,35865.44,1,True,False,True,0.7722852761356652,10133.6265,1956.5126349520488,1906.5126349520488,True,True
743,39,3,119695.75,1,0,1,26136.13,0,True,False,True,0.5408396717676383,10772.6175,1456.564728194579,1406.564728194579,True,True
666,59,8,152614.51,2,1,1,188782.3,0,True,False,False,0.5147458508586876,13735.3059,1767.547930574963,1717.547930574963,True,True
580,33,7,131647.01,2,0,0,79775.19,0,True,False,False,0.2777926440156181,11848.2309,822.8378471546366,772.8378471546366,False,True
850,27,6,96654.72,2,0,0,152740.16,0,False,False,True,0.16597103912069,8698.9248,360.94239707218514,310.94239707218514,False,True
563,22,3,137583.04,1,0,1,5791.85,0,False,False,True,0.1936796211195977,12382.4736,599.5581988428552,549.5581988428552,False,True
766,28,3,62717.84,2,1,1,13182.43,0,True,False,False,0.1595014550311124,5644.605599999999,225.08070156919126,175.08070156919126,False,True
659,32,9,95377.13,1,0,1,187551.24,0,False,False,True,0.2137292625007494,8583.9417,458.6598822226072,408.6598822226072,False,True
607,28,1,135936.1,2,1,1,110560.14,0,False,True,True,0.1610273532296214,12234.249,492.5121838055355,442.5121838055355,False,True
644,35,5,161591.11,3,1,1,63795.62,0,True,False,True,0.7416176362611461,14543.199899999996,2696.3733833778333,2646.3733833778333,True,True
746,47,8,142382.03,1,1,1,62086.62,0,False,False,True,0.4537462352880421,12814.3827,1453.619476916304,1403.619476916304,False,True
666,38,6,127043.09,1,1,1,8247.0,0,False,False,False,0.3288080004432065,11433.8781,939.8876488430923,889.8876488430923,False,True
611,29,4,78885.88,2,1,1,26927.69,0,True,False,False,0.1050531200192625,7099.7292,186.4621759379656,136.4621759379656,False,True
651,45,8,95922.9,1,1,0,84782.42,1,False,True,False,0.7412315544373531,8633.061,1599.7743061456224,1549.7743061456224,True,True
676,36,3,91711.59,1,1,1,95393.43,0,False,False,False,0.2642637998528745,8254.043099999999,545.3111984388499,495.31119843884994,False,True
639,46,10,110031.09,2,1,1,133995.59,0,True,False,False,0.6414404789583427,9902.7981,1588.0138890729413,1538.0138890729413,True,True
782,36,5,81210.72,2,0,1,108003.38,0,False,False,True,0.0994372417726604,7308.9648,181.69582498136612,131.69582498136612,False,True
641,32,5,122947.92,1,1,1,99154.86,0,True,False,True,0.4093274089995718,11065.3128,1132.3339545484494,1082.3339545484494,False,True
697,38,1,182065.85,1,1,0,49503.5,0,False,False,False,0.5223766390284648,16385.926499999998,2139.9063031093633,2089.9063031093633,True,True
494,41,2,69974.66,2,1,0,188426.13,1,False,True,False,0.5171318661545938,6297.7194,814.1878464599972,764.1878464599972,True,True
731,38,10,123711.73,2,1,0,171340.68,1,False,False,False,0.3811403019942564,11134.0557,1060.909337979718,1010.909337979718,False,True
657,44,6,76495.04,1,1,0,79071.89,0,False,False,True,0.6638353742726157,6884.553599999999,1142.552553938971,1092.552553938971,True,True
850,45,1,121874.89,1,0,0,6865.41,1,True,False,False,0.889409407162214,10968.7401,2438.925157414351,2388.925157414351,True,True
638,36,6,188455.19,1,0,0,47031.4,1,False,False,True,0.4069800485669193,16960.9671,1725.6938035249802,1675.6938035249802,False,True
792,42,0,99045.93,2,1,0,47160.01,0,False,False,False,0.3512775288353061,8914.133699999998,782.8337144608809,732.8337144608809,False,True
716,30,2,205770.78,2,0,0,65464.66,0,True,False,False,0.2158905651547655,18519.3702,999.5393246970808,949.5393246970808,False,True
594,31,0,79340.95,1,1,0,78255.86,0,False,False,False,0.324884290724111,7140.6855,579.974135987861,529.974135987861,False,True
600,57,9,138456.03,2,1,1,103548.25,0,True,False,True,0.5383541080315116,12461.042699999998,1677.1133819752695,1627.1133819752695,True,True
678,48,2,101099.9,2,0,1,193476.04,0,True,False,True,0.4698226820108783,9098.991,1068.7280888032108,1018.7280888032108,False,True
642,40,8,109219.83,1,1,0,52827.51,0,False,False,True,0.4584988500977787,9829.7847,1126.7362454146846,1076.7362454146846,False,True
706,67,1,123276.69,2,1,1,86507.88,1,True,False,True,0.6054843208441103,11094.9021,1679.447315712598,1629.447315712598,True,True
668,43,10,113034.31,1,1,1,100423.88,0,False,True,True,0.3609562137403489,10173.0879,918.0098226079393,868.0098226079393,False,True
603,30,6,129548.5,2,1,1,19282.85,0,False,True,True,0.1472168504286122,11659.365,429.11374832439907,379.11374832439907,False,True
635,72,4,74812.84,1,0,1,27448.33,0,False,False,False,0.3538514455074791,6733.155599999999,595.6342104716944,545.6342104716944,False,True
628,28,3,153538.13,2,1,0,110776.01,0,True,False,False,0.244497985364202,13818.4317,844.6446778857062,794.6446778857062,False,True
449,32,0,155619.36,1,1,1,166692.03,0,False,True,True,0.2212077856210693,14005.7424,774.5448155707801,724.5448155707801,False,True
701,35,10,159693.9,2,1,1,71173.64,0,False,True,True,0.1242467667887842,14372.451,446.43264189505703,396.43264189505703,False,True
613,37,3,171653.17,1,0,1,5353.12,0,False,True,True,0.2028910924434187,15448.7853,783.605231610207,733.605231610207,False,True
683,39,2,47685.47,2,1,1,86019.48,0,True,False,False,0.2211896247338191,4291.692300000001,237.31945232750527,187.31945232750527,False,True
561,28,6,123692.0,1,1,1,70548.96,0,False,True,True,0.2213800654433496,11132.28,616.116218733423,566.116218733423,False,True
558,26,1,148853.29,2,1,1,24411.02,0,True,False,True,0.1551527498407477,13396.7961,519.6374384927011,469.6374384927011,False,True
642,35,2,133161.95,1,0,1,122254.86,0,False,False,True,0.2035553396138059,11984.5755,609.8810840074494,559.8810840074494,False,True
805,24,6,143221.35,2,1,0,186035.72,0,True,False,True,0.2344495945979115,12889.9215,755.5092175184759,705.5092175184759,False,True
613,38,9,126265.88,2,0,0,15859.95,0,True,False,True,0.405979343638491,11363.9292,1153.3801294425705,1103.3801294425705,False,True
593,31,8,112713.34,1,1,1,176868.89,0,False,True,True,0.2433269087841635,10144.200599999998,617.089243521114,567.089243521114,False,True
714,34,5,141173.03,1,0,1,98896.06,0,False,False,True,0.1833031780993902,12705.5727,582.2429638707125,532.2429638707125,False,True
730,38,5,118866.36,1,1,1,163317.5,0,False,True,True,0.2103659859437123,10697.9724,562.6223778811556,512.6223778811556,False,True
567,54,5,92316.31,2,1,0,158590.66,1,False,True,False,0.8134133307773638,8308.4679,1689.5546370489521,1639.5546370489521,True,True
637,30,1,122185.53,1,1,0,102566.46,1,True,False,True,0.5435381328641496,10996.6977,1494.2811338823724,1444.2811338823724,True,True
711,38,4,123345.85,1,1,0,141827.83,0,False,False,True,0.3815552728467077,11101.1265,1058.9233376533293,1008.9233376533293,False,True
828,30,4,73070.18,2,0,0,161671.15,0,False,False,True,0.1386503976899286,6576.316199999999,227.95221411618,177.95221411618,False,True
807,47,1,95120.59,1,0,0,127875.1,0,False,False,True,0.7172522848510616,8560.8531,1535.0728615623236,1485.0728615623236,True,True
850,40,8,102800.65,1,1,0,60811.56,0,False,False,True,0.4421693325621021,9252.0585,1022.7441329426308,972.7441329426308,False,True
782,70,7,97072.42,1,0,1,131177.22,0,False,False,False,0.3266552277838487,8736.5178,713.4573029991622,663.4573029991622,False,True
629,31,6,132876.55,1,1,1,130862.11,0,False,True,True,0.2252224344272455,11958.889499999996,673.3525515591059,623.3525515591059,False,True
720,26,10,51962.91,2,1,0,45507.24,0,False,False,True,0.1073983122966417,4676.6619,125.56639881050143,75.56639881050143,False,True
781,29,6,98759.89,1,0,0,112202.64,0,False,True,False,0.3331281746963919,8888.3901,740.2432925006201,690.2432925006201,False,True
592,33,2,156570.86,1,1,1,37140.2,0,True,False,True,0.3205496093886088,14091.3774,1129.2463803293674,1079.2463803293674,False,True
532,42,1,159024.71,1,1,0,100982.93,1,False,False,True,0.6122273086796741,14312.2239,2190.5835798794774,2140.5835798794774,True,True
520,39,1,73493.17,1,0,1,109626.13,1,False,False,False,0.4725747932764965,6614.3853,781.4479414496493,731.4479414496493,False,True
473,35,6,69617.36,1,1,0,143345.69,0,False,False,False,0.4088406978493891,6265.562399999999,640.4042260087232,590.4042260087232,False,True
639,35,5,136526.26,2,1,0,59653.03,0,False,True,False,0.271011413013336,12287.3634,832.5039293105871,782.5039293105871,False,True
705,25,3,113736.27,1,0,1,196864.61,0,False,False,True,0.2023276381436312,10236.2643,517.7697948082426,467.76979480824264,False,True
530,52,1,106723.28,1,0,0,109960.4,1,False,False,True,0.8113771639891464,9605.0952,1948.3387258054406,1898.3387258054406,True,True
516,33,10,138847.9,1,1,1,127256.7,0,True,False,False,0.4298318438378167,12496.311,1342.8280995751977,1292.8280995751977,False,True
746,33,2,107868.14,2,1,1,146192.4,0,True,False,False,0.2452503311145771,9708.1326,595.2306836635552,545.2306836635552,False,True
622,33,3,96926.12,2,1,0,48553.77,0,True,False,True,0.2491905381035776,8723.3508,543.4441199795685,493.44411997956854,False,True
743,30,7,77599.23,1,0,0,144407.1,0,False,False,True,0.2867349868250095,6983.930699999999,500.63431931281974,450.63431931281974,False,True
732,38,5,178787.54,1,1,1,195760.53,0,True,False,True,0.293326740716277,16090.8786,1179.9712437498226,1129.9712437498226,False,True
850,34,3,129668.43,2,1,1,88743.99,0,True,False,False,0.2368110958530441,11670.1587,690.9057676314842,640.9057676314842,False,True
686,34,6,146178.13,2,1,1,88837.11,0,False,False,True,0.1412982049048464,13156.0317,464.73091572031365,414.73091572031365,False,True
809,38,2,154763.21,2,1,1,174800.31,0,False,False,False,0.1855055964777444,13928.688899999996,645.9624356368591,595.9624356368591,False,True
634,56,3,116251.24,1,0,1,42429.88,1,True,False,False,0.8251864382901429,10462.6116,2158.4013003542836,2108.4013003542836,True,True
564,30,0,100954.88,2,0,0,134175.15,0,True,False,False,0.2916930607202184,9085.9392,662.5763536914532,612.5763536914532,False,True
625,51,4,124620.01,2,1,0,92243.94,1,False,False,False,0.7276506272356776,11215.800899999998,2040.2961399588692,1990.2961399588692,True,True
583,40,9,112701.04,1,0,0,29213.63,0,False,False,True,0.4169689028861607,10143.0936,1057.3386525659096,1007.3386525659096,False,True
592,45,8,84692.5,1,0,1,67214.02,0,False,True,True,0.4319207151527284,7622.325000000001,823.0600162816302,773.0600162816302,False,True
637,49,2,108204.52,1,1,0,169037.84,1,True,False,True,0.9266791588382152,9738.4068,2256.0946554620887,2206.0946554620887,True,True
850,30,6,86449.39,1,1,1,188809.23,0,False,False,True,0.1675034745022349,7780.445099999999,325.8128968559721,275.8128968559721,False,True
751,36,5,73194.99,1,1,1,89222.66,0,True,False,True,0.2257061179782082,6587.5491,371.7125335879598,321.7125335879598,False,True
592,31,7,124593.23,1,1,0,86079.67,0,True,False,True,0.5162661189218973,11213.3907,1447.2734241609744,1397.2734241609744,True,True
716,50,2,119655.77,1,1,1,12944.17,1,True,False,True,0.8146340370057963,10769.0193,2193.2024167380837,2143.2024167380837,True,True
641,42,3,121765.37,2,1,1,166516.84,0,True,False,True,0.3746360236614612,10958.883299999998,1026.3981158204979,976.3981158204979,False,True
849,35,4,110837.73,1,0,0,126419.8,0,False,False,True,0.2843473858557801,9975.3957,709.1194225429974,659.1194225429974,False,True
647,47,10,99835.17,1,0,1,89103.05,0,False,True,True,0.4194662962549037,8985.1653,942.2435024072703,892.2435024072703,False,True
608,30,2,91057.37,2,1,0,132973.17,0,True,False,False,0.2497878384164569,8195.1633,511.7630315442195,461.7630315442195,False,True
497,27,7,149400.27,1,0,0,167522.19,0,False,True,True,0.274396693093373,13446.024299999995,922.3861507932836,872.3861507932836,False,True
599,38,9,89111.63,1,0,0,157239.6,0,True,False,True,0.4687933495600619,8020.0467,939.9361390302803,889.9361390302803,False,True
545,33,1,132527.9,2,0,1,107429.71,0,True,False,True,0.1938324894991513,11927.511,577.9847876646279,527.9847876646279,False,True
774,36,9,114997.42,1,1,0,75304.09,0,False,False,False,0.3928732349075002,10349.7678,1016.5366890318703,966.5366890318703,False,True
464,46,6,161798.53,1,1,0,182944.47,0,False,False,True,0.6664168640966905,14561.8677,2426.068552006222,2376.068552006222,True,True
696,27,2,96129.32,2,1,1,5983.7,0,True,False,False,0.1759250937435375,8651.6388,380.51009173130655,330.51009173130655,False,True
812,32,5,133050.97,2,1,0,89385.92,0,False,False,True,0.1701153249906405,11974.5873,509.26520254207406,459.26520254207406,False,True
516,51,8,120124.35,2,0,1,168773.54,0,False,False,True,0.4705719430184937,10811.1915,1271.860847625006,1221.860847625006,False,True
664,32,5,133705.74,1,0,0,134455.84,0,False,True,True,0.2892922060367728,12033.5166,870.3006408985315,820.3006408985315,False,True
585,33,4,152805.05,1,1,0,63239.65,0,False,False,False,0.3623667244887544,13752.454499999996,1245.8579727114072,1195.8579727114072,False,True
519,21,1,151701.45,3,1,1,170138.68,1,True,False,False,0.7085417638369933,13653.1305,2418.4532915916625,2368.4532915916625,True,True
717,22,5,112465.06,1,1,1,92977.75,0,False,False,False,0.2325586266775715,10121.8554,588.4811978132403,538.4811978132403,False,True
465,24,6,156007.09,1,1,0,191368.37,0,True,False,True,0.3294519580635474,14040.6381,1156.4289286266614,1106.4289286266614,False,True
829,28,3,132405.52,3,1,0,104889.2,1,True,False,True,0.8478401308030005,11916.496799999995,2525.821051406383,2475.821051406383,True,True
826,26,5,142662.68,1,0,0,60285.3,0,False,False,True,0.3023057434422381,12839.6412,970.3743196243976,920.3743196243976,False,True
747,36,8,102603.3,2,1,1,180693.61,0,True,False,True,0.2206958396144173,9234.297,509.4927324159737,459.4927324159737,False,True
603,57,6,105000.85,2,1,1,87412.24,1,False,True,True,0.4372129253121246,9450.0765,1032.923897747091,982.9238977470909,False,True
634,36,1,69518.95,1,1,0,116238.39,0,False,False,False,0.3829177979712138,6256.7055,598.9509731535956,548.9509731535956,False,True
716,41,8,126145.54,2,1,1,138051.19,0,True,False,True,0.3444955995275877,11353.098599999998,977.7731271757038,927.7731271757038,False,True
647,41,4,138937.35,1,1,1,101617.64,1,False,False,True,0.3680380472944965,12504.3615,1150.5201972811205,1100.5201972811205,False,True
591,44,10,113581.98,1,1,0,1985.41,0,True,False,False,0.8327148651262469,10222.3782,2128.0815710206216,2078.0815710206216,True,True
574,34,1,112572.39,1,0,0,165626.6,0,False,False,True,0.2624057015798546,10131.5151,664.6418319705978,614.6418319705978,False,True
467,51,10,114514.71,2,1,0,177784.68,1,True,False,True,0.8026253473585294,10306.3239,2068.0292000567533,2018.0292000567533,True,True
650,32,2,84906.45,1,1,0,163216.48,0,False,False,True,0.2551193543191916,7641.5805,487.3787707845313,437.3787707845313,False,True
731,39,2,126816.18,1,1,1,74850.93,0,False,True,False,0.2928636546704072,11413.4562,835.6466237881546,785.6466237881546,False,True
638,26,1,105249.76,2,1,1,23491.09,0,True,False,False,0.2196017930451672,9472.478399999998,520.043310305404,470.043310305404,False,True
459,50,5,109387.9,1,1,0,155721.15,0,True,False,True,0.9083394254473623,9844.911,2235.6302003301043,2185.6302003301043,True,True
632,23,3,122478.51,1,1,0,147230.77,1,True,False,True,0.5084781312393385,11023.0659,1401.2469873400191,1351.2469873400191,True,True
683,73,8,137732.23,2,1,1,133210.44,0,False,False,False,0.2984594873973485,12395.900700000002,924.9185421876085,874.9185421876085,False,True
850,46,2,157866.77,1,1,1,18986.12,0,False,False,False,0.5002554391915524,14208.0093,1776.9084831022901,1726.9084831022901,True,True
616,31,3,136789.14,1,1,0,59346.4,1,False,False,False,0.3635048756899996,12311.0226,1118.779184957444,1068.779184957444,False,True
694,30,10,144684.03,1,1,1,31805.49,0,False,False,True,0.1898015039393185,13021.5627,617.8780460250332,567.8780460250332,False,True
655,24,9,107065.31,1,1,1,51959.82,0,False,False,True,0.1915671827478526,9635.8779,461.4794956513235,411.4794956513235,False,True
607,33,8,91301.72,1,0,1,130824.57,0,False,False,False,0.2641762221773278,8217.1548,542.6942280275739,492.6942280275739,False,True
684,39,4,207034.96,2,0,0,157694.76,1,False,True,True,0.3439376803994181,18633.1464,1602.160287839692,1552.160287839692,False,True
577,30,8,92472.1,2,0,1,126434.61,0,False,False,False,0.1569800199722058,8322.489,326.6161223596157,276.6161223596157,False,True
547,62,10,127738.75,2,1,1,85153.0,0,False,False,True,0.3035144705628417,11496.4875,872.3375792237068,822.3375792237068,False,True
613,50,5,101242.98,2,1,0,12493.61,0,True,False,False,0.6916131589458415,9111.8682,1575.47198742504,1525.47198742504,True,True
672,43,4,92599.55,2,1,1,167336.78,0,False,False,False,0.4507151364585041,8333.9595,939.0604233205368,889.0604233205368,False,True
606,37,6,82373.94,1,0,0,172526.9,1,False,False,True,0.4028059993106281,7413.6546,746.5661374242087,696.5661374242087,False,True
720,31,4,141356.47,1,0,0,137985.69,0,False,True,True,0.2820241930847572,12722.082299999998,896.9837487538427,846.9837487538427,False,True
771,47,3,72664.0,2,1,1,107874.39,0,False,True,False,0.4509270405876304,6539.76,737.2386557383404,687.2386557383404,False,True
811,47,3,123365.34,2,0,0,171995.34,0,False,False,False,0.5712160275149963,11102.8806,1585.5358375763299,1535.5358375763299,True,True
734,33,5,121898.58,1,1,0,61829.89,0,True,False,True,0.5807404774721995,10970.8722,1592.8073899286198,1542.8073899286198,True,True
652,31,3,103696.97,3,0,0,155221.05,1,False,False,False,0.8720420880572195,9332.7273,2034.6327504901542,1984.6327504901542,True,True
605,56,1,74129.18,2,1,1,62199.78,1,True,False,False,0.6048454789789937,6671.6262,1008.8257361269508,958.8257361269508,True,True
686,29,3,185379.02,1,1,0,64679.07,0,True,False,True,0.3991080720954831,16684.1118,1664.690923780875,1614.690923780875,False,True
525,47,1,118087.68,1,1,0,88120.78,1,True,False,False,0.9297541727754312,10627.891199999998,2470.331547750821,2420.331547750821,True,True
657,41,8,109402.13,1,1,1,66463.62,0,False,True,True,0.2764053432733195,9846.1917,680.3849991933523,630.3849991933523,False,True
730,33,7,130367.87,1,1,0,15142.1,1,True,False,False,0.6207672574148497,11733.1083,1820.8823650856025,1770.8823650856025,True,True
816,34,2,108410.87,2,1,0,102908.91,0,True,False,False,0.3500784127944808,9756.9783,853.926869233548,803.926869233548,False,True
484,50,2,90408.16,2,0,0,48170.57,0,False,False,False,0.6931715976293162,8136.734399999999,1410.0382958833538,1360.0382958833538,True,True
728,34,6,90425.15,2,1,1,11597.69,0,False,False,False,0.167536881134533,8138.263499999999,340.86482116025206,290.86482116025206,False,True
730,39,6,140094.59,1,1,0,172450.04,1,False,True,False,0.4938337801066509,12608.5131,1556.627421424307,1506.627421424307,False,True
663,46,6,95439.4,1,1,1,21038.58,1,True,False,False,0.7791362310626698,8589.545999999998,1673.1066242448576,1623.1066242448576,True,True
549,34,6,204017.4,2,1,0,109538.35,0,True,False,True,0.225372196276616,18361.566,1034.5466141245097,984.5466141245097,False,True
430,49,3,137115.16,1,1,0,146516.86,1,True,False,True,0.8596486133008068,12340.3644,2652.0942860216605,2602.0942860216605,True,True
504,43,5,134740.19,2,1,0,181430.91,0,True,False,True,0.5456346491197513,12126.6171,1654.1756165920192,1604.1756165920192,True,True
619,29,4,98955.87,1,0,1,131712.51,0,True,False,True,0.2680114556507863,8906.028299999998,596.7294021875243,546.7294021875243,False,True
617,44,9,49157.09,2,1,0,53294.17,0,True,False,True,0.3076959201678423,4424.138099999999,340.3223109072773,290.3223109072773,False,True
791,31,1,130240.33,1,0,0,96546.55,0,True,False,True,0.5010940208142267,11721.6297,1468.4096392171145,1418.4096392171145,True,True
609,48,1,108019.27,3,1,1,184524.65,1,False,False,True,0.8760528196089986,9721.7343,2129.1881862511286,2079.1881862511286,True,True
780,51,4,126725.25,1,1,0,195259.31,1,True,False,True,0.8988299034952729,11405.2725,2562.8499951280724,2512.8499951280724,True,True
777,34,5,96693.66,1,1,1,172618.52,0,True,False,False,0.4952849331347746,8702.4294,1077.5455408722744,1027.5455408722744,False,True
817,27,7,129810.6,1,1,1,59259.44,0,True,False,False,0.4756615791304564,11682.954000000002,1389.2830871371207,1339.2830871371207,False,True
850,58,8,156652.13,1,0,0,25899.21,1,False,False,True,0.838101844025445,14098.6917,2954.0348780290587,2904.0348780290587,True,True
693,40,4,130661.96,1,1,1,101918.96,0,False,False,True,0.3300250930946409,11759.5764,970.2388240408856,920.2388240408856,False,True
757,47,3,130747.1,1,1,0,143829.54,0,False,False,True,0.7093037530931363,11767.239,2086.636696560981,2036.636696560981,True,True
569,30,6,106629.49,1,0,1,44114.88,0,True,False,True,0.3726530912436654,9596.6541,894.0557039902989,844.0557039902989,False,True
772,36,3,112029.83,1,1,1,186948.35,0,False,True,True,0.2054984558715286,10082.6847,517.9940342223716,467.9940342223716,False,True
576,29,7,130575.26,1,0,1,173629.78,0,True,False,True,0.3519061188717671,11751.7734,1033.8802417636177,983.8802417636177,False,True
608,28,4,96679.71,1,1,1,49133.45,0,True,False,True,0.2547691872726492,8701.173900000002,554.1977507052469,504.1977507052469,False,True
593,50,6,171740.69,1,0,0,20893.61,0,False,False,True,0.7124917670045218,15456.6621,2753.1861229052056,2703.1861229052056,True,True
541,39,9,100116.67,1,1,1,199808.1,1,True,False,False,0.6865198521944095,9010.5003,1546.4718335384205,1496.4718335384205,True,True
692,24,2,120596.93,1,0,1,180490.53,0,True,False,True,0.3279942765811453,10853.7237,889.989813298283,839.989813298283,False,True
768,29,2,95984.69,2,1,1,73686.75,0,False,False,True,0.1123655899118511,8638.6221,242.6709670730135,192.6709670730135,False,True
802,38,1,142557.11,1,1,1,172497.73,0,False,False,True,0.1987677961736864,12830.139899999998,637.5546581307702,587.5546581307702,False,True
850,36,6,143644.16,1,1,0,22102.25,1,True,False,False,0.6429930534830138,12927.9744,2078.1494337015583,2028.1494337015583,True,True
671,38,6,132129.72,1,0,1,76068.95,0,False,False,False,0.2799429112675295,11891.6748,832.2475158396793,782.2475158396793,False,True
770,68,2,183555.24,1,0,0,159557.28,1,False,False,False,0.8169735514829632,16519.971599999997,3374.094967112422,3324.094967112422,True,True
633,38,2,91902.56,2,1,1,107673.35,0,False,False,True,0.1424391796686783,8271.2304,294.5368182566585,244.53681825665848,False,True
663,40,6,156218.19,1,0,1,33607.72,0,False,False,True,0.3257860012113078,14059.6371,1145.108237322787,1095.108237322787,False,True
581,43,5,93259.57,3,1,0,141035.65,1,True,False,False,0.9298632434753802,8393.3613,1951.1695405196836,1901.1695405196836,True,True
561,45,2,168085.38,2,0,1,115719.08,0,True,False,False,0.4158599534925389,15127.6842,1572.7495119654538,1522.7495119654538,False,True
479,51,1,107714.74,3,1,0,86128.21,1,True,False,True,0.9601681803653312,9694.3266,2327.045982847307,2277.045982847307,True,True
769,31,6,117852.26,2,1,0,147668.64,0,False,False,False,0.2545064406547043,10606.7034,674.8685823535376,624.8685823535376,False,True
590,51,10,84474.62,2,1,1,190937.09,0,False,True,False,0.4194737718278507,7602.715799999999,797.2849681902989,747.2849681902989,False,True
437,35,6,126803.34,2,1,1,161133.4,0,True,False,True,0.2038852914433607,11412.3006,581.7000584675601,531.7000584675601,False,True
677,36,10,68806.84,1,1,0,33075.24,0,True,False,False,0.3893285052104911,6192.615599999999,602.7404437227921,552.7404437227921,False,True
560,31,3,115141.18,1,1,0,39806.75,0,False,False,False,0.3448594418551703,10362.7062,893.4192690602782,843.4192690602782,False,True
421,34,6,90723.36,1,1,1,12162.76,0,False,True,True,0.2401195878162065,8165.1024,490.1502556912796,440.1502556912796,False,True
492,49,2,151249.45,2,1,1,167237.94,0,True,False,False,0.5906038249075622,13612.4505,2009.8913329162147,1959.8913329162147,True,True
640,43,9,94752.49,1,1,0,184006.36,1,True,False,False,0.8505361484871325,8527.7241,1813.2844028437246,1763.2844028437246,True,True
704,31,5,132084.66,3,1,1,54474.48,1,False,False,True,0.8371584306953295,11887.6194,2487.9552004018383,2437.9552004018383,True,True
564,53,2,45472.28,1,1,1,41055.71,1,False,False,False,0.6626754965578524,4092.5052,678.0007288938983,628.0007288938983,True,True
791,33,10,130229.71,2,0,0,54019.93,1,True,False,False,0.2922248870900218,11720.673900000002,856.2681517616165,806.2681517616165,False,True
629,38,9,123948.85,1,1,0,76053.07,0,True,False,False,0.6734279376507589,11155.3965,1878.0889146678737,1828.0889146678737,True,True
729,39,6,127415.85,1,1,1,184977.2,1,True,False,True,0.5825336896255456,11467.4265,1670.0405673886892,1620.0405673886892,True,True
651,35,8,110067.71,1,1,0,127678.95,1,True,False,True,0.6017668345922502,9906.0939,1490.2896923441497,1440.2896923441497,True,True
695,39,4,65521.2,1,1,1,1243.97,0,False,True,True,0.3062458854023435,5896.907999999999,451.4759528990406,401.4759528990406,False,True
613,33,3,155736.42,2,1,1,57751.21,0,True,False,True,0.1566095208807106,14016.2778,548.7706376972351,498.7706376972351,False,True
720,34,3,118307.57,2,1,1,136120.29,0,False,False,False,0.180205269379353,10647.6813,479.69206923299987,429.69206923299987,False,True
710,24,7,103099.17,2,1,0,173276.62,0,True,False,False,0.3407607915448838,9278.9253,790.4734824784622,740.4734824784622,False,True
410,33,6,125789.69,1,0,0,66333.56,1,False,False,True,0.5280988158224613,11321.0721,1494.6611924626764,1444.6611924626764,True,True
584,36,4,109646.83,1,1,1,70240.79,0,True,False,False,0.5480393845790426,9868.2147,1352.0425777704654,1302.0425777704654,True,True
792,30,1,127187.86,1,1,1,113553.42,0,False,False,True,0.1530895778370322,11446.9074,438.1005553514,388.1005553514,False,True
615,41,4,130385.82,1,0,1,130661.95,0,False,False,True,0.3895683651310433,11734.7238,1142.869291507586,1092.869291507586,False,True
676,23,1,107787.47,1,0,1,116378.82,0,False,False,True,0.1664285726155041,9700.8723,403.62558250357057,353.62558250357057,False,True
571,34,1,99325.04,2,0,1,186052.15,0,False,False,True,0.172564908256116,8939.2536,385.6503693405387,335.6503693405387,False,True
717,48,7,123764.95,1,1,1,169952.82,0,False,False,True,0.4735122113882377,11138.8455,1318.59484125423,1268.59484125423,False,True
642,39,8,128264.03,1,1,0,61792.76,1,True,False,False,0.7079570697565505,11543.7627,2043.1221037642413,1993.1221037642413,True,True
780,47,7,86006.21,1,1,1,37973.13,0,False,True,True,0.4229730138102605,7740.558900000001,818.5118816272087,768.5118816272087,False,True
492,38,8,57068.43,2,1,0,188974.81,0,True,False,False,0.2336735191420314,5136.1587,300.04606957524027,250.04606957524027,False,True
760,29,5,103607.24,2,0,1,86334.64,0,True,False,True,0.1916227342078942,9324.6516,446.70380878200376,396.70380878200376,False,True
500,40,1,99004.24,1,1,1,152845.99,0,False,True,True,0.3059465334625249,8910.3816,681.5250905870665,631.5250905870665,False,True
606,25,3,147386.72,3,1,0,45482.04,1,False,True,False,0.8467036101862591,13264.8048,2807.8395281440044,2757.8395281440044,True,True
367,42,6,93608.28,1,1,0,168816.73,1,False,True,True,0.7228261304677658,8424.7452,1522.4064932732208,1472.4064932732208,True,True
434,71,9,119496.87,1,1,0,125848.88,0,True,False,True,0.635432127169855,10754.7183,1708.4733816203916,1658.4733816203916,True,True
790,25,5,152885.77,1,1,0,58214.79,0,True,False,False,0.4364690404850442,13759.7193,1501.4228700536362,1451.4228700536362,False,True
588,31,4,99607.37,2,0,1,35877.03,0,False,False,True,0.1374433635212772,8964.6633,308.0333691969381,258.0333691969381,False,True
621,27,4,137003.68,1,1,0,21254.06,0,False,False,True,0.3155295435677162,12330.3312,972.6459438936926,922.6459438936926,False,True
768,48,3,122831.58,1,1,1,24533.89,1,True,False,True,0.8156571794459587,11054.8422,2254.240352018039,2204.240352018039,True,True
681,38,2,99811.44,2,1,0,23531.5,0,False,True,True,0.1816511437631204,8983.0296,407.9444003244914,357.9444003244914,False,True
606,37,8,154712.58,2,1,0,89099.18,0,False,True,True,0.245729728862191,13924.132199999998,855.3933075368257,805.3933075368257,False,True
713,24,7,147687.24,1,1,1,121592.5,0,True,False,False,0.3806593017168528,13291.851599999998,1264.916737145008,1214.916737145008,False,True
635,27,3,127009.83,1,1,0,161909.95,0,False,False,True,0.2770794110259696,11430.8847,791.8157000454419,741.8157000454419,False,True
599,61,1,124737.96,1,0,1,90389.61,1,True,False,True,0.771849408822179,11226.4164,2166.275715382904,2116.275715382904,True,True
496,44,0,179356.28,2,1,0,2919.21,1,False,True,False,0.6894894651840615,16142.0652,2782.4459754285626,2732.4459754285626,True,True
757,31,1,127320.36,3,1,0,163170.32,0,True,False,True,0.6670013953810511,11458.8324,1910.7643000593996,1860.7643000593996,True,True
564,31,0,125175.58,1,1,1,72757.33,0,False,True,True,0.2110795949114685,11265.802199999998,594.4952411821826,544.4952411821826,False,True
561,22,6,186788.96,2,1,0,73286.8,0,False,False,False,0.3051149544611347,16811.0064,1282.3223630454609,1232.3223630454609,False,True
702,40,3,148556.74,1,0,1,146056.29,0,False,False,True,0.3372524669848609,13370.1066,1127.2753586751426,1077.2753586751426,False,True
678,40,8,128644.46,1,0,0,167673.37,0,True,False,False,0.6657540793017387,11578.0014,1927.0254155528103,1877.0254155528103,True,True
707,46,7,127476.73,2,1,1,146011.55,0,False,False,False,0.5238280393717214,11472.9057,1502.4574246819116,1452.4574246819116,True,True
610,27,9,159561.93,1,0,1,103381.47,0,False,False,False,0.2696934677513654,14360.5737,968.238230013014,918.238230013014,False,True
744,42,1,112419.92,1,1,1,83022.92,0,False,False,True,0.3527269067088949,10117.7928,892.204439266382,842.204439266382,False,True
598,28,8,129991.76,2,0,1,46041.08,0,False,False,True,0.1457003318842564,11699.2584,426.14645791991865,376.14645791991865,False,True
722,40,6,89175.06,2,0,1,152883.95,0,True,False,False,0.3751047429582865,8025.7554,752.62472909077,702.62472909077,False,True
603,39,5,162390.52,2,1,0,54702.66,0,False,True,False,0.3400875508717131,14615.1468,1242.6073702106387,1192.6073702106387,False,True
506,59,3,190353.08,1,1,0,78365.75,0,True,False,False,0.5875921059024958,17131.777199999997,2516.62426070009,2466.62426070009,True,True
644,40,10,139180.97,1,1,1,19959.67,0,False,False,False,0.4011339313970081,12526.2873,1256.1797176143534,1206.1797176143534,False,True
589,36,8,114435.47,1,1,0,26955.72,0,False,False,True,0.3189941857697859,10299.1923,821.3456154562372,771.3456154562372,False,True
592,66,5,149950.19,1,1,1,76267.59,0,False,False,False,0.3705795584420398,13495.5171,1250.2906919662494,1200.2906919662494,False,True
632,42,4,126115.6,1,1,0,100998.5,0,False,False,True,0.5981209823640744,11350.404,1697.22869767728,1647.22869767728,True,True
577,59,7,111396.97,1,0,1,191070.01,0,True,False,False,0.8032623570090859,10025.7273,2013.3223354320849,1963.3223354320849,True,True
588,30,3,115007.08,1,0,0,176858.5,0,False,False,True,0.2819249862813647,10350.6372,729.5258126533457,679.5258126533457,False,True
617,54,6,102141.9,1,1,1,45325.26,0,False,False,True,0.5141963175640241,9192.771,1181.7222491023379,1131.7222491023379,True,True
668,36,3,133686.52,1,1,0,190958.48,1,False,True,False,0.4053532588695238,12031.786799999998,1219.2809973508297,1169.2809973508297,False,True
810,32,9,120879.73,2,0,1,78896.59,0,False,False,True,0.0988420782721139,10879.1757,268.83008401886985,218.83008401886985,False,True
718,49,10,82321.88,1,0,1,11144.4,0,False,True,False,0.523210388733322,7408.9692,969.1124138113024,919.1124138113024,True,True
778,33,5,116474.28,2,1,1,32757.55,0,False,True,True,0.1093714279999737,10482.6852,286.6265623995475,236.62656239954748,False,True
724,34,3,132352.69,1,1,0,80320.3,0,False,False,False,0.361512309334553,11911.7421,1076.5603486921543,1026.5603486921543,False,True
477,39,4,182491.57,1,1,0,185830.72,0,True,False,False,0.423842315652118,16424.241299999998,1740.322116355288,1690.322116355288,False,True
566,63,2,120787.18,2,1,1,52198.84,0,False,True,True,0.3255208252118363,10870.8462,884.6717064437387,834.6717064437387,False,True
711,29,3,130181.47,2,1,0,31811.44,0,False,False,False,0.2148645005596326,11716.332299999998,629.3559720075478,579.3559720075478,False,True
706,32,5,88348.43,2,1,1,104181.78,0,True,False,True,0.1313069774726244,7951.358699999999,261.01721942441395,211.01721942441395,False,True
679,39,2,146186.28,2,1,1,193974.47,0,True,False,True,0.2094611440868119,13156.765199999998,688.9577728183881,638.9577728183881,False,True
598,34,0,104488.17,1,0,1,43249.67,0,False,True,True,0.1953247903403287,9403.9353,459.205422711629,409.205422711629,False,True
836,32,4,109196.67,2,1,0,55218.02,0,True,False,False,0.3545273456499107,9827.7003,871.0471253004578,821.0471253004578,False,True
687,61,7,80538.56,1,1,0,131305.37,1,False,False,False,0.8532218977447232,7248.470399999999,1546.138417608613,1496.138417608613,True,True
704,41,4,109026.8,2,1,1,43117.1,0,True,False,True,0.3915573046507393,9812.412,960.5303987106425,910.5303987106425,False,True
605,75,2,61319.63,1,0,1,186655.11,0,True,False,True,0.2080630055846612,5518.7667,287.0627966806356,237.06279668063559,False,True
557,42,6,177822.03,1,1,0,150944.31,1,False,False,True,0.7167198591436346,16003.9827,2867.593056620291,2817.593056620291,True,True
443,59,4,110939.3,1,1,0,72846.58,1,True,False,True,0.9228322526616396,9984.537,2303.513192873372,2253.513192873372,True,True
604,25,7,165413.43,1,1,1,35279.74,0,True,False,True,0.2605503591114252,14887.2087,969.7168932379334,919.7168932379334,False,True
483,27,1,77805.66,1,1,1,2101.89,0,False,False,True,0.1624429729205987,7002.509400000001,284.3771112101095,234.3771112101095,False,True
670,57,3,175575.95,2,1,0,99061.75,1,False,True,False,0.8137423476650265,15801.8355,3214.6556792966394,3164.6556792966394,True,True
804,38,3,124197.22,1,1,0,74692.06,0,False,True,False,0.4242667600760701,11177.7498,1185.5869231467352,1135.5869231467352,False,True
554,39,10,160132.75,1,1,0,32824.15,0,False,False,False,0.500954551248193,14411.9475,1804.9326731187543,1754.9326731187543,True,True
588,37,7,70258.88,2,1,0,139607.61,0,True,False,False,0.2776298191187637,6323.2992,438.88410328245584,388.88410328245584,False,True
758,32,4,162657.64,2,1,1,115525.13,0,True,False,True,0.1428140972427056,14639.1876,522.6705903651525,472.6705903651525,False,True
787,43,0,132217.45,1,1,0,20955.03,1,True,False,True,0.8674860204869393,11899.570500000002,2580.677764637195,2530.677764637195,True,True
582,25,9,148042.97,2,1,0,52341.15,0,False,True,True,0.1962554620084659,13323.8673,653.7204331752478,603.7204331752478,False,True
633,33,4,92855.02,1,1,1,159813.18,0,False,True,False,0.2933499372865482,8356.951799999999,612.8778216091764,562.8778216091764,False,True
766,47,9,129289.98,1,1,0,169935.46,1,True,False,True,0.898303457076688,11636.0982,2613.1868099859566,2563.1868099859566,True,True
564,37,9,100252.18,1,1,1,146033.52,0,False,True,True,0.2229724397852933,9022.696199999998,502.9531462888736,452.9531462888736,False,True
602,37,3,107592.89,2,0,1,153122.73,0,False,True,True,0.1627615347208823,9683.360099999998,394.01963778273904,344.01963778273904,False,True
649,39,3,113096.41,1,1,1,60335.24,0,False,False,True,0.2803972773636036,10178.6769,713.5183224809513,663.5183224809513,False,True
639,34,7,149940.04,2,0,0,156648.81,0,False,True,True,0.2274473803090901,13494.603600000002,767.3280592824042,717.3280592824042,False,True
790,50,8,121438.58,1,1,1,176471.78,1,True,False,True,0.7794032912461109,10929.4722,2129.616651065718,2079.616651065718,True,True
825,29,3,148874.01,2,0,1,71192.82,0,False,False,True,0.1306468415370816,13398.6609,437.6231818528478,387.6231818528478,False,True
528,32,0,68138.37,1,1,1,170309.19,0,False,True,False,0.3156825632756305,6132.453299999999,483.9771442280247,433.9771442280247,False,True
577,35,5,110080.3,1,1,1,109794.31,0,False,True,True,0.2382259188192733,9907.227,590.0395637565282,540.0395637565282,False,True
505,25,5,114268.85,2,1,1,126728.27,0,True,False,False,0.2372681544457849,10284.1965,610.0280808782001,560.0280808782001,False,True
633,29,6,117412.35,1,0,0,30338.94,0,True,False,True,0.5101707862242209,10567.1115,1347.7578955185015,1297.7578955185015,True,True
629,37,1,35549.81,2,0,0,49676.33,0,True,False,False,0.1972434955956529,3199.4828999999995,157.76929782362916,107.76929782362916,False,True
750,36,7,136492.92,3,1,1,26500.29,1,False,False,True,0.8883724541008945,12284.3628,2728.2723819254343,2678.2723819254343,True,True
637,28,3,123675.69,1,1,1,166458.41,0,True,False,True,0.3385971202014339,11130.8121,942.2152306408186,892.2152306408186,False,True
575,40,1,139532.34,1,1,0,181294.39,0,False,False,False,0.5544365811060277,12557.9106,1740.641254724786,1690.641254724786,True,True
671,58,1,178713.98,1,1,1,21768.21,0,False,True,True,0.4249597249687273,16084.2582,1708.7904852494992,1658.7904852494992,False,True
590,41,1,89086.31,1,1,0,24499.97,0,False,False,True,0.437904933627863,8017.767899999999,877.7550300232774,827.7550300232774,False,True
619,38,3,96143.47,1,0,0,98994.92,0,False,True,True,0.3445074332262443,8652.9123,745.2481516011994,695.2481516011994,False,True
640,30,5,32197.64,1,0,1,141446.01,0,True,False,False,0.2199975255780497,2897.7876,159.3765254126888,109.3765254126888,False,True
618,40,0,140306.38,1,1,0,160618.61,1,True,False,False,0.698675230586934,12627.5742,2205.6433289846545,2155.6433289846545,True,True
787,42,2,74483.97,2,0,1,44273.91,0,True,False,False,0.297336870989608,6703.5573,498.30368802038623,448.30368802038623,False,True
481,37,8,152303.66,2,1,1,175082.2,0,False,False,True,0.18817970897136,13707.3294,644.8603143166416,594.8603143166416,False,True
753,32,5,159904.79,1,1,0,148811.14,0,True,False,True,0.3949259677509456,14391.431099999998,1420.8874636221385,1370.8874636221385,False,True
748,31,1,99557.94,1,1,0,199255.32,0,True,False,False,0.4625328465791311,8960.2146,1036.0983912244726,986.0983912244726,False,True
610,46,5,116886.59,1,0,0,107973.44,0,False,True,False,0.7085721675096259,10519.7931,1863.508149654952,1813.508149654952,True,True
580,32,9,142188.2,2,0,1,128028.6,0,False,True,True,0.1228408659675555,12796.938000000002,392.9967364132795,342.9967364132795,False,True
624,40,3,149961.99,2,1,0,104610.86,0,True,False,False,0.32591285736104,13496.5791,1099.6771647700734,1049.6771647700734,False,True
567,40,8,28649.64,1,1,1,95140.62,0,False,True,True,0.3827060720090029,2578.4676,246.69880174962023,196.69880174962023,False,True
747,21,4,81025.6,2,1,0,167682.57,0,False,False,False,0.2042033601083913,7292.304,372.27824493296555,322.27824493296555,False,True
711,39,3,152462.79,1,1,0,90305.97,0,False,False,False,0.4638621027989505,13721.6511,1591.238483279883,1541.238483279883,False,True
632,28,7,155519.59,1,1,0,1843.24,0,False,True,True,0.3526926048508291,13996.7631,1234.1387093047415,1184.1387093047415,False,True
725,36,1,118851.05,1,1,1,102747.02,0,False,False,False,0.2392703072068636,10696.5945,639.8443630205618,589.8443630205618,False,True
850,34,9,92899.27,2,1,0,97465.89,0,False,False,False,0.2111258022515343,8360.934299999999,441.3022404149675,391.3022404149675,False,True
797,37,4,75263.7,1,1,0,85801.77,0,False,False,True,0.3510289292557422,6773.732999999998,594.4440605135715,544.4440605135715,False,True
668,38,1,147904.31,1,1,1,69370.05,0,False,True,True,0.2101194099905771,13311.387899999998,699.2452429259266,649.2452429259266,False,True
783,41,5,106640.5,1,1,0,176945.96,0,True,False,False,0.6216872301410351,9597.645,1491.6833339817388,1441.6833339817388,True,True
766,28,4,90696.78,1,0,1,21597.2,0,True,False,False,0.3097715549927504,8162.710199999999,632.143857902296,582.143857902296,False,True
704,36,2,175509.8,2,1,0,152039.67,0,False,True,False,0.3898251827359619,15795.882,1539.4081467814228,1489.4081467814228,False,True
584,35,2,114321.28,2,0,0,15959.01,0,False,False,False,0.2678722630870975,10288.9152,689.028749833809,639.028749833809,False,True
644,51,4,95560.04,1,0,0,72628.84,1,True,False,False,0.9281898572283376,8600.4036,1995.70184739752,1945.70184739752,True,True
598,50,5,88379.81,3,0,1,64157.24,1,True,False,False,0.9216073069827724,7954.1829,1832.6582704293546,1782.6582704293546,True,True
733,48,7,85915.52,1,1,1,23860.5,0,True,False,True,0.5377747880908641,7732.3968,1039.572012638619,989.5720126386191,True,True
615,58,3,72309.3,1,1,1,85687.09,1,True,False,True,0.596721144046152,6507.837,970.8409849764694,920.8409849764694,True,True
618,30,3,133844.22,1,1,1,31406.93,0,False,False,True,0.1970839441170907,12045.9798,593.5173024347008,543.5173024347008,False,True
556,36,7,154872.08,2,1,1,32044.64,0,False,False,True,0.1763231132374187,13938.487199999998,614.4193642309776,564.4193642309776,False,True
702,43,6,116121.67,1,1,0,61602.42,0,False,True,True,0.6417718022386205,10450.9503,1676.781302284313,1626.781302284313,True,True
555,42,6,107104.5,1,1,1,41304.44,1,True,False,True,0.6831283919995734,9639.405,1646.237809370662,1596.237809370662,True,True
587,47,6,71026.77,1,1,0,57962.41,0,False,False,True,0.7466434777198558,6392.4093,1193.2126776901873,1143.2126776901873,True,True
520,39,6,145644.05,1,0,0,104118.93,0,False,False,False,0.4557241457908075,13107.964499999998,1493.4039812046822,1443.4039812046822,False,True
650,50,7,129667.77,1,0,0,42028.16,0,False,True,False,0.7550174781725717,11670.0993,2202.7822358773738,2152.7822358773738,True,True
564,33,3,109341.87,1,1,0,75632.78,0,True,False,True,0.538555670573388,9840.7683,1324.95039269096,1274.95039269096,True,True
654,55,3,87485.67,1,1,1,3299.01,0,False,False,True,0.5169329349557049,7873.7103,1017.545043592491,967.545043592491,True,True
491,36,0,53369.13,1,1,1,103934.12,0,False,False,False,0.3213449207606429,4803.2217,385.87272414557515,335.87272414557515,False,True
638,34,5,146679.77,1,1,0,102179.86,0,False,True,True,0.3365020260334905,13201.179299999998,1110.5558951203438,1060.5558951203438,False,True
683,43,2,112499.42,2,1,0,30375.18,0,False,False,True,0.3779950450233948,10124.9478,956.7950248801305,906.7950248801305,False,True
815,38,2,48387.0,1,1,0,184796.84,0,False,True,False,0.4995493144709648,4354.83,543.8630852843979,493.8630852843979,False,True
645,38,1,68079.8,1,0,1,166264.89,0,False,True,True,0.3146462570800326,6127.182,481.97372068703703,431.97372068703703,False,True
645,49,4,160133.88,1,0,1,88391.97,0,True,False,True,0.6510406361720112,14412.049199999998,2345.707419927581,2295.707419927581,True,True
683,30,4,66190.33,1,1,1,115186.97,0,False,False,True,0.2339693802414636,5957.1297,348.44648598175405,298.44648598175405,False,True
647,35,4,123761.68,1,1,0,83910.4,0,False,False,True,0.3181794196414488,11138.5512,886.0144391156408,836.0144391156408,False,True
786,33,0,122325.58,1,0,0,34712.34,1,True,False,False,0.6449877796280881,11009.302199999998,1775.216345308156,1725.216345308156,True,True
602,42,1,138912.17,1,1,1,139494.75,0,False,True,False,0.5048768795509369,12502.0953,1578.0047157281085,1528.0047157281085,True,True
553,25,7,128524.19,2,1,0,20682.46,0,True,False,False,0.2791116700839519,11567.1771,807.1335296344608,757.1335296344608,False,True
849,49,9,132934.89,1,1,0,171056.65,1,True,False,False,0.8955810330288727,11964.1401,2678.71423751504,2628.71423751504,True,True
520,43,3,150805.17,3,0,1,25333.03,1,True,False,True,0.885226446455253,13572.4653,3003.676306789057,2953.676306789057,True,True
807,28,7,165969.26,3,1,0,156122.13,1,False,True,False,0.8514548083757342,14937.2334,3179.594800565154,3129.594800565154,True,True
642,36,2,124495.98,3,1,1,57904.22,1,True,False,False,0.8383146212903151,11204.6382,2348.2530073319995,2298.2530073319995,True,True
703,39,1,141559.5,1,1,1,31257.1,1,True,False,True,0.5285325581257075,12740.355,1683.423104894912,1633.423104894912,True,True
556,38,2,114756.14,1,1,0,193214.05,0,False,False,True,0.3950997007545324,10328.0526,1020.1526229092676,970.1526229092676,False,True
587,49,7,155393.98,2,1,0,13308.2,1,True,False,False,0.7190157093366172,13985.4582,2513.941037017652,2463.941037017652,True,True
556,31,1,128663.81,2,1,0,125083.29,0,True,False,False,0.3043489466708488,11579.7429,881.0706385835599,831.0706385835599,False,True
504,44,4,113522.64,1,1,1,12405.2,0,False,True,True,0.464708745685256,10217.0376,1186.9866819287745,1136.9866819287745,False,True
675,40,8,79035.95,1,1,0,142783.98,1,False,True,False,0.6310660838799399,7113.235499999999,1122.2304176751913,1072.2304176751913,True,True
686,33,9,141918.09,2,0,1,184036.47,0,True,False,True,0.1904638231345731,12772.6281,608.1808948505196,558.1808948505196,False,True
690,35,9,107944.33,2,0,0,48478.47,0,False,False,False,0.240991572852838,9714.989699999998,585.3076620130302,535.3076620130302,False,True
557,57,1,120043.13,1,1,0,132370.75,1,True,False,True,0.9334421491967078,10803.8817,2521.199638428745,2471.199638428745,True,True
446,45,10,125191.69,1,1,1,128260.86,1,False,True,False,0.5817600063354229,11267.2521,1638.7091632697018,1588.7091632697018,True,True
850,31,1,96399.31,2,1,0,106534.15,0,False,False,True,0.1544461959323972,8675.9379,334.9914012001777,284.9914012001777,False,True
499,60,7,76961.6,2,1,1,83643.87,0,False,False,True,0.3438776256981338,6926.544,595.4708762534136,545.4708762534136,False,True
622,34,7,98675.74,1,1,0,138906.85,1,True,False,False,0.5240258652245411,8880.8166,1163.4444006788667,1113.4444006788667,True,True
684,37,1,126817.13,2,1,1,29995.83,1,True,False,True,0.34026496030512,11413.5417,970.9070783728329,920.9070783728329,False,True
612,32,3,121394.42,1,1,0,164081.42,0,False,False,True,0.2814029471169691,10925.4978,768.6168199099906,718.6168199099906,False,True
813,29,5,106059.4,1,0,0,187976.88,1,True,False,False,0.6181820785145494,9545.346,1475.190457605135,1425.190457605135,True,True
850,44,2,112755.34,2,0,0,158171.36,0,True,False,True,0.4753986092363083,10147.9806,1206.0839659492594,1156.0839659492594,False,True
565,38,7,145400.69,2,1,1,83844.79,0,True,False,False,0.2160065576963884,13086.0621,706.6688070055428,656.6688070055428,False,True
601,39,3,72647.64,1,1,0,41777.9,1,False,False,True,0.3733751820905514,6538.2876,610.3085808025986,560.3085808025986,False,True
614,37,6,96340.81,2,1,1,139377.24,1,True,False,False,0.359907041311603,8670.6729,780.1590574049242,730.1590574049242,False,True
522,32,8,124450.36,2,1,1,165786.1,0,True,False,True,0.1529687210729794,11200.5324,428.33277914111716,378.33277914111716,False,True
550,36,2,113877.23,2,1,0,174921.91,0,True,False,True,0.3533996798329061,10248.9507,905.4939740008097,855.4939740008097,False,True
493,36,5,148667.81,2,1,0,56092.51,0,False,False,False,0.2670258186953247,13380.102899999998,893.208232775047,843.208232775047,False,True
605,62,4,111065.93,2,0,1,125660.99,0,False,False,False,0.4805665764505809,9995.9337,1200.927909158997,1150.927909158997,False,True
699,44,8,158697.61,1,1,0,107181.22,0,False,False,True,0.667557029677391,14282.7849,2383.643365841273,2333.643365841273,True,True
660,48,0,90044.32,2,0,1,187604.97,1,False,False,False,0.5681925223935053,8103.9888,1151.156459430179,1101.156459430179,True,True
619,38,10,84651.79,1,1,1,184754.26,0,True,False,True,0.3312109724668967,7618.661099999999,630.8460379566792,580.8460379566792,False,True
739,32,3,102128.27,1,1,0,63981.37,1,True,False,True,0.5141021538882071,9191.5443,1181.3481805472181,1131.3481805472181,True,True
769,60,9,148846.39,1,1,0,192831.67,1,True,False,True,0.8956506924193914,13396.1751,2999.5733760216026,2949.5733760216026,True,True
692,69,10,154953.94,1,1,1,70849.47,0,False,False,True,0.2428852861566008,13945.8546,846.8107213048369,796.8107213048369,False,True
560,30,0,108883.29,1,1,0,27914.95,0,False,False,False,0.3265255644375441,9799.496099999998,799.9464988140029,749.9464988140029,False,True
607,48,4,112070.86,3,1,0,173568.3,1,False,False,False,0.9311308496015273,10086.3774,2347.9342894659108,2297.9342894659108,True,True
630,29,6,131354.39,1,0,1,9324.31,1,True,False,True,0.4104168652243348,11821.895100000002,1212.9762819882312,1162.9762819882312,False,True
767,45,7,132746.2,2,1,0,26628.88,1,True,False,False,0.7095499566116027,11947.158,2119.2763601329902,2069.2763601329902,True,True
776,39,8,125211.55,2,1,0,144496.07,0,False,False,True,0.2514162970237085,11269.0395,708.3050455259759,658.3050455259759,False,True
549,36,6,139422.37,1,0,0,83983.39,1,True,False,True,0.4981894376793909,12548.0133,1562.8219224801296,1512.8219224801296,False,True
586,47,5,157099.47,2,1,1,65481.86,0,True,False,False,0.5288734632078439,14138.9523,1869.4291672578777,1819.4291672578777,True,True
701,26,5,83600.24,1,0,1,59195.05,0,False,True,True,0.1920601444292871,7524.0216,361.26616879626897,311.26616879626897,False,True
829,36,4,81795.74,2,1,0,90106.94,0,True,False,True,0.2045476254729859,7361.616600000001,376.45029879312904,326.45029879312904,False,True
749,38,9,129378.32,1,1,1,13549.34,0,False,True,True,0.1907722872951128,11644.0488,555.3404557379785,505.34045573797846,False,True
699,22,9,99339.0,1,1,0,68297.61,1,False,False,True,0.3030443029779569,8940.51,677.3426553043635,627.3426553043635,False,True
600,29,6,74430.1,2,1,1,96051.1,0,True,False,False,0.081538867702718,6698.709000000001,136.5512867325016,86.55128673250161,False,True
760,38,3,91241.85,1,0,1,80682.35,0,False,True,True,0.1899356006984655,8211.766500000002,389.92670074325895,339.92670074325895,False,True
528,32,2,99092.45,1,0,1,111149.98,0,True,False,True,0.3121488569509324,8918.3205,695.960887499267,645.960887499267,False,True
683,39,2,100062.16,2,1,0,109201.43,0,True,False,False,0.4187337586978633,9005.5944,942.7365981051072,892.7365981051072,False,True
677,26,6,98723.67,1,0,1,151146.67,0,True,False,False,0.4019667312948945,8885.130299999999,892.8816959550562,842.8816959550562,False,True
693,43,6,128760.32,1,1,0,36342.79,0,False,False,True,0.6403206516852932,11588.4288,1855.077570306155,1805.077570306155,True,True
612,52,5,144772.69,1,0,0,98302.57,1,False,True,False,0.8289506726600276,13029.5421,2700.2119220617874,2650.2119220617874,True,True
702,26,2,71281.29,1,1,1,108747.12,1,False,False,True,0.2536081688418321,6415.316099999999,406.74414216563093,356.74414216563093,False,True
755,29,9,117035.89,1,1,1,21862.19,0,False,False,True,0.1853170826112185,10533.2301,487.9968681511683,437.9968681511683,False,True
548,36,2,108913.84,2,1,1,140460.01,0,True,False,False,0.2623175956096353,9802.2456,642.8253743417818,592.8253743417818,False,True
850,28,2,101100.22,2,1,1,35337.31,0,True,False,True,0.1706953104652322,9099.019799999998,388.2900024225737,338.2900024225737,False,True
612,38,7,110615.47,1,1,1,193502.93,0,False,False,False,0.3321332462575887,9955.3923,826.6291905917006,776.6291905917006,False,True
628,33,8,152143.89,1,1,1,32174.03,0,True,False,True,0.342708136244066,13692.950100000002,1173.1713521134993,1123.1713521134993,False,True
479,47,6,121797.09,1,0,1,5811.9,1,False,False,True,0.5584585743125757,10961.7381,1530.4191578284608,1480.4191578284608,True,True
724,41,5,109798.25,1,0,1,149593.61,0,False,False,False,0.4359494025397722,9881.8425,1076.9958334667824,1026.9958334667824,False,True
512,41,7,122403.24,1,0,1,37439.9,1,True,False,True,0.6664233237721572,11016.2916,1835.3784159288239,1785.3784159288239,True,True
638,43,3,145860.98,1,1,1,142763.51,1,False,False,False,0.6006600699895015,13127.488200000002,1971.289495249589,1921.289495249589,True,True
707,48,7,105086.74,1,1,1,180344.69,1,True,False,False,0.7940480032299118,9457.8066,1877.48811141617,1827.48811141617,True,True
670,22,2,114991.45,1,1,1,37392.56,0,False,False,True,0.1756658714790567,10349.230499999998,454.50164873003337,404.50164873003337,False,True
663,33,8,96769.04,1,1,1,36864.05,0,False,True,False,0.2502689687110619,8709.2136,544.9114764890886,494.9114764890886,False,True
619,23,5,132725.1,1,1,1,143913.33,0,True,False,True,0.3238368798375181,11945.259,967.0788508527578,917.0788508527578,False,True
765,33,5,84557.82,1,1,1,69039.43,0,False,True,False,0.2061681593121887,7610.203800000001,392.24542735915605,342.24542735915605,False,True
508,49,1,93817.41,2,1,1,132468.76,1,False,False,True,0.5214664185388118,8443.5669,1100.7591477589644,1050.7591477589644,True,True
637,33,9,113913.53,1,0,1,65316.5,0,False,False,False,0.2744675652384873,10252.2177,703.475307603481,653.475307603481,False,True
667,44,5,140406.68,2,0,1,57164.19,0,True,False,False,0.5641974666518351,12636.6012,1782.3845960323847,1732.3845960323847,True,True
575,22,8,105229.34,1,1,1,34397.08,0,False,True,False,0.2375469838328659,9470.6406,562.4305273737709,512.4305273737709,False,True
567,41,9,137891.35,1,1,0,142009.46,1,False,False,False,0.6184131786492919,12410.2215,1918.6611313891958,1868.6611313891958,True,True
715,37,9,165252.52,1,1,0,85286.3,0,False,False,True,0.3596679202500442,14872.726799999997,1337.3106791507735,1287.3106791507735,False,True
650,28,5,122034.4,3,0,1,146663.43,1,True,False,False,0.8002392038717041,10983.096,2197.2759997716244,2147.2759997716244,True,True
817,59,1,118962.58,1,1,1,120819.58,0,False,False,True,0.422358128001961,10706.6322,1130.5082832993794,1080.5082832993794,False,True
850,34,4,71379.53,2,1,1,154000.99,0,False,False,False,0.1264744447508473,6424.1577,203.12294452484505,153.12294452484505,False,True
598,40,2,171178.25,1,1,0,137980.58,1,False,False,False,0.65131688993275,15406.0425,2508.5539218179424,2458.5539218179424,True,True
613,36,9,131307.11,1,0,0,83343.73,0,False,False,True,0.3036031412501245,11817.639899999998,896.9681489507017,846.9681489507017,False,True
678,27,5,87099.85,2,1,0,149550.95,0,False,True,False,0.2773872017698794,7838.9865,543.6086324867152,493.60863248671524,False,True
720,71,5,183135.39,2,1,1,197688.5,0,False,False,True,0.2287519015976659,16482.185100000002,942.5827960274289,892.5827960274289,False,True
721,33,4,72535.45,1,1,1,103931.49,0,False,True,False,0.2422355292298676,6528.190499999999,395.3399201702234,345.3399201702234,False,True
633,58,2,128137.42,2,1,0,147635.33,1,True,False,True,0.7943295180427069,11532.3678,2290.125039116308,2240.125039116308,True,True
556,42,0,115915.53,2,0,1,125435.47,1,True,False,True,0.5372676117088347,10432.3977,1401.2473491689352,1351.2473491689352,True,True
456,29,5,107000.49,1,1,1,153419.62,0,False,False,True,0.2005630288383381,9630.0441,482.85770313569185,432.85770313569185,False,True
433,34,9,152806.74,1,1,0,19687.99,0,False,True,True,0.3120819914398513,13752.6066,1072.9852138042106,1022.9852138042106,False,True
802,60,3,92887.06,1,1,0,39473.63,1,False,False,False,0.850228275576811,8359.8354,1776.942109061995,1726.942109061995,True,True
738,40,6,114940.67,2,1,1,194895.57,1,True,False,False,0.4640656545037114,10344.6603,1200.150388184515,1150.150388184515,False,True
706,34,0,140641.26,2,1,1,77271.91,0,True,False,True,0.1938278586620717,12657.7134,613.3543709700527,563.3543709700527,False,True
592,70,5,71816.74,2,1,0,105096.82,1,True,False,False,0.7745478830037164,6463.5066,1251.5738384526371,1201.5738384526371,True,True
746,48,5,165282.42,1,1,0,153786.46,1,False,False,True,0.7521875422404817,14875.4178,2797.2759886955782,2747.2759886955782,True,True
651,42,2,143145.87,2,1,0,43612.06,0,False,True,True,0.3450278789867227,12883.128299999998,1111.2596080157055,1061.2596080157055,False,True
494,28,9,114731.76,2,0,1,79479.74,0,False,False,True,0.1270820734820076,10325.8584,328.0578739884013,278.0578739884013,False,True
753,46,9,113909.69,3,1,0,92320.37,1,True,False,False,0.9623934878388352,10251.8721,2466.583736799161,2416.583736799161,True,True
671,36,2,116695.27,1,0,0,193201.86,0,True,False,True,0.5970143506834829,10502.5743,1567.5468940548838,1517.5468940548838,True,True
712,37,7,93978.96,2,1,0,60651.77,0,True,False,True,0.331526892981939,8458.1064,701.0224338256634,651.0224338256634,False,True
498,35,2,121968.11,2,0,1,188343.05,0,True,False,True,0.1829540955791456,10977.1299,502.0777182273242,452.0777182273242,False,True
660,37,2,97324.91,1,1,0,23291.83,0,False,False,True,0.3290889252415612,8759.2419,720.6423757004627,670.6423757004627,False,True
624,42,3,145155.37,1,1,0,72169.95,1,False,False,True,0.6195172372915697,13063.983299999998,2023.3407105098006,1973.3407105098006,True,True
592,28,5,137222.77,1,0,0,39608.58,0,False,False,True,0.2807635116041908,12350.0493,866.8608024882196,816.8608024882196,False,True
653,38,5,114268.22,2,1,1,89524.83,0,True,False,False,0.3492416712269645,10284.1398,897.9125427209351,847.9125427209351,False,True
550,40,8,150490.32,1,0,0,166468.21,1,False,False,False,0.589866951899292,13544.1288,1997.3084928468538,1947.3084928468538,True,True
643,28,9,160858.13,2,1,0,27149.27,0,True,False,True,0.2460491756824599,14477.2317,890.5277314872444,840.5277314872444,False,True
612,39,5,170288.38,1,1,1,59601.15,0,False,True,True,0.260347430260184,15325.9542,997.5181980638184,947.5181980638184,False,True
674,27,4,111568.01,1,0,1,22026.18,0,True,False,False,0.4443189931097184,10041.120899999998,1115.3651819952372,1065.3651819952372,False,True
657,29,7,83889.03,1,1,0,153059.62,0,False,True,True,0.283199480554674,7550.0127,534.539918705298,484.53991870529796,False,True
724,35,0,171982.95,2,0,1,167313.07,0,True,False,False,0.1682706518856622,15478.465500000002,651.1428699686832,601.1428699686832,False,True
688,20,8,137624.4,2,1,1,197582.79,0,False,False,True,0.1289213623039336,12386.196,399.2113155208833,349.2113155208833,False,True
599,50,3,121159.65,1,0,0,4033.39,1,False,False,True,0.7443326364626901,10904.3685,2029.1193386414275,1979.1193386414275,True,True
545,37,3,91184.01,1,1,0,105476.65,0,False,False,True,0.3536684749421613,8206.560899999999,725.6004695057426,675.6004695057426,False,True
690,54,1,144027.8,1,1,1,108731.02,1,True,False,False,0.7760696392652848,12962.502,2514.951062778883,2464.951062778883,True,True
712,29,8,140170.61,1,1,1,38170.04,0,False,False,False,0.2395055110516318,12615.354899999998,755.3617556055517,705.3617556055517,False,True
627,27,1,62092.9,1,1,1,105887.04,0,False,False,True,0.2256117771148446,5588.361,315.2000140923225,265.2000140923225,False,True
808,33,2,103516.87,1,1,0,113907.8,0,False,False,False,0.3378993683189655,9316.5183,787.0114121255206,737.0114121255206,False,True
597,43,2,85162.26,1,0,1,5104.08,1,False,True,True,0.4810492576021783,7664.603399999998,921.7629438462827,871.7629438462827,False,True
646,43,8,143061.88,1,1,0,61937.6,0,False,False,False,0.6392456495458526,12875.569199999998,2057.6628991316434,2007.6628991316434,True,True
731,33,5,137388.01,2,1,0,165000.68,0,False,True,False,0.2842851565890343,12364.9209,878.7908685668807,828.7908685668807,False,True
620,25,1,137712.01,1,1,1,76197.05,0,True,False,False,0.4192363434619327,12394.0809,1299.0122892718452,1249.0122892718452,False,True
484,40,7,106901.42,2,0,0,118045.98,0,True,False,True,0.3577143182299108,9621.127799999998,860.4037928949602,810.4037928949602,False,True
647,47,5,105603.21,2,1,1,157360.9,0,False,True,True,0.4071189424407296,9504.2889,967.3440114047912,917.3440114047912,False,True
688,40,8,150679.71,2,0,1,196226.38,0,True,False,False,0.2558486381748429,13561.173899999998,867.4019685918056,817.4019685918056,False,True
680,30,4,108300.27,2,0,1,44384.57,1,True,False,True,0.2540301659756798,9747.0243,619.009550174496,569.009550174496,False,True
689,46,7,52016.08,2,1,1,72993.65,0,False,False,False,0.3211061941543798,4681.4472000000005,375.81042338166947,325.81042338166947,False,True
513,34,7,60515.13,1,0,0,124571.09,0,True,False,True,0.3296484644777016,5446.3617,448.84619284879113,398.84619284879113,False,True
553,35,2,158584.28,2,1,0,43640.16,0,True,False,True,0.2493633936126508,14272.5852,889.7650702744236,839.7650702744236,False,True
689,47,2,118812.5,2,0,0,31121.42,0,True,False,True,0.6713129444116607,10693.125,1794.6083071779847,1744.6083071779847,True,True
687,47,1,91219.29,1,0,0,158845.49,1,True,False,False,0.9150097435067472,8209.736099999998,1877.9971307797705,1827.9971307797705,True,True
468,22,1,76318.64,1,1,1,194783.12,0,False,False,False,0.2349196284102723,6868.677599999999,403.3967973654902,353.3967973654902,False,True
522,25,1,111432.13,1,1,1,168683.57,0,True,False,True,0.3106824436394571,10028.8917,778.9501450878672,728.9501450878672,False,True
629,41,10,150148.51,1,0,0,6936.27,0,False,True,True,0.4029882142262578,13513.3659,1361.4317980567519,1311.4317980567519,False,True
729,32,7,38550.06,1,0,1,179230.23,0,False,False,False,0.3013757714629644,3469.505399999999,261.4062166299802,211.40621662998018,False,True
574,39,5,119013.86,1,1,0,103421.91,0,False,False,False,0.4755093511118979,10711.2474,1273.324575193251,1223.324575193251,False,True
677,39,0,111213.64,2,1,1,147578.26,0,True,False,False,0.4079608012451495,10009.2276,1020.8431278852662,970.8431278852662,False,True
627,28,5,71097.23,1,1,1,130504.49,0,True,False,True,0.1745539190869621,6398.750699999999,279.2317529863605,229.2317529863605,False,True
788,36,10,109632.85,1,1,1,16149.13,0,False,True,True,0.1944340579102237,9866.9565,479.61809787966456,429.61809787966456,False,True
697,63,7,148368.02,1,0,0,118862.08,1,False,False,True,0.8353849556780145,13353.121799999995,2788.7492657640314,2738.7492657640314,True,True
578,45,1,148600.91,1,1,0,143397.14,1,False,False,True,0.7619618515196344,13374.0819,2547.635051724807,2497.635051724807,True,True
519,48,10,71083.98,1,1,0,137959.0,0,False,False,True,0.7692117304403954,6397.5582,1230.2692034037852,1180.2692034037852,True,True
632,40,9,139625.34,1,1,0,93702.96,1,False,False,False,0.5802557399112339,12566.280599999998,1822.9141118712957,1772.9141118712957,True,True
615,64,0,81564.1,2,0,1,35896.09,0,False,False,True,0.2786248418863747,7340.769,511.33015048735024,461.33015048735024,False,True
755,28,7,124540.28,1,0,1,188850.89,0,False,False,False,0.2990842855828843,11208.6252,838.0809150770784,788.0809150770784,False,True
767,42,2,133616.39,1,1,0,28615.8,0,False,False,False,0.5829135521841533,12025.4751,1752.4531018107714,1702.4531018107714,True,True
752,38,10,101648.5,2,1,0,172001.44,0,True,False,False,0.4027564960074054,9148.365,921.1408578991967,871.1408578991967,False,True
633,26,8,124281.84,1,1,1,60116.57,0,False,False,False,0.2641196545422128,11185.3656,738.5687245500877,688.5687245500877,False,True
751,37,9,183613.66,2,0,0,49734.94,0,False,False,False,0.2797063676831344,16525.229399999997,1155.5529726511354,1105.5529726511354,False,True
754,65,1,136186.44,1,1,1,121529.59,1,True,False,True,0.7660724589102572,12256.7796,2347.39532162327,2297.39532162327,True,True
495,47,10,137682.68,1,1,0,71071.47,0,False,False,True,0.7433001977891296,12391.441199999996,2302.6401737130914,2252.6401737130914,True,True
650,34,4,106005.54,1,0,1,142995.32,0,False,False,True,0.198920338379071,9540.4986,474.4498024542633,424.4498024542633,False,True
529,31,6,152310.55,1,1,0,13054.25,0,False,False,False,0.3348935952807455,13707.9495,1147.6761229954745,1097.6761229954745,False,True
668,32,1,134446.04,1,0,1,111241.37,0,False,True,True,0.1903896896877967,12100.1436,575.9356462954448,525.9356462954448,False,True
591,38,2,142289.28,1,0,1,119638.85,0,False,False,False,0.2792187796296762,12806.035199999998,893.9213801096689,843.9213801096689,False,True
650,46,9,149003.76,2,1,0,176902.83,0,True,False,False,0.667884744356286,13410.3384,2239.1401085038215,2189.1401085038215,True,True
588,41,2,131341.46,2,0,1,7034.94,0,True,False,True,0.3227594051853578,11820.7314,953.8130588799704,903.8130588799704,False,True
712,29,7,77919.78,1,1,0,122547.58,0,False,True,False,0.3566650530582969,7012.780199999999,625.3034055297934,575.3034055297934,False,True
771,41,10,108309.0,4,1,1,137510.41,1,False,False,False,0.8979510649615585,9747.81,2188.264092635732,2138.264092635732,True,True
610,36,7,115462.02,1,0,1,42581.04,0,True,False,True,0.4524393153893404,10391.5818,1175.3900388510824,1125.3900388510824,False,True
758,23,5,122739.1,1,1,0,102460.84,1,True,False,False,0.5691455898839586,11046.519,1571.769393104839,1521.769393104839,True,True
634,53,3,113781.5,2,1,1,106345.05,1,True,False,False,0.6917357423682613,10240.335,1770.901433331172,1720.901433331172,True,True
710,43,9,128284.45,1,1,0,32996.89,1,False,False,True,0.6503227216308278,11545.6005,1877.0915850055617,1827.0915850055617,True,True
640,45,8,120591.19,1,0,0,195123.94,0,True,False,True,0.7797453174822264,10853.2071,2115.684353972463,2065.684353972463,True,True
551,59,2,166968.28,1,1,0,159483.76,1,False,False,False,0.8583861261340451,15027.1452,3224.7732387704527,3174.7732387704527,True,True
602,38,2,71667.97,2,0,0,137111.89,0,True,False,True,0.2107539111673908,6450.1173,339.8468621158627,289.8468621158627,False,True
727,31,3,82729.47,2,1,0,60212.51,0,True,False,False,0.2174569372011847,7445.6523,404.77718615573906,354.77718615573906,False,True
686,39,3,129626.19,2,1,1,103220.56,0,True,False,True,0.2707213305610926,11666.3571,789.5829292282124,739.5829292282124,False,True
684,26,2,114035.39,1,0,0,96885.19,0,True,False,False,0.5570065827122823,10263.1851,1429.1654150736535,1379.1654150736535,True,True
797,32,1,151922.94,1,1,0,8877.06,0,True,False,True,0.4091657379147271,13673.064599999998,1398.637391653683,1348.637391653683,False,True
653,27,6,107751.68,2,1,1,33389.42,0,False,True,False,0.1704486066942257,9697.651199999998,413.2377838116464,363.2377838116464,False,True
656,41,6,101179.23,2,1,1,35230.61,0,False,True,False,0.3017462482932911,9106.1307,686.9351937983402,636.9351937983402,False,True
706,36,9,58571.18,2,1,0,40774.01,0,True,False,True,0.1457411023505271,5271.406199999999,192.06513763135075,142.06513763135075,False,True
430,38,8,153058.64,1,1,0,99377.27,0,True,False,False,0.4433594255435844,13775.2776,1526.8497908598513,1476.8497908598513,False,True
745,35,4,98270.34,1,1,0,133617.43,0,True,False,True,0.4600839369354915,8844.3306,1017.2836105017593,967.2836105017593,False,True
747,43,1,130788.71,1,0,1,101495.0,1,False,False,True,0.4416492994638878,11770.9839,1299.6616983589254,1249.6616983589254,False,True
657,40,7,99165.84,1,0,1,119333.95,1,True,False,True,0.6205029163011593,8924.925599999999,1384.4855906427183,1334.4855906427183,True,True
651,23,4,115636.05,2,1,0,70400.86,0,False,True,True,0.1864033521750313,10407.2445,484.98631542628937,434.98631542628937,False,True
706,44,2,185932.18,2,1,0,65413.41,0,True,False,False,0.4008606248920155,16733.896199999996,1676.9900219025305,1626.9900219025305,False,True
632,30,2,72549.0,2,0,1,182728.8,0,True,False,True,0.0989265642804599,6529.41,161.48302451961942,111.48302451961942,False,True
651,29,3,121890.06,1,1,0,54530.51,1,True,False,True,0.5771732218332614,10970.1054,1582.9127693921146,1532.9127693921146,True,True
601,46,2,99786.07,1,1,1,32683.88,1,False,False,True,0.5264275009702877,8980.7463,1181.9279578892895,1131.9279578892895,True,True
626,27,4,115084.53,2,0,1,26907.43,0,True,False,True,0.2059046925459725,10357.6077,533.1700072450743,483.1700072450743,False,True
730,32,9,127661.69,1,0,0,60905.51,0,False,False,False,0.3441250247128552,11489.5521,988.4606000880344,938.4606000880344,False,True
604,47,4,118907.6,1,0,1,47777.15,1,True,False,False,0.8100513578889447,10701.684,2167.228413974598,2117.228413974598,True,True
499,44,6,77627.33,2,1,0,108222.68,0,True,False,False,0.5365301595247898,6986.459699999999,937.1115843386286,887.1115843386286,True,True
754,40,2,160625.17,1,0,1,3554.63,0,False,True,True,0.2787083403064587,14456.2653,1007.2704271982125,957.2704271982125,False,True
636,20,10,124266.86,1,0,0,100566.81,0,False,False,False,0.3363771337339735,11184.0174,940.5119291607217,890.5119291607217,False,True
470,25,8,127974.06,2,1,1,183259.35,0,False,False,False,0.2279263846107314,11517.6654,656.2949584445283,606.2949584445283,False,True
850,30,3,104911.35,2,1,1,42933.26,0,True,False,False,0.2119101434031274,9442.0215,500.215032520103,450.215032520103,False,True
774,43,1,110646.54,1,0,0,108804.28,0,False,True,False,0.5998936437600626,9958.1886,1493.463511125979,1443.463511125979,True,True
586,42,6,126704.49,2,1,0,41682.3,0,True,False,True,0.4326309460681523,11403.4041,1233.3663760451116,1183.3663760451116,False,True
660,31,1,84560.04,1,1,1,137784.25,0,False,True,True,0.195719439513811,7610.4036,372.3759817664723,322.3759817664723,False,True
557,38,2,129893.56,1,0,0,102076.03,0,True,False,False,0.6022454944021196,11690.4204,1760.1257533916564,1710.1257533916564,True,True
730,25,5,167385.81,1,1,1,56307.51,0,False,True,True,0.195549672446101,15064.722899999995,736.475407146569,686.475407146569,False,True
773,36,4,105858.71,1,0,1,4395.45,0,True,False,False,0.5026615594651324,9527.2839,1197.249845660262,1147.249845660262,True,True
510,44,4,123070.89,1,1,0,28461.29,1,True,False,False,0.8698667847243928,11076.380099999998,2408.743785993062,2358.743785993062,True,True
687,35,1,125141.24,2,1,1,148537.07,0,True,False,True,0.2103825365163295,11262.7116,592.3694586149719,542.3694586149719,False,True
557,46,4,96173.17,2,1,1,116378.31,0,False,False,False,0.4854408937366022,8655.585299999999,1050.4437659613488,1000.4437659613488,False,True
542,35,9,127543.11,2,1,0,468.94,1,True,False,False,0.4598749723308527,11478.8799,1319.7123941004204,1269.7123941004204,False,True
529,67,8,103101.56,2,1,1,154002.02,1,False,False,True,0.3943324091671991,9279.140399999998,914.7664472331717,864.7664472331717,False,True
714,54,7,126113.28,1,1,0,112777.38,0,False,False,True,0.8107690564288128,11350.1952,2300.59676314671,2250.59676314671,True,True
582,41,1,40488.76,1,1,0,128528.83,0,False,False,True,0.5101957472699804,3643.9884,464.7868461952851,414.7868461952851,True,True
609,40,10,137389.77,2,1,0,170122.22,0,True,False,False,0.4500844461337096,12365.079299999998,1391.3324670349741,1341.3324670349741,False,True
518,28,9,85146.36,1,0,0,2803.89,0,False,False,False,0.2750795256310058,7663.1724,526.9954571551541,476.9954571551541,False,True
791,35,5,129828.58,1,1,1,181918.26,1,True,False,True,0.4900295542177849,11684.5722,1431.4464265978806,1381.4464265978806,False,True
747,42,4,80214.36,1,1,0,115241.96,1,False,False,True,0.6310228535413895,7219.2924,1138.8846226994167,1088.8846226994167,True,True
735,34,1,141796.43,1,1,0,45858.49,0,False,False,True,0.3083390182596618,12761.6787,983.7308704258094,933.7308704258094,False,True
697,49,7,195238.29,4,0,1,131083.56,1,False,False,False,0.9309676817359812,17571.4461,4089.612110116437,4039.612110116437,True,True
813,27,6,111348.15,1,1,0,46422.46,0,True,False,True,0.5208329715164589,10021.3335,1304.860226340609,1254.860226340609,True,True
667,42,10,64404.26,2,0,0,26022.37,0,True,False,False,0.2693429943294262,5796.3834,390.30381530934505,340.30381530934505,False,True
637,40,9,154309.67,1,1,1,125334.16,1,True,False,True,0.5733556192806529,13887.8703,1990.6721190864719,1940.6721190864719,True,True
542,67,10,129431.36,1,0,1,21343.74,0,False,False,True,0.2786999624288239,11648.8224,811.6315913050105,761.6315913050105,False,True
762,43,5,134204.67,1,1,1,139971.01,0,False,True,False,0.484121381795889,12078.4203,1461.855381386879,1411.855381386879,False,True
671,48,9,116711.06,2,0,0,76373.38,0,True,False,False,0.7551799642297599,10503.9954,1983.1017176103906,1933.1017176103906,True,True
504,34,0,54980.81,1,1,1,136909.88,0,False,True,True,0.2590247807832737,4948.2729,320.43132579457847,270.43132579457847,False,True
751,37,3,99773.85,2,1,0,54865.92,0,False,True,False,0.2794860391947695,8979.6465,627.4214584135437,577.4214584135437,False,True
691,30,7,101231.77,2,0,0,156529.44,0,True,False,True,0.2712336535349695,9110.8593,617.7929136955137,567.7929136955137,False,True
841,32,2,117070.21,1,1,0,113482.2,0,True,False,True,0.5563662359046532,10536.3189,1465.513021671014,1415.513021671014,True,True
709,23,8,73314.04,2,1,0,63446.47,0,True,False,True,0.1450901635053388,6598.263599999999,239.3357861438313,189.3357861438313,False,True
541,37,9,212314.03,1,0,1,148814.54,0,False,False,True,0.2550059350822714,19108.2627,1218.180099402797,1168.180099402797,False,True
661,31,3,136067.82,2,1,0,65567.91,0,False,False,False,0.2433897854183568,12246.1038,745.144144023231,695.144144023231,False,True
784,42,2,109052.04,2,1,0,6409.55,0,False,True,False,0.4029097691887683,9814.683599999998,988.6079759841972,938.6079759841972,False,True
742,35,2,79126.17,1,1,1,126997.53,0,False,False,False,0.235077774716669,7121.3553,418.5180892226892,368.5180892226892,False,True
443,35,9,108308.0,1,1,0,129031.19,1,False,False,False,0.4155773128342854,9747.72,1012.7328209652551,962.7328209652551,False,True
778,48,3,102290.56,2,1,0,182691.31,0,True,False,False,0.6517900588089848,9206.1504,1500.1193276550898,1450.1193276550898,True,True
529,39,6,102025.08,2,1,0,12351.01,0,False,False,True,0.2121775461321388,9182.2572,487.0672001625409,437.0672001625409,False,True
678,37,2,113383.07,1,1,1,135123.96,0,True,False,False,0.5908981349992125,10204.4763,1507.4515035784161,1457.4515035784161,True,True
516,65,9,102541.1,1,1,0,181490.42,0,False,True,False,0.7363474378363208,9228.699,1698.8822158031542,1648.8822158031542,True,True
703,41,6,109941.51,1,1,0,116267.28,0,False,False,False,0.5447165066728543,9894.7359,1347.4564934746202,1297.4564934746202,True,True
579,41,0,141749.68,1,0,1,9201.53,0,True,False,True,0.5823493848233879,12757.4712,1857.3263763055222,1807.3263763055222,True,True
589,37,7,85146.48,2,1,0,86490.09,1,False,False,True,0.2636427958001388,7663.183199999999,505.0857608941634,455.0857608941634,False,True
691,44,6,134066.1,2,1,1,197572.41,0,False,False,False,0.3199382682075637,12065.949,965.0897068351964,915.0897068351964,False,True
621,35,7,87619.29,1,1,0,143.34,0,False,False,True,0.3081386282218021,7885.736099999998,607.4749760932858,557.4749760932858,False,True
697,43,8,103409.16,1,1,0,66893.28,1,True,False,True,0.8496492102412434,9306.8244,1976.8840003284834,1926.8840003284834,True,True
734,30,7,123040.38,1,1,1,76503.06,0,True,False,False,0.4827660992161618,11073.6342,1336.4937967201706,1286.4937967201706,False,True
434,41,4,108128.52,1,0,1,56784.11,0,False,False,True,0.3797064388583449,9731.5668,923.7846435350248,873.7846435350248,False,True
646,48,8,169023.33,2,1,1,175657.55,0,True,False,True,0.3427487816254027,15212.0997,1303.4821595347885,1253.4821595347885,False,True
749,42,9,222267.63,1,0,0,101108.85,1,False,True,True,0.6996693913302804,20004.0867,3499.061791376789,3449.061791376789,True,True
706,47,10,144090.42,1,1,0,140938.95,1,True,False,False,0.9183086963995888,12968.1378,2977.1884294620577,2927.1884294620577,True,True
728,30,10,114835.43,1,0,1,37662.49,0,False,False,True,0.1651031177120512,10335.1887,426.5929691280904,376.5929691280904,False,True
634,34,3,145030.92,1,1,1,41820.65,0,False,False,True,0.2022640457486096,13052.7828,660.0271643514661,610.0271643514661,False,True
627,43,8,71240.3,1,0,1,127734.16,0,False,False,True,0.4745532917550622,6411.627,760.6646745889086,710.6646745889086,False,True
518,59,5,138772.15,1,0,1,123872.0,0,False,False,True,0.4693065225467615,12489.4935,1465.3501907138452,1415.3501907138452,False,True
687,29,7,93617.07,1,0,1,113050.92,0,False,True,False,0.2138625117646831,8425.5363,450.47658902062864,400.47658902062864,False,True
450,25,9,74237.2,2,0,1,195463.35,0,False,True,True,0.119375063573424,6681.348,199.39658556404234,149.39658556404234,False,True
664,49,5,127421.78,2,1,0,108876.75,1,True,False,False,0.7838382437737919,11467.9602,2247.2564457089356,2197.2564457089356,True,True
663,28,8,61274.7,2,1,0,136054.45,0,False,True,False,0.2243616817325182,5514.722999999999,309.32313164224945,259.32313164224945,False,True
660,34,8,106486.66,2,0,1,182262.66,0,False,False,True,0.1431266266151887,9583.7994,342.9242195696674,292.9242195696674,False,True
579,29,10,73194.52,2,1,1,129209.09,0,False,False,False,0.1500666840201448,6587.506799999999,247.14132535903877,197.14132535903877,False,True
655,44,6,146498.76,1,1,0,64853.51,1,True,False,False,0.8715949270137422,13184.8884,2872.970460670584,2822.970460670584,True,True
574,30,5,120355.0,1,1,0,137793.35,0,False,True,True,0.3131099977599503,10831.95,847.8979600589735,797.8979600589735,False,True
795,32,2,117265.21,1,1,1,198317.23,0,False,False,True,0.196122514996238,10553.8689,517.4628279021449,467.4628279021449,False,True
705,37,3,109974.22,1,1,1,36320.87,1,True,False,False,0.5975394055555552,9897.6798,1478.5634260178065,1428.5634260178065,True,True
678,44,2,98009.13,2,0,1,31384.86,0,True,False,False,0.5556568640158812,8820.8217,1225.3375309663086,1175.3375309663086,True,True
677,34,10,171671.9,1,1,1,50777.77,0,False,True,False,0.2847174243036123,15450.470999999998,1099.754576849414,1049.754576849414,False,True
727,61,0,128213.96,2,1,1,188729.08,1,False,False,True,0.4560219122747836,11539.2564,1315.538442439259,1265.538442439259,False,True
773,51,8,116197.65,2,1,1,86701.4,0,True,False,True,0.5974570485284478,10457.7885,1562.019862836186,1512.019862836186,True,True
649,36,6,86607.39,1,0,0,19825.09,0,False,True,False,0.3770889385473599,7794.6651,734.8204972227878,684.8204972227878,False,True
761,62,5,98854.34,1,0,0,86920.97,1,True,False,True,0.924269076606312,8896.890599999999,2055.780214882344,2005.780214882344,True,True
681,31,4,97338.19,2,0,0,48226.76,0,True,False,True,0.2310339623304995,8760.4371,505.9896237400275,455.9896237400275,False,True
452,33,6,131698.57,2,1,0,151623.91,0,False,False,False,0.2781342402669663,11852.8713,824.1723385019073,774.1723385019073,False,True
807,37,10,130110.45,2,0,1,172097.95,0,True,False,True,0.2213110263527535,11709.9405,647.8847376461689,597.8847376461689,False,True
603,24,1,165149.13,2,1,0,21858.28,0,False,True,True,0.2947582824234129,14863.4217,1095.279162806721,1045.279162806721,False,True
617,37,9,101707.8,1,1,0,123866.28,0,False,True,False,0.3702691474682747,9153.702,847.3333589296602,797.3333589296602,False,True
701,34,3,105588.66,1,0,1,74694.41,0,False,False,False,0.2410190468522756,9502.9794,572.5997593112024,522.5997593112024,False,True
820,39,9,111336.89,1,1,0,16770.31,1,True,False,True,0.641728894803601,10020.3201,1607.5822358378273,1557.5822358378273,True,True
438,60,7,78391.17,1,0,1,49424.6,0,False,False,True,0.4925817109873695,7055.2053,868.8162745102894,818.8162745102894,False,True
638,41,9,144326.09,1,1,0,73979.85,1,True,False,False,0.7322596430579423,12989.3481,2377.89385081534,2327.89385081534,True,True
850,27,1,101278.25,2,1,1,26265.18,0,True,False,True,0.1750528012658298,9115.0425,398.9034308205231,348.9034308205231,False,True
741,19,8,108711.57,2,1,0,24857.25,0,True,False,False,0.3388472166518887,9784.0413,828.8237905280319,778.8237905280319,False,True
689,73,1,108555.07,1,0,1,167969.15,0,False,True,True,0.2329286545919247,9769.956300000002,568.9256940952247,518.9256940952247,False,True
743,35,1,146781.24,1,1,0,189307.7,0,True,False,False,0.5038762203027494,13210.311599999995,1664.0904695073907,1614.0904695073907,True,True
537,66,8,103291.25,2,1,1,130664.79,0,True,False,True,0.5152792931141295,9296.2125,1197.5364514096834,1147.5364514096834,True,True
706,29,1,209490.21,1,1,1,133267.69,1,False,True,False,0.4519739757408894,18854.1189,2130.392769581111,2080.392769581111,False,True
691,37,9,149405.18,1,1,1,146411.6,0,False,False,True,0.1873346877119504,13446.4662,629.7473866015741,579.7473866015741,False,True
510,52,6,191665.21,1,1,1,131312.56,1,False,False,False,0.6818086285916699,17249.8689,2940.2773645237744,2890.2773645237744,True,True
721,41,6,135071.12,1,1,1,64477.25,0,False,False,True,0.318362130266962,12156.4008,967.5344137667502,917.5344137667502,False,True
681,38,6,181804.34,2,1,1,57517.71,0,True,False,True,0.1931687815143233,16362.3906,790.1757637158544,740.1757637158544,False,True
586,60,3,47020.65,2,0,1,63241.21,1,False,False,False,0.3933944044969346,4231.8585,416.19736363069774,366.19736363069774,False,True
753,36,7,128518.98,1,1,1,44567.83,1,False,False,False,0.2615378340361814,11566.7082,756.2829523891346,706.2829523891346,False,True
593,38,5,142658.04,2,0,1,135337.11,0,True,False,False,0.2582037817111688,12839.2236,828.7840219388218,778.7840219388218,False,True
674,21,9,120150.39,2,1,1,33964.03,0,False,False,False,0.163040191662794,10813.5351,440.7602088140875,390.7602088140875,False,True
610,35,7,81905.95,1,1,1,61623.19,0,False,False,False,0.2517082363341332,7371.5355,463.86904994486315,413.86904994486315,False,True
652,26,3,137998.2,2,0,1,168989.77,0,False,False,True,0.1328669452157344,12419.838,412.54648378357405,362.54648378357405,False,True
850,26,8,123126.29,1,1,0,74425.41,0,True,False,False,0.5326201472381262,11081.3661,1475.539710945395,1425.539710945395,True,True
637,43,1,135645.29,2,0,1,101382.86,1,True,False,True,0.576796940598724,12208.0761,1760.3952362691005,1710.3952362691005,True,True
685,31,7,122449.31,2,1,1,180769.55,0,False,True,True,0.130425520605887,11020.4379,359.336587603087,309.336587603087,False,True
558,40,4,161766.87,1,0,0,92378.54,0,False,True,True,0.4203479435506909,14559.0183,1529.9633506304688,1479.9633506304688,False,True
592,36,10,123187.51,1,0,1,146111.35,0,True,False,True,0.4307704631889074,11086.8759,1193.9746666902336,1143.9746666902336,False,True
652,36,9,150956.71,1,0,0,72350.17,0,True,False,True,0.4748653605651703,13586.103899999998,1612.8925317873413,1562.8925317873413,False,True
662,42,6,105021.28,1,1,0,48242.38,0,False,True,False,0.5808132496671657,9451.9152,1372.4493957226196,1322.4493957226196,True,True
675,50,1,133204.91,1,0,1,8270.06,0,False,True,False,0.5181301034433397,11988.4419,1552.8931604428667,1502.8931604428667,True,True
611,49,9,115488.52,2,1,1,138656.81,1,True,False,False,0.6918762813379047,10393.9668,1797.8347744834102,1747.8347744834102,True,True
562,39,6,130565.02,1,1,0,9854.72,1,True,False,False,0.72599436470259,11750.8518,2132.763046813822,2082.763046813822,True,True
599,41,2,91328.71,1,1,0,115724.78,0,False,False,False,0.5595393223584094,8219.5839,1149.7951013685229,1099.7951013685229,True,True
594,50,7,81310.34,1,1,1,183868.01,0,False,False,True,0.5052691203867219,7317.9306,924.3810893282689,874.3810893282689,True,True
657,34,3,107136.6,1,1,0,153895.46,0,False,False,True,0.2835077376546139,9642.294,683.4162394351644,633.4162394351644,False,True
558,33,0,108477.49,1,1,1,109096.71,1,False,False,True,0.1909247094126904,9762.9741,465.99824826153065,415.99824826153065,False,True
606,40,1,144757.97,2,1,1,166656.18,0,True,False,True,0.3190812231417154,13028.2173,1039.2648778600142,989.2648778600142,False,True
557,36,1,113110.26,1,1,0,98413.1,0,False,True,True,0.3366413757714248,10179.9234,856.74585465593,806.74585465593,False,True
614,27,9,106414.57,2,0,0,77500.81,0,False,False,False,0.2106793195016458,9577.3113,504.43535683485567,454.43535683485567,False,True
620,42,4,106920.91,1,0,1,119747.08,0,False,True,True,0.3818160644502352,9622.8819,918.5427239318504,868.5427239318504,False,True
729,39,1,131513.26,1,1,1,193715.0,0,True,False,False,0.5999927933733977,11836.1934,1775.4076852434434,1725.4076852434434,True,True
457,40,10,134320.23,2,1,0,150757.35,0,False,False,True,0.3063582117207179,12088.8207,925.8773728660993,875.8773728660993,False,True
559,29,3,79715.36,1,1,0,82252.28,0,False,False,False,0.3740729988332328,7174.3824,670.9356847860915,620.9356847860915,False,True
664,38,4,74306.19,2,1,0,154395.56,0,False,False,False,0.2952160880101427,6687.5571,493.5686113516137,443.5686113516137,False,True
782,42,7,126428.38,1,1,0,39830.1,0,True,False,True,0.6899879148634596,11378.5542,1962.766221654715,1912.766221654715,True,True
708,38,8,99640.89,1,1,0,12429.22,0,False,True,True,0.3390356440782311,8967.6801,760.090799647759,710.090799647759,False,True
681,43,3,66338.68,1,1,1,18772.5,1,False,False,True,0.4979257393450392,5970.481199999999,743.2140664389141,693.2140664389141,False,True
697,43,10,128226.37,1,0,0,188486.94,0,False,True,True,0.5262704537988834,11540.3733,1518.3393733998792,1468.3393733998792,True,True
808,24,4,122168.65,1,1,0,174107.04,0,False,False,True,0.2874301748500031,10995.1785,790.0865196904987,740.0865196904987,False,True
678,43,7,178074.33,1,0,0,110405.9,0,False,False,False,0.6382846754745097,16026.6897,2557.397608523792,2507.397608523792,True,True
813,59,2,135078.41,1,1,0,187636.06,1,True,False,True,0.9023715101525462,12157.0569,2742.545448465858,2692.545448465858,True,True
687,38,8,69434.4,2,1,1,66580.13,1,False,True,True,0.2123328844786972,6249.096,331.7221447660722,281.7221447660722,False,True
526,34,3,122726.56,1,1,1,46772.36,0,True,False,True,0.4611955124295046,11045.390399999998,1273.5211213779824,1223.5211213779824,False,True
457,38,7,164496.99,1,1,1,163327.27,0,False,False,False,0.3604591371152938,14804.729099999997,1334.12496915292,1284.12496915292,False,True
669,41,0,150219.41,2,0,0,107839.03,0,False,False,False,0.3489281108615363,13519.7469,1179.354936285778,1129.354936285778,False,True
668,42,8,187534.79,1,1,1,32900.41,1,False,False,True,0.4709495667851288,16878.1311,1987.187132421902,1937.187132421902,False,True
610,34,0,103108.17,1,0,0,125646.82,0,False,False,True,0.2776516903584603,9279.735299999998,644.1335480310183,594.1335480310183,False,True
582,50,6,96486.57,2,1,1,20344.02,0,True,False,False,0.6360300008291029,8683.7913,1380.7879469346892,1330.7879469346892,True,True
702,36,9,90560.48,2,1,0,174268.87,0,True,False,True,0.2957115728521403,8150.4432,602.5450945285078,552.5450945285078,False,True
556,46,3,131764.96,1,1,1,108500.66,1,False,True,True,0.507662167798426,11858.8464,1505.07191775314,1455.07191775314,True,True
812,24,1,92476.88,1,0,0,83247.14,0,False,True,False,0.3127632196257712,8322.9192,650.775751419287,600.775751419287,False,True
645,47,9,152076.93,1,1,0,121840.2,1,True,False,True,0.8773010839457674,13686.9237,3001.8882494732534,2951.8882494732534,True,True
744,29,1,43504.42,1,1,1,119327.75,0,False,False,True,0.1963628297632784,3915.3978,192.2096479142287,142.2096479142287,False,True
686,38,2,93569.86,3,0,0,10137.34,1,True,False,False,0.7512609553109936,8421.287400000001,1581.6461042681085,1531.6461042681085,True,True
668,45,4,102486.21,2,1,1,158379.25,0,False,True,True,0.3825100450104082,9223.7589,882.0451080010383,832.0451080010383,False,True
435,37,8,114346.3,1,0,1,980.93,1,True,False,True,0.5684187017282767,10291.167,1462.4229463522208,1412.4229463522208,True,True
743,23,3,110203.77,1,1,0,95583.45,0,False,False,True,0.2791607098760324,9918.3393,692.2026599448376,642.2026599448376,False,True
580,39,9,128362.59,1,1,0,86044.98,0,False,False,False,0.475306756030563,11552.6331,1372.7611405930766,1322.7611405930766,False,True
599,49,10,143888.22,2,1,1,166236.38,1,True,False,False,0.6077309690807552,12949.9398,1967.5198660478602,1917.5198660478602,True,True
534,34,5,170600.78,1,0,1,5240.53,0,False,True,True,0.2039130177360159,15354.0702,782.7236972531582,732.7236972531582,False,True
485,39,2,75339.64,1,1,1,70665.16,0,False,False,False,0.3861125451980946,6780.567599999999,654.5155534809339,604.5155534809339,False,True
699,40,8,122038.34,1,1,0,102085.35,0,False,False,False,0.5426022007672199,10983.450599999998,1489.91111689451,1439.91111689451,True,True
603,51,8,186825.57,1,1,0,93739.71,1,False,False,True,0.8143501886097981,16814.3013,3423.182358749243,3373.182358749243,True,True
850,40,6,124788.18,1,1,0,65612.12,0,False,False,True,0.4727871159610912,11230.936199999998,1327.460483885254,1277.460483885254,False,True
586,51,2,138553.57,1,1,1,92406.22,0,False,False,True,0.5137856606580797,12469.8213,1601.7038437271735,1551.7038437271735,True,True
520,35,9,105387.89,1,1,1,25059.06,0,False,False,True,0.2094331537392668,9484.9101,496.6136587941061,446.6136587941061,False,True
683,40,4,95053.1,1,1,1,116816.54,1,False,True,True,0.3458328448910956,8554.778999999999,739.6308897461504,689.6308897461504,False,True
786,34,3,137361.96,1,0,0,183682.09,0,False,False,True,0.2662134558768583,12362.5764,822.7710467464224,772.7710467464224,False,True
593,32,10,158537.42,1,1,0,166850.57,0,False,True,True,0.2707227587869346,14268.367800000002,965.6929735506662,915.6929735506662,False,True
657,48,5,143595.87,1,0,0,101314.65,1,True,False,False,0.9231551390370218,12923.628299999998,2982.628470037322,2932.628470037322,True,True
718,32,9,169947.41,2,1,1,27979.16,0,True,False,True,0.1624562348356837,15295.2669,621.202867845215,571.202867845215,False,True
623,24,7,148167.83,2,1,1,109470.34,0,False,False,False,0.1824713540532787,13335.1047,608.3186527628102,558.3186527628102,False,True
429,39,6,48023.83,1,1,0,74870.99,0,False,False,False,0.5062350549637076,4322.1447,547.0052899413994,497.0052899413994,True,True
606,36,1,155655.46,1,1,1,192387.51,1,False,False,True,0.3015573865368453,14008.9914,1056.1287086502853,1006.1287086502853,False,True
673,32,8,121240.76,1,1,0,116969.73,0,False,False,True,0.2752683255656609,10911.6684,750.9091723989335,700.9091723989335,False,True
550,35,9,129847.75,2,1,0,197325.4,0,True,False,True,0.2766375779934579,11686.2975,808.2172590277505,758.2172590277505,False,True
625,55,8,118772.71,4,0,0,135853.62,1,True,False,False,0.9641465814607766,10689.5439,2576.5718021399744,2526.5718021399744,True,True
682,32,2,105163.88,2,1,1,164170.46,0,True,False,True,0.1669443575386114,9464.7492,395.02161861452157,345.02161861452157,False,True
569,35,4,93934.63,1,1,0,184748.23,0,False,False,False,0.4123037591591181,8454.1167,871.4160239449697,821.4160239449697,False,True
724,69,5,117866.92,1,1,1,62280.91,0,False,False,False,0.3188879826008852,10608.0228,845.6927475190485,795.6927475190485,False,True
713,26,4,122857.46,2,1,0,144682.17,1,False,True,False,0.3160728758596013,11057.1714,873.7179908176334,823.7179908176334,False,True
846,37,6,127103.97,1,1,1,41516.44,0,False,False,False,0.2716306495908776,11439.3573,776.820013575287,726.820013575287,False,True
567,54,9,96402.96,1,0,0,52035.29,1,False,False,True,0.8125095012808035,8676.2664,1762.387221410848,1712.387221410848,True,True
731,31,1,132512.26,1,1,1,185466.85,0,False,False,True,0.1969476102564472,11926.1034,587.2043910753224,537.2043910753224,False,True
693,47,8,107604.66,1,1,1,80149.27,0,False,True,True,0.419951301559555,9684.4194,1016.7461329696513,966.7461329696513,False,True
774,34,4,120875.23,2,0,1,113407.26,0,True,False,True,0.2396151130460665,10878.7707,651.6794677706839,601.6794677706839,False,True
667,37,9,71786.9,2,1,1,67734.79,0,False,False,False,0.1942223840907308,6460.821,313.70901445086486,263.70901445086486,False,True
516,37,8,113143.12,1,0,0,3363.36,0,False,False,False,0.3421181845840619,10182.8808,870.9371732829751,820.9371732829751,False,True
551,49,1,150777.72,2,1,1,135757.27,0,False,True,True,0.3820829030174314,13569.9948,1296.215751778862,1246.215751778862,False,True
542,35,2,174894.53,1,1,1,22314.55,0,False,True,True,0.235984197691042,15740.5077,928.6277702085422,878.6277702085422,False,True
701,43,2,160416.56,1,0,1,37266.43,0,False,False,False,0.5119550252766372,14437.4904,1847.8364406658018,1797.8364406658018,True,True
583,48,3,91246.53,1,1,0,60017.46,1,False,False,True,0.7576387414889636,8212.1877,1555.4678884747866,1505.4678884747866,True,True
702,23,7,98775.23,1,1,0,114603.96,0,True,False,False,0.4668095034679237,8889.7707,1037.4573616026742,987.4573616026742,False,True
565,47,10,139756.12,1,1,0,165849.49,1,True,False,False,0.9241421796558748,12578.050799999995,2905.9768205335786,2855.9768205335786,True,True
711,42,3,177626.77,3,0,1,16392.72,1,False,True,True,0.8755165845679808,15986.409299999998,3499.0916174604504,3449.0916174604504,True,True
585,37,6,152496.82,1,1,1,99907.29,0,True,False,True,0.4136660289058496,13724.7138,1419.3619638788282,1369.3619638788282,False,True
568,26,1,112930.28,2,1,0,22095.73,0,True,False,True,0.2827379926129825,10163.7252,718.417815129496,668.417815129496,False,True
602,26,8,113674.2,1,1,0,197861.16,1,True,False,False,0.5924145075418363,10230.678,1515.2005172972747,1465.2005172972747,True,True
687,38,0,144450.58,1,0,1,137276.83,0,False,False,True,0.2147012584321797,13000.552199999998,697.8087294133104,647.8087294133104,False,True
741,52,1,171236.3,2,0,0,21834.4,1,False,False,True,0.5925613993280444,15411.266999999996,2283.030484734528,2233.030484734528,True,True
469,37,9,96776.49,1,1,1,119890.86,0,False,True,True,0.2203701776695365,8709.8841,479.84967664951773,429.84967664951773,False,True
477,58,8,145984.92,1,1,1,24564.7,0,True,False,False,0.7135285312276612,13138.6428,2343.6991248522218,2293.6991248522218,True,True
737,43,8,96353.8,1,0,0,10209.8,0,True,False,True,0.703456731605944,8671.842,1525.0664075807883,1475.0664075807883,True,True
717,33,0,115777.23,1,1,1,81508.1,0,True,False,False,0.5019737159949647,10419.9507,1307.6353433408333,1257.6353433408333,True,True
562,51,7,122822.0,2,0,0,32626.21,0,False,False,False,0.7024595835806622,11053.98,1941.243546927242,1891.243546927242,True,True
650,32,4,79450.09,1,1,1,118324.75,0,False,True,False,0.2417264495592242,7150.5081,432.1167338893685,382.1167338893685,False,True
582,33,2,122394.0,1,1,1,22113.93,0,True,False,True,0.4103905038220962,11015.46,1130.160044808037,1080.160044808037,False,True
567,41,0,134378.89,1,1,1,105746.94,0,True,False,True,0.5843398032438707,12094.1001,1766.7660182114191,1716.7660182114191,True,True
631,31,2,88161.85,2,1,0,127630.88,0,False,True,False,0.2599650822449457,7934.566500000001,515.6775581876228,465.6775581876228,False,True
623,41,2,142412.13,1,1,0,28778.98,0,False,True,True,0.4577378787462378,12817.0917,1466.7170916135028,1416.7170916135028,False,True
514,35,3,121030.9,1,1,0,10008.68,0,False,False,True,0.3178486968453327,10892.781,865.5640614679,815.5640614679,False,True
650,35,3,165982.43,2,1,1,24482.16,0,True,False,False,0.1577871843511229,14938.418699999998,589.2727563327904,539.2727563327904,False,True
504,32,8,206663.75,1,0,0,16281.94,0,False,False,False,0.396009171975631,18599.7375,1841.4166615847732,1791.4166615847732,False,True
723,37,3,94661.53,2,1,0,121239.65,0,True,False,True,0.334115802359419,8519.537699999999,711.6280435917047,661.6280435917047,False,True
645,25,0,174400.36,1,1,0,42669.37,0,False,False,True,0.3090180341905608,15696.032399999996,1212.589269209837,1162.589269209837,False,True
664,41,7,123428.69,1,1,1,164924.11,0,False,True,True,0.3068018007296158,11108.5821,852.0332479581944,802.0332479581944,False,True
760,43,6,175735.5,1,1,1,157337.29,0,False,True,True,0.3783655002180949,15816.195,1496.0756331804828,1446.0756331804828,False,True
766,36,5,78381.13,1,0,1,153831.6,0,False,True,True,0.2071393305633535,7054.3017,365.3058329324817,315.3058329324817,False,True
634,37,5,115345.86,2,0,0,168781.8,0,False,False,True,0.2635775964502592,10381.1274,684.058152133982,634.058152133982,False,True
640,31,10,118613.34,1,1,0,168469.65,0,True,False,False,0.5398695512523128,10675.200599999998,1440.803939362605,1390.803939362605,True,True
784,28,2,109960.06,2,1,1,170829.87,0,True,False,True,0.1640613096180574,9896.4054,405.9043076088038,355.9043076088038,False,True
547,42,1,142703.4,1,1,0,86207.49,1,True,False,False,0.7060848209166686,12843.306,2267.115854246994,2217.115854246994,True,True
608,40,8,121729.42,1,0,0,61164.45,0,True,False,False,0.7070421500584158,10955.6478,1936.5261939486882,1886.5261939486882,True,True
612,43,4,139496.35,2,1,1,77128.23,0,False,False,False,0.4344790733945145,12554.6715,1363.68551002313,1313.68551002313,False,True
615,32,5,138521.83,1,1,1,56897.1,0,False,True,True,0.2268073460402268,12466.9647,706.8997941960481,656.8997941960481,False,True
674,38,10,83727.68,1,1,0,45418.12,0,True,False,False,0.4967985534374782,7535.491199999999,935.9052819002115,885.9052819002115,False,True
688,32,6,124179.3,1,1,1,138759.15,0,False,True,True,0.1991423225872154,11176.137,556.4104699332285,506.41046993322846,False,True
605,36,7,128829.25,1,1,0,190588.59,0,False,False,True,0.3351099528607467,11594.6325,971.3691876281704,921.3691876281704,False,True
676,33,6,171490.78,1,0,0,79099.64,0,False,False,True,0.3019959878781041,15434.1702,1165.264369156949,1115.264369156949,False,True
475,40,7,160818.08,1,0,1,169642.13,1,False,False,True,0.4005993901389893,14473.6272,1449.531557354772,1399.531557354772,False,True
751,54,9,156367.6,2,0,1,116179.92,0,True,False,True,0.4730771875722564,14073.084,1664.4137497970303,1614.4137497970303,False,True
645,59,8,121669.93,2,0,0,91.75,1,True,False,False,0.7321806732488028,10950.293699999998,2004.3983533845305,1954.3983533845305,True,True
775,42,6,133970.22,2,0,1,187839.9,0,False,False,True,0.2432062220683037,12057.3198,733.1037992068387,683.1037992068387,False,True
591,34,3,96127.27,1,0,0,30972.06,0,False,False,False,0.3493832666620803,8651.4543,755.6683411779253,705.6683411779253,False,True
596,60,7,121907.97,1,0,1,30314.04,0,False,True,True,0.3980352530511692,10971.7173,1091.7825679778477,1041.7825679778477,False,True
830,40,8,77701.64,1,0,1,19512.38,0,True,False,False,0.400495097374169,6993.1476,700.180332253484,650.180332253484,False,True
718,34,5,113922.44,2,1,0,30772.22,0,False,True,True,0.1679245362614249,10253.0196,430.433390402325,380.433390402325,False,True
655,61,2,183997.7,2,1,1,161217.18,0,True,False,False,0.3913406413257227,16559.793,1620.1300032103036,1570.1300032103036,False,True
640,47,6,89799.46,2,0,1,13783.77,1,False,False,False,0.5015738207451358,8081.9514,1013.4238106936248,963.4238106936248,True,True
546,36,7,85660.96,1,0,0,134778.01,0,False,True,False,0.3791947535236595,7709.486400000001,730.8491988105013,680.8491988105013,False,True
802,37,9,115569.21,1,0,1,119782.89,0,True,False,True,0.4989169271439365,10401.2289,1297.3372903271766,1247.3372903271766,False,True
590,45,2,81828.22,1,1,0,52167.97,0,False,False,False,0.7567393491231968,7364.5398,1393.2592637109694,1343.2592637109694,True,True
594,18,1,132694.73,1,1,0,167689.56,0,True,False,True,0.4284171978277074,11942.525700000002,1279.095848844845,1229.095848844845,False,True
577,51,2,108867.0,1,0,0,140800.66,1,False,True,True,0.8252892725371745,9798.03,2021.5522627493533,1971.5522627493533,True,True
806,34,2,96152.68,2,1,0,143711.02,0,True,False,True,0.2108138632250802,8653.7412,456.08215343051035,406.08215343051035,False,True
723,49,0,153855.52,1,1,1,180862.26,1,True,False,False,0.7786074756620949,13846.996799999995,2695.3438059872756,2645.3438059872756,True,True
768,36,3,141334.95,1,0,1,125870.5,0,False,False,False,0.2616941161064843,12720.1455,832.1968083420935,782.1968083420935,False,True
653,41,1,104584.11,1,1,0,15126.32,1,True,False,True,0.746605573998237,9412.5699,1756.8692882470073,1706.8692882470073,True,True
803,50,8,98173.02,1,0,0,22457.25,1,True,False,False,0.909578141599194,8835.5718,2009.1607444525614,1959.1607444525614,True,True
581,38,3,135157.05,1,1,1,32919.42,0,True,False,False,0.5875546224591686,12164.134499999998,1786.7733634225115,1736.7733634225115,True,True
513,49,5,171601.27,1,1,0,126223.84,0,True,False,False,0.7274641242327321,15444.1143,2808.7597709499287,2758.7597709499287,True,True
731,29,5,179539.2,1,0,0,112010.02,0,False,False,True,0.3378670243593757,16158.528000000002,1364.8584433469139,1314.8584433469139,False,True
727,39,5,80615.46,2,0,0,180962.32,0,True,False,True,0.2189154706190185,7255.3914,397.0793557140449,347.0793557140449,False,True
766,27,5,126285.73,1,1,0,177614.17,1,True,False,True,0.5597126881701124,11365.7157,1590.383821856063,1540.383821856063,True,True
630,23,4,137964.51,1,0,1,174570.55,0,True,False,False,0.4087927604093771,12416.8059,1268.97508983211,1218.97508983211,False,True
652,41,9,159434.03,1,1,0,178373.93,0,True,False,True,0.5711713645561096,14349.0627,2048.943430615044,1998.9434306150438,True,True
729,40,5,113574.61,2,1,0,103396.08,0,True,False,True,0.4432988896715625,10221.7149,1132.8187164273168,1082.8187164273168,False,True
667,33,9,124573.33,2,0,0,683.37,0,True,False,True,0.3039114595057767,11211.5997,851.833407055382,801.833407055382,False,True
671,31,6,105864.6,2,1,0,145567.34,0,True,False,False,0.3468887917124085,9527.814,826.2729715301424,776.2729715301424,False,True
768,47,5,104552.61,1,1,0,48137.08,1,True,False,False,0.8983658328838442,9409.7349,2113.3460826636688,2063.3460826636688,True,True
765,46,8,119492.88,2,0,1,166896.01,1,True,False,False,0.6615124143233702,10754.3592,1778.535529723187,1728.535529723187,True,True
704,33,0,130499.09,2,1,1,74804.36,0,False,False,False,0.1711465851338464,11744.9181,502.5256563729259,452.5256563729259,False,True
470,48,6,140576.11,1,1,1,116971.05,0,False,True,False,0.5518566223632114,12651.849899999996,1745.501788115083,1695.501788115083,True,True
688,34,9,91025.58,2,0,1,163783.0,0,True,False,False,0.1859036331596103,8192.302199999998,380.74468573036705,330.74468573036705,False,True
567,38,1,125877.65,2,1,1,107841.77,0,False,False,False,0.2195310139740921,11328.9885,621.7660831764572,571.7660831764572,False,True
720,64,3,45752.78,2,1,0,79623.28,1,False,True,True,0.6548784840316136,4117.7502,674.1565021492186,624.1565021492186,True,True
609,39,3,121778.71,1,1,1,138399.67,0,False,False,True,0.2923214487610814,10960.0839,800.9669010477508,750.9669010477508,False,True
521,49,2,127948.57,1,1,1,182765.14,0,True,False,False,0.8076309680665755,11515.3713,2325.0426176662654,2275.0426176662654,True,True
662,30,5,115286.68,2,1,1,149587.92,0,True,False,True,0.1734944051519116,10375.8012,450.03586429212265,400.03586429212265,False,True
704,41,9,62078.21,2,1,0,129050.67,0,True,False,True,0.2744986925809614,5587.0389,383.4087183622431,333.4087183622431,False,True
619,32,4,175406.13,2,1,1,172792.43,1,False,True,False,0.3905104724315177,15786.5517,1541.2034406078947,1491.2034406078947,False,True
468,26,1,131643.25,1,1,0,64436.16,0,False,True,True,0.312246783216796,11847.892499999998,924.8665802558506,874.8665802558506,False,True
435,44,3,151739.65,1,1,0,167461.5,0,True,False,True,0.6753523641068061,13656.568499999998,2305.7489555153843,2255.7489555153843,True,True
529,43,6,93616.35,2,0,0,98348.66,0,False,False,True,0.4198115319286293,8425.4715,884.2775244090016,834.2775244090016,False,True
702,60,5,138597.54,2,1,1,41536.59,1,True,False,False,0.6029754054964929,12473.7786,1880.3454273521188,1830.3454273521188,True,True
666,27,1,85225.21,1,0,1,64511.44,0,False,False,False,0.2163489000460646,7670.2689,414.8635598931345,364.8635598931345,False,True
730,36,8,148749.29,2,1,0,91830.75,0,False,False,False,0.2702653434016474,13387.4361,904.5400037085278,854.5400037085278,False,True
647,52,7,130013.12,1,1,1,190806.36,1,True,False,True,0.7416403659645125,11701.1808,2169.517002682232,2119.517002682232,True,True
736,54,7,111729.47,2,0,1,84920.49,0,False,False,True,0.4182794259478437,10055.6523,1051.5181178937785,1001.5181178937785,False,True
768,36,5,180169.44,2,1,0,17348.56,0,False,False,False,0.3087123761010017,16215.2496,1251.4620582717043,1201.4620582717043,False,True
736,36,8,103914.17,1,1,1,110035.88,1,True,False,False,0.5763731201314671,9352.2753,1347.6000237473631,1297.6000237473631,True,True
608,34,4,88772.87,1,1,1,168822.01,0,False,False,False,0.278786887557387,7989.5583,556.846022853822,506.846022853822,False,True
745,40,6,131184.67,1,1,1,49815.62,0,False,False,False,0.3807996758637177,11806.6203,1123.9892958214975,1073.9892958214975,False,True
781,38,2,117810.79,1,0,1,65632.33,1,False,False,True,0.2315158026751775,10602.9711,613.6888412395524,563.6888412395524,False,True
595,32,0,92466.21,1,1,0,4721.3,0,True,False,False,0.4258718903029704,8321.9589,886.022091941657,836.022091941657,False,True
850,38,2,102741.15,2,0,1,23974.85,0,True,False,False,0.2437053752578366,9246.7035,563.3678365913627,513.3678365913627,False,True
569,37,9,178755.84,1,1,0,199929.17,0,False,False,True,0.3742465463363289,16088.0256,1505.2220045426116,1455.2220045426116,False,True
473,32,5,146602.25,2,1,1,72946.95,0,True,False,False,0.1492280580900206,13194.2025,492.23630428037376,442.23630428037376,False,True
597,38,6,115702.67,2,1,1,25059.05,0,False,True,True,0.1600580740638561,10413.2403,416.6807967955328,366.6807967955328,False,True
445,61,2,137655.31,1,0,1,29909.84,0,True,False,False,0.7381248819364885,12388.977899999998,2286.153212437816,2236.153212437816,True,True
656,34,6,59877.33,1,1,0,14032.62,1,False,True,False,0.4971200551392416,5388.959699999999,669.7399858017877,619.7399858017877,False,True
658,31,5,100082.14,1,0,1,49809.88,0,False,False,True,0.1827243974659804,9007.3926,411.4675963936326,361.4675963936326,False,True
698,52,10,107304.39,3,1,0,28806.32,1,True,False,True,0.939005784846086,9657.3951,2267.087466361061,2217.087466361061,True,True
772,41,10,96032.22,1,1,1,75825.57,0,False,True,True,0.2589253232984955,8642.8998,559.4664062378755,509.4664062378755,False,True
688,29,9,144553.5,2,1,0,143454.95,0,True,False,True,0.2923446277759421,13009.815,950.8373809022171,900.8373809022171,False,True
633,40,5,86172.81,2,1,1,117279.49,0,True,False,True,0.2771478145063762,7755.5529,537.358634130897,487.35863413089703,False,True
521,29,2,87212.8,1,1,1,994.86,0,True,False,False,0.2476106008741649,7849.152,485.88331076816326,435.88331076816326,False,True
612,36,2,130700.92,2,0,0,77592.8,0,True,False,False,0.2890698437371446,11763.0828,850.0881267157733,800.0881267157733,False,True
731,40,5,171325.98,1,1,1,159718.27,1,False,True,False,0.4811988035092415,15419.338200000002,1854.9417731860856,1804.9417731860856,False,True
703,58,4,92930.92,1,0,1,85148.78,0,False,True,True,0.4465256905012066,8363.7828,933.6609724930289,883.6609724930289,False,True
689,29,1,77556.79,2,1,1,122998.26,0,False,False,False,0.1300210128896209,6980.111099999998,226.89027882602142,176.89027882602142,False,True
718,33,7,102874.28,1,0,0,117841.06,0,False,False,True,0.2809203710145413,9258.6852,650.2383203727106,600.2383203727106,False,True
608,37,5,146093.39,2,0,0,160593.41,0,False,False,True,0.2733168703150136,13148.4051,898.4202328914909,848.4202328914909,False,True
753,51,4,79811.72,2,0,1,68260.27,1,False,True,True,0.42955002682052,7183.0548,771.3703454983163,721.3703454983163,False,True
630,39,10,105473.74,1,0,0,58854.88,1,False,True,True,0.3908873907317713,9492.6366,927.6379879347282,877.6379879347282,False,True
693,43,1,121927.92,1,1,0,87994.95,1,True,False,False,0.8859878507742297,10973.5128,2430.599755278875,2380.599755278875,True,True
838,40,6,61671.19,1,0,1,150659.35,1,False,True,False,0.5344616179625217,5550.4071,741.619889754167,691.619889754167,True,True
756,39,5,149363.12,2,1,1,109098.39,0,True,False,False,0.2280751414997492,13442.680799999998,766.4853313989903,716.4853313989903,False,True
775,27,4,152309.37,1,1,0,104112.0,0,False,False,False,0.3421106729345818,13707.843299999997,1172.3998739611993,1122.3998739611993,False,True
705,36,1,111629.29,1,1,1,21807.16,0,False,True,True,0.1827243761770086,10046.6361,458.9413285124786,408.9413285124786,False,True
727,49,7,96296.78,1,1,0,190457.87,1,False,True,False,0.8233361179830755,8666.7102,1783.9038829380809,1733.9038829380809,True,True
595,20,4,95830.43,1,1,0,177738.98,0,False,False,True,0.2850468060554125,8624.7387,614.6135548743777,564.6135548743777,False,True
535,38,0,135919.33,1,1,0,80425.65,0,False,False,False,0.440655847972476,12232.739699999998,1347.6070713825177,1297.6070713825177,False,True
578,59,10,185966.64,1,0,0,9445.42,1,False,False,True,0.8499572163672745,16736.997600000002,3556.4329726104393,3506.4329726104393,True,True
850,43,8,92244.83,2,1,0,54949.73,0,True,False,False,0.406749768156987,8302.0347,844.2126723640653,794.2126723640653,False,True
494,35,9,112727.06,2,1,0,183752.91,0,False,False,False,0.317777935008609,10145.4354,805.9988777938103,755.9988777938103,False,True
676,34,8,100359.54,1,0,0,46038.28,0,False,False,False,0.3406049715695783,9032.3586,769.116561039809,719.116561039809,False,True
818,43,10,105301.5,1,1,1,78941.59,0,True,False,True,0.6685774095924333,9477.135,1584.0495921644463,1534.0495921644463,True,True
712,45,6,112994.65,1,0,0,198398.68,0,False,True,True,0.6390781275670382,10169.518499999998,1624.7792103095885,1574.7792103095885,True,True
672,40,4,89025.88,2,1,0,188892.19,0,True,False,True,0.3296288788618106,8012.3292,660.2737728169369,610.2737728169369,False,True
636,35,9,95478.17,1,0,0,169286.74,0,False,False,True,0.2930378595257792,8593.0353,629.5211677853655,579.5211677853655,False,True
597,43,7,119127.46,2,1,0,55809.92,0,True,False,False,0.6178591324842319,10721.4714,1656.0897545396258,1606.0897545396258,True,True
717,28,4,128206.79,1,1,1,54272.12,0,False,False,True,0.1900492416948268,11538.611099999998,548.2260724416277,498.2260724416277,False,True
708,23,4,71433.08,1,1,0,103697.57,0,True,False,False,0.3244607283311562,6428.9772,521.4876561840994,471.48765618409936,False,True
507,36,9,118214.32,3,1,0,119110.03,1,True,False,True,0.862010686891908,10639.2888,2292.7951616323458,2242.7951616323458,True,True
581,27,5,102258.11,2,1,0,194681.6,0,False,False,False,0.2379344848117041,9203.2299,547.4414412150428,497.4414412150428,False,True
579,39,2,151963.26,2,1,0,158948.63,0,False,True,False,0.3738298405433927,13676.6934,1278.1890282207178,1228.1890282207178,False,True
504,46,2,163764.84,1,1,1,165122.55,1,False,True,False,0.6032367226725253,14738.8356,2222.7517208382856,2172.7517208382856,True,True
737,32,7,128551.36,2,0,1,189402.71,0,False,False,False,0.209330991083265,11569.6224,605.4701308627857,555.4701308627857,False,True
540,31,10,118158.74,1,1,1,158027.57,0,False,True,False,0.3148506573203052,10634.2866,837.0530315356283,787.0530315356283,False,True
609,32,7,118520.41,1,0,0,3815.48,0,False,False,True,0.2767889282866787,10666.836899999998,738.1155884399495,688.1155884399495,False,True
621,40,10,163823.37,1,0,0,89519.47,0,False,False,True,0.4382218059693815,14744.1033,1615.2968938812794,1565.2968938812794,False,True
665,63,7,104469.58,1,1,1,25165.36,1,True,False,True,0.758545238174113,9402.2622,1783.0103049686147,1733.0103049686147,True,True
663,46,2,141726.88,1,1,1,58257.23,0,True,False,False,0.7546225254577631,12755.4192,2406.38166249411,2356.38166249411,True,True
627,35,2,137852.96,1,1,1,172269.21,1,True,False,False,0.5243442835265841,12406.7664,1626.3542597224243,1576.3542597224243,True,True
681,43,8,154100.3,1,0,0,114659.81,0,False,False,False,0.6039041832675235,13869.026999999998,2093.8908557875575,2043.8908557875575,True,True
742,39,8,140004.96,1,1,1,92985.78,0,False,False,True,0.2354623641256715,12600.4464,741.7327245957017,691.7327245957017,False,True
673,43,8,127132.96,1,0,1,6009.27,1,False,True,True,0.398280146935448,11441.9664,1139.2770147556146,1089.2770147556146,False,True
519,38,7,125328.56,1,1,0,188225.67,0,False,False,False,0.4419316658194211,11279.5704,1246.1998341498586,1196.1998341498586,False,True
453,28,3,139986.65,1,1,0,136846.75,0,True,False,False,0.4747433238948845,12598.798499999995,1495.2988692429706,1445.2988692429706,False,True
798,39,6,119787.76,1,1,1,164248.33,0,True,False,False,0.5956893218666982,10780.8984,1605.516514252443,1555.516514252443,True,True
693,34,10,107556.06,2,0,0,154631.35,0,False,True,False,0.2717442191455131,9680.0454,657.6240946290291,607.6240946290291,False,True
597,28,0,142705.95,1,1,0,127233.39,0,False,False,False,0.3202692668320595,12843.5355,1028.347424529132,978.347424529132,False,True
584,35,6,161613.94,2,1,1,148238.16,0,False,False,True,0.1704753396115951,14545.2546,619.901804418029,569.901804418029,False,True
652,58,3,116353.2,2,0,1,193502.9,0,True,False,False,0.5111911759537513,10471.788,1338.2714055145955,1288.2714055145955,True,True
601,38,4,60013.81,1,1,1,38020.05,0,False,False,True,0.3341550148151321,5401.242899999999,451.2131003174067,401.2131003174067,False,True
607,32,9,144272.07,2,1,0,176580.63,0,True,False,True,0.2754603733871534,12984.4863,894.1778611095945,844.1778611095945,False,True
572,30,6,117696.67,1,1,0,100843.82,0,False,False,True,0.29672549499455,10592.7003,785.7810599616046,735.7810599616046,False,True
801,58,1,79954.61,2,1,1,30484.19,0,False,True,True,0.303732808064848,7195.9149,546.4088597931699,496.4088597931699,False,True
597,26,8,149989.39,1,1,0,42330.58,0,False,False,False,0.3193457717982831,13499.0451,1077.715743999833,1027.715743999833,False,True
613,40,7,124339.9,1,0,0,193309.58,0,False,False,True,0.4479107392245333,11190.591,1253.0964717923523,1203.0964717923523,False,True
529,29,4,135759.4,1,0,0,112813.79,1,True,False,True,0.510919211821194,12218.346,1560.6469270196596,1510.6469270196596,True,True
557,34,3,83074.0,1,1,0,132673.22,0,False,False,True,0.2870798462712179,7476.66,536.599600855541,486.599600855541,False,True
499,28,4,141792.61,1,1,1,22001.91,0,False,False,False,0.2399677546464084,12761.334899999998,765.577220560962,715.577220560962,False,True
458,43,1,106870.12,2,1,0,100564.37,0,True,False,False,0.6187091274344282,9618.3108,1487.734170615284,1437.734170615284,True,True
528,31,9,120962.59,1,1,0,5419.31,0,False,False,True,0.2898009030126841,10886.6331,788.739025786944,738.739025786944,False,True
564,31,0,110527.17,1,1,1,87060.77,0,False,False,True,0.1721602975986824,9947.4453,428.1387857986536,378.1387857986536,False,True
624,52,0,133723.43,1,0,0,4859.59,1,True,False,False,0.9449144681130328,12035.1087,2843.0370839857587,2793.0370839857587,True,True
682,52,5,112670.48,1,1,0,21085.17,1,False,False,False,0.8370609751207033,10140.3432,2122.0213917626484,2072.0213917626484,True,True
560,24,1,116084.32,1,1,0,89734.7,0,False,False,True,0.2734508851409069,10447.5888,714.2256012370563,664.2256012370563,False,True
584,40,4,82441.75,1,0,0,80852.11,0,False,False,False,0.5359152262262807,7419.7575,994.0902547891608,944.0902547891608,True,True
584,37,10,134171.8,4,1,1,70927.11,1,True,False,False,0.8473868013645978,12075.462,2558.146779794937,2508.146779794937,True,True
676,48,2,124442.38,1,1,0,15068.53,1,True,False,False,0.929311595379,11199.8142,2602.0293005375947,2552.0293005375947,True,True
655,37,4,108862.76,1,1,0,79555.08,1,True,False,False,0.6529656657755757,9797.6484,1599.382002635251,1549.382002635251,True,True
559,28,3,141099.43,1,1,1,15607.27,0,False,False,True,0.2178827342693091,12698.9487,691.720416275422,641.720416275422,False,True
543,67,0,128843.67,1,1,1,134612.48,0,False,False,False,0.4118774778411855,11595.9303,1194.0256312965455,1144.0256312965455,False,True
679,39,0,86843.61,1,0,1,159830.58,0,False,False,True,0.2327668450022692,7815.9249,454.8220449369191,404.8220449369191,False,True
594,32,4,120074.97,2,1,1,162961.79,0,True,False,False,0.2671008102195736,10806.7473,721.6227399170474,671.6227399170474,False,True
586,27,5,130231.8,2,1,1,192427.16,0,False,False,True,0.1472727051394746,11720.862,431.5407633266181,381.5407633266181,False,True
699,39,2,109724.38,1,1,1,180022.39,0,False,False,True,0.2857807252596521,9875.1942,705.5350401389775,655.5350401389775,False,True
847,35,5,111743.43,1,1,1,183584.14,0,True,False,False,0.502825523107261,10056.9087,1264.2175944798662,1214.2175944798662,True,True
582,35,8,121309.17,2,1,1,28750.67,0,True,False,True,0.213667957588429,10917.8253,583.1973582895693,533.1973582895693,False,True
648,38,10,82697.28,1,1,0,74846.67,0,False,False,True,0.3647029427940971,7442.7552,678.5986809840172,628.5986809840172,False,True
618,49,9,44301.43,3,1,1,89729.3,1,False,False,False,0.8870620377055262,3987.1287,884.2076273040465,834.2076273040465,True,True
543,31,4,138317.94,1,0,0,61843.73,0,False,False,False,0.3493110826569992,12448.6146,1087.1097608764317,1037.1097608764317,False,True
642,49,4,120688.61,1,1,0,24770.22,1,True,False,True,0.9204773701345118,10861.9749,2499.550522604769,2449.550522604769,True,True
462,27,4,176913.52,1,1,0,80587.27,0,False,False,True,0.3277587209323817,15922.216799999998,1304.6613531940197,1254.6613531940197,False,True
640,47,6,89047.14,1,1,0,116286.25,0,False,True,True,0.7339049083203552,8014.2426,1470.422995152521,1420.422995152521,True,True
740,40,4,114318.78,2,1,0,129333.69,1,True,False,True,0.445188501040755,10288.6902,1145.1016419526763,1095.1016419526763,False,True
583,32,7,94753.55,2,1,1,18149.03,0,True,False,False,0.1670129210377417,8527.8195,356.06401119440346,306.06401119440346,False,True
612,32,9,106520.73,2,1,0,177092.16,0,True,False,True,0.3186906315430179,9586.865699999998,763.811071112774,713.811071112774,False,True
505,37,0,134006.39,1,1,1,93736.69,0,False,True,True,0.2176322408219192,12060.575100000002,656.1924961535107,606.1924961535107,False,True
546,25,3,132837.7,1,1,0,131647.31,0,True,False,False,0.4846542519445805,11955.393,1448.5580127796186,1398.5580127796186,False,True
681,41,0,120549.29,2,1,0,175722.31,0,False,False,False,0.3828661689154202,10849.4361,1038.4705086249146,988.4705086249146,False,True
762,20,1,139432.55,1,1,1,85606.83,0,False,False,True,0.1594169410107701,12548.929499999998,500.1279884624532,450.1279884624532,False,True
786,29,7,80895.44,2,1,0,64945.57,0,False,True,True,0.1335544394368883,7280.589599999999,243.08876569950968,193.08876569950968,False,True
787,39,7,171646.76,1,0,1,100791.36,0,False,True,False,0.2852518169982264,15448.2084,1101.6573788668159,1051.6573788668159,False,True
713,42,0,109121.71,1,0,1,167873.49,0,False,True,True,0.3227010038206917,9820.9539,792.3079205016844,742.3079205016844,False,True
541,39,6,109844.81,1,1,0,25289.23,0,False,False,False,0.4848093467697753,9886.032899999998,1198.2102880983766,1148.2102880983766,False,True
451,31,7,140931.82,1,0,1,20388.77,0,False,False,False,0.2276127956054522,12683.8638,721.7524246491985,671.7524246491985,False,True
847,41,3,101543.51,4,1,0,16025.17,1,True,False,False,0.7143821862856495,9138.915899999998,1632.1696802306708,1582.1696802306708,True,True
765,37,7,102708.77,1,1,0,9087.81,0,True,False,True,0.5135371306760503,9243.7893,1186.757258423994,1136.757258423994,True,True
678,37,8,149000.91,2,1,1,21472.42,0,True,False,False,0.1929199460996613,13410.0819,646.7680693350109,596.7680693350109,False,True
539,20,0,83459.86,1,1,1,146752.67,0,False,False,True,0.1701527890244026,7511.3874,319.520878888189,269.520878888189,False,True
800,40,3,75893.11,2,1,0,132562.23,0,False,False,False,0.314924508354255,6830.3799,537.7635079700714,487.7635079700714,False,True
799,39,7,167395.6,2,0,1,139537.43,0,True,False,False,0.190229695644985,15065.604,716.4813159069671,666.4813159069671,False,True
734,52,6,71283.09,2,0,1,38984.37,0,True,False,False,0.4166133687634296,6415.478099999999,668.1934858672515,618.1934858672515,False,True
675,38,1,104016.88,1,0,0,22068.83,1,False,False,False,0.4419646236496626,9361.5192,1034.3650775042727,984.3650775042727,False,True
683,38,5,127616.56,1,1,0,123846.07,0,False,False,False,0.4377287705549592,11485.4904,1256.8823980031966,1206.8823980031966,False,True
748,32,5,154737.88,2,1,1,172638.13,0,False,False,True,0.1192804377593726,13926.409200000002,415.28704644803855,365.28704644803855,False,True
642,35,4,125476.31,1,1,1,91775.51,0,False,False,True,0.1998242262866382,11292.8679,564.1471476686781,514.1471476686781,False,True
499,21,3,176511.08,1,1,1,153920.22,0,False,False,False,0.2730942972224672,15885.997199999998,1084.5938102530204,1034.5938102530204,False,True
649,47,8,110783.28,1,1,1,71420.16,0,False,True,False,0.4851678984461514,9970.4952,1209.34105066286,1159.34105066286,False,True
739,42,2,141642.92,2,1,0,172149.76,0,False,False,True,0.3165015567426661,12747.862800000004,1008.679605335481,958.679605335481,False,True
427,42,1,75681.52,1,1,1,57098.0,0,True,False,True,0.4567710867843165,6811.3368,777.8054281475022,727.8054281475022,False,True
443,35,6,161111.45,1,0,0,13946.66,0,False,False,True,0.313357947471408,14500.0305,1135.9249489382034,1085.9249489382034,False,True
674,45,6,72494.69,1,0,1,140041.78,0,False,False,False,0.6109838367699879,6524.5221,996.5943864371447,946.5943864371447,True,True
661,31,3,133964.3,1,1,1,166187.1,0,False,False,False,0.2881515184738681,12056.786999999998,868.5453704914981,818.5453704914981,False,True
633,61,3,157201.48,1,0,1,50368.63,0,False,False,True,0.4285050938320681,14148.1332,1515.6367861036495,1465.6367861036495,False,True
551,48,5,95679.29,1,0,0,94978.1,0,False,True,False,0.795135477687987,8611.1361,1711.7549540774423,1661.7549540774423,True,True
720,29,7,106230.92,1,1,1,69903.93,1,True,False,False,0.5046694342799019,9560.7828,1206.258711737254,1156.258711737254,True,True
635,36,9,81231.85,2,1,0,196731.08,0,True,False,False,0.2305488563339891,7310.8665,421.37797759636845,371.37797759636845,False,True
561,31,1,81480.27,2,1,1,65234.6,0,False,False,False,0.1457469746132811,7333.2243,267.198813971399,217.19881397139898,False,True
850,33,8,73059.38,1,1,1,186281.0,0,False,False,True,0.1936472938977121,6575.3442,318.32440269400416,268.32440269400416,False,True
636,36,5,117559.05,2,1,1,111573.3,0,False,False,True,0.1321840054480774,10580.3145,349.6370873775931,299.6370873775931,False,True
461,74,1,186445.31,2,1,1,196767.83,0,True,False,False,0.2238762242573898,16780.0779,939.1651207492176,889.1651207492176,False,True
771,38,5,137657.71,2,1,0,72985.61,0,True,False,False,0.3427113087670879,12389.193899999998,1061.4792140095553,1011.4792140095553,False,True
713,36,8,133889.35,1,1,1,143265.65,0,False,False,True,0.1981309084371272,12050.0415,596.8714172750207,546.8714172750207,False,True
658,45,9,134562.8,1,1,1,159268.67,0,True,False,False,0.7627514898036609,12110.651999999998,2309.354463873421,2259.354463873421,True,True
586,56,9,100781.75,2,1,1,54448.41,0,True,False,False,0.63225314199956,9070.3575,1433.6905071085685,1383.6905071085685,True,True
737,30,8,174356.13,1,0,0,31928.5,0,False,False,True,0.2806815615350329,15692.0517,1101.1173937111168,1051.1173937111168,False,True
742,27,5,190125.43,2,0,0,21793.59,0,True,False,True,0.2256686528943519,17111.288699999997,965.3703675538363,915.3703675538363,False,True
824,26,7,146266.0,1,1,0,21903.62,1,False,False,True,0.3616967853568159,13163.94,1190.3386951575008,1140.3386951575008,False,True
701,41,9,164046.1,1,1,0,49405.93,0,True,False,True,0.5747649918963541,14764.149,2121.478995085391,2071.478995085391,True,True
623,43,4,123536.52,2,0,0,154908.52,0,False,True,False,0.479373948938481,11118.2868,1332.454262186647,1282.454262186647,False,True
698,38,1,171848.38,1,0,0,16957.45,0,False,True,False,0.4270241196843413,15466.3542,1651.1265717453036,1601.1265717453036,False,True
662,39,5,139562.05,2,1,0,61636.22,0,False,False,False,0.3007818994292327,12560.584499999995,944.4991159628445,894.4991159628445,False,True
685,40,2,168001.34,2,1,1,167400.29,0,False,False,True,0.2304840679253304,15120.120599999998,871.2367258523968,821.2367258523968,False,True
678,83,6,123356.63,1,0,1,92934.41,0,True,False,True,0.3944547048162568,11102.0967,1094.8185691600097,1044.8185691600097,False,True
585,50,2,125845.66,1,1,0,9439.31,1,True,False,True,0.9175496636605092,11326.1094,2598.0669676380326,2548.0669676380326,True,True
579,40,10,45408.85,2,1,0,18732.91,0,True,False,True,0.235853149204402,4086.7965,240.97095617063198,190.97095617063198,False,True
722,37,0,125977.81,1,0,0,160162.42,0,True,False,False,0.5857183559907797,11338.0029,1660.2191047016731,1610.2191047016731,True,True
613,51,7,147262.11,1,1,1,53630.9,1,True,False,False,0.7836704457382537,13253.589899999995,2596.6116761412536,2546.6116761412536,True,True
694,42,8,133767.19,1,1,0,36405.21,0,False,False,True,0.5570472024460111,12039.0471,1676.5793767926907,1626.5793767926907,True,True
550,49,0,108806.96,3,1,0,61446.92,1,True,False,True,0.9624660592600244,9792.6264,2356.2676352534195,2306.2676352534195,True,True
741,42,6,106036.52,1,1,0,194686.78,1,False,False,True,0.5873218464547836,9543.2868,1401.2452061558906,1351.2452061558906,True,True
563,61,1,82182.1,1,1,0,106826.92,1,False,True,True,0.8365891901800196,7396.389000000001,1546.9347709416015,1496.9347709416015,True,True
644,50,9,76817.0,4,1,0,196371.13,1,False,False,True,0.9141841522691644,6913.529999999999,1580.0598905593588,1530.0598905593588,True,True
780,71,9,142550.25,2,1,1,122506.78,0,True,False,True,0.269836281795098,12829.5225,865.4676621516375,815.4676621516375,False,True
641,35,2,103711.56,1,0,1,192464.21,1,True,False,True,0.4999230228378195,9334.0404,1166.5754230145824,1116.5754230145824,False,True
540,35,7,128369.75,2,1,0,198256.15,0,True,False,False,0.3681034985930912,11553.2775,1063.2004669917105,1013.2004669917105,False,True
605,19,8,166133.28,1,1,1,107994.99,0,True,False,True,0.2466159104275481,14951.995199999998,921.8499772390821,871.8499772390821,False,True
710,62,9,148214.36,1,1,0,48571.14,1,True,False,False,0.9319870128037876,13339.292399999998,3108.0118191980664,3058.0118191980664,True,True
755,78,5,121206.96,1,1,1,76016.49,0,False,False,False,0.2712376449752323,10908.6264,739.7075336626615,689.7075336626615,False,True
737,50,4,127552.85,2,1,0,4225.11,0,True,False,True,0.5933791811592929,11479.7565,1702.9621279695175,1652.9621279695175,True,True
695,49,9,159458.53,1,1,0,135841.35,0,False,False,True,0.7352116231428013,14351.2677,2637.804704968464,2587.804704968464,True,True
466,47,5,102085.72,1,1,1,183536.24,1,True,False,False,0.8113154870696307,9187.7148,1863.5338270047137,1813.5338270047137,True,True
558,58,2,142537.18,1,1,1,88791.83,0,True,False,True,0.6935030324210948,12828.3462,2224.1242476619072,2174.1242476619072,True,True
665,29,1,182781.74,2,1,1,63732.9,0,False,True,True,0.2360713593090229,16450.3566,970.864510920039,920.864510920039,False,True
845,43,3,152063.59,2,1,0,97910.06,0,True,False,False,0.4109489733108673,13685.7231,1406.033464240455,1356.033464240455,False,True
727,28,2,110997.76,1,1,0,101433.76,0,False,False,False,0.3452901604473837,9989.7984,862.3447730932542,812.3447730932542,False,True
582,50,2,148942.0,1,1,1,116944.3,0,False,False,True,0.5061001936026898,13404.78,1696.040438300366,1646.040438300366,True,True
660,36,0,84438.57,1,1,1,181449.51,0,False,True,False,0.3086796511536371,7599.471299999999,586.4505374590192,536.4505374590192,False,True
664,34,7,93920.47,1,0,0,179913.98,0,False,False,False,0.3838105102307672,8452.8423,811.0724290158029,761.0724290158029,False,True
801,43,4,158713.08,2,0,0,98586.14,0,False,False,True,0.3904607721829143,14284.177199999998,1394.3527148773944,1344.3527148773944,False,True
718,63,7,123204.88,1,1,1,100538.8,0,True,False,True,0.7715737445714036,11088.4392,2138.887138749085,2088.887138749085,True,True
667,40,8,72945.29,2,1,0,98931.5,0,False,False,True,0.2346048990427289,6565.076099999999,385.0497539120831,335.0497539120831,False,True
670,37,0,178742.71,1,1,1,194493.57,0,False,True,True,0.2681353757168259,16086.8439,1078.3629833061073,1028.3629833061073,False,True
645,43,9,140121.17,1,1,0,11302.7,1,True,False,True,0.8585225015985971,12610.905300000002,2706.686491394752,2656.686491394752,True,True
552,39,2,132906.88,1,0,1,149384.43,0,True,False,True,0.5458579581398404,11961.6192,1632.3362581395777,1582.3362581395777,True,True
580,45,2,179334.83,2,1,1,169303.65,0,True,False,True,0.2961439471690095,16140.1347,1194.9507994743742,1144.9507994743742,False,True
684,35,3,137179.39,1,1,1,37264.11,0,False,False,True,0.195627075605295,12346.1451,603.8100652279105,553.8100652279105,False,True
607,49,9,119960.29,2,1,0,103068.22,0,False,False,False,0.6455224374078842,10796.4261,1742.3338228415244,1692.3338228415244,True,True
802,29,9,127414.55,1,1,1,134459.12,0,False,False,True,0.1729212243286217,11467.3095,495.73529962380866,445.73529962380866,False,True
629,40,9,137409.19,1,1,0,175877.7,1,False,False,False,0.6079220273792691,12366.8271,1879.516650720222,1829.516650720222,True,True
641,31,9,112494.99,1,1,1,32231.6,0,False,False,True,0.1835103449043644,10124.5491,464.48987433554305,414.48987433554305,False,True
677,30,1,78133.15,1,0,1,174225.88,0,False,False,True,0.1953756317401229,7031.983499999999,343.4695546746551,293.4695546746551,False,True
658,32,5,145553.07,1,1,1,31484.76,0,False,True,False,0.2471845617916047,13099.7763,809.5156160708872,759.5156160708872,False,True
659,48,4,123593.22,2,1,0,82469.06,1,True,False,True,0.7532640141316063,11123.3898,2094.7123128746416,2044.7123128746416,True,True
584,26,0,146286.22,1,1,0,105105.35,0,False,False,False,0.3256175793517002,13165.7598,1071.7507091004811,1021.7507091004811,False,True
709,35,1,111827.27,2,1,0,12674.68,0,False,True,False,0.2722535947466313,10064.4543,685.0209655845476,635.0209655845476,False,True
627,70,1,94416.78,1,0,1,145299.5,0,False,False,True,0.272193060812965,8497.5102,578.2408276568476,528.2408276568476,False,True
765,45,2,91549.78,1,1,1,47139.44,0,False,True,True,0.4433744622628541,8239.4802,913.2937757501084,863.2937757501084,False,True
645,38,7,59568.57,1,1,1,167723.25,0,False,False,False,0.3658603798885524,5361.1713,490.3600421164011,440.3600421164011,False,True
716,23,2,94464.81,2,0,1,185900.88,0,False,False,False,0.161869082703136,8501.8329,344.0459732045856,294.0459732045856,False,True
687,44,8,95368.14,2,1,1,1787.85,0,True,False,True,0.5300280333602233,8583.132599999999,1137.325223012005,1087.325223012005,True,True
717,33,10,102185.42,2,1,0,23231.93,0,True,False,False,0.2968305116005906,9196.6878,682.4643861762274,632.4643861762274,False,True
524,32,1,144875.71,1,0,0,187740.04,0,False,False,True,0.2681218608042021,13038.813899999996,873.9977613869236,823.9977613869236,False,True
752,37,5,113291.05,2,1,1,132467.54,0,True,False,False,0.3770573574937166,10196.1945,961.1375386654918,911.1375386654918,False,True
670,43,9,111677.88,1,1,0,178827.3,1,True,False,True,0.8590837811739318,10051.0092,2158.6647470374937,2108.6647470374937,True,True
597,35,8,131101.04,1,1,1,192852.67,0,True,False,False,0.5359023228004353,11799.0936,1580.7904167949375,1530.7904167949375,True,True
627,52,1,76101.81,2,0,1,177238.35,0,True,False,True,0.3535612130559367,6849.162899999999,605.3995858354292,555.3995858354292,False,True
766,52,7,92510.9,2,0,1,66193.61,0,False,False,False,0.5236586680836622,8325.981,1089.9930302374696,1039.9930302374696,True,True
694,39,5,77652.4,1,1,1,25407.59,0,False,False,True,0.257538552510568,6988.715999999999,449.9659506368617,399.9659506368617,False,True
639,31,3,98360.03,1,0,0,20973.8,0,False,False,False,0.3463449341147026,8852.402699999999,766.4962074720787,716.4962074720787,False,True
705,46,4,115518.07,1,0,0,76544.9,1,True,False,False,0.9054651028502388,10396.6263,2353.4455755062495,2303.4455755062495,True,True
810,69,3,27288.43,1,1,1,110509.9,0,True,False,True,0.2681437989789182,2455.9587,164.63752398833134,114.63752398833134,False,True
850,31,6,131996.66,2,1,1,178747.43,0,False,False,True,0.1072704428298006,11879.6994,318.5851538307291,268.5851538307291,False,True
419,27,2,121580.42,1,0,1,134720.51,0,False,True,False,0.3219949185961621,10942.2378,880.836242417712,830.836242417712,False,True
640,55,10,132436.34,1,1,0,978.66,0,False,False,True,0.6872910880746967,11919.2706,2048.002114932686,1998.0021149326858,True,True
640,46,5,107978.4,2,1,0,155876.06,0,True,False,False,0.7465445806067378,9718.056,1813.740510208198,1763.740510208198,True,True
689,40,4,78119.59,4,1,0,119259.34,1,True,False,False,0.885170330347796,7030.763099999998,1555.8557239560232,1505.8557239560232,True,True
725,26,6,98684.15,1,0,0,133720.57,0,False,False,True,0.2681042661848881,8881.573499999999,595.2969364461619,545.2969364461619,False,True
768,43,2,129264.05,2,0,0,19150.14,0,True,False,False,0.5065686914554811,11633.7645,1473.3252148665572,1423.3252148665572,True,True
648,37,6,131753.41,1,1,0,86894.67,0,True,False,True,0.6103205804435806,11857.8069,1809.2658974989738,1759.2658974989738,True,True
686,26,1,57422.62,1,1,1,79189.4,0,True,False,True,0.1598034582980814,5168.0358,206.46749836207292,156.46749836207292,False,True
613,34,5,144094.2,1,1,0,44510.26,0,False,False,True,0.3254223503476123,12968.478,1055.0581477978255,1005.0581477978255,False,True
701,33,9,147510.34,1,1,0,190611.92,0,False,False,True,0.2999138017549579,13275.9306,995.4087045202448,945.4087045202448,False,True
578,28,8,161592.76,1,1,0,177834.79,0,False,True,False,0.3846822682855352,14543.3484,1398.6420627447023,1348.6420627447023,False,True
499,53,1,75225.53,2,0,0,144849.1,1,False,True,False,0.801027692295511,6770.297699999999,1355.7989856961512,1305.7989856961512,True,True
737,70,9,87542.89,2,1,1,42576.86,0,False,False,False,0.2613781194020582,7878.8601,514.840408992478,464.84040899247805,False,True
651,32,8,144581.96,1,1,1,87609.5,0,False,False,False,0.2574574672969179,13012.376399999996,837.5333678645462,787.5333678645462,False,True
753,33,5,122568.05,2,1,1,82820.85,0,False,False,True,0.1136559487814782,11031.1245,313.4382302935273,263.4382302935273,False,True
523,24,5,172231.93,1,0,1,155144.12,0,False,True,False,0.3168904308106515,15500.873699999998,1228.0196361836242,1178.0196361836242,False,True
458,28,2,171932.26,2,1,1,9578.24,0,True,False,False,0.1525267955186668,15473.9034,590.0462249418507,540.0462249418507,False,True
685,38,4,111798.06,2,1,1,102184.66,0,True,False,True,0.2822219250762535,10061.825399999998,709.916933542286,659.916933542286,False,True
670,27,5,79336.61,1,1,1,26170.08,0,False,False,False,0.2235879581624181,7140.294900000001,399.1209893421319,349.1209893421319,False,True
701,63,3,120916.52,3,0,0,144727.45,1,True,False,True,0.9633680069253342,10882.4868,2620.959904726815,2570.959904726815,True,True
705,31,3,142905.51,1,1,1,58134.97,0,False,False,False,0.2386798432094131,12861.495900000002,767.4449562126275,717.4449562126275,False,True
651,33,1,96834.78,1,1,0,108764.69,0,False,False,False,0.3315461398754598,8715.1302,722.3669440805108,672.3669440805108,False,True
741,37,9,105261.76,2,1,1,149503.54,0,False,False,True,0.1424097846722198,9473.558399999998,337.2818529559247,287.2818529559247,False,True
596,54,1,123544.0,1,1,1,120314.75,1,True,False,True,0.8027966017026311,11118.96,2231.5658256168717,2181.5658256168717,True,True
581,41,2,127913.71,2,1,1,44205.95,0,True,False,True,0.3313685286574838,11512.2339,953.6980022509515,903.6980022509515,False,True
689,28,5,95328.6,1,1,0,6129.61,1,False,True,False,0.385467023072031,8579.574,826.7857122515494,776.7857122515494,False,True
544,30,4,73218.89,1,0,1,126796.69,0,False,False,True,0.2105780560209367,6589.7001,346.91155920474307,296.91155920474307,False,True
583,35,8,149995.72,2,1,0,42143.55,0,True,False,True,0.2400251898289635,13499.6148,810.0619012469713,760.0619012469713,False,True
663,28,8,123674.28,2,1,1,87985.2,0,True,False,True,0.1781115002586597,11130.6852,495.625759969715,445.625759969715,False,True
666,33,2,124125.26,1,1,0,81884.8,0,True,False,True,0.5236546475642394,11171.2734,1462.4723087801906,1412.4723087801906,True,True
524,29,3,159035.45,1,1,0,2705.31,1,False,True,True,0.4045541133716345,14313.1905,1447.6150230617004,1397.6150230617004,False,True
667,27,7,156811.74,1,1,1,149402.59,0,False,False,True,0.1823929475902062,14113.056599999998,643.5304981953533,593.5304981953533,False,True
639,39,6,150555.83,1,1,0,30414.17,0,False,False,True,0.4148371483900142,13550.024699999998,1405.263401790564,1355.263401790564,False,True
678,28,2,109137.12,1,1,1,58814.41,0,False,False,True,0.1884779477761022,9822.340799999998,462.82365908536934,412.82365908536934,False,True
523,36,8,158351.02,2,1,0,155304.53,0,False,False,True,0.2800163870250785,14251.591799999998,997.6698112980586,947.6698112980586,False,True
676,36,1,82729.49,1,1,0,113810.12,0,False,True,True,0.3324321005689764,7445.6541,618.7936081432528,568.7936081432528,False,True
613,45,9,142765.24,2,1,0,34749.65,0,True,False,False,0.65311683515419,12848.8716,2097.9535886736385,2047.9535886736385,True,True
713,25,4,121172.97,1,1,1,56268.98,0,False,False,False,0.2273887582546539,10905.5673,619.9508516023897,569.9508516023897,False,True
751,28,10,132932.14,2,1,1,46630.47,0,True,False,False,0.1974348582014343,11963.8926,590.5223597545472,540.5223597545472,False,True
523,22,8,123374.46,1,1,1,124906.59,0,False,False,True,0.1791967063520964,11103.7014,497.4366797992904,447.4366797992904,False,True
775,74,0,161371.5,1,1,1,134869.93,0,True,False,False,0.3101783239778602,14523.434999999998,1126.2136816753484,1076.2136816753484,False,True
673,51,8,79563.36,2,1,1,172200.91,0,False,False,True,0.3315102478462763,7160.7024,593.4615568443564,543.4615568443564,False,True
650,48,7,138232.24,1,1,0,57594.78,0,True,False,False,0.9192570941644372,12440.901599999996,2859.0967634004232,2809.0967634004232,True,True
782,53,1,81571.05,1,1,0,182960.46,1,True,False,False,0.904506251560189,7341.3945,1660.084305104897,1610.084305104897,True,True
593,33,0,95927.04,1,1,0,199478.05,0,False,False,False,0.3175551039689865,8633.433599999998,685.3977261143352,635.3977261143352,False,True
505,35,8,116932.59,1,1,0,91092.84,0,False,True,True,0.2808478498410046,10523.9331,738.9059957513945,688.9059957513945,False,True
692,36,3,79551.12,1,0,1,178267.07,0,False,False,False,0.364030561533388,7159.600799999999,651.5783748947234,601.5783748947234,False,True
813,30,1,116416.94,1,0,1,85808.22,0,True,False,True,0.3609185418192547,10477.5246,945.3832251268425,895.3832251268425,False,True
850,37,4,88141.1,1,1,0,109659.12,0,False,True,True,0.3373616380564979,7932.699,669.0470822122857,619.0470822122857,False,True
753,32,6,177729.13,1,1,1,161642.08,0,False,False,True,0.1944798823656458,15995.6217,777.7066566453428,727.7066566453428,False,True
671,32,6,123912.78,2,1,1,146636.44,0,False,True,True,0.1212750701238483,11152.1502,338.11944938417224,288.11944938417224,False,True
649,35,4,108306.44,1,1,1,192486.24,0,False,False,False,0.3046864988557139,9747.5796,742.488975160345,692.488975160345,False,True
732,48,4,102962.62,1,1,0,120852.85,1,True,False,False,0.9294236037284196,9266.635799999998,2153.157509918696,2103.157509918696,True,True
664,36,0,103502.22,1,1,1,146191.82,0,False,False,False,0.2817619851921188,9315.1998,656.1672970273071,606.1672970273071,False,True
789,43,8,119654.44,2,0,1,148412.24,1,True,False,True,0.5372466097256846,10768.8996,1446.3887001440703,1396.3887001440703,True,True
680,33,10,183768.47,1,1,0,164119.35,0,False,False,True,0.3301885521061705,16539.162299999996,1365.2605132214899,1315.2605132214899,False,True
586,52,6,140900.97,1,1,1,67288.89,0,False,False,False,0.5646995921774373,12681.0873,1790.2512066691197,1740.2512066691197,True,True
522,25,5,94049.92,2,1,0,103269.0,0,True,False,False,0.2728220950999797,8464.4928,577.3251649136733,527.3251649136733,False,True
739,27,8,98926.4,1,1,1,106969.98,0,False,True,False,0.2085969894440031,8903.376,464.30435737199764,414.30435737199764,False,True
835,18,2,142872.36,1,1,1,117632.63,0,True,False,True,0.2771971894311381,12858.5124,891.0858743863595,841.0858743863595,False,True
790,29,3,46057.96,2,1,1,189777.66,0,False,True,True,0.0661166517862412,4145.216399999999,68.51695732435407,18.516957324354067,False,True
671,48,6,119769.77,1,0,1,66032.65,0,False,False,False,0.5474169041514808,10779.2793,1475.1899258475353,1425.1899258475353,True,True
560,44,5,143244.97,1,1,0,98661.27,0,False,False,False,0.7143100586085481,12892.047299999998,2302.2297656117935,2252.2297656117935,True,True
651,28,10,79562.98,1,1,1,74687.37,0,False,False,True,0.1744769652691832,7160.668199999998,312.34291420888604,262.34291420888604,False,True
644,26,8,96659.64,2,1,1,138775.69,0,False,True,True,0.1136056942412006,8699.3676,247.07442391435174,197.07442391435174,False,True
617,26,2,165947.99,2,0,1,168834.38,0,False,False,False,0.2418278472932341,14935.3191,902.9440166476306,852.9440166476306,False,True
738,33,4,92676.3,1,1,0,105817.63,0,False,False,True,0.2975010730361228,8340.866999999998,620.3542206378964,570.3542206378964,False,True
663,45,5,83195.12,1,1,1,48682.1,0,False,False,True,0.4443619087645263,7487.560799999999,831.7967022696108,781.7967022696108,False,True
515,48,5,129387.94,1,0,1,147955.91,1,False,False,True,0.552224423986263,11644.9146,1607.6515643385562,1557.6515643385562,True,True
639,38,9,130233.14,1,1,1,81861.1,0,False,True,True,0.1966850212248288,11720.9826,576.3354278642123,526.3354278642123,False,True
557,32,3,123502.53,1,1,1,69826.8,0,False,False,False,0.2423111902880662,11115.2277,673.336013577471,623.336013577471,False,True
543,37,8,140894.06,2,1,1,118059.19,0,True,False,True,0.244740177425715,12680.4654,775.8548379591599,725.8548379591599,False,True
585,44,7,163867.86,1,1,1,112333.22,0,True,False,True,0.5074100646942672,14748.1074,1870.8345324880004,1820.8345324880004,True,True
727,18,2,93816.7,2,1,0,126172.11,0,True,False,False,0.2875245456030487,8443.502999999999,606.9285908432445,556.9285908432445,False,True
660,32,0,114668.89,1,1,0,84605.0,0,False,False,False,0.3340482594758165,10320.2001,861.8612202117869,811.8612202117869,False,True
850,38,5,146756.68,1,1,0,78268.61,0,True,False,True,0.5499864574213212,13208.1012,1816.0691970625753,1766.0691970625753,True,True
618,46,6,150213.71,1,1,0,120668.46,1,False,False,False,0.7462005747596292,13519.2339,2522.015026622466,2472.015026622466,True,True
642,18,5,111183.53,2,0,1,10063.75,0,True,False,True,0.1963604015737707,10006.5177,491.2209584817611,441.2209584817611,False,True
850,40,9,99816.46,1,1,1,163989.66,1,False,False,False,0.4822796784091549,8983.4814,1083.1376301466562,1033.1376301466562,False,True
651,45,6,86714.06,1,1,0,85869.89,1,True,False,False,0.766302076872835,7804.265399999998,1495.1061961217013,1445.1061961217013,True,True
850,41,8,132838.07,1,1,1,175347.28,0,False,True,True,0.248477936472388,11955.4263,742.6649141679292,692.6649141679292,False,True
550,42,10,128707.31,1,1,0,63092.65,1,True,False,False,0.7501764923158909,11583.657899999998,2172.446962902314,2122.446962902314,True,True
659,29,6,123192.12,1,1,1,56971.41,1,False,False,True,0.2087406169326596,11087.2908,578.5919804259503,528.5919804259503,False,True
727,46,3,115248.11,4,1,0,130752.01,1,True,False,True,0.9463859033565296,10372.3299,2454.0567005808607,2404.0567005808607,True,True
603,38,8,59360.77,1,1,1,191457.06,0,False,False,True,0.3395458975568829,5342.4693,453.503383409648,403.503383409648,False,True
647,35,6,112668.7,1,0,1,122584.29,0,False,False,False,0.2592136540034925,10140.183,657.1184719235242,607.1184719235242,False,True
648,37,7,138503.51,2,1,0,57215.85,0,True,False,False,0.4054744194242874,12465.3159,1263.5916818732096,1213.5916818732096,False,True
578,36,1,157267.95,2,1,0,141533.19,0,False,True,True,0.2543389123164605,14154.115500000002,899.9855852678887,849.9855852678887,False,True
769,40,9,133871.05,1,1,1,50568.02,0,False,False,False,0.4073890580935349,12048.3945,1227.0960217235815,1177.0960217235815,False,True
694,31,4,141989.27,2,1,0,26116.82,0,True,False,True,0.2524815388580753,12779.034299999998,806.6175612960316,756.6175612960316,False,True
779,29,3,46388.16,3,1,0,127939.26,1,False,False,False,0.7152700548129077,4174.9344,746.5513892820735,696.5513892820735,True,True
782,72,5,148666.99,1,1,0,2605.65,1,True,False,False,0.8477700315587213,13380.0291,2835.7969230909025,2785.7969230909025,True,True
769,34,7,115101.5,1,0,0,57841.89,1,True,False,True,0.5846534667834423,10359.135,1514.1260476569237,1464.1260476569237,True,True
655,67,6,148363.38,1,1,1,186995.17,0,True,False,True,0.5003165996431401,13352.7042,1670.144890346169,1620.144890346169,True,True
705,39,8,144102.32,1,1,1,11682.36,0,False,True,False,0.2637679078375822,12969.2088,855.21526787119,805.21526787119,False,True
686,41,5,128876.71,3,1,1,106939.34,1,False,False,True,0.8972631778295791,11598.9039,2601.8173431634746,2551.8173431634746,True,True
678,36,6,118448.15,2,1,0,53172.02,0,True,False,True,0.3526314653629668,10660.3335,939.7922558407312,889.7922558407312,False,True
582,38,9,135979.01,4,1,1,76582.95,1,False,False,False,0.8862322268879863,12238.1109,2711.4520689522847,2661.4520689522847,True,True
644,37,6,117271.8,2,1,0,104217.96,1,False,False,True,0.2432418720931049,10554.462,641.8217739538841,591.8217739538841,False,True
631,35,8,129205.49,1,1,1,79146.36,0,False,False,True,0.1903962549583842,11628.4941,553.5054318614166,503.5054318614166,False,True
652,35,7,104015.54,2,1,1,55207.88,0,True,False,True,0.1944265455831346,9361.3986,455.0260979061981,405.0260979061981,False,True
669,42,1,103873.39,1,1,0,148611.52,0,True,False,False,0.7010936151090488,9348.6051,1638.5618364464726,1588.5618364464726,True,True
841,52,3,112383.03,1,1,0,85516.37,1,True,False,False,0.9076034996374658,10114.472699999998,2294.9827048769016,2244.9827048769016,True,True
662,34,2,117731.79,2,0,1,55120.79,0,False,False,True,0.145612140840616,10595.861099999998,385.721504705201,335.721504705201,False,True
821,45,0,135827.33,2,1,1,131778.58,0,True,False,True,0.4979637541668874,12224.4597,1521.8344612184553,1471.8344612184553,False,True
783,38,9,114135.17,1,1,0,153269.98,0,False,False,True,0.3441639104424622,10272.1653,883.827144589842,833.827144589842,False,True
559,62,6,118756.62,1,1,1,20367.68,0,False,False,True,0.4765498363933617,10688.0958,1273.352576211644,1223.352576211644,False,True
602,34,8,98382.72,1,1,0,39542.0,0,False,True,True,0.2834517087735474,8854.444800000001,627.4518772002629,577.4518772002629,False,True
563,41,2,100520.92,1,1,1,19412.8,1,True,False,True,0.641260408821013,9046.8828,1450.3519407209476,1400.3519407209476,True,True
695,35,7,79858.13,2,1,1,127977.66,0,False,True,False,0.1353560812296368,7187.2317,243.20887945035514,193.20887945035514,False,True
719,76,10,95052.29,1,1,0,176244.87,0,True,False,False,0.5460288551276019,8554.7061,1167.779094434028,1117.779094434028,True,True
539,42,1,177728.55,1,1,0,105013.63,0,True,False,True,0.5033667449485058,15995.5695,2012.9094382031494,1962.9094382031494,True,True
632,71,3,83116.68,1,1,1,27597.76,0,False,False,True,0.276504230313832,7480.5012,517.0975566669241,467.0975566669241,False,True
772,34,7,111565.91,1,1,1,121073.23,0,True,False,True,0.4664234289811639,10040.9319,1170.8314717410883,1120.8314717410883,False,True
708,40,8,83015.71,1,1,0,101089.76,0,False,True,True,0.4346860305892003,7471.4139,811.929812769994,761.929812769994,False,True
668,28,1,124511.01,1,0,0,114258.18,0,True,False,False,0.5757394143746131,11205.9909,1612.9326595633108,1562.9326595633108,True,True
738,67,1,130652.52,1,0,1,22762.23,0,False,False,False,0.377507083777246,11758.7268,1109.750665800337,1059.750665800337,False,True
531,37,7,121854.45,1,1,0,147521.35,0,False,False,True,0.3333102303150383,10966.9005,913.8450328742772,863.8450328742772,False,True
508,35,1,86893.28,1,0,0,59374.82,0,False,False,True,0.2787468995983362,7820.395199999999,544.9777289084275,494.9777289084275,False,True
749,32,7,79523.13,1,0,1,157648.12,0,True,False,False,0.2643702295033172,7157.081700000001,473.0298329007479,423.0298329007479,False,True
621,55,7,131033.76,1,0,1,75685.59,1,True,False,False,0.8218176807613582,11793.038399999998,2422.931866754409,2372.931866754409,True,True
659,33,7,89939.62,1,1,0,136540.09,0,False,False,False,0.3499538940445199,8094.5658,708.1812055773986,658.1812055773986,False,True
634,59,3,95727.05,1,0,0,97939.4,1,True,False,False,0.9260837812170204,8615.4345,1994.6535396468923,1944.6535396468923,True,True
770,31,3,155047.56,2,1,1,186064.34,0,False,False,True,0.1225542168374659,13954.2804,427.53897648810005,377.53897648810005,False,True
524,44,10,118569.03,2,0,0,82117.2,0,False,False,True,0.4503649425767325,10671.2127,1201.4850237148996,1151.4850237148996,False,True
608,37,2,130461.02,1,1,0,21967.15,0,False,True,True,0.3578256276737125,11741.4918,1050.351668290187,1000.351668290187,False,True
683,35,9,61172.04,1,0,0,82951.12,0,False,True,True,0.344251546323307,5505.4836,473.8178106394017,423.8178106394017,False,True
591,35,2,90194.34,2,1,0,57064.57,0,True,False,False,0.3145409036060292,8117.490599999999,638.320707084362,588.320707084362,False,True
581,24,3,95508.2,1,1,1,45755.0,0,False,False,False,0.2161040838745462,8595.738,464.39352142890596,414.39352142890596,False,True
684,35,3,99967.76,1,1,1,176882.08,0,True,False,True,0.3971152280553413,8997.098399999999,893.2211957380864,843.2211957380864,False,True
561,37,4,101470.29,1,0,1,88838.14,0,False,True,True,0.2619034133760291,9132.326099999998,597.9468444132499,547.9468444132499,False,True
718,33,4,70541.06,1,0,0,88592.8,0,True,False,False,0.3181140169855211,6348.6954000000005,504.90224907787496,454.90224907787496,False,True
590,31,8,112211.61,1,1,0,26261.42,0,False,False,True,0.2728945169786692,10099.0449,688.9934949828481,638.9934949828481,False,True
573,47,8,154543.98,1,1,0,29586.73,0,False,False,False,0.7399650198391059,13908.9582,2573.0356326010733,2523.0356326010733,True,True
350,40,0,111098.85,1,1,1,172321.21,1,False,False,False,0.5099721137200212,9998.8965,1274.7895957431804,1224.7895957431804,True,True
504,44,0,131873.07,2,1,1,158036.72,1,True,False,False,0.639735813611998,11868.5763,1898.1883289241446,1848.1883289241446,True,True
813,27,1,137275.36,1,0,1,115733.16,0,False,True,True,0.1667796979765755,12354.782399999996,515.1317193095774,465.1317193095774,False,True
641,31,3,153316.14,1,1,0,59927.99,0,False,True,True,0.3567214687917698,13798.4526,1230.5510696314038,1180.5510696314038,False,True
497,44,2,121250.04,1,0,1,79691.4,0,False,True,True,0.4378396719295482,10912.5036,1194.4817490385035,1144.4817490385035,False,True
716,31,8,109578.04,2,1,1,51503.51,0,False,False,True,0.1273857474009425,9862.0236,314.0703117929334,264.0703117929334,False,True
526,37,5,53573.18,1,1,0,62830.97,0,False,False,False,0.4764264951737075,4821.5862,574.2828536109787,524.2828536109787,False,True
760,34,6,58003.41,1,1,0,90346.1,0,True,False,False,0.3649846442567965,5220.3069,476.33296420195,426.33296420195,False,True
669,31,6,113000.66,1,1,0,40467.82,0,False,False,False,0.3409760491998691,10170.0594,866.9366685849978,816.9366685849978,False,True
648,40,5,139973.65,1,1,1,667.66,1,True,False,False,0.6081105241388955,12597.6285,1915.1876175105222,1865.1876175105222,True,True
790,31,2,151290.16,1,1,1,172437.12,0,False,False,False,0.2500203678686485,13616.1144,851.0764828074006,801.0764828074006,False,True
744,50,1,121498.11,2,0,1,106061.47,1,True,False,False,0.7004802768562653,10934.8299,1914.9081689320421,1864.9081689320421,True,True
761,32,4,103515.39,2,1,1,177622.38,0,False,True,False,0.1680120688859898,9316.3851,391.3162837974022,341.3162837974022,False,True
704,38,6,106687.76,1,1,0,173776.5,0,False,True,True,0.3879532623406047,9601.8984,931.271952235758,881.271952235758,False,True
695,31,5,106089.2,1,0,0,99537.68,0,False,False,False,0.3480668583815266,9548.028,830.8380274247128,780.8380274247128,False,True
850,71,10,69608.14,1,1,0,97893.4,1,False,True,True,0.7455444863400151,6264.7326,1167.659212081137,1117.659212081137,True,True
608,40,7,96202.32,1,0,0,161154.85,0,True,False,False,0.5839175924946329,8658.2088,1263.9201094529612,1213.9201094529612,True,True
469,33,1,127818.52,1,1,0,163477.22,0,False,False,True,0.2459241857540338,11503.6668,707.2574727439279,657.2574727439279,False,True
527,58,3,137318.42,1,1,1,126144.96,0,True,False,True,0.7377611488065662,12358.6578,2279.434394058808,2229.434394058808,True,True
583,40,4,55776.39,2,1,0,26920.43,0,False,False,False,0.3393945734493417,5019.8751,425.9295920833679,375.9295920833679,False,True
696,32,4,84421.62,1,0,1,52314.71,0,True,False,True,0.1974401608008048,7597.945799999999,375.0349101269498,325.0349101269498,False,True
606,32,5,83161.65,1,1,1,116885.59,0,False,False,True,0.1805557590095415,7484.548499999999,337.84458381530624,287.84458381530624,False,True
821,42,3,87807.29,2,1,1,64613.81,0,True,False,True,0.2567744470770244,7902.6561,507.30003762934354,457.30003762934354,False,True
606,40,9,95293.86,2,0,1,96985.58,0,True,False,True,0.3155153890651937,8576.4474,676.5002845520422,626.5002845520422,False,True
726,30,7,92847.59,1,1,0,146154.06,0,True,False,True,0.3452319877322933,8356.283099999999,721.2140561666923,671.2140561666923,False,True
649,78,4,68345.86,2,1,1,142566.75,0,True,False,True,0.1732327747246845,6151.127399999999,266.39421679675854,216.39421679675854,False,True
613,28,7,76656.4,2,1,1,185483.24,0,True,False,True,0.0979694002566727,6899.075999999999,168.9745845113011,118.97458451130109,False,True
735,39,1,60374.98,1,1,0,40223.74,0,False,True,True,0.384820086621762,5433.7482,522.7538632512108,472.75386325121076,False,True
724,33,4,88046.88,1,0,1,186942.49,1,True,False,True,0.4358415449824763,7924.2192,863.4259847269506,813.4259847269506,False,True
651,63,8,129968.67,1,1,1,11830.53,0,False,True,False,0.3799947031156154,11697.1803,1111.2166388470812,1061.2166388470812,False,True
686,39,4,157731.6,2,1,0,162820.6,0,True,False,False,0.3587874676676734,14195.844,1273.3227300413337,1223.3227300413337,False,True
781,33,3,89276.48,1,1,0,6959.0,0,False,False,True,0.2981585866392334,8034.883199999999,598.9173546808302,548.9173546808302,False,True
593,45,4,138825.19,1,0,0,10828.78,0,False,False,True,0.63738748089145,12494.2671,1990.9223581134806,1940.9223581134806,True,True
793,63,4,103729.79,2,1,1,80272.06,0,False,False,True,0.2862795624138746,9335.681099999998,668.1536750358697,618.1536750358697,False,True
791,31,10,75499.24,1,1,0,22184.14,0,False,False,False,0.3564095300954769,6794.931600000001,605.4445946467268,555.4445946467268,False,True
850,68,5,169445.4,1,1,1,186335.07,0,False,False,True,0.2566692128051169,15250.086,978.5568922075835,928.5568922075835,False,True
698,57,9,111359.55,2,1,0,105715.01,0,False,False,False,0.7269280266921188,10022.3595,1821.3835035335026,1771.3835035335026,True,True
846,34,10,142388.61,2,0,1,68393.64,1,False,False,False,0.1583993266832172,12814.974899999996,507.47084890558205,457.47084890558205,False,True
765,42,4,123311.39,2,1,1,82868.34,0,False,False,True,0.258513214429393,11098.0251,717.2465356047715,667.2465356047715,False,True
574,52,7,115532.52,1,1,0,196257.67,0,False,True,True,0.7088480329582468,10397.9268,1842.6374897559595,1792.6374897559595,True,True
617,51,10,167273.71,1,0,0,93439.75,1,True,False,False,0.9118520296464784,15054.6339,3431.89961932492,3381.89961932492,True,True
581,25,5,77886.53,2,1,0,150319.49,0,False,False,True,0.1623313097760893,7009.787699999999,284.47700464833014,234.47700464833014,False,True
710,37,6,135795.63,1,0,1,46523.6,0,True,False,True,0.4843059066659802,12221.6067,1479.7490784396298,1429.7490784396298,False,True
550,32,8,97514.07,1,1,1,199138.84,0,False,False,True,0.2496846113427007,8776.266300000001,547.8246600388856,497.82466003888555,False,True
533,51,6,127545.56,2,0,0,79559.02,1,True,False,True,0.7553877251044819,11479.1004,2167.792884350487,2117.792884350487,True,True
779,49,9,106160.37,1,0,0,116893.87,0,False,False,True,0.7409847028649372,9554.4333,1769.9222299608405,1719.9222299608405,True,True
563,36,4,143680.47,2,1,1,63531.19,0,False,True,False,0.2166517794253213,12931.2423,700.3941636187461,650.3941636187461,False,True
678,38,3,124483.53,1,1,0,126253.31,0,False,True,True,0.3683216014404534,11203.5177,1031.6243952576162,981.6243952576162,False,True
644,31,5,86006.3,1,1,1,73922.95,0,False,True,False,0.2282181666337866,7740.566999999999,441.63450236149737,391.63450236149737,False,True
682,43,7,111094.05,2,1,1,64679.3,0,True,False,False,0.5631659025316609,9998.4645,1407.6985710183178,1357.6985710183178,True,True
642,41,7,115171.71,1,1,1,37674.47,0,False,False,False,0.3872452633914438,10365.4539,1003.493231419342,953.493231419342,False,True
737,22,10,111543.26,2,0,0,106327.85,0,True,False,False,0.3044820876026868,10038.8934,764.1658049132086,714.1658049132086,False,True
575,57,8,137936.94,1,1,1,84475.13,0,False,False,False,0.5387692867842246,12414.3246,1672.1142026624636,1622.1142026624636,True,True
543,37,3,122304.65,2,0,0,33998.7,0,True,False,False,0.3625334704270448,11007.4185,997.639407311964,947.639407311964,False,True
521,41,8,120586.54,1,0,1,20491.15,0,True,False,True,0.6604918714774974,10852.788599999998,1792.044663290912,1742.044663290912,True,True
714,40,9,46520.69,1,1,1,96687.25,0,False,False,True,0.3446684791885539,4186.8621,360.7698481447988,310.7698481447988,False,True
726,56,2,105473.74,1,1,1,46044.7,0,False,True,False,0.509070428317421,9492.6366,1208.1051449559068,1158.1051449559068,True,True
812,39,5,115730.71,3,1,1,185599.34,1,True,False,True,0.8755913750905884,10415.7639,2279.9882589549775,2229.9882589549775,True,True
757,30,3,145396.49,1,0,1,198341.15,0,False,True,True,0.2266921434134943,13085.6841,741.6054441652205,691.6054441652205,False,True
710,62,3,131078.42,2,1,0,119348.76,1,False,True,True,0.7204159170223495,11797.0578,2124.6970532881655,2074.6970532881655,True,True
516,47,9,128298.74,1,0,0,149614.17,1,True,False,False,0.9056888449755196,11546.8866,2614.4715969543263,2564.4715969543263,True,True
803,40,6,165526.71,1,1,0,12328.08,0,False,False,False,0.5264241342873127,14897.403899999998,1960.5882377964838,1910.5882377964838,True,True
560,38,5,83714.41,1,1,1,33245.97,0,False,False,False,0.2927018748552537,7534.296899999999,551.3257070865313,501.32570708653134,False,True
526,32,7,125540.05,1,0,0,86786.41,0,False,False,True,0.2793902700389024,11298.6045,789.1800405794394,739.1800405794394,False,True
485,41,2,100254.76,2,1,1,12706.67,0,False,False,True,0.2616162571023741,9022.9284,590.1361890276783,540.1361890276783,False,True
773,43,7,138150.57,1,1,1,177357.16,0,False,True,True,0.3803363254760703,12433.5513,1182.2328035150542,1132.2328035150542,False,True
616,43,7,95984.21,1,0,1,115262.54,1,True,False,False,0.792978899420525,8638.5789,1712.5526971698425,1662.5526971698425,True,True
586,38,2,136858.42,1,0,1,189143.94,0,True,False,True,0.5084452905565265,12317.2578,1565.6629302451606,1515.6629302451606,True,True
607,29,7,102609.0,1,1,0,163257.44,0,True,False,True,0.4585343696532182,9234.81,1058.6194455543089,1008.6194455543089,False,True
667,70,3,77356.92,2,1,1,20881.96,0,True,False,True,0.2052453172304463,6962.122799999999,357.2357756708307,307.2357756708307,False,True
700,32,8,110923.15,2,1,1,161845.81,1,False,False,False,0.2318066065347567,9983.0835,578.5361772220305,528.5361772220305,False,True
659,78,2,151675.65,1,0,1,49978.67,0,False,True,True,0.2524487119288361,13650.8085,861.5322556530518,811.5322556530518,False,True
798,29,8,80204.11,2,1,0,70223.22,0,True,False,False,0.182726182235733,7218.3699,329.74629344808244,279.74629344808244,False,True
752,32,9,115587.49,2,0,1,101677.46,0,True,False,True,0.213967679587455,10402.8741,556.4697080543586,506.46970805435865,False,True
586,46,8,106968.96,1,1,1,79366.98,1,True,False,True,0.7865091432395203,9627.2064,1892.9714643635064,1842.9714643635064,True,True
490,41,0,139659.04,1,1,1,176254.12,0,True,False,False,0.6074953660308698,12569.3136,1908.9499415471976,1858.9499415471976,True,True
610,69,5,86038.21,3,0,0,192743.06,1,True,False,False,0.9117400034502378,7743.438899999999,1765.000752350676,1715.000752350676,True,True
627,24,5,102773.2,2,1,0,56793.02,1,True,False,True,0.3535264485823997,9249.588,817.4934991225953,767.4934991225953,False,True
708,51,8,70754.18,1,1,1,92920.04,1,False,False,False,0.5705643667681776,6367.8762,908.3208129277872,858.3208129277872,True,True
681,59,4,122781.51,1,0,1,140166.95,0,False,False,True,0.4643377592217276,11050.3359,1282.772052613353,1232.772052613353,False,True
656,68,7,153545.11,1,1,1,186574.68,0,True,False,True,0.4623606804335197,13819.0599,1597.3474845788917,1547.3474845788917,False,True
673,40,1,121629.22,1,1,1,3258.6,0,False,True,True,0.2921351162487666,10946.6298,799.4737422888032,749.4737422888032,False,True
806,36,8,167983.17,2,1,1,106714.28,0,True,False,True,0.1408961076673252,15118.4853,532.5339331489183,482.5339331489183,False,True
648,43,7,81153.82,1,1,1,144532.85,1,False,True,False,0.5664330788833537,7303.843800000001,1034.2846828292736,984.2846828292736,True,True
501,35,6,99760.84,1,1,1,13591.52,0,False,False,True,0.219983553472862,8978.4756,493.7792418143467,443.7792418143467,False,True
556,43,4,125890.72,1,1,1,74854.97,0,True,False,False,0.7213858739140407,11330.1648,2043.3552089595257,1993.3552089595257,True,True
652,31,2,119148.55,1,0,0,149740.22,0,False,False,True,0.2686579889854762,10723.3695,720.2297212545479,670.2297212545479,False,True
807,60,1,72948.58,2,1,1,17355.36,0,True,False,False,0.3599239941848983,6565.3722,590.7587463836232,540.7587463836232,False,True
708,21,8,133974.36,2,1,0,50294.09,0,True,False,True,0.2496353211776415,12057.692399999998,752.5064787338016,702.5064787338016,False,True
619,27,1,154483.98,1,1,0,156394.74,0,False,False,True,0.2605338074464891,13903.5582,905.5867387249635,855.5867387249635,False,True
601,40,10,98627.13,2,0,0,77977.69,0,False,False,True,0.2257371971884667,8876.4417,500.9357675912071,450.9357675912071,False,True
445,64,2,136770.67,1,0,1,43678.06,0,False,False,True,0.3452475126186315,12309.3603,1062.444006375383,1012.444006375383,False,True
800,39,4,95252.72,1,1,0,13906.34,0,True,False,True,0.4967107993333855,8572.7448,1064.543730522281,1014.5437305222811,False,True
554,33,3,117413.95,1,1,1,12766.74,0,False,False,True,0.2343332667640272,10567.2555,619.0648755112834,569.0648755112834,False,True
714,54,4,137986.58,2,0,1,51308.54,1,True,False,True,0.6104954802722904,12418.7922,1895.4041271351934,1845.4041271351934,True,True
656,44,10,143571.52,1,0,0,127444.14,0,False,False,True,0.6609392085751804,12921.4368,2135.071053061553,2085.071053061553,True,True
520,49,5,121197.64,1,1,0,72577.33,1,False,False,True,0.7808439397668474,10907.7876,2129.3199609309913,2079.3199609309913,True,True
480,39,5,121626.9,1,1,1,82438.13,0,False,True,True,0.2532984344768605,10946.420999999998,693.1778256061574,643.1778256061574,False,True
660,30,1,84440.1,2,1,1,60485.98,0,True,False,True,0.0975218584667134,7599.609,185.28199832509034,135.28199832509034,False,True
780,26,3,140356.7,1,1,0,117144.15,0,False,False,False,0.3406442566277529,12632.103,1075.7633340200516,1025.7633340200516,False,True
705,39,3,92224.56,1,1,1,54517.25,0,False,False,False,0.3197678939273528,8300.2104,663.5351996904776,613.5351996904776,False,True
515,40,10,121355.99,1,1,0,138360.29,0,False,True,True,0.451180050057834,10922.0391,1231.951536967905,1181.951536967905,False,True
816,40,9,109003.26,1,1,1,79580.56,0,True,False,False,0.6260213758317429,9810.2934,1535.3633428952667,1485.3633428952667,True,True
641,48,3,147341.43,1,1,1,157458.61,1,False,False,False,0.6338832098015722,13260.728699999998,2101.4383181659573,2051.4383181659573,True,True
509,18,7,102983.91,1,1,0,171770.58,0,False,False,True,0.2956386817525322,9268.5519,685.035616367732,635.035616367732,False,True
601,49,4,96252.98,2,1,0,104263.82,0,True,False,False,0.7752146318390757,8662.768199999999,1678.8761652175629,1628.8761652175629,True,True
455,27,5,155879.09,2,0,0,70774.97,0,False,False,False,0.2386191156359155,14029.1181,836.9039385434538,786.9039385434538,False,True
803,34,4,142929.16,2,1,1,114869.56,0,True,False,True,0.1818917230001923,12863.6244,584.9467015358288,534.9467015358288,False,True
553,32,7,64082.09,1,0,1,109159.58,0,False,False,True,0.2624449145242111,5767.388099999999,378.405419233113,328.405419233113,False,True
825,35,6,118336.95,1,1,0,26342.33,1,True,False,False,0.6868826104668346,10650.3255,1828.880845440374,1778.880845440374,True,True
819,28,8,168253.21,1,1,1,102799.14,0,False,True,False,0.2587168817525909,15142.788899999998,979.4237813114363,929.4237813114363,False,True
772,42,0,101979.16,1,1,0,90928.48,0,True,False,False,0.6277942781950839,9178.1244,1440.493495720672,1390.493495720672,True,True
685,23,5,164902.43,1,0,0,141152.28,0,False,True,True,0.2930458552778187,14841.218699999998,1087.289406826664,1037.289406826664,False,True
642,22,10,111812.52,2,1,1,183045.46,0,True,False,True,0.1562547859694264,10063.1268,393.1029310792997,343.1029310792997,False,True
600,30,2,119755.0,1,1,1,21852.91,0,True,False,True,0.3395046601396955,10777.95,914.7910629381578,864.7910629381578,False,True
653,46,0,119556.1,1,1,0,78250.13,1,False,False,True,0.7303480492044518,10760.049,1964.6451991235783,1914.6451991235783,True,True
762,35,3,119349.69,3,1,1,47114.18,1,False,True,False,0.7392596485194666,10741.4721,1985.1842223069143,1935.1842223069143,True,True
569,30,3,139528.23,1,1,1,33230.37,0,False,True,False,0.2476190123425098,12557.5407,777.3714563962172,727.3714563962172,False,True
756,40,1,94773.11,1,1,0,114279.63,0,False,False,True,0.4730818868996966,8529.5799,1008.7974383884315,958.7974383884315,False,True
673,31,1,108345.22,1,0,1,38802.03,0,False,False,True,0.1600617468664565,9751.0698,390.1933165011871,340.1933165011871,False,True
637,36,9,166939.88,1,1,1,72504.76,0,False,False,False,0.2959835184814899,15024.5892,1111.7576937887484,1061.7576937887484,False,True
644,33,7,174571.36,1,0,1,43943.09,0,False,False,True,0.2021781538575987,15711.422399999998,794.1265938272306,744.1265938272306,False,True
658,35,9,71829.34,1,1,1,68141.92,0,False,True,True,0.2160087970388662,6464.640599999999,349.10480982365345,299.10480982365345,False,True
603,39,9,76769.68,1,0,0,48224.72,0,False,False,False,0.4410075829009592,6909.271199999999,761.7602478798024,711.7602478798024,False,True
820,39,1,104614.29,1,1,0,61538.43,1,False,False,False,0.5029410621324931,9415.286099999998,1183.8334978538244,1133.8334978538244,True,True
645,31,1,128927.93,1,1,1,2850.01,0,True,False,False,0.4347746931855911,11603.5137,1261.2285271980757,1211.2285271980757,False,True
705,31,9,110941.93,2,1,0,163484.8,0,True,False,False,0.3649171312201187,9984.773699999998,910.9037436215224,860.9037436215224,False,True
590,29,10,99250.08,1,1,1,129629.41,0,False,True,False,0.2687055634941362,8932.5072,600.0535951478572,550.0535951478572,False,True
637,51,1,104682.83,1,1,0,55266.96,1,True,False,True,0.926390924396692,9421.4547,2181.98753217364,2131.98753217364,True,True
648,45,5,118886.55,1,0,0,51636.7,0,True,False,False,0.8765253529297017,10699.7895,2344.6591919402545,2294.6591919402545,True,True
652,28,8,156823.7,2,1,0,198251.52,0,False,True,True,0.2067955285584909,14114.133000000002,729.6848984699598,679.6848984699598,False,True
808,39,3,124216.93,1,0,1,171442.36,0,True,False,True,0.4679356494186538,11179.523699999998,1307.8244206876825,1257.8244206876825,False,True
551,26,2,144258.52,1,1,0,49778.79,0,False,False,False,0.3285014038735421,12983.266799999998,1066.2553426661875,1016.2553426661875,False,True
711,26,9,128793.63,1,1,0,19262.05,0,True,False,True,0.4711217169809394,11591.4267,1365.2432122906762,1315.2432122906762,False,True
467,28,10,126315.26,1,1,0,32349.29,1,True,False,True,0.5784544428053884,11368.3734,1644.0215251751497,1594.0215251751497,True,True
584,38,1,115341.55,1,0,1,173632.92,0,False,False,True,0.2967385613720142,10380.7395,770.0914263019105,720.0914263019105,False,True
593,32,6,99162.29,1,1,0,128384.11,0,False,False,True,0.2870083948265039,8924.606099999999,640.3592178049563,590.3592178049563,False,True
705,48,1,156848.13,2,1,1,99475.95,1,True,False,False,0.6105583996779608,14116.3317,2154.711223018817,2104.711223018817,True,True
595,64,2,105736.32,1,1,1,89935.73,1,True,False,False,0.7040051673349077,9516.268800000002,1674.8756022369905,1624.8756022369905,True,True
699,41,1,200117.76,2,1,0,94142.35,0,True,False,False,0.267893249188402,18010.5984,1206.2294313008586,1156.2294313008586,False,True
516,46,6,62212.29,1,0,1,171681.86,1,False,False,False,0.7160110917029633,5599.1061,1002.2555178054303,952.2555178054303,True,True
750,38,5,151532.4,1,1,1,46555.15,0,False,False,True,0.2204942173403022,13637.916,751.7704036431961,701.7704036431961,False,True
581,39,1,121523.51,1,0,0,161655.55,1,True,False,True,0.6891790265709539,10937.1159,1884.4077223639256,1834.4077223639256,True,True
567,46,1,68238.51,2,1,1,109572.58,0,True,False,False,0.4744159341819007,6141.465899999999,728.4023205486968,678.4023205486968,False,True
638,30,9,136808.53,2,1,1,106642.97,0,False,True,True,0.1020697208822813,12312.7677,314.1901906068422,264.1901906068422,False,True
646,24,0,92398.08,1,1,1,18897.29,0,True,False,True,0.1894709249742385,8315.8272,393.90186787748297,343.90186787748297,False,True
658,40,5,143566.12,1,1,1,189607.71,0,False,False,False,0.4346368157752461,12920.9508,1403.9802281251548,1353.9802281251548,False,True
546,25,7,127728.24,2,1,1,105279.74,0,False,True,True,0.1288046800145971,11495.5416,370.16988934562244,320.16988934562244,False,True
619,38,10,119658.49,1,1,1,8646.58,0,False,True,False,0.3093384937800327,10769.2641,832.8369839533449,782.8369839533449,False,True
459,26,4,149879.66,1,0,0,50016.17,0,False,False,True,0.281926532838523,13489.1694,950.7386899533749,900.7386899533749,False,True
671,28,8,119859.52,2,1,0,125422.66,0,True,False,True,0.3101414099137024,10787.3568,836.4015117985413,786.4015117985413,False,True
501,43,6,104533.24,1,0,0,81123.59,1,False,True,True,0.5961967558761977,9407.9916,1402.2535178076296,1352.2535178076296,True,True
719,37,10,145382.61,1,1,0,80408.59,0,False,True,True,0.3295368050495977,13084.4349,1077.950718206363,1027.950718206363,False,True
681,37,6,121231.39,1,1,1,146366.08,0,False,True,False,0.2876599918007424,10910.8251,784.6519647013337,734.6519647013337,False,True
706,24,2,141078.57,1,1,1,24402.87,0,False,True,True,0.1684409736585257,12697.0713,534.6767630959306,484.6767630959306,False,True
763,32,1,108465.65,2,1,0,60552.44,1,True,False,False,0.372438504130716,9761.9085,908.9276498002304,858.9276498002304,False,True
716,39,1,70657.61,2,1,1,76476.05,0,False,False,True,0.1616804134299375,6359.184899999999,257.0389109273539,207.03891092735392,False,True
507,40,3,120105.43,1,1,0,92075.01,1,True,False,True,0.6793652081111091,10809.4887,1835.8976350625455,1785.8976350625455,True,True
678,55,4,129646.91,1,1,1,184125.1,1,True,False,True,0.733668968318723,11668.2219,2140.1530808717325,2090.1530808717325,True,True
775,30,10,191091.74,2,1,1,96170.38,0,False,False,False,0.2189987907195277,17198.2566,941.599349471034,891.599349471034,False,True
757,43,5,131433.33,2,1,1,3497.43,1,True,False,False,0.6230912911324925,11828.999699999998,1842.6366739697164,1792.6366739697164,True,True
742,33,1,137937.95,1,1,1,51387.1,0,True,False,True,0.4008325124845596,12414.4155,1244.025338973065,1194.025338973065,False,True
718,43,0,93143.39,1,1,0,167554.86,0,False,False,False,0.6604260501945097,8382.9051,1384.072226087103,1334.072226087103,True,True
607,40,1,112544.45,1,1,1,19842.22,0,False,True,True,0.3192335116773485,10129.000499999998,808.3790998491545,758.3790998491545,False,True
633,34,3,123034.43,2,1,1,38315.04,0,False,False,False,0.1835177196305291,11073.0987,508.0274556669441,458.0274556669441,False,True
724,33,9,119278.44,1,1,1,197148.24,0,True,False,False,0.5253260823014395,10735.0596,1409.8517007351147,1359.8517007351147,True,True
620,36,7,169312.72,1,1,0,45414.09,0,False,True,True,0.3511035119710656,15238.144799999998,1337.5415388009076,1287.5415388009076,False,True
505,33,3,106506.77,3,1,0,45445.78,1,True,False,False,0.8541135904234717,9585.6093,2046.7997939049053,1996.7997939049053,True,True
728,43,8,128412.61,1,0,1,139024.31,0,False,True,False,0.4788358583425252,11557.1349,1383.4926524554633,1333.4926524554633,False,True
486,62,9,118356.89,2,1,0,168034.83,1,True,False,True,0.8258438732317525,10652.1201,2199.2470303784507,2149.2470303784507,True,True
584,42,3,137479.13,1,1,0,25669.1,0,True,False,True,0.6739655423843313,12373.1217,2084.7644193819597,2034.7644193819597,True,True
771,50,3,105229.72,1,1,1,16281.68,1,False,False,True,0.550851427773347,9470.6748,1304.2336838892643,1254.2336838892643,True,True
678,41,2,148088.11,1,1,0,14083.12,0,False,False,True,0.4725165492037576,13327.9299,1574.4168610943952,1524.4168610943952,False,True
670,33,8,126679.69,1,1,1,39451.09,0,False,False,True,0.1893799315733577,11401.1721,539.7882980385187,489.78829803851875,False,True
675,31,2,90826.27,2,1,0,60270.87,0,False,True,True,0.162824974932946,8174.364300000001,332.7476655600672,282.7476655600672,False,True
684,24,8,143582.89,1,1,1,22527.27,0,False,True,True,0.1735932573672786,12922.4601,560.8129854894222,510.8129854894222,False,True
637,21,10,125712.2,1,0,0,175072.47,0,False,False,False,0.3287893464865362,11314.098,929.9887218761565,879.9887218761565,False,True
662,37,4,155187.3,1,1,0,48930.8,0,False,True,True,0.354923382596051,13966.857,1239.2910326688332,1189.2910326688332,False,True
604,40,5,155455.43,1,0,1,113581.85,0,False,True,True,0.3165818619400906,13990.988699999998,1107.3233132571918,1057.3233132571918,False,True
764,40,9,100480.53,1,1,0,124095.69,0,False,False,False,0.5626371757922636,9043.2477,1272.0168364794708,1222.0168364794708,True,True
684,56,3,127585.98,3,1,1,80593.49,1,True,False,False,0.909877065099955,11482.7382,2611.970033181785,2561.970033181785,True,True
795,40,2,101891.1,1,1,1,183044.86,0,False,False,False,0.3778645448572995,9170.199,866.2732678464657,816.2732678464657,False,True
660,28,3,128929.88,1,1,1,198069.71,0,False,True,False,0.3298738309230766,11603.6892,956.9383523111825,906.9383523111825,False,True
646,39,6,121681.91,2,0,1,61793.47,0,True,False,True,0.3100104033077673,10951.3719,848.7598048730874,798.7598048730874,False,True
706,56,3,139603.22,1,1,1,86383.61,0,True,False,False,0.7577390526144903,12564.2898,2380.1132624564757,2330.1132624564757,True,True
690,36,10,91760.11,1,1,1,135784.94,0,False,True,False,0.2616933458987617,8258.4099,540.2927296336145,490.2927296336145,False,True
645,41,2,93925.3,1,1,0,123982.14,1,True,False,True,0.6645737401817171,8453.277,1404.4564781705212,1354.4564781705212,True,True
579,38,4,175739.36,1,1,1,193130.55,0,False,False,False,0.3762479957190029,15816.542399999998,1487.7355943011569,1437.7355943011569,False,True
492,45,9,170295.04,2,0,0,164741.81,0,True,False,True,0.4779671817554172,15326.5536,1831.3974075538358,1781.3974075538358,False,True
739,58,2,101579.28,1,1,1,72168.53,0,False,False,True,0.4610813195886031,9142.1352,1053.8169404683545,1003.8169404683545,False,True
624,55,7,118793.6,1,1,1,95022.02,1,False,False,True,0.5086944217025979,10691.424,1359.6669372143192,1309.6669372143192,True,True
682,44,3,115282.3,1,0,0,23766.4,0,False,False,True,0.6226332077613241,10375.407,1615.018235559824,1565.018235559824,True,True
701,34,6,107980.37,1,1,1,119374.74,0,False,True,False,0.2639149333905858,9718.2333,641.1967235109182,591.1967235109182,False,True
718,44,1,133866.22,1,0,1,139049.24,0,False,False,False,0.5492473399686189,12047.9598,1654.3274680497134,1604.3274680497134,True,True
496,34,1,102723.35,2,1,0,180844.81,0,False,False,False,0.2662540468211535,9245.1015,615.3864219118292,565.3864219118292,False,True
616,44,7,193213.02,2,1,1,137392.77,0,False,True,False,0.5317819040601754,17389.1718,2311.811722458377,2261.811722458377,True,True
635,53,8,117005.55,1,0,1,123646.57,1,True,False,True,0.8047140949138302,10530.4995,2118.5103435332603,2068.5103435332603,True,True
652,31,1,132862.59,1,0,0,158054.49,0,False,True,True,0.2956033539161378,11957.6331,883.6791123146559,833.6791123146559,False,True
678,49,3,204510.94,1,0,1,738.88,1,False,False,False,0.6488153601476239,18405.9846,2985.5213817801546,2935.5213817801546,True,True
757,36,1,65349.71,1,0,0,64539.64,0,True,False,True,0.290998913060529,5881.4739,427.8756280234676,377.8756280234676,False,True
667,36,8,139753.35,1,1,0,79871.16,0,False,False,True,0.3249066516469511,12577.8015,1021.6528426112498,971.6528426112498,False,True
632,50,5,107959.39,1,1,1,6985.34,1,True,False,False,0.8241500758549678,9716.3451,2001.9316377995112,1951.9316377995112,True,True
694,38,5,195926.39,1,1,1,85522.84,0,False,False,False,0.3183013914664334,17633.375099999997,1403.1819576448895,1353.1819576448895,False,True
814,31,6,87772.52,1,1,0,188516.45,0,False,False,False,0.3439722180840311,7899.5268,679.3044388025621,629.3044388025621,False,True
611,38,4,71018.6,2,1,0,2444.29,0,False,False,True,0.1741967579290462,6391.674,278.3522221348446,228.35222213484462,False,True
755,38,4,111096.91,1,1,1,19762.88,0,True,False,True,0.4839858956790169,9998.7219,1209.8100936042254,1159.8100936042254,False,True
425,40,9,166776.6,2,0,1,172646.88,0,True,False,True,0.189298941652911,15009.894,710.3392621305948,660.3392621305948,False,True
850,34,6,101266.51,1,1,0,33501.98,0,False,False,False,0.3541362364274309,9113.9859,806.8981663696679,756.8981663696679,False,True
677,18,8,134796.87,2,1,1,114858.9,0,False,True,True,0.1145355554673474,12131.7183,347.37827356597086,297.37827356597086,False,True
692,43,10,118588.83,1,1,1,161241.65,1,True,False,False,0.7492149494453108,10672.9947,1999.0917961476423,1949.0917961476423,True,True
735,28,5,160454.15,2,0,1,114957.22,0,True,False,True,0.1830926503523332,14440.8735,661.0044506294436,611.0044506294436,False,True
526,36,5,91132.18,1,0,0,58111.71,0,False,True,False,0.4008832905983823,8201.8962,822.0007844505918,772.0007844505918,False,True
739,25,5,113113.12,1,1,0,129181.27,0,True,False,False,0.5696120530685403,10180.1808,1449.688421524234,1399.688421524234,True,True
744,41,7,190409.34,2,1,1,138361.48,0,True,False,True,0.2168156829605385,17136.840599999996,928.8839496187209,878.8839496187209,False,True
615,34,1,83503.11,2,1,1,73124.53,1,False,False,True,0.1894067634202868,7515.279899999999,355.86121051413414,305.86121051413414,False,True
724,53,1,139687.66,2,1,1,12913.92,0,True,False,False,0.6141303456002917,12571.8894,1930.1946955176609,1880.1946955176609,True,True
850,47,9,137301.87,1,1,0,44351.77,0,False,False,False,0.7030242677934797,12357.1683,2171.8472990270743,2121.8472990270743,True,True
625,39,10,129845.26,1,1,1,96444.88,0,True,False,False,0.6063476304413407,11686.0734,1771.4557288133951,1721.4557288133951,True,True
724,37,6,125489.4,1,1,0,118570.53,0,True,False,True,0.6089889186220314,11294.045999999998,1719.4872151018697,1669.4872151018697,True,True
645,45,6,155417.61,1,0,1,3449.22,0,False,False,True,0.4597366164030325,13987.584899999998,1607.6512383940371,1557.6512383940371,False,True
520,46,10,85216.61,1,1,0,117369.52,1,False,False,False,0.7998441103661058,7669.4949,1533.6000813119713,1483.6000813119713,True,True
764,38,4,113607.47,1,1,0,91094.46,0,False,True,True,0.3734092925417464,10224.6723,954.4969125035477,904.4969125035477,False,True
795,33,9,104552.72,1,1,1,120853.83,1,True,False,False,0.5795340262886267,9409.7448,1363.3168225731172,1313.3168225731172,True,True
740,33,2,126524.11,1,1,0,136869.31,0,True,False,True,0.5194782473830157,11387.1699,1478.8467655761578,1428.8467655761578,True,True
479,34,5,117593.48,2,0,0,113308.29,0,False,False,True,0.1858427147616889,10583.4132,491.7125601331733,441.7125601331733,False,True
627,33,4,83199.05,1,0,0,159334.93,0,True,False,False,0.3849833266899259,7487.914500000001,720.6805585449334,670.6805585449334,False,True
479,35,4,125920.98,1,1,1,20393.44,0,False,True,True,0.2356081604025644,11332.8882,667.5302352124824,617.5302352124824,False,True
623,48,5,118469.38,1,1,1,158590.25,0,False,False,True,0.514299294429125,10662.2442,1370.8961672727576,1320.8961672727576,True,True
512,40,8,153537.57,2,0,0,23101.13,0,True,False,False,0.3120223104144888,13818.3813,1077.9108148535918,1027.9108148535918,False,True
518,42,7,151027.05,2,1,0,119377.36,0,False,False,True,0.4183931073336874,13592.4345,1421.745226671154,1371.745226671154,False,True
833,34,3,144751.81,1,0,0,166472.81,0,False,False,False,0.3341957208832999,13027.6629,1088.4472985725304,1038.4472985725304,False,True
758,26,4,155739.76,1,1,0,171552.02,0,False,False,True,0.2870913460775707,14016.5784,1006.0095900644505,956.0095900644505,False,True
583,33,7,122531.86,1,1,0,13549.24,0,False,False,True,0.3112508566661766,11027.8674,858.1082938627503,808.1082938627503,False,True
610,50,1,113957.01,2,1,0,196526.55,1,True,False,True,0.7279069583254466,10256.1309,1866.3772619016563,1816.3772619016563,True,True
637,33,7,103377.81,1,1,0,84419.78,0,False,False,False,0.3498980148785308,9304.0029,813.8630362835233,763.8630362835233,False,True
774,40,9,93017.47,2,1,0,191608.97,0,False,False,True,0.2490841420088267,8371.5723,521.30647590259,471.30647590259,False,True
677,58,1,90022.85,1,0,1,2988.28,0,False,False,False,0.5912816266421913,8102.056500000001,1197.6492866167348,1147.6492866167348,True,True
741,35,6,74371.49,1,0,0,99595.67,0,False,True,True,0.3095856829633554,6693.4341,518.0478418046781,468.0478418046781,False,True
498,42,3,152039.7,1,1,1,53445.17,1,True,False,True,0.6207176905148191,13683.573,2123.4089576377337,2073.4089576377337,True,True
655,46,7,137145.12,1,1,0,115146.4,1,True,False,False,0.9058720079180154,12343.0608,2795.308317687536,2745.308317687536,True,True
602,35,7,90602.42,2,1,1,51695.41,0,True,False,True,0.1325361653436064,8154.2178,270.18218964714464,220.18218964714464,False,True
659,36,6,123841.49,2,1,0,96833.0,0,False,False,True,0.2284928743540459,11145.7341,636.6802053237261,586.6802053237261,False,True
673,47,1,183579.54,2,0,1,34047.54,0,True,False,True,0.3373616000218233,16522.1586,1393.4854652775819,1343.4854652775819,False,True
606,30,8,180307.73,2,1,1,1914.41,0,False,True,True,0.1765826139302551,16227.6957,716.3822311926901,666.3822311926901,False,True
714,33,3,35016.6,1,1,0,53667.08,0,True,False,True,0.2970164269849485,3151.494,234.01137188612583,184.01137188612583,False,True
597,53,4,88381.21,1,1,0,69384.71,1,False,False,False,0.8585037112042302,7954.308900000001,1707.2009276787096,1657.2009276787096,True,True
644,28,7,155060.41,1,1,0,29179.52,0,False,False,True,0.3195762879953631,13955.4369,1114.9566804638794,1064.9566804638794,False,True
516,35,10,57369.61,1,1,1,101699.77,0,False,False,True,0.246072337101636,5163.2649,317.63416525446127,267.63416525446127,False,True
772,42,3,75075.31,2,1,0,92888.52,1,True,False,True,0.2495747663956908,6756.777899999999,421.5803164950165,371.5803164950165,False,True
792,28,4,130142.79,1,1,0,38190.78,0,False,False,False,0.3569891630014541,11712.851099999998,1045.3402276374152,995.3402276374152,False,True
